date,driverId,position
2004-07-05,10,10.75
2004-07-05,47,12.0
2004-03-07,7,15.0
2004-01-07,10,9.0
2003-09-09,52,13.0
2003-09-09,22,15.5
2003-07-11,20,16.666666666666668
2003-05-12,3,9.4
2003-05-12,41,11.4
2003-03-13,41,15.75
2003-03-13,3,3.5
2002-09-14,34,10.0
2002-09-14,10,9.333333333333334
2002-07-16,58,17.0
2002-05-17,55,15.75
2002-03-18,43,16.0
2002-01-17,13,14.5
2001-09-19,54,14.5
2001-07-21,55,19.75
2001-05-22,22,7.0
2001-03-23,54,9.25
2000-09-24,40,12.0
2000-09-24,56,3.0
2000-09-24,24,13.0
2000-05-27,40,14.0
2000-05-27,24,14.25
2000-05-27,56,3.25
2000-03-28,63,12.0
1999-06-02,40,15.0
1999-06-02,56,7.4
1999-06-02,24,12.0
1999-06-02,43,9.2
1999-04-03,22,9.0
2004-07-05,29,1.25
2004-01-07,29,1.0
2002-09-14,29,1.6666666666666667
2002-05-17,16,14.25
2002-01-17,61,12.0
1999-09-30,14,21.5
1999-02-02,67,7.0
1999-02-02,55,1.0
1998-10-05,49,18.0
1998-10-05,34,6.0
1998-08-06,21,14.25
1998-06-07,20,9.0
1998-04-08,56,7.8
1998-04-08,43,13.8
1998-04-08,72,14.0
1998-04-08,24,9.4
1998-02-07,13,2.0
1997-10-10,13,6.0
1997-08-11,70,10.75
1997-06-12,55,13.8
1997-04-13,49,9.666666666666666
1997-04-13,34,9.666666666666666
1997-02-12,21,16.333333333333332
1996-08-16,55,11.0
1996-08-16,83,7.5
1996-06-17,63,16.5
1996-04-18,78,15.8
1996-02-18,83,15.333333333333334
1996-02-18,55,5.0
1995-10-21,21,18.333333333333332
1995-10-21,87,23.0
1995-10-21,95,23.0
1995-08-22,78,16.0
1995-04-24,89,18.25
1995-04-24,76,5.0
1995-04-24,94,17.0
1995-02-23,49,19.0
1994-10-26,78,22.5
1994-08-27,48,17.75
1994-08-27,80,13.0
1994-08-27,86,12.75
1994-08-27,112,18.5
1994-06-28,64,14.75
1994-06-28,54,12.25
1994-04-29,55,14.5
1994-04-29,91,17.75
1994-04-29,83,11.75
1993-10-31,55,21.0
1993-10-31,110,17.0
1993-10-31,118,8.0
1993-10-31,83,6.0
1998-10-05,29,14.0
1997-04-13,29,2.3333333333333335
1995-02-23,93,20.0
1995-02-23,29,2.0
1994-02-28,104,18.0
1993-07-03,54,15.8
1993-07-03,64,11.8
1993-05-04,21,15.0
1993-05-04,87,13.666666666666666
1993-03-05,120,21.25
1993-03-05,111,11.5
1992-11-05,126,22.0
1992-09-06,130,16.0
1992-05-09,126,18.25
1992-03-10,131,30.0
1992-01-10,56,9.0
1991-09-12,137,18.0
1991-07-14,121,12.75
1991-07-14,141,33.75
1991-05-15,128,25.25
1991-03-16,119,28.0
1991-03-16,140,21.0
1991-03-16,102,15.0
1991-01-15,132,27.0
1990-09-17,137,17.75
1990-07-19,102,13.0
1990-05-20,130,12.8
1990-05-20,150,14.8
1990-03-21,91,32.0
1990-03-21,118,7.0
1990-03-21,122,12.5
1990-01-20,91,35.0
1990-01-20,118,9.0
1990-01-20,122,3.0
1989-09-22,162,22.75
1993-05-04,99,11.333333333333334
1992-03-10,29,2.6666666666666665
1992-03-10,93,14.333333333333334
1991-09-12,93,12.75
1991-09-12,29,12.0
1991-05-15,108,15.0
1991-03-16,127,24.333333333333332
1990-09-17,93,11.5
1989-09-22,104,26.0
1989-07-24,54,8.0
1989-07-24,64,26.0
1989-05-25,87,37.2
1989-03-26,163,36.5
1989-03-26,132,5.5
1989-01-25,162,28.0
1989-01-25,160,33.0
1988-09-27,165,13.0
1988-07-29,118,12.5
1988-07-29,122,6.5
1988-07-29,83,7.0
1988-05-30,94,17.2
1988-05-30,164,20.6
1988-05-30,76,12.8
1988-05-30,109,12.0
1988-03-31,132,25.75
1988-03-31,166,24.0
1987-10-03,169,14.333333333333334
1987-08-04,169,11.6
1987-06-05,132,20.25
1987-06-05,166,16.5
1987-04-06,116,8.75
1987-04-06,98,20.0
1986-10-08,177,21.0
1986-10-08,162,11.0
1986-08-09,165,15.0
1986-06-10,157,18.0
1986-04-11,162,12.5
1986-04-11,177,18.0
1985-10-13,171,2.0
1985-08-14,156,18.0
1985-08-14,181,10.0
1989-01-25,104,10.0
1988-07-29,155,20.0
1986-10-08,104,23.5
1986-04-11,104,11.75
1986-04-11,172,17.0
1985-10-13,136,18.5
1985-08-14,93,19.8
1985-02-15,182,22.0
1985-02-15,118,20.0
1985-02-15,83,8.0
1985-02-15,122,11.0
1984-10-18,162,9.0
1984-08-19,94,11.666666666666666
1984-08-19,109,15.666666666666666
1984-08-19,76,15.5
1984-08-19,178,12.5
1984-06-20,181,5.2
1984-04-21,157,15.4
1983-08-25,180,16.25
1983-08-25,183,18.0
1983-06-26,116,2.0
1983-06-26,186,7.666666666666667
1983-04-27,175,12.6
1983-02-26,195,13.666666666666666
1983-02-26,174,10.0
1982-07-01,210,24.666666666666668
1982-07-01,109,17.166666666666668
1982-07-01,94,12.75
1982-07-01,201,8.0
1982-07-01,89,30.0
1982-05-02,151,20.75
1982-05-02,176,7.5
1982-05-02,202,28.0
1982-03-03,117,24.666666666666668
1982-03-03,191,21.5
1982-03-03,199,8.0
1982-01-02,116,1.0
1982-01-02,186,6.0
1981-07-06,174,20.0
1980-09-09,205,21.333333333333332
1984-10-18,104,4.0
1984-10-18,172,5.0
1980-09-09,229,24.0
1980-07-11,199,19.0
1980-05-12,199,7.0
1980-01-13,202,18.0
1980-01-13,176,13.0
1980-01-13,151,13.5
1979-11-14,118,14.0
1979-11-14,220,8.0
1979-09-15,151,24.0
1979-09-15,202,1.5
1979-09-15,176,22.0
1979-07-17,221,2.75
1979-05-18,231,26.5
1979-05-18,211,10.5
1979-01-18,221,9.333333333333334
1978-09-20,212,25.5
1978-07-22,242,26.75
1978-07-22,230,15.0
1978-07-22,181,10.25
1978-05-23,177,13.25
1978-05-23,198,11.75
1978-05-23,162,14.0
1978-03-24,199,17.333333333333332
1978-01-23,186,5.5
1978-01-23,223,13.0
1977-11-24,157,26.0
1977-11-24,221,10.0
1977-09-25,230,5.0
1977-09-25,181,4.0
1977-07-27,218,16.5
1977-07-27,210,12.25
1977-05-28,174,27.0
1977-03-29,221,2.3333333333333335
1976-11-29,220,13.0
1976-11-29,236,13.0
1976-11-29,254,13.0
1976-08-01,245,13.0
1976-06-02,274,28.5
1976-06-02,223,15.75
1976-06-02,186,9.75
1976-04-03,254,14.333333333333334
1976-04-03,220,14.0
1976-02-03,177,11.0
1976-02-03,198,21.0
1979-05-18,222,3.0
1976-09-30,229,15.333333333333334
1976-09-30,255,20.333333333333332
1976-09-30,237,19.333333333333332
1976-04-03,238,19.0
1975-08-07,249,20.666666666666668
1975-08-07,253,14.0
1975-08-07,275,25.5
1975-06-08,293,10.5
1975-06-08,218,12.0
1975-04-09,220,10.75
1974-12-10,221,16.5
1974-08-12,220,9.5
1974-06-13,171,23.0
1974-06-13,295,18.0
1974-06-13,234,6.0
1974-06-13,232,19.5
1974-06-13,196,14.0
1974-06-13,315,31.5
1974-02-13,291,14.0
1974-02-13,221,8.0
1973-12-15,306,15.5
1973-12-15,249,12.0
1973-08-17,261,12.0
1973-06-18,305,14.75
1973-06-18,331,19.25
1973-04-19,289,13.75
1973-04-19,277,14.5
1973-02-18,261,20.0
1972-12-20,326,6.0
1972-08-22,221,9.0
1972-06-23,261,20.0
1972-02-24,319,20.0
1972-02-24,337,10.0
1972-02-24,336,14.0
1971-12-26,337,19.0
1971-12-26,319,20.0
1971-12-26,336,10.0
1971-08-28,234,14.666666666666666
1971-08-28,206,13.0
1971-08-28,196,12.0
1971-06-29,234,19.0
1971-06-29,206,4.0
1971-06-29,292,22.0
1971-03-01,206,8.0
1971-03-01,234,5.0
1971-03-01,292,19.0
1970-07-04,351,14.666666666666666
1970-07-04,364,25.0
1970-07-04,338,22.0
1970-05-05,327,8.333333333333334
1970-05-05,359,14.0
1970-03-06,338,22.0
1970-03-06,351,18.5
1975-08-07,204,20.0
1974-08-12,313,18.0
1974-04-14,266,14.666666666666666
1972-12-20,237,16.0
1972-04-24,313,18.666666666666668
1971-08-28,345,6.666666666666667
1971-06-29,345,7.0
1971-04-30,313,13.5
1971-03-01,345,20.5
1970-09-02,222,4.5
1970-07-04,355,9.25
1970-03-06,358,11.0
1970-03-06,355,4.0
1969-09-07,234,4.0
1969-09-07,206,17.0
1969-07-09,349,9.0
1969-05-10,234,5.333333333333333
1968-09-12,234,20.5
1968-09-12,206,18.0
1968-07-14,288,10.666666666666666
1968-07-14,360,6.666666666666667
1968-05-15,376,17.0
1967-11-17,305,6.0
1967-11-17,346,13.0
1967-09-18,381,17.5
1967-09-18,277,9.0
1967-09-18,388,11.5
1967-07-20,321,9.5
1967-05-21,321,8.0
1967-03-22,384,7.0
1966-11-22,360,10.0
1966-11-22,288,17.0
1966-09-23,381,18.0
1966-09-23,385,6.0
1966-05-26,327,9.666666666666666
1966-05-26,359,11.0
1966-03-27,385,5.0
1966-03-27,388,6.0
1965-09-28,372,16.0
1965-09-28,373,10.0
1965-07-30,340,14.0
1965-07-30,369,9.5
1965-05-31,363,8.25
1965-04-01,369,12.0
1965-04-01,340,4.0
1964-12-02,416,31.0
1964-12-02,359,5.0
1964-12-02,327,6.0
1964-10-03,288,6.0
1964-08-04,407,4.0
1964-06-05,407,11.5
1964-04-06,403,20.0
1963-12-08,363,2.0
1963-12-08,406,16.0
1963-10-09,359,14.0
1963-10-09,402,12.0
1963-10-09,433,7.0
1963-08-10,393,18.0
1963-08-10,432,22.0
1963-06-11,393,22.5
1963-04-12,277,16.0
1963-04-12,385,3.0
1962-12-13,339,8.0
1962-06-16,456,19.0
1962-06-16,372,4.25
1962-06-16,437,11.0
1962-04-17,429,13.0
1961-08-20,363,2.0
1961-06-21,455,22.333333333333332
1961-06-21,489,31.0
1961-06-21,407,12.0
1961-04-22,403,18.0
1961-04-22,479,11.666666666666666
1961-04-22,480,14.0
1960-08-25,430,7.0
1960-06-26,346,15.666666666666666
1960-04-27,507,18.0
1960-04-27,505,13.333333333333334
1969-09-07,345,13.666666666666666
1969-05-10,345,4.666666666666667
1968-09-12,345,8.666666666666666
1966-11-22,383,8.0
1966-07-25,355,8.5
1964-12-02,415,30.0
1964-08-04,308,13.0
1964-06-05,308,13.666666666666666
1964-04-06,355,13.5
1961-04-22,355,12.666666666666666
1960-04-27,535,29.0
1960-04-27,534,28.0
1959-12-29,502,19.0
1959-10-30,576,19.0
1959-10-30,426,2.0
1959-10-30,574,16.0
1959-07-02,426,6.0
1959-07-02,554,13.0
1959-05-03,456,10.5
1959-05-03,501,10.5
1959-05-03,511,24.0
1959-05-03,537,20.0
1959-05-03,558,18.0
1958-05-08,288,12.75
1958-05-08,513,9.0
1958-05-08,594,13.0
1957-07-12,590,11.25
1957-07-12,578,3.6666666666666665
1957-05-13,577,2.0
1957-05-13,525,3.0
1957-05-13,514,9.0
1957-05-13,593,16.0
1956-07-17,579,3.6666666666666665
1956-07-17,610,23.0
1956-07-17,475,1.5
1956-07-17,583,10.0
1956-05-18,606,9.333333333333334
1956-05-18,501,11.5
1956-05-18,456,18.0
1956-05-18,632,2.0
1956-05-18,558,14.0
1956-05-18,537,5.0
1956-03-19,426,12.0
1956-03-19,607,7.0
1956-03-19,554,3.0
1956-03-19,428,6.0
1956-01-19,579,7.0
1956-01-19,475,7.0
1956-01-19,583,4.0
1955-07-23,620,6.0
1955-05-24,664,13.0
1955-05-24,577,5.0
1955-05-24,525,24.0
1955-05-24,593,21.0
1954-11-25,554,10.333333333333334
1954-11-25,426,5.333333333333333
1954-09-26,577,2.0
1954-07-28,577,16.0
1954-05-29,675,13.0
1954-05-29,592,17.0
1954-05-29,673,5.0
1954-05-29,653,15.5
1953-11-30,577,17.0
1953-08-02,475,13.0
1953-08-02,644,7.0
1953-08-02,579,6.666666666666667
1953-06-03,718,34.0
1953-06-03,709,15.0
1953-06-03,669,17.0
1953-06-03,430,20.0
1953-06-03,703,20.0
1953-04-04,655,30.0
1953-04-04,657,1.0
1953-04-04,556,6.0
1953-04-04,679,8.0
1953-04-04,448,16.0
1952-08-07,475,13.5
1952-06-08,757,28.0
1952-06-08,722,24.5
1952-06-08,724,8.0
1952-06-08,642,3.0
1952-06-08,651,11.666666666666666
1952-06-08,705,21.0
1952-06-08,740,12.0
1952-04-09,733,30.0
1951-10-12,589,18.0
1951-10-12,704,17.0
1951-08-13,781,22.0
1951-06-14,708,13.5
1951-06-14,773,8.5
1951-04-15,769,19.0
1950-08-18,640,6.0
1950-06-19,579,1.0
1959-07-02,571,28.0
1958-05-08,482,6.0
1957-07-12,478,16.0
1954-05-29,690,32.0
1951-06-14,697,9.0
1951-04-15,721,21.0
1950-08-18,763,23.0
1983-02-26,159,28.0
1980-07-11,228,26.0
1956-07-17,639,8.0
1952-04-09,677,22.0
2004-09-03,9,15.0
2004-09-03,17,7.0
2004-05-06,45,16.5
2004-05-06,43,12.666666666666666
2004-03-07,46,16.666666666666668
2004-03-07,13,12.0
2003-07-11,3,7.666666666666667
2003-07-11,41,20.0
2003-05-12,20,14.4
2003-03-13,20,12.0
2003-01-12,51,19.0
2003-01-12,43,14.0
2002-07-16,12,10.75
2002-07-16,36,14.25
2002-07-16,20,12.75
2002-05-17,22,5.5
2002-01-17,7,10.5
2002-01-17,48,11.0
2001-09-19,17,8.0
2001-07-21,22,3.75
2001-05-22,55,11.6
2001-03-23,17,12.25
2000-05-27,53,11.0
2000-03-28,49,17.75
2000-03-28,34,13.75
2000-03-28,47,15.75
1999-09-30,54,6.5
1999-09-30,64,5.5
1999-08-01,21,5.5
1999-04-03,67,13.0
1999-04-03,55,6.25
2004-09-03,30,4.5
2004-09-03,44,17.0
2003-09-09,16,12.0
2001-09-19,30,10.0
2001-03-23,30,11.5
2000-03-28,29,2.5
2004-09-03,14,11.0
2001-09-19,14,6.0
2001-03-23,14,8.0
1999-02-02,22,3.0
1998-10-05,63,21.0
1998-06-07,73,17.0
1998-02-07,48,4.0
1997-10-10,57,15.0
1997-10-10,48,4.0
1997-10-10,80,22.0
1997-06-12,22,7.6
1997-06-12,81,11.333333333333334
1997-04-13,63,16.666666666666668
1997-02-12,78,16.0
1996-06-17,49,16.0
1996-06-17,34,1.75
1996-04-18,21,10.4
1995-10-21,78,14.333333333333334
1995-08-22,95,11.75
1995-08-22,21,8.25
1995-06-23,70,10.0
1995-04-24,68,14.0
1995-02-23,88,14.0
1995-02-23,63,10.0
1994-10-26,100,14.5
1994-10-26,21,9.5
1994-08-27,102,11.25
1994-08-27,13,4.0
1994-02-28,64,7.0
1994-02-28,54,3.0
1997-08-11,74,16.75
1996-06-17,29,13.75
1994-10-26,99,9.0
1994-06-28,104,19.0
1993-09-01,125,12.0
1993-09-01,70,2.6666666666666665
1993-09-01,124,26.0
1993-05-04,78,20.666666666666668
1992-11-05,56,7.0
1992-09-06,128,21.0
1992-09-06,124,14.333333333333334
1992-07-08,122,14.75
1992-07-08,91,18.0
1992-07-08,134,31.0
1992-07-08,118,6.5
1992-07-08,83,4.0
1992-05-09,56,16.5
1992-03-10,129,21.333333333333332
1992-03-10,101,18.0
1992-03-10,103,15.666666666666666
1992-01-10,126,11.0
1991-09-12,101,2.5
1991-07-14,87,25.75
1991-05-15,130,8.5
1991-03-16,86,14.333333333333334
1991-03-16,80,14.333333333333334
1991-03-16,77,32.333333333333336
1991-01-15,122,18.0
1991-01-15,91,10.0
1991-01-15,83,11.0
1991-01-15,118,14.0
1990-09-17,101,13.5
1990-09-17,117,16.25
1990-09-17,145,29.0
1990-07-19,77,11.5
1990-07-19,144,8.0
1990-05-20,128,23.6
1990-03-21,132,21.5
1989-09-22,54,14.333333333333334
1993-09-01,108,13.0
1993-07-03,104,19.8
1992-09-06,108,11.666666666666666
1991-07-14,99,14.75
1991-05-15,139,25.0
1990-05-20,108,21.6
1989-09-22,64,27.0
1989-07-24,162,18.0
1989-07-24,160,30.0
1989-05-25,121,20.2
1989-05-25,157,13.0
1989-03-26,91,32.5
1989-03-26,83,9.5
1989-03-26,122,7.0
1989-03-26,118,17.0
1989-01-25,64,4.0
1988-09-27,162,22.0
1988-07-29,132,14.0
1988-05-30,116,5.8
1988-05-30,98,26.2
1988-03-31,118,15.75
1988-03-31,122,6.75
1987-10-03,144,21.666666666666668
1987-08-04,77,26.5
1987-08-04,144,16.6
1987-06-05,122,12.25
1987-06-05,83,15.25
1987-06-05,118,18.75
1987-04-06,109,14.25
1987-04-06,94,10.5
1987-04-06,76,13.5
1986-10-08,165,14.0
1986-08-09,177,11.5
1986-08-09,162,11.0
1986-04-11,165,13.25
1985-10-13,176,1.5
1985-08-14,117,16.6
1985-08-14,101,2.2
1985-06-15,157,13.8
1989-07-24,104,22.75
1989-03-26,155,7.5
1988-09-27,104,19.333333333333332
1988-03-31,155,14.5
1987-06-05,155,7.75
1986-08-09,104,9.5
1985-04-16,184,17.0
1985-02-15,183,24.0
1985-02-15,180,13.0
1984-10-18,165,21.0
1984-08-19,116,9.0
1984-06-20,101,15.0
1984-06-20,117,11.2
1984-02-21,162,18.5
1984-02-21,184,20.0
1983-08-25,122,12.5
1983-08-25,118,10.5
1983-06-26,185,28.333333333333332
1983-06-26,94,11.333333333333334
1983-06-26,109,8.333333333333334
1983-04-27,187,19.2
1983-02-26,192,13.0
1983-02-26,167,29.0
1982-08-30,169,25.5
1982-08-30,209,23.0
1982-08-30,175,11.5
1982-07-01,186,14.333333333333334
1982-07-01,116,9.5
1982-05-02,193,20.0
1982-05-02,171,12.75
1982-05-02,196,21.75
1982-05-02,203,27.5
1982-03-03,181,9.0
1982-01-02,201,18.0
1982-01-02,94,25.0
1982-01-02,109,13.0
1981-09-04,191,27.333333333333332
1981-09-04,212,28.666666666666668
1981-09-04,117,23.666666666666668
1981-07-06,200,11.5
1981-05-07,191,18.75
1981-05-07,117,29.75
1981-05-07,212,24.25
1981-03-08,214,25.75
1981-03-08,157,15.5
1980-09-09,135,20.0
1980-09-09,177,1.3333333333333333
1980-09-09,198,2.3333333333333335
1980-09-09,162,10.333333333333334
1980-09-09,213,28.0
1985-04-16,104,6.0
1985-04-16,172,2.6666666666666665
1984-02-21,172,5.0
1984-02-21,104,17.0
1983-08-25,155,13.0
1982-05-02,136,11.75
1980-09-09,172,6.0
1980-01-13,171,11.0
1980-01-13,206,17.5
1980-01-13,196,9.5
1979-09-15,171,23.0
1979-09-15,234,18.0
1979-09-15,196,16.5
1979-09-15,206,15.0
1979-09-15,232,14.0
1979-03-19,220,6.0
1979-03-19,118,10.666666666666666
1978-09-20,181,19.5
1978-09-20,242,21.5
1978-09-20,230,11.0
1978-07-22,199,26.666666666666668
1978-05-23,205,24.0
1978-03-24,230,19.666666666666668
1978-03-24,181,13.666666666666666
1978-03-24,242,14.666666666666666
1978-01-23,201,6.0
1978-01-23,210,20.5
1978-01-23,218,22.0
1977-09-25,199,14.333333333333334
1977-07-27,186,19.5
1977-07-27,223,17.0
1977-03-29,245,12.0
1977-01-28,171,20.0
1977-01-28,206,18.0
1977-01-28,232,17.0
1976-11-29,253,13.0
1976-11-29,249,5.0
1976-09-30,177,9.333333333333334
1976-09-30,273,9.0
1976-09-30,264,20.0
1976-08-01,221,11.333333333333334
1976-04-03,249,9.666666666666666
1980-01-13,136,11.5
1979-09-15,136,9.5
1978-05-23,237,8.25
1978-05-23,229,14.25
1977-05-28,266,12.0
1976-02-03,229,13.0
1976-02-03,237,17.0
1975-12-05,251,3.0
1975-08-07,220,13.0
1975-08-07,244,28.5
1975-06-08,274,15.5
1975-06-08,186,16.25
1975-06-08,223,11.25
1975-06-08,294,27.0
1975-04-09,275,15.25
1975-04-09,249,10.75
1975-02-08,289,27.0
1975-02-08,251,9.0
1974-08-12,249,8.0
1974-06-13,258,26.0
1974-04-14,277,24.5
1974-04-14,251,20.0
1974-02-13,305,2.0
1973-12-15,307,15.5
1973-12-15,220,7.0
1973-08-17,231,15.5
1973-08-17,297,15.0
1973-06-18,334,22.5
1973-06-18,221,18.0
1973-02-18,231,4.0
1972-12-20,198,13.5
1972-08-22,305,18.0
1972-06-23,231,9.0
1972-04-24,249,9.333333333333334
1972-04-24,306,15.666666666666666
1972-04-24,338,25.0
1972-02-24,277,15.0
1971-12-26,277,22.0
1971-06-29,349,11.0
1971-04-30,306,13.0
1971-04-30,338,18.5
1971-03-01,333,22.0
1970-09-02,261,14.0
1970-09-02,340,14.25
1970-07-04,350,22.0
1970-05-05,356,13.333333333333334
1970-05-05,362,4.0
1975-08-07,238,12.0
1973-08-17,222,11.0
1973-02-18,222,23.0
1972-06-23,222,13.0
1970-07-04,313,18.0
1969-07-09,234,4.333333333333333
1969-07-09,206,13.0
1969-05-10,349,7.333333333333333
1968-09-12,349,8.333333333333334
1968-07-14,379,21.0
1968-05-15,305,7.0
1968-05-15,346,14.333333333333334
1967-09-18,357,15.0
1967-07-20,303,5.666666666666667
1967-05-21,303,5.0
1967-03-22,305,18.0
1966-09-23,357,7.0
1966-07-25,393,10.0
1966-03-27,357,9.0
1965-07-30,363,3.0
1965-05-31,369,13.0
1965-05-31,340,7.75
1964-12-02,339,19.0
1964-08-04,426,17.0
1964-06-05,426,13.333333333333334
1964-06-05,428,19.0
1964-06-05,396,6.5
1964-04-06,393,16.0
1963-12-08,412,19.0
1963-12-08,340,17.0
1963-10-09,451,25.0
1963-08-10,403,13.5
1963-06-11,403,13.5
1963-04-12,429,15.5
1963-04-12,375,11.0
1963-04-12,438,23.0
1962-12-13,359,2.0
1962-08-15,288,1.5
1962-06-16,424,15.0
1962-04-17,385,13.5
1961-08-20,340,22.5
1961-08-20,439,13.0
1961-08-20,468,8.0
1961-06-21,426,15.5
1961-06-21,453,20.666666666666668
1961-06-21,487,30.0
1961-04-22,476,2.3333333333333335
1961-04-22,459,22.0
1960-10-24,426,15.0
1960-06-26,431,9.0
1960-06-26,417,12.0
1960-06-26,542,17.0
1960-04-27,372,8.5
1960-04-27,540,19.0
1960-04-27,456,15.0
1969-07-09,345,7.0
1969-03-11,355,9.0
1969-01-10,355,14.0
1968-03-16,355,14.0
1967-09-18,391,19.0
1967-07-20,344,11.0
1967-05-21,344,8.5
1966-07-25,401,9.0
1965-09-28,345,7.5
1963-08-10,355,4.5
1963-06-11,355,10.75
1963-06-11,440,25.0
1962-06-16,465,22.333333333333332
1962-06-16,345,16.0
1960-04-27,537,31.0
1960-04-27,524,18.0
1960-04-27,523,17.0
1960-04-27,511,4.0
1959-10-30,575,18.0
1959-08-31,543,15.0
1959-08-31,363,4.0
1959-08-31,566,10.0
1959-05-03,564,29.0
1959-05-03,535,16.0
1958-09-05,590,14.5
1958-09-05,578,2.0
1958-09-05,566,11.0
1958-09-05,543,9.0
1958-07-07,475,12.0
1958-07-07,429,19.0
1958-07-07,583,12.0
1958-05-08,512,23.0
1958-05-08,547,22.0
1958-05-08,587,28.0
1958-01-08,475,1.0
1958-01-08,579,4.0
1957-05-13,554,6.0
1957-05-13,426,8.5
1957-05-13,613,7.0
1957-05-13,520,10.0
1957-05-13,528,17.0
1956-11-14,578,12.0
1956-05-18,585,25.0
1956-05-18,628,6.0
1956-03-19,589,18.0
1956-03-19,577,14.0
1955-07-23,581,17.0
1955-05-24,554,11.75
1955-05-24,426,9.333333333333334
1955-05-24,607,8.0
1955-05-24,528,15.0
1955-03-25,627,19.0
1955-03-25,650,7.0
1955-03-25,641,8.0
1955-03-25,578,18.0
1954-11-25,577,7.5
1954-09-26,554,17.0
1954-09-26,426,13.0
1954-07-28,426,6.0
1954-07-28,554,15.0
1954-07-28,428,20.0
1954-05-29,627,19.5
1954-05-29,686,23.0
1954-05-29,578,8.333333333333334
1954-05-29,650,20.0
1953-11-30,554,10.0
1953-11-30,426,4.0
1953-08-02,647,9.0
1953-08-02,663,14.5
1953-08-02,643,6.0
1953-06-03,456,23.0
1953-06-03,501,18.4
1953-06-03,640,8.0
1953-06-03,632,10.0
1952-12-05,698,16.0
1952-08-07,663,9.5
1952-08-07,647,1.0
1952-06-08,712,14.0
1952-06-08,708,24.0
1952-06-08,737,14.0
1952-06-08,739,16.0
1952-04-09,518,4.0
1952-04-09,509,2.0
1952-04-09,615,27.0
1952-04-09,689,5.0
1952-04-09,581,16.0
1952-04-09,626,14.0
1951-10-12,426,15.0
1951-06-14,642,9.5
1951-06-14,633,3.25
1950-08-18,669,25.0
1958-09-05,478,10.0
1958-09-05,551,8.0
1958-07-07,526,26.0
1957-07-12,580,12.333333333333334
1957-05-13,565,24.0
1955-03-25,478,23.0
1954-05-29,478,14.0
1953-04-04,521,20.333333333333332
1952-08-07,758,12.0
1952-06-08,697,25.0
1980-07-11,208,18.0
1980-05-12,208,24.0
1978-07-22,228,23.8
1977-05-28,207,27.666666666666668
1975-08-07,301,13.0
1954-05-29,683,14.0
1954-05-29,611,15.5
2004-05-06,3,8.666666666666666
2004-03-07,1,16.666666666666668
2003-09-09,17,12.333333333333334
2003-07-11,43,11.0
2003-07-11,51,16.5
2003-01-12,41,13.0
2003-01-12,3,7.0
2002-05-17,62,17.0
2002-03-18,36,16.25
2002-03-18,12,12.0
2002-03-18,20,15.75
2002-01-17,21,14.5
2001-09-19,55,12.5
2001-07-21,54,7.5
2001-05-22,17,13.8
2001-03-23,55,13.75
2001-01-22,34,17.5
2001-01-22,49,8.5
2000-09-24,36,16.0
2000-09-24,20,11.5
2000-07-26,49,12.8
2000-07-26,47,13.2
2000-07-26,34,9.0
2000-05-27,36,18.25
2000-05-27,20,9.25
2000-01-28,63,16.5
1999-09-30,22,11.0
1999-08-01,48,6.5
1999-06-02,69,14.0
1999-06-02,20,10.4
1999-06-02,36,15.6
1999-06-02,68,12.6
2004-09-03,16,14.25
2003-09-09,30,9.333333333333334
2001-05-22,30,12.4
2001-01-22,29,1.0
2000-07-26,29,5.4
2003-09-09,14,9.666666666666666
2001-05-22,14,14.2
1999-04-03,14,13.5
1999-02-02,54,21.0
1999-02-02,64,22.0
1998-08-06,13,7.5
1998-06-07,43,14.75
1998-06-07,56,1.75
1998-06-07,24,7.25
1998-06-07,72,17.0
1998-04-08,20,9.6
1998-02-07,21,18.0
1997-10-10,21,20.5
1997-08-11,63,11.75
1997-06-12,62,13.4
1997-06-12,64,10.0
1997-06-12,54,5.2
1997-02-12,13,11.0
1996-08-16,85,18.0
1996-08-16,54,7.25
1996-08-16,62,12.25
1996-08-16,64,11.25
1996-06-17,70,4.75
1996-04-18,84,20.8
1996-04-18,48,12.0
1996-02-18,62,8.333333333333334
1996-02-18,54,7.666666666666667
1996-02-18,64,15.0
1995-10-21,13,11.666666666666666
1995-08-22,86,10.25
1995-08-22,48,8.5
1995-08-22,84,19.75
1994-10-26,80,20.5
1994-10-26,86,14.0
1994-10-26,48,6.5
1994-08-27,78,16.0
1994-06-28,91,27.25
1994-06-28,110,14.25
1994-06-28,55,23.75
1994-06-28,83,15.0
1994-04-29,54,4.0
1994-04-29,64,11.0
1993-10-31,64,22.0
1993-10-31,54,4.0
1998-10-05,74,13.0
1997-04-13,74,16.666666666666668
1995-06-23,29,6.75
1995-06-23,93,15.333333333333334
1993-07-03,122,15.2
1993-07-03,83,7.8
1993-07-03,118,5.2
1993-05-04,119,17.666666666666668
1993-03-05,116,5.25
1993-03-05,69,11.5
1993-03-05,68,16.25
1992-11-05,109,19.0
1992-11-05,94,20.0
1992-11-05,76,1.0
1992-05-09,109,13.0
1992-05-09,94,6.75
1992-05-09,76,13.25
1992-05-09,89,27.0
1992-03-10,130,25.0
1992-03-10,107,22.666666666666668
1992-01-10,98,23.0
1991-09-12,130,12.5
1991-07-14,77,21.5
1991-07-14,86,12.25
1991-07-14,80,15.5
1991-05-15,101,7.25
1991-03-16,87,23.333333333333332
1990-09-17,130,20.25
1990-09-17,150,24.0
1990-07-19,100,24.0
1990-07-19,87,18.75
1990-05-20,137,18.4
1990-03-21,54,6.5
1990-01-20,54,2.0
1989-09-22,132,14.75
1993-09-01,29,13.0
1993-09-01,93,8.333333333333334
1992-09-06,29,11.0
1992-09-06,93,12.666666666666666
1992-07-08,104,11.25
1991-03-16,99,11.666666666666666
1991-01-15,104,16.0
1990-07-19,148,33.0
1990-05-20,93,21.4
1989-07-24,118,10.75
1989-07-24,83,12.0
1989-07-24,122,8.25
1989-07-24,91,20.0
1989-05-25,102,13.5
1989-03-26,160,37.5
1989-03-26,162,20.0
1989-01-25,163,35.0
1989-01-25,132,31.0
1988-09-27,118,5.0
1988-09-27,122,5.666666666666667
1988-07-29,165,14.75
1988-05-30,113,16.2
1988-05-30,126,10.0
1988-03-31,162,22.5
1987-06-05,162,19.0
1987-04-06,111,11.666666666666666
1986-08-09,83,14.75
1986-08-09,118,21.75
1986-08-09,122,11.25
1986-06-10,144,20.6
1986-02-10,144,20.0
1985-10-13,116,11.0
1985-06-15,175,11.6
1985-06-15,169,19.8
1989-07-24,155,16.5
1989-03-26,104,16.0
1988-09-27,155,20.333333333333332
1988-03-31,104,7.5
1987-06-05,104,15.5
1987-04-06,136,11.75
1986-10-08,179,15.5
1986-08-09,155,15.5
1985-08-14,139,13.6
1985-04-16,182,24.0
1985-04-16,83,12.0
1985-04-16,118,20.333333333333332
1985-04-16,122,9.0
1984-10-18,183,15.0
1984-10-18,180,10.0
1984-08-19,176,16.666666666666668
1984-08-19,188,9.666666666666666
1984-04-21,187,17.2
1984-02-21,118,8.0
1984-02-21,182,14.5
1984-02-21,122,9.0
1984-02-21,83,11.0
1983-08-25,162,8.5
1983-06-26,171,12.333333333333334
1983-06-26,196,8.333333333333334
1983-02-26,191,13.5
1983-02-26,117,18.666666666666668
1982-08-30,157,4.5
1982-07-01,151,11.666666666666666
1982-07-01,176,4.666666666666667
1982-05-02,94,15.5
1982-05-02,109,11.75
1982-05-02,201,10.25
1982-03-03,195,17.5
1982-01-02,171,19.0
1982-01-02,196,26.0
1982-01-02,203,28.0
1982-01-02,193,9.0
1981-09-04,200,21.0
1981-07-06,191,27.666666666666668
1981-07-06,212,28.5
1981-07-06,117,28.25
1981-05-07,200,27.25
1981-03-08,175,10.5
1981-03-08,216,13.0
1980-09-09,118,19.666666666666668
1985-04-16,155,21.0
1984-06-20,139,20.333333333333332
1984-02-21,155,16.0
1983-08-25,172,18.5
1983-08-25,104,14.0
1983-06-26,136,6.0
1982-01-02,136,24.0
1980-07-11,190,27.0
1980-01-13,218,16.5
1980-01-13,201,3.5
1979-11-14,205,4.0
1979-09-15,201,4.0
1979-09-15,218,16.5
1979-07-17,211,19.5
1979-07-17,231,26.25
1979-05-18,221,4.333333333333333
1979-03-19,162,17.333333333333332
1979-03-19,177,11.333333333333334
1979-03-19,135,12.666666666666666
1979-03-19,198,8.0
1979-01-18,231,25.333333333333332
1979-01-18,211,17.333333333333332
1978-09-20,174,7.0
1978-07-22,246,28.0
1978-03-24,174,9.5
1978-03-24,239,29.0
1978-01-23,232,23.0
1978-01-23,171,7.0
1978-01-23,206,5.5
1978-01-23,196,16.0
1977-11-24,241,27.0
1977-11-24,231,23.0
1977-11-24,211,25.0
1977-07-27,151,13.0
1977-05-28,199,8.0
1977-03-29,250,18.5
1977-03-29,256,25.0
1977-03-29,231,20.5
1976-09-30,244,26.0
1976-09-30,254,13.666666666666666
1976-09-30,220,10.0
1976-09-30,236,12.0
1976-06-02,232,17.5
1976-06-02,171,14.5
1976-06-02,206,14.5
1976-06-02,283,14.0
1976-06-02,196,11.0
1976-06-02,234,18.5
1976-02-03,249,15.0
1976-02-03,275,17.0
1979-11-14,224,25.0
1979-07-17,222,8.5
1979-03-19,172,15.0
1979-01-18,222,11.333333333333334
1977-11-24,222,15.0
1977-03-29,222,20.0
1976-11-29,237,16.5
1976-11-29,255,22.0
1976-11-29,229,13.0
1976-09-30,238,13.0
1976-04-03,237,21.0
1976-04-03,229,21.666666666666668
1976-04-03,255,14.666666666666666
1975-12-05,230,16.0
1975-12-05,181,1.0
1975-08-07,198,11.666666666666666
1975-08-07,287,27.0
1975-02-08,230,21.0
1975-02-08,242,7.0
1975-02-08,181,5.0
1974-12-10,231,17.5
1974-08-12,323,21.333333333333332
1974-06-13,223,11.0
1974-06-13,186,14.5
1974-06-13,274,29.0
1974-04-14,181,7.0
1974-04-14,230,13.5
1974-02-13,250,13.0
1974-02-13,231,6.0
1973-12-15,198,7.0
1973-12-15,288,12.5
1973-12-15,264,18.0
1973-08-17,331,14.5
1973-08-17,305,7.75
1973-06-18,261,20.75
1973-04-19,303,5.0
1973-04-19,279,8.0
1973-02-18,305,21.0
1973-02-18,331,6.0
1972-08-22,342,22.0
1972-06-23,305,10.75
1972-04-24,326,11.333333333333334
1972-02-24,242,13.0
1972-02-24,181,7.0
1971-12-26,181,11.0
1971-08-28,223,11.666666666666666
1971-08-28,316,16.5
1971-08-28,327,8.0
1971-08-28,328,15.0
1971-06-29,328,17.666666666666668
1971-06-29,327,4.5
1971-06-29,316,7.75
1971-06-29,223,5.25
1971-04-30,341,18.0
1971-04-30,326,17.5
1971-03-01,223,13.5
1971-03-01,316,8.0
1971-03-01,327,1.5
1970-09-02,352,26.0
1970-07-04,332,18.25
1970-07-04,288,8.666666666666666
1970-05-05,234,9.0
1970-03-06,288,5.0
1970-03-06,360,18.0
1970-03-06,332,18.0
1975-04-09,237,10.5
1975-04-09,229,13.75
1974-12-10,222,4.0
1974-08-12,237,7.75
1974-08-12,229,18.75
1974-02-13,222,20.0
1973-06-18,335,28.0
1973-04-19,308,8.0
1972-08-22,222,11.0
1972-04-24,237,13.666666666666666
1971-04-30,237,3.0
1970-05-05,345,10.666666666666666
1969-09-07,327,10.0
1969-09-07,359,13.333333333333334
1969-07-09,356,12.5
1969-05-10,359,7.0
1969-05-10,327,3.6666666666666665
1968-09-12,359,3.3333333333333335
1968-09-12,327,4.666666666666667
1968-07-14,364,10.0
1968-05-15,363,11.0
1967-11-17,340,8.0
1967-09-18,303,3.0
1967-07-20,357,13.666666666666666
1967-05-21,357,10.75
1967-03-22,363,14.0
1966-09-23,395,17.0
1966-09-23,303,9.5
1966-07-25,374,6.5
1966-07-25,288,12.0
1966-05-26,382,10.0
1966-05-26,398,7.333333333333333
1966-03-27,303,14.0
1966-03-27,395,4.0
1965-07-30,404,20.0
1965-07-30,346,7.0
1965-05-31,384,11.5
1965-05-31,417,13.5
1965-04-01,404,13.0
1965-04-01,346,7.0
1964-12-02,292,28.0
1964-12-02,382,16.0
1964-10-03,403,15.5
1964-08-04,385,3.0
1964-08-04,277,19.0
1964-06-05,385,6.0
1964-06-05,277,15.0
1964-04-06,288,2.5
1963-12-08,384,5.0
1963-08-10,444,31.0
1963-04-12,407,6.0
1962-12-13,456,14.0
1962-12-13,437,20.0
1962-12-13,473,18.0
1962-12-13,372,12.0
1962-08-15,393,5.0
1962-06-16,461,24.5
1962-06-16,436,15.0
1962-04-17,453,13.0
1962-04-17,426,18.5
1961-08-20,417,16.0
1961-08-20,384,8.0
1961-06-21,490,32.0
1961-06-21,385,8.666666666666666
1961-04-22,288,12.666666666666666
1960-08-25,484,11.0
1960-08-25,402,1.0
1960-06-26,340,6.0
1960-04-27,402,6.0
1960-04-27,359,6.666666666666667
1968-07-14,355,11.0
1968-07-14,358,2.0
1967-09-18,344,6.0
1967-07-20,391,11.0
1966-11-22,355,6.0
1966-09-23,344,13.0
1966-05-26,345,13.0
1964-12-02,345,7.0
1964-10-03,355,16.0
1963-10-09,345,9.0
1961-08-20,493,9.0
1961-04-22,482,12.5
1960-04-27,484,19.0
1959-12-29,417,12.0
1959-10-30,475,14.0
1959-10-30,448,10.0
1959-10-30,573,11.0
1959-08-31,483,12.0
1959-08-31,346,8.0
1959-07-02,475,7.5
1959-07-02,429,9.0
1959-05-03,477,12.0
1959-05-03,529,4.0
1959-05-03,559,19.0
1958-09-05,605,19.0
1958-09-05,346,9.5
1958-07-07,600,16.0
1958-07-07,455,14.0
1958-05-08,479,13.0
1958-05-08,536,32.0
1958-05-08,560,10.0
1958-01-08,577,2.0
1957-07-12,638,11.0
1957-07-12,417,5.333333333333333
1957-05-13,533,6.0
1957-05-13,597,8.0
1956-11-14,346,7.0
1956-07-17,554,10.333333333333334
1956-07-17,426,17.0
1956-07-17,607,20.0
1956-07-17,428,21.0
1956-05-18,633,8.666666666666666
1956-05-18,624,12.333333333333334
1956-05-18,529,22.0
1956-05-18,559,1.0
1956-03-19,579,3.0
1956-03-19,475,1.0
1956-01-19,554,2.0
1955-05-24,661,17.5
1955-05-24,662,7.0
1955-05-24,663,9.0
1955-05-24,643,6.666666666666667
1955-05-24,597,8.0
1955-05-24,533,29.0
1954-11-25,579,1.0
1954-11-25,644,7.5
1954-11-25,475,8.5
1954-09-26,647,19.0
1954-09-26,643,4.0
1954-09-26,663,8.0
1954-07-28,643,12.333333333333334
1954-07-28,647,12.0
1954-07-28,663,14.5
1954-05-29,555,8.0
1953-11-30,643,13.0
1953-08-02,426,9.0
1953-08-02,554,14.0
1953-06-03,712,23.0
1953-06-03,708,24.0
1953-04-04,520,18.5
1953-04-04,528,27.0
1953-04-04,613,18.0
1952-08-07,426,13.5
1952-08-07,554,17.0
1952-06-08,632,15.5
1952-06-08,749,27.0
1952-06-08,755,21.0
1952-06-08,736,9.0
1952-06-08,501,17.0
1952-06-08,640,17.0
1952-06-08,688,14.5
1952-06-08,456,8.0
1952-04-09,726,8.0
1952-04-09,513,16.0
1952-04-09,612,33.0
1952-04-09,609,10.0
1951-10-12,647,4.0
1951-08-13,641,5.0
1951-08-13,627,7.0
1951-08-13,686,21.0
1951-06-14,779,20.0
1951-04-15,673,2.0
1951-04-15,675,3.0
1951-04-15,770,22.0
1951-04-15,653,16.0
1951-04-15,734,5.0
1951-04-15,660,13.0
1951-04-15,725,17.0
1950-08-18,740,20.0
1950-08-18,642,1.0
1959-07-02,481,11.0
1958-05-08,355,7.5
1957-07-12,549,8.0
1954-11-25,646,10.0
1954-05-29,674,9.0
1953-08-02,720,8.0
1953-06-03,697,7.25
1952-04-09,702,29.0
1951-04-15,630,24.0
1980-03-13,208,25.5
1977-05-28,228,17.0
1962-08-15,467,27.0
2004-09-03,31,14.75
2004-09-03,22,8.333333333333334
2004-07-05,42,16.0
2004-05-06,12,10.833333333333334
2004-05-06,20,9.5
2004-03-07,21,4.0
2004-01-07,42,12.0
2003-05-12,51,13.4
2003-05-12,43,13.2
2003-03-13,43,14.25
2003-03-13,51,13.25
2003-01-12,20,12.0
2002-07-16,43,13.75
2002-05-17,17,12.0
2002-03-18,58,17.0
2002-01-17,1,12.0
2001-09-19,22,13.0
2001-07-21,17,15.0
2001-05-22,54,9.8
2001-03-23,22,13.0
2000-07-26,63,12.8
2000-01-28,34,10.5
2000-01-28,47,10.5
2000-01-28,49,12.5
1999-09-30,67,16.5
1999-09-30,55,2.0
1999-08-01,13,6.0
1999-04-03,54,13.0
1999-04-03,64,16.0
2002-05-17,65,18.5
2002-05-17,30,14.0
2001-07-21,30,9.75
2000-01-28,29,1.0
2002-05-17,14,8.25
2001-07-21,14,16.0
1999-04-03,62,10.0
1998-10-05,70,4.0
1998-08-06,48,5.25
1998-04-08,73,14.2
1997-10-10,78,18.0
1997-08-11,49,15.0
1997-08-11,34,3.0
1997-04-13,70,20.333333333333332
1997-02-12,48,12.333333333333334
1997-02-12,77,9.333333333333334
1996-04-18,13,8.2
1995-10-21,90,15.5
1995-10-21,84,20.0
1995-10-21,48,9.0
1995-10-21,80,15.0
1995-10-21,86,6.666666666666667
1995-08-22,13,11.25
1995-06-23,63,22.0
1995-06-23,88,21.25
1995-04-24,56,17.75
1995-04-24,43,7.75
1995-02-23,70,8.5
1994-08-27,100,17.5
1994-08-27,21,9.75
1994-02-28,91,26.5
1994-02-28,83,14.5
1994-02-28,55,15.0
1997-08-11,29,7.75
1997-06-12,75,18.0
1994-08-27,99,20.0
1994-04-29,104,14.0
1993-09-01,117,17.333333333333332
1993-09-01,101,15.333333333333334
1993-09-01,103,8.5
1993-05-04,86,18.333333333333332
1993-05-04,90,12.0
1993-03-05,109,18.75
1993-03-05,76,17.75
1992-09-06,101,10.0
1992-09-06,103,15.0
1992-07-08,54,16.0
1992-07-08,64,20.5
1992-05-09,98,22.75
1992-03-10,70,30.0
1992-03-10,128,17.666666666666668
1992-01-10,109,20.0
1992-01-10,94,1.0
1992-01-10,76,5.0
1991-09-12,128,32.5
1991-07-14,102,23.0
1991-07-14,119,32.75
1991-05-15,137,13.0
1991-03-16,121,20.666666666666668
1991-03-16,141,33.666666666666664
1991-01-15,54,12.0
1990-09-17,128,21.0
1990-07-19,121,12.0
1990-05-20,101,5.6
1990-05-20,117,10.6
1989-09-22,91,29.5
1989-09-22,83,11.5
1989-09-22,122,9.25
1989-09-22,118,6.25
1992-03-10,108,9.666666666666666
1991-09-12,108,16.75
1991-07-14,127,29.5
1991-05-15,93,12.75
1990-03-21,104,25.5
1990-01-20,104,10.0
1989-09-22,155,16.5
1989-07-24,132,15.75
1989-05-25,77,26.2
1989-05-25,144,15.0
1989-03-26,64,12.5
1989-01-25,122,23.0
1989-01-25,91,38.0
1989-01-25,118,15.0
1989-01-25,83,18.0
1988-09-27,132,18.0
1988-07-29,162,16.75
1988-05-30,111,16.2
1988-03-31,165,15.75
1987-10-03,157,9.0
1987-10-03,121,15.666666666666666
1987-08-04,121,11.0
1987-08-04,157,12.6
1987-06-05,165,8.75
1986-10-08,122,12.5
1986-10-08,118,13.0
1986-10-08,83,7.5
1986-08-09,132,11.0
1986-06-10,169,20.0
1986-04-11,122,10.5
1986-04-11,83,11.75
1986-04-11,118,12.75
1986-02-10,175,19.0
1986-02-10,169,10.0
1985-10-13,94,13.0
1985-10-13,178,12.5
1985-10-13,76,5.5
1985-08-14,174,12.6
1989-01-25,155,7.0
1988-07-29,104,10.25
1988-05-30,136,11.4
1987-06-05,168,12.75
1986-10-08,155,9.5
1986-08-09,179,21.0
1986-04-11,155,15.75
1985-08-14,159,23.6
1985-04-16,180,16.333333333333332
1985-04-16,183,19.5
1985-02-15,162,4.0
1984-10-18,122,24.0
1984-10-18,182,23.0
1984-10-18,118,8.0
1984-08-19,171,19.333333333333332
1984-08-19,111,16.666666666666668
1984-06-20,174,10.8
1984-06-20,190,27.0
1984-04-21,175,15.2
1984-04-21,169,13.0
1984-02-21,180,22.0
1984-02-21,183,16.0
1983-08-25,189,18.0
1983-08-25,194,12.333333333333334
1983-06-26,151,22.333333333333332
1983-06-26,176,9.666666666666666
1983-04-27,157,13.8
1983-02-26,181,7.0
1982-07-01,196,21.833333333333332
1982-07-01,171,15.333333333333334
1982-07-01,193,21.166666666666668
1982-05-02,116,12.0
1982-05-02,186,4.75
1982-03-03,200,8.5
1982-01-02,202,23.0
1982-01-02,176,5.0
1982-01-02,151,11.0
1981-09-04,174,19.0
1981-05-07,174,17.5
1981-03-08,211,12.5
1980-09-09,180,26.0
1985-02-15,104,2.0
1985-02-15,172,3.0
1984-10-18,155,25.0
1984-08-19,136,14.666666666666666
1982-07-01,136,11.833333333333334
1980-03-13,199,15.0
1980-01-13,116,15.0
1980-01-13,223,11.5
1980-01-13,186,11.0
1979-11-14,198,18.0
1979-11-14,162,22.0
1979-11-14,135,27.0
1979-11-14,177,1.0
1979-09-15,186,6.0
1979-09-15,223,7.5
1979-07-17,175,26.0
1979-05-18,233,25.0
1979-03-19,205,21.333333333333332
1978-09-20,246,23.0
1978-07-22,174,11.25
1978-07-22,239,32.0
1978-05-23,244,30.0
1978-05-23,220,16.75
1978-05-23,118,11.75
1978-01-23,176,23.0
1978-01-23,202,14.5
1977-11-24,240,22.0
1977-09-25,174,16.333333333333332
1977-09-25,239,16.0
1977-07-27,196,19.75
1977-07-27,206,14.5
1977-07-27,171,12.5
1977-07-27,232,6.75
1977-05-28,230,5.75
1977-05-28,181,7.75
1977-01-28,223,10.0
1977-01-28,186,6.0
1976-11-29,198,2.0
1976-09-30,249,16.0
1976-08-01,231,25.333333333333332
1976-08-01,256,14.0
1976-06-02,281,28.0
1976-04-03,177,11.0
1976-04-03,198,15.666666666666666
1976-04-03,257,21.0
1976-04-03,264,29.0
1976-02-03,220,6.0
1976-02-03,254,21.0
1979-11-14,172,19.0
1978-05-23,238,19.75
1976-08-01,222,2.0
1976-02-03,238,19.0
1975-12-05,199,6.0
1975-06-08,206,9.0
1975-06-08,196,14.0
1975-06-08,232,19.0
1975-06-08,171,13.75
1975-06-08,295,26.0
1975-06-08,234,21.5
1975-04-09,177,16.75
1975-04-09,287,11.5
1975-04-09,198,4.25
1975-04-09,288,21.0
1975-02-08,199,6.0
1974-08-12,288,10.5
1974-08-12,198,7.75
1974-08-12,287,16.0
1974-06-13,304,10.75
1974-06-13,218,26.0
1974-04-14,199,21.0
1974-04-14,279,19.5
1974-04-14,303,11.75
1974-04-14,314,25.0
1973-08-17,221,20.0
1973-06-18,297,6.0
1973-06-18,231,7.0
1973-04-19,181,14.25
1973-04-19,230,9.0
1973-02-18,221,9.0
1973-02-18,291,13.0
1972-12-20,249,16.5
1972-12-20,306,10.0
1972-08-22,340,18.0
1972-04-24,332,9.666666666666666
1972-04-24,288,12.333333333333334
1972-04-24,198,13.0
1972-02-24,279,11.0
1972-02-24,303,1.0
1971-12-26,279,8.0
1971-12-26,303,2.0
1971-08-28,329,20.666666666666668
1971-08-28,304,9.5
1971-06-29,329,11.666666666666666
1971-04-30,288,14.0
1971-03-01,311,7.0
1971-03-01,339,21.0
1970-09-02,305,9.0
1970-09-02,346,21.5
1970-07-04,326,12.25
1975-08-07,237,10.666666666666666
1975-08-07,229,11.0
1973-12-15,237,9.5
1973-06-18,222,11.25
1972-02-24,308,3.0
1971-12-26,308,15.0
1970-07-04,237,14.0
1969-09-07,356,13.5
1969-09-07,370,14.0
1969-07-09,327,1.3333333333333333
1969-07-09,359,3.3333333333333335
1969-05-10,356,13.0
1969-03-11,288,13.0
1969-03-11,360,12.0
1969-01-10,288,2.0
1968-07-14,350,16.5
1968-05-15,340,8.0
1968-05-15,369,7.5
1968-05-15,261,10.333333333333334
1968-03-16,360,10.0
1968-03-16,374,4.0
1968-03-16,288,1.0
1967-11-17,363,11.0
1967-07-20,277,5.333333333333333
1967-07-20,388,11.5
1967-07-20,378,21.0
1967-05-21,277,4.5
1967-05-21,388,9.0
1967-03-22,340,10.0
1966-09-23,396,6.5
1966-05-26,372,6.333333333333333
1966-05-26,373,12.0
1965-09-28,359,16.0
1965-09-28,327,14.0
1965-07-30,417,14.5
1965-07-30,384,5.0
1965-05-31,346,12.5
1965-05-31,404,16.5
1965-04-01,384,2.0
1964-12-02,333,27.0
1964-12-02,372,1.0
1964-12-02,373,4.0
1964-10-03,432,5.0
1964-08-04,357,10.0
1963-12-08,346,6.0
1963-12-08,411,14.0
1963-12-08,400,8.0
1963-10-09,372,1.0
1963-08-10,288,8.5
1963-08-10,419,23.0
1963-06-11,288,9.0
1963-06-11,419,20.5
1963-06-11,374,13.0
1963-04-12,396,21.0
1963-04-12,426,12.0
1962-08-15,403,11.5
1962-06-16,402,12.666666666666666
1962-06-16,359,7.0
1962-06-16,460,23.0
1962-04-17,407,8.5
1962-04-17,455,14.0
1961-08-20,346,11.0
1961-06-21,475,14.25
1961-06-21,429,16.0
1961-06-21,375,19.5
1960-10-24,475,1.0
1960-06-26,363,12.333333333333334
1967-07-20,325,13.0
1962-08-15,355,4.0
1962-04-17,454,16.0
1961-06-21,481,19.5
1960-10-24,481,14.0
1960-06-26,434,17.0
1960-04-27,529,23.0
1960-04-27,477,18.0
1960-04-27,436,24.0
1959-12-29,483,22.0
1959-12-29,346,7.0
1959-07-02,569,12.0
1959-05-03,402,5.0
1959-05-03,359,5.0
1959-05-03,541,8.0
1958-09-05,417,5.0
1958-07-07,554,12.666666666666666
1958-07-07,426,6.333333333333333
1958-05-08,581,9.5
1958-05-08,476,5.0
1958-05-08,509,5.0
1958-01-08,554,5.0
1957-07-12,346,15.333333333333334
1957-07-12,483,7.0
1957-05-13,579,1.0
1957-05-13,563,14.0
1957-05-13,556,28.0
1957-05-13,448,30.0
1957-05-13,538,21.0
1957-05-13,475,15.0
1957-05-13,610,21.0
1956-07-17,577,12.0
1956-05-18,608,8.0
1956-05-18,541,27.0
1956-05-18,629,10.0
1956-01-19,577,1.0
1955-07-23,496,5.0
1955-07-23,547,13.0
1955-05-24,475,1.6666666666666667
1955-05-24,579,1.3333333333333333
1955-05-24,448,28.0
1955-05-24,657,25.0
1955-05-24,538,7.0
1955-05-24,655,16.0
1955-05-24,563,12.0
1955-05-24,556,9.0
1955-03-25,625,14.0
1954-11-25,643,5.0
1954-11-25,647,15.0
1954-09-26,475,16.0
1954-09-26,579,3.0
1954-09-26,644,10.0
1954-07-28,579,1.0
1954-07-28,644,6.333333333333333
1954-07-28,475,14.0
1954-07-28,692,14.0
1954-05-29,519,33.0
1953-11-30,579,1.0
1953-08-02,704,15.0
1953-08-02,589,10.0
1953-08-02,664,23.0
1953-08-02,577,7.0
1953-06-03,633,9.333333333333334
1953-06-03,642,5.0
1953-06-03,705,27.0
1953-06-03,651,18.5
1953-04-04,593,26.0
1953-04-04,525,14.0
1952-12-05,578,4.0
1952-12-05,695,5.0
1952-08-07,748,11.0
1952-08-07,742,12.0
1952-08-07,735,19.5
1952-08-07,664,22.0
1952-06-08,754,17.0
1952-06-08,709,12.0
1952-06-08,669,11.333333333333334
1952-06-08,703,13.0
1952-04-09,728,13.0
1952-04-09,723,2.0
1951-10-12,579,1.0
1951-08-13,660,17.0
1951-08-13,762,9.0
1951-06-14,640,22.0
1951-06-14,777,17.0
1951-06-14,501,16.0
1951-04-15,699,10.0
1951-04-15,764,14.0
1951-04-15,627,9.0
1951-04-15,641,2.0
1950-08-18,773,14.0
1950-08-18,791,18.0
1950-08-18,793,10.0
1950-06-19,589,15.0
1950-06-19,704,8.0
1958-05-08,596,28.0
1958-05-08,598,31.0
1957-05-13,526,31.0
1957-05-13,527,23.0
1951-06-14,763,9.0
1951-04-15,731,6.0
1950-08-18,697,27.0
1999-02-02,14,14.0
1997-06-12,14,9.0
1984-06-20,159,15.4
1981-05-07,159,19.0
1963-08-10,422,29.0
1963-06-11,422,11.5
1954-05-29,730,25.0
1951-04-15,611,12.0
2004-07-05,17,6.25
2004-05-06,7,10.0
2004-01-07,17,6.0
2003-09-09,50,13.333333333333334
2003-07-11,21,12.666666666666666
2003-05-12,1,12.4
2003-03-13,1,12.0
2003-01-12,7,3.0
2003-01-12,48,6.0
2002-09-14,17,6.333333333333333
2002-07-16,1,8.0
2002-03-18,13,4.5
2002-01-17,43,21.0
2001-01-22,22,11.5
2000-09-24,59,14.0
2000-09-24,13,2.5
2000-07-26,22,6.6
2000-05-27,59,15.25
2000-05-27,13,2.75
2000-03-28,62,10.0
2000-03-28,64,11.5
2000-03-28,54,14.25
2000-01-28,55,18.5
1999-09-30,47,13.5
1999-09-30,34,10.5
1999-06-02,13,6.8
2004-07-05,30,6.5
2004-07-05,44,17.0
2004-01-07,44,14.0
2004-01-07,30,5.0
2002-09-14,30,7.333333333333333
2002-09-14,65,18.0
2002-03-18,61,17.75
2001-09-19,60,16.5
1999-09-30,29,2.0
2004-07-05,14,13.75
2004-01-07,14,7.0
2002-09-14,14,7.666666666666667
1999-02-02,70,20.0
1998-08-06,20,7.75
1998-06-07,21,15.0
1998-04-08,13,8.4
1998-02-07,72,14.0
1998-02-07,43,11.0
1998-02-07,56,1.0
1998-02-07,24,5.5
1997-10-10,56,2.5
1997-10-10,43,12.0
1997-08-11,55,13.25
1997-06-12,70,7.4
1997-02-12,20,13.666666666666666
1996-08-16,70,6.0
1996-06-17,62,11.5
1996-06-17,64,12.5
1996-06-17,85,15.0
1996-06-17,54,5.0
1996-04-18,82,13.8
1996-04-18,76,9.0
1996-02-18,70,1.0
1995-10-21,68,15.666666666666666
1995-08-22,89,18.75
1995-08-22,76,13.75
1995-08-22,82,15.75
1995-04-24,78,18.0
1994-10-26,76,10.0
1994-10-26,94,2.5
1994-08-27,113,17.5
1994-06-28,103,8.75
1994-04-29,70,7.75
1994-02-28,49,16.5
1993-10-31,125,14.0
1993-10-31,70,3.0
1997-04-13,75,13.666666666666666
1994-04-29,108,12.25
1994-02-28,93,12.0
1994-02-28,29,1.0
1993-10-31,108,16.0
1993-07-03,117,11.4
1993-07-03,103,14.4
1993-07-03,101,8.2
1993-05-04,68,19.0
1993-05-04,116,2.0
1993-05-04,69,10.666666666666666
1993-03-05,119,13.75
1992-11-05,77,11.0
1992-11-05,80,10.0
1992-07-08,130,21.0
1992-07-08,107,16.666666666666668
1992-05-09,90,14.25
1992-05-09,80,16.25
1991-09-12,143,32.0
1991-07-14,109,8.0
1991-07-14,76,3.5
1991-07-14,94,6.0
1991-07-14,89,11.25
1991-05-15,91,12.75
1991-05-15,83,20.5
1991-05-15,122,14.25
1991-05-15,118,8.75
1991-03-16,56,9.0
1991-01-15,130,4.0
1990-07-19,111,20.0
1990-05-20,132,14.8
1990-03-21,128,19.5
1990-01-20,128,20.0
1989-09-22,137,13.0
1992-03-10,104,8.0
1992-01-10,127,13.0
1991-09-12,104,19.0
1991-03-16,136,18.333333333333332
1991-01-15,139,28.0
1990-09-17,104,14.75
1990-07-19,136,7.75
1990-03-21,108,20.0
1990-01-20,108,30.0
1989-09-22,158,20.25
1989-09-22,93,10.0
1989-09-22,156,30.0
1989-07-24,145,34.666666666666664
1989-07-24,117,10.75
1989-07-24,101,4.25
1989-05-25,98,16.6
1989-05-25,116,5.8
1989-03-26,130,11.5
1989-01-25,137,8.0
1989-01-25,156,14.0
1988-09-27,145,27.666666666666668
1988-09-27,117,19.666666666666668
1988-09-27,101,2.3333333333333335
1988-05-30,121,13.4
1988-05-30,157,14.2
1988-03-31,130,25.0
1987-10-03,111,16.666666666666668
1987-08-04,111,14.4
1986-10-08,156,13.0
1986-08-09,117,21.5
1986-08-09,101,13.0
1986-06-10,109,18.0
1986-06-10,94,2.2
1986-06-10,76,17.8
1986-06-10,178,17.2
1986-04-11,156,20.5
1986-02-10,94,25.0
1986-02-10,109,21.0
1986-02-10,76,6.0
1985-10-13,169,16.0
1985-10-13,175,15.5
1985-08-14,177,22.0
1985-08-14,184,10.5
1985-06-15,116,5.2
1989-03-26,139,32.5
1989-01-25,93,24.0
1989-01-25,158,26.0
1988-03-31,139,17.5
1987-10-03,136,9.333333333333334
1987-08-04,136,2.2
1987-06-05,139,9.0
1985-08-14,104,13.4
1985-08-14,172,8.0
1988-07-29,159,24.25
1985-04-16,101,8.0
1985-04-16,117,7.333333333333333
1985-02-15,174,5.0
1984-10-18,181,2.0
1984-08-19,157,12.666666666666666
1984-06-20,162,8.8
1984-06-20,184,18.0
1984-04-21,109,13.4
1984-04-21,178,15.0
1984-04-21,94,13.6
1984-02-21,101,16.0
1984-02-21,117,6.5
1983-08-25,192,17.0
1983-04-27,171,8.8
1983-04-27,196,19.6
1983-04-27,193,26.666666666666668
1983-02-26,118,18.666666666666668
1982-08-30,176,6.5
1982-08-30,151,12.5
1982-07-01,157,18.5
1982-03-03,205,22.0
1982-03-03,194,22.5
1981-09-04,162,21.333333333333332
1981-09-04,177,7.333333333333333
1981-09-04,198,7.0
1981-07-06,118,15.5
1981-05-07,162,13.5
1981-05-07,198,7.0
1981-05-07,177,11.0
1981-03-08,116,16.75
1981-03-08,215,20.25
1981-03-08,186,13.75
1980-09-09,199,13.0
1984-06-20,172,9.8
1984-06-20,104,9.0
1983-08-25,139,15.0
1983-04-27,136,9.6
1981-09-04,172,11.0
1981-09-04,104,13.666666666666666
1981-05-07,172,7.5
1981-05-07,104,15.75
1980-07-11,205,12.25
1980-05-12,205,15.5
1979-09-15,231,29.5
1979-09-15,211,22.0
1979-07-17,201,8.5
1979-07-17,218,16.5
1979-05-18,176,13.0
1979-05-18,202,8.666666666666666
1979-05-18,151,17.0
1979-01-18,218,15.333333333333334
1979-01-18,201,15.333333333333334
1978-09-20,205,7.0
1978-07-22,198,11.25
1978-07-22,177,17.25
1978-07-22,162,17.666666666666668
1978-05-23,242,17.75
1978-05-23,230,10.5
1978-05-23,181,11.25
1978-03-24,205,27.333333333333332
1977-11-24,210,24.0
1977-11-24,201,14.0
1977-09-25,273,22.0
1977-09-25,177,11.333333333333334
1977-09-25,198,9.333333333333334
1977-09-25,257,16.0
1977-07-27,221,10.0
1977-05-28,118,20.666666666666668
1977-05-28,220,13.0
1977-05-28,236,25.75
1977-05-28,244,34.0
1977-05-28,254,6.75
1977-03-29,210,14.5
1977-01-28,256,19.0
1976-11-29,251,9.0
1976-09-30,199,8.666666666666666
1976-09-30,279,17.0
1976-08-01,223,17.333333333333332
1976-08-01,186,10.333333333333334
1976-08-01,274,12.0
1976-06-02,252,29.0
1976-06-02,276,16.5
1976-04-03,277,11.0
1976-04-03,251,8.333333333333334
1976-02-03,181,1.5
1976-02-03,230,9.0
1980-07-11,229,17.0
1980-05-12,224,27.0
1980-01-13,222,15.0
1979-09-15,222,8.5
1978-03-24,229,17.0
1978-03-24,237,6.333333333333333
1977-05-28,238,16.333333333333332
1977-01-28,222,9.0
1976-09-30,286,11.0
1975-12-05,249,10.0
1975-12-05,253,9.0
1975-06-08,221,10.5
1975-04-09,296,17.0
1975-04-09,289,19.5
1975-04-09,251,12.5
1975-02-08,249,4.0
1975-02-08,275,15.0
1974-08-12,277,18.666666666666668
1974-08-12,251,16.25
1974-06-13,299,31.0
1974-06-13,318,28.0
1974-04-14,249,20.75
1974-02-13,304,3.0
1973-08-17,196,14.333333333333334
1973-08-17,234,7.5
1973-06-18,328,16.333333333333332
1973-06-18,223,15.0
1973-06-18,327,4.0
1973-06-18,186,16.0
1973-06-18,316,21.0
1973-02-18,292,22.0
1973-02-18,234,24.0
1973-02-18,196,14.0
1972-12-20,303,4.0
1972-08-22,311,26.0
1972-08-22,304,9.5
1972-08-22,329,24.0
1972-06-23,295,21.0
1972-06-23,234,12.75
1972-06-23,292,24.333333333333332
1972-04-24,289,12.666666666666666
1972-04-24,277,8.333333333333334
1972-02-24,249,17.0
1972-02-24,306,18.0
1971-12-26,306,9.0
1971-12-26,338,21.0
1971-08-28,340,17.0
1971-08-28,261,7.0
1971-06-29,340,9.75
1971-06-29,261,16.5
1971-06-29,348,14.0
1971-04-30,277,18.0
1971-03-01,340,13.0
1970-07-04,357,5.5
1970-07-04,319,15.5
1970-05-05,305,7.0
1970-03-06,357,13.0
1975-06-08,300,18.0
1974-08-12,325,25.0
1972-12-20,308,14.0
1969-09-07,261,13.333333333333334
1969-09-07,340,10.0
1969-05-10,261,15.5
1969-05-10,340,11.5
1969-05-10,369,4.0
1969-03-11,277,8.0
1969-01-10,277,13.0
1969-01-10,367,8.0
1968-09-12,340,12.333333333333334
1968-09-12,261,12.0
1968-07-14,321,10.0
1968-05-15,311,13.0
1968-03-16,277,9.0
1967-11-17,327,14.0
1967-07-20,374,17.0
1967-07-20,288,9.333333333333334
1967-05-21,360,21.0
1967-05-21,288,14.0
1967-05-21,374,8.5
1966-07-25,357,3.5
1966-05-26,346,10.75
1966-05-26,400,20.0
1965-09-28,363,2.0
1965-07-30,424,12.0
1965-07-30,425,23.0
1965-05-31,372,1.0
1965-05-31,373,6.5
1965-05-31,421,23.0
1965-04-01,382,9.0
1964-12-02,411,24.0
1964-12-02,414,29.0
1964-12-02,346,17.0
1964-06-05,379,23.0
1964-04-06,429,17.0
1963-12-08,372,1.0
1963-10-09,346,5.0
1963-10-09,400,18.0
1963-08-10,385,2.0
1963-08-10,277,21.0
1963-06-11,385,7.75
1963-06-11,277,11.75
1963-04-12,393,19.0
1962-08-15,407,7.0
1962-08-15,463,29.0
1962-08-15,443,28.0
1962-06-16,427,25.0
1962-06-16,363,8.25
1962-04-17,403,10.5
1961-08-20,495,20.0
1961-08-20,456,9.0
1961-08-20,372,17.5
1961-08-20,446,15.0
1961-04-22,475,4.333333333333333
1961-04-22,375,20.0
1961-04-22,429,12.5
1960-06-26,359,3.0
1960-06-26,402,10.0
1960-06-26,484,13.0
1960-06-26,541,6.0
1966-05-26,399,11.0
1965-07-30,345,13.5
1965-04-01,345,6.0
1962-08-15,454,14.0
1962-06-16,464,24.0
1962-06-16,434,13.0
1962-04-17,355,13.5
1961-04-22,481,22.0
1960-04-27,539,33.0
1960-04-27,530,24.0
1960-04-27,340,15.0
1959-12-29,501,15.0
1959-07-02,288,13.75
1959-07-02,486,17.0
1959-07-02,462,20.0
1959-05-03,566,14.0
1958-07-07,476,6.333333333333333
1958-07-07,581,7.0
1958-07-07,459,8.0
1958-05-08,426,8.5
1958-05-08,554,11.25
1958-05-08,599,33.0
1958-05-08,528,7.0
1958-05-08,582,18.0
1958-01-08,581,10.0
1957-07-12,501,9.4
1957-07-12,456,12.0
1957-07-12,621,22.0
1957-05-13,496,9.0
1957-05-13,547,13.5
1957-05-13,512,12.0
1956-07-17,620,14.0
1956-05-18,627,11.666666666666666
1956-05-18,578,15.0
1955-07-23,475,14.0
1955-07-23,579,1.0
1955-05-24,547,15.5
1955-05-24,512,4.0
1954-11-25,498,2.0
1954-05-29,669,10.0
1954-05-29,656,11.0
1954-05-29,628,14.0
1953-11-30,496,18.0
1953-08-02,620,8.0
1953-06-03,717,33.0
1953-06-03,660,14.5
1952-08-07,738,30.0
1952-08-07,687,29.0
1952-06-08,753,11.0
1952-06-08,743,5.0
1952-04-09,657,17.0
1952-04-09,448,23.0
1952-04-09,475,12.0
1951-08-13,642,9.5
1951-08-13,633,4.0
1951-06-14,778,8.0
1951-04-15,629,28.0
1951-04-15,771,26.0
1951-04-15,658,3.0
1950-08-18,641,13.0
1950-08-18,764,11.0
1950-08-18,627,4.0
1950-06-19,786,2.0
1950-06-19,687,3.0
1959-07-02,482,4.0
1959-05-03,551,21.0
1958-07-07,601,22.0
1958-05-08,565,17.0
1954-07-28,693,10.0
1953-06-03,690,11.0
1952-12-05,697,12.0
1952-04-09,526,1.0
1950-08-18,756,26.0
1998-10-05,14,12.0
1997-04-13,14,18.333333333333332
1985-02-15,159,12.0
1978-05-23,208,29.0
1976-09-30,228,15.333333333333334
1977-05-28,259,29.666666666666668
1956-05-18,611,2.0
1953-04-04,677,19.0
2004-09-03,34,10.333333333333334
2004-09-03,10,5.0
2004-05-06,46,13.5
2004-05-06,13,10.666666666666666
2004-03-07,45,16.666666666666668
2004-03-07,43,10.666666666666666
2003-09-09,42,11.333333333333334
2003-07-11,1,12.0
2003-05-12,21,5.2
2003-03-13,21,4.75
2003-01-12,13,1.0
2002-09-14,62,11.0
2002-07-16,21,6.5
2002-03-18,7,16.0
2002-03-18,48,13.5
2001-09-19,49,16.0
2001-09-19,34,13.0
2001-03-23,34,8.75
2001-03-23,49,14.0
2001-01-22,55,15.5
2000-09-24,48,19.5
2000-07-26,55,11.4
2000-05-27,48,14.25
2000-03-28,17,13.0
2000-01-28,22,4.0
1999-09-30,63,12.0
1999-08-01,36,14.5
1999-08-01,69,14.0
1999-08-01,20,16.0
1999-08-01,68,15.25
1999-06-02,48,4.6
1999-04-03,70,13.5
2004-09-03,29,5.5
2001-09-19,29,1.5
2001-03-23,29,6.0
2000-03-28,14,13.5
1998-10-05,62,19.0
1998-10-05,54,7.0
1998-10-05,64,10.0
1998-08-06,73,15.25
1998-04-08,48,11.2
1997-08-11,22,15.25
1997-04-13,62,11.0
1997-04-13,64,12.666666666666666
1997-04-13,54,7.333333333333333
1997-02-12,76,4.0
1996-04-18,68,14.6
1996-04-18,20,15.4
1995-10-21,89,18.333333333333332
1995-10-21,76,11.666666666666666
1995-10-21,82,10.0
1995-08-22,98,14.0
1995-08-22,68,14.25
1995-06-23,83,13.0
1995-06-23,55,13.75
1995-06-23,91,15.5
1995-04-24,95,14.0
1995-04-24,21,10.75
1995-04-24,87,11.0
1995-02-23,62,9.5
1995-02-23,64,10.5
1995-02-23,54,3.5
1994-10-26,69,15.5
1994-08-27,56,2.75
1994-08-27,43,10.75
1994-08-27,111,23.0
1994-06-28,49,12.0
1994-04-29,107,23.25
1994-02-28,101,18.5
1994-02-28,103,11.5
1993-09-01,110,18.0
1997-06-12,74,10.2
1994-06-28,93,14.0
1994-06-28,29,7.5
1993-09-01,118,12.0
1993-09-01,83,11.666666666666666
1993-09-01,55,6.0
1993-05-04,109,16.0
1993-05-04,76,8.0
1993-03-05,86,12.75
1993-03-05,90,15.5
1992-09-06,91,21.333333333333332
1992-09-06,122,15.666666666666666
1992-09-06,83,3.0
1992-09-06,118,8.333333333333334
1992-07-08,128,19.25
1992-07-08,124,12.0
1992-07-08,70,19.0
1992-03-10,64,15.333333333333334
1992-03-10,54,8.333333333333334
1992-01-10,90,24.0
1992-01-10,80,17.0
1991-09-12,54,14.0
1991-09-12,64,17.333333333333332
1991-07-14,116,16.75
1991-07-14,142,28.666666666666668
1991-07-14,98,31.0
1991-03-16,138,16.0
1991-03-16,126,17.0
1991-01-15,128,33.0
1990-09-17,54,16.5
1990-09-17,64,14.5
1990-07-19,138,20.0
1990-07-19,151,34.0
1990-07-19,113,24.75
1990-07-19,126,13.0
1990-05-20,91,33.6
1990-05-20,122,11.6
1990-05-20,118,13.4
1990-03-21,150,12.0
1990-03-21,130,17.0
1990-01-20,130,5.0
1990-01-20,150,26.0
1989-09-22,145,32.75
1989-09-22,117,13.5
1989-09-22,101,11.0
1993-07-03,93,17.0
1993-07-03,29,5.8
1992-07-08,108,14.5
1992-05-09,127,28.5
1991-01-15,108,25.0
1990-03-21,139,27.0
1990-01-20,139,28.0
1989-07-24,156,29.0
1989-07-24,137,17.75
1989-05-25,109,16.6
1989-05-25,89,24.6
1989-05-25,147,33.8
1989-05-25,94,12.2
1989-05-25,76,17.6
1989-03-26,128,23.0
1989-01-25,117,5.0
1989-01-25,101,11.0
1989-01-25,145,17.0
1988-09-27,137,16.333333333333332
1988-07-29,130,24.75
1988-07-29,167,11.0
1987-10-03,113,9.333333333333334
1987-04-06,157,11.75
1987-04-06,121,16.75
1986-10-08,101,11.0
1986-10-08,117,17.0
1986-08-09,156,11.75
1986-06-10,116,3.2
1986-04-11,101,6.75
1986-02-10,116,13.0
1985-08-14,165,9.0
1985-06-15,178,15.0
1985-06-15,76,11.6
1985-06-15,94,14.6
1985-06-15,109,17.8
1989-07-24,93,12.5
1989-07-24,158,16.0
1988-09-27,158,15.666666666666666
1988-09-27,93,14.0
1988-07-29,139,21.75
1989-03-26,159,31.5
1988-03-31,159,20.25
1987-06-05,159,17.25
1985-04-16,181,9.0
1984-10-18,101,3.0
1984-10-18,117,20.0
1984-06-20,189,7.0
1984-04-21,116,7.2
1984-02-21,181,7.0
1983-08-25,174,9.5
1983-08-25,195,16.5
1983-06-26,157,14.333333333333334
1983-04-27,176,3.2
1983-04-27,151,14.6
1983-04-27,197,27.0
1983-02-26,183,20.0
1983-02-26,180,18.666666666666668
1982-08-30,206,11.0
1982-08-30,171,23.0
1982-08-30,196,23.0
1982-08-30,193,19.0
1982-05-02,175,7.25
1982-05-02,169,24.0
1982-03-03,162,16.333333333333332
1982-03-03,198,19.0
1982-01-02,157,22.0
1981-09-04,205,15.666666666666666
1981-05-07,205,22.0
1981-03-08,94,21.0
1981-03-08,201,14.5
1981-03-08,109,15.5
1981-03-08,218,21.0
1985-04-16,93,20.5
1985-02-15,139,7.0
1982-08-30,136,20.0
1982-03-03,104,3.6666666666666665
1982-03-03,172,12.5
1981-07-06,204,26.25
1980-07-11,135,22.5
1980-07-11,162,11.0
1980-07-11,198,3.0
1980-07-11,177,4.25
1980-05-12,198,3.5
1980-05-12,162,8.5
1980-05-12,177,8.5
1980-05-12,135,18.0
1980-03-13,220,16.0
1980-03-13,118,8.0
1980-01-13,175,16.5
1980-01-13,216,9.0
1979-09-15,175,19.5
1979-09-15,216,11.0
1979-07-17,186,12.0
1979-07-17,223,18.0
1979-05-18,171,11.0
1979-05-18,206,20.333333333333332
1979-05-18,232,21.0
1979-05-18,196,6.666666666666667
1979-05-18,234,14.5
1979-03-19,174,20.666666666666668
1979-01-18,186,9.333333333333334
1979-01-18,223,10.0
1978-09-20,162,13.0
1978-09-20,198,2.0
1978-09-20,177,5.5
1978-07-22,205,15.333333333333334
1978-05-23,199,11.5
1978-03-24,177,11.0
1978-03-24,162,18.0
1978-03-24,198,4.0
1978-01-23,221,15.5
1978-01-23,157,25.5
1977-11-24,223,9.0
1977-11-24,186,19.0
1977-07-27,269,29.333333333333332
1977-07-27,245,17.333333333333332
1977-03-29,223,12.0
1977-03-29,186,15.333333333333334
1976-09-30,181,11.333333333333334
1976-09-30,230,1.6666666666666667
1976-09-30,285,14.0
1976-06-02,221,2.75
1976-02-03,199,4.0
1980-07-11,172,16.75
1980-05-12,172,15.5
1979-11-14,139,26.0
1979-05-18,136,17.333333333333332
1978-07-22,229,16.0
1978-07-22,237,9.0
1977-09-25,237,16.333333333333332
1977-09-25,229,11.0
1977-07-27,219,34.0
1977-05-28,204,29.0
1975-12-05,220,2.0
1975-08-07,289,20.0
1975-08-07,251,6.666666666666667
1975-08-07,277,12.0
1975-06-08,269,25.0
1975-02-08,220,3.0
1974-12-10,223,1.5
1974-12-10,186,16.0
1974-06-13,231,16.25
1974-06-13,297,27.0
1974-04-14,317,25.0
1974-04-14,307,27.0
1974-04-14,220,10.5
1974-04-14,310,17.5
1974-04-14,268,17.0
1974-02-13,186,21.0
1974-02-13,223,7.0
1973-08-17,258,9.0
1973-06-18,304,16.75
1973-04-19,249,14.75
1973-04-19,306,14.75
1973-02-18,333,18.0
1972-12-20,181,11.5
1972-08-22,223,14.0
1972-08-22,327,9.0
1972-08-22,316,12.0
1972-08-22,328,13.333333333333334
1972-04-24,319,20.666666666666668
1972-04-24,337,12.333333333333334
1972-04-24,336,9.0
1971-04-30,337,22.0
1971-04-30,319,15.0
1970-09-02,234,4.75
1970-07-04,277,6.5
1970-05-05,352,23.0
1970-03-06,277,17.5
1975-04-09,266,20.0
1974-06-13,222,2.5
1974-04-14,312,21.75
1974-04-14,313,16.333333333333332
1972-02-24,313,25.0
1971-12-26,313,5.0
1971-08-28,222,14.666666666666666
1971-06-29,222,14.5
1971-03-01,222,11.0
1970-09-02,345,16.25
1969-09-07,342,8.0
1969-07-09,261,11.333333333333334
1969-07-09,340,14.0
1969-03-11,357,11.0
1969-01-10,357,10.0
1968-09-12,363,10.666666666666666
1968-09-12,380,17.0
1968-09-12,342,18.0
1968-07-14,320,19.0
1968-07-14,303,4.0
1968-05-15,327,2.6666666666666665
1968-05-15,359,10.25
1968-03-16,357,13.0
1967-11-17,311,21.0
1967-11-17,339,9.0
1967-03-22,359,4.0
1967-03-22,327,12.0
1966-11-22,303,4.0
1966-09-23,403,10.0
1966-07-25,277,22.0
1966-07-25,385,15.0
1966-07-25,388,19.0
1966-05-26,384,6.666666666666667
1965-09-28,369,8.0
1965-07-30,373,11.0
1965-07-30,372,5.5
1965-05-31,382,14.333333333333334
1964-12-02,384,15.0
1964-08-04,288,20.0
1964-08-04,419,24.0
1964-08-04,374,9.0
1964-06-05,288,2.75
1964-06-05,419,18.0
1964-04-06,277,11.0
1964-04-06,385,6.5
1963-10-09,384,13.0
1963-10-09,417,16.0
1963-08-10,429,15.5
1963-08-10,448,14.0
1963-06-11,429,10.0
1963-06-11,438,24.0
1963-04-12,403,13.5
1962-12-13,400,17.0
1962-08-15,426,17.5
1962-08-15,441,31.0
1962-06-16,340,3.5
1962-04-17,459,24.0
1962-04-17,393,4.0
1961-08-20,492,38.0
1961-08-20,430,34.0
1961-08-20,424,19.0
1961-06-21,288,17.333333333333332
1961-06-21,486,19.0
1961-04-22,385,3.3333333333333335
1960-10-24,288,17.0
1960-08-25,543,4.0
1960-06-26,436,15.5
1960-04-27,363,13.0
1960-04-27,502,10.0
1968-07-14,344,10.0
1967-09-18,387,13.5
1967-09-18,355,3.5
1966-11-22,344,1.0
1966-09-23,355,7.0
1966-03-27,355,12.0
1965-05-31,345,9.0
1964-10-03,344,6.0
1963-08-10,445,32.0
1963-04-12,355,12.0
1961-06-21,482,30.5
1960-10-24,482,12.0
1960-08-25,478,6.0
1960-08-25,434,3.0
1960-04-27,434,9.0
1959-12-29,503,20.0
1959-08-31,501,7.0
1959-08-31,456,16.0
1958-09-05,456,6.0
1958-09-05,501,12.5
1958-07-07,479,6.333333333333333
1958-05-08,577,10.5
1958-05-08,455,17.0
1958-05-08,514,26.0
1958-05-08,525,1.0
1958-05-08,593,12.0
1958-05-08,589,30.0
1957-07-12,430,12.0
1957-05-13,612,5.0
1957-05-13,594,20.0
1957-05-13,513,25.0
1957-05-13,609,19.0
1956-11-14,501,4.0
1956-11-14,606,5.0
1956-07-17,626,19.5
1956-07-17,476,25.0
1956-07-17,581,7.5
1956-05-18,631,26.0
1956-05-18,592,9.0
1956-03-19,547,8.0
1956-01-19,581,8.0
1955-07-23,663,20.0
1955-07-23,643,7.0
1955-05-24,486,25.0
1955-05-24,609,22.0
1955-05-24,612,6.0
1955-05-24,561,23.0
1955-05-24,513,13.0
1955-03-25,632,8.0
1955-03-25,501,12.0
1954-11-25,496,15.0
1954-07-28,498,6.0
1954-05-29,688,29.0
1954-05-29,645,25.0
1954-05-29,456,17.0
1954-05-29,501,12.5
1954-05-29,632,8.0
1954-05-29,659,17.0
1954-05-29,654,12.0
1953-11-30,498,3.0
1953-08-02,689,12.0
1953-08-02,670,15.5
1953-08-02,680,19.0
1953-06-03,627,8.6
1953-06-03,578,3.8
1953-04-04,518,13.5
1953-04-04,509,11.0
1953-04-04,615,4.0
1953-04-04,700,12.0
1952-12-05,633,2.0
1952-12-05,642,13.0
1952-08-07,689,15.0
1952-08-07,626,9.5
1952-08-07,581,28.0
1952-06-08,750,16.0
1952-06-08,746,24.0
1952-06-08,744,9.0
1952-04-09,647,31.0
1952-04-09,663,4.0
1951-10-12,609,12.0
1951-10-12,498,2.0
1951-08-13,773,14.0
1951-08-13,622,20.0
1951-04-15,529,9.0
1951-04-15,633,19.0
1951-04-15,642,3.0
1950-08-18,660,16.0
1950-08-18,762,12.0
1950-06-19,626,4.0
1958-07-07,355,12.333333333333334
1958-05-08,531,16.0
1956-05-18,580,10.0
1956-05-18,630,17.0
1953-06-03,478,9.0
1952-06-08,721,20.5
1952-04-09,521,18.0
1951-10-12,741,8.0
1951-08-13,697,3.0
1983-08-25,159,23.25
1980-09-09,208,27.5
1976-04-03,207,28.0
1976-02-03,228,20.5
1964-06-05,422,9.0
2004-07-05,31,10.75
2004-05-06,1,11.833333333333334
2004-03-07,3,5.666666666666667
2004-01-07,31,11.0
2004-01-07,22,4.0
2003-09-09,49,13.666666666666666
2003-09-09,10,6.0
2003-09-09,34,9.0
2003-09-09,47,5.0
2003-07-11,46,16.0
2003-07-11,13,4.0
2003-05-12,48,16.0
2003-05-12,7,6.8
2003-03-13,7,6.25
2003-03-13,48,10.0
2003-01-12,1,15.0
2002-09-14,22,15.666666666666666
2002-07-16,7,8.25
2002-07-16,48,20.0
2002-03-18,21,11.25
2002-01-17,20,15.0
2002-01-17,36,9.0
2002-01-17,12,12.0
2001-05-22,49,11.4
2001-05-22,34,11.2
2001-01-22,17,12.5
2000-09-24,21,3.5
2000-07-26,17,10.8
2000-05-27,21,2.5
2000-03-28,55,11.75
2000-01-28,62,16.0
2000-01-28,54,17.0
2000-01-28,64,17.0
1999-06-02,21,13.0
1999-04-03,34,15.75
2003-09-09,29,3.3333333333333335
2001-07-21,60,12.0
2001-05-22,29,1.4
2001-01-22,30,17.0
1999-04-03,29,1.75
2001-01-22,14,12.0
2000-07-26,14,15.8
1999-04-03,47,14.75
1999-02-02,63,12.0
1998-10-05,22,20.0
1998-08-06,72,18.0
1998-08-06,56,6.75
1998-08-06,43,15.75
1998-08-06,24,14.25
1998-06-07,13,6.25
1998-04-08,21,12.2
1998-02-07,20,8.0
1997-10-10,20,9.0
1997-08-11,54,8.0
1997-08-11,64,9.0
1997-08-11,62,14.25
1997-06-12,63,15.4
1997-04-13,22,16.666666666666668
1997-02-12,43,9.0
1997-02-12,56,4.0
1997-02-12,72,24.0
1996-08-16,63,14.5
1996-06-17,55,16.5
1996-06-17,83,10.5
1996-02-18,63,12.0
1995-10-21,56,13.0
1995-10-21,43,5.0
1995-04-24,84,22.5
1995-04-24,48,9.5
1995-04-24,86,10.0
1995-04-24,80,9.75
1995-04-24,90,15.0
1995-02-23,92,16.0
1994-08-27,94,20.0
1994-08-27,109,19.5
1994-08-27,76,13.75
1994-06-28,70,3.25
1994-04-29,103,15.0
1994-04-29,101,22.0
1994-02-28,107,28.0
1993-10-31,101,1.0
1993-10-31,117,10.0
1993-07-03,70,7.0
1993-05-04,111,19.666666666666668
1993-05-04,120,9.0
1993-03-05,21,16.5
1993-03-05,87,15.5
1992-11-05,78,18.0
1992-09-06,135,20.0
1992-05-09,121,18.75
1992-05-09,78,18.75
1992-01-10,87,8.0
1991-09-12,132,22.25
1991-07-14,126,17.75
1991-07-14,138,13.25
1991-05-15,64,16.0
1991-05-15,54,13.25
1991-03-16,98,25.333333333333332
1991-03-16,116,11.666666666666666
1991-01-15,137,5.0
1990-09-17,132,17.0
1990-07-19,146,24.25
1990-07-19,98,24.75
1990-07-19,116,7.25
1990-03-21,117,13.5
1990-03-21,101,12.5
1990-01-20,101,1.0
1990-01-20,145,12.0
1990-01-20,117,24.0
1989-09-22,130,14.75
1993-09-01,104,17.5
1993-07-03,108,16.0
1993-03-05,99,12.0
1992-09-06,104,9.333333333333334
1992-07-08,93,16.5
1992-07-08,29,5.0
1992-01-10,99,7.0
1991-01-15,93,9.0
1990-05-20,104,19.8
1989-09-22,139,24.5
1989-07-24,128,21.25
1989-05-25,111,19.6
1989-03-26,156,28.0
1989-03-26,137,21.5
1989-01-25,130,22.0
1988-07-29,145,22.0
1988-07-29,117,6.75
1988-07-29,101,4.5
1988-05-30,77,22.2
1988-05-30,144,14.6
1988-03-31,137,15.0
1987-10-03,116,15.333333333333334
1987-08-04,116,5.4
1987-06-05,137,16.0
1987-06-05,156,14.75
1987-04-06,169,13.5
1986-08-09,174,12.75
1986-06-10,176,11.6
1986-02-10,176,23.0
1985-06-15,111,21.4
1985-06-15,171,10.2
1989-05-25,136,7.8
1989-03-26,93,23.0
1989-03-26,158,15.5
1989-01-25,139,37.0
1988-03-31,158,12.5
1986-10-08,173,11.5
1986-10-08,139,7.5
1986-04-11,139,9.0
1986-04-11,173,18.75
1985-06-15,136,11.0
1989-07-24,159,31.0
1988-09-27,159,23.666666666666668
1986-08-09,159,20.25
1985-04-16,174,8.666666666666666
1985-02-15,101,15.0
1985-02-15,117,10.0
1984-06-20,180,16.5
1984-04-21,176,11.8
1984-04-21,188,16.0
1984-02-21,174,9.5
1983-08-25,181,19.25
1983-06-26,175,16.333333333333332
1983-04-27,186,11.8
1983-04-27,116,3.8
1983-02-26,194,18.333333333333332
1983-02-26,189,22.0
1982-08-30,94,15.0
1982-08-30,109,9.5
1982-08-30,210,19.5
1982-05-02,157,8.0
1982-03-03,118,9.0
1982-01-02,169,31.0
1981-07-06,205,14.75
1981-03-08,206,13.75
1981-03-08,171,15.25
1981-03-08,193,25.25
1981-03-08,196,9.0
1980-09-09,190,25.0
1984-10-18,139,11.0
1981-09-04,204,22.0
1981-05-07,204,28.75
1981-03-08,136,4.25
1980-07-11,118,11.75
1980-07-11,220,21.0
1980-05-12,220,15.0
1980-05-12,118,8.5
1980-03-13,198,11.0
1980-03-13,162,6.5
1980-03-13,177,8.0
1980-03-13,135,17.0
1980-01-13,157,25.5
1980-01-13,221,21.5
1979-11-14,199,17.0
1979-09-15,221,7.0
1979-07-17,151,19.0
1979-07-17,176,15.5
1979-07-17,202,5.25
1979-05-18,218,10.0
1979-05-18,201,14.666666666666666
1979-03-19,181,18.333333333333332
1979-03-19,230,18.333333333333332
1979-01-18,202,6.0
1978-09-20,220,13.5
1978-09-20,118,4.0
1978-03-24,118,10.333333333333334
1978-03-24,220,7.0
1978-01-23,240,26.0
1977-11-24,202,8.0
1977-07-27,250,16.25
1977-07-27,231,26.0
1977-07-27,256,31.0
1977-07-27,211,26.333333333333332
1977-03-29,258,30.0
1977-01-28,221,2.0
1976-11-29,199,15.5
1976-09-30,251,13.666666666666666
1976-09-30,277,26.0
1976-08-01,232,21.666666666666668
1976-08-01,283,18.666666666666668
1976-08-01,196,15.666666666666666
1976-08-01,206,10.0
1976-08-01,171,7.0
1976-08-01,234,11.5
1976-04-03,279,22.0
1976-04-03,199,8.333333333333334
1976-04-03,270,19.0
1980-03-13,172,15.5
1980-03-13,225,27.0
1978-09-20,238,13.0
1978-03-24,238,20.333333333333332
1977-07-27,222,17.0
1977-05-28,237,15.75
1977-05-28,229,11.5
1977-05-28,255,22.0
1976-08-01,284,29.0
1975-12-05,198,12.0
1975-08-07,230,3.6666666666666665
1975-08-07,181,3.3333333333333335
1975-08-07,242,18.0
1975-06-08,297,10.333333333333334
1975-06-08,250,12.0
1975-04-09,199,13.75
1975-02-08,288,28.0
1975-02-08,287,8.0
1975-02-08,198,2.0
1974-08-12,199,11.5
1974-08-12,282,25.0
1974-08-12,303,10.25
1974-08-12,320,27.666666666666668
1974-08-12,279,22.0
1974-06-13,305,15.25
1974-06-13,269,14.0
1974-04-14,198,19.25
1974-04-14,264,13.25
1974-04-14,288,9.25
1973-12-15,230,15.5
1973-12-15,181,13.0
1973-08-17,186,23.0
1973-08-17,327,9.25
1973-08-17,223,5.25
1973-08-17,328,18.5
1973-06-18,234,5.333333333333333
1973-06-18,196,24.0
1973-04-19,326,2.75
1973-02-18,328,16.0
1973-02-18,223,3.0
1973-02-18,327,1.0
1972-12-20,289,12.5
1972-06-23,328,15.0
1972-06-23,223,5.25
1972-06-23,327,5.25
1972-06-23,316,24.0
1972-04-24,279,15.333333333333334
1972-04-24,303,11.333333333333334
1972-02-24,332,19.0
1972-02-24,198,24.0
1972-02-24,288,6.0
1971-12-26,198,7.0
1971-12-26,288,18.0
1971-12-26,332,17.0
1971-08-28,346,13.0
1971-08-28,305,14.0
1971-06-29,346,22.5
1971-06-29,305,7.0
1971-04-30,303,8.0
1971-04-30,279,10.5
1971-03-01,305,6.0
1971-03-01,346,24.0
1970-09-02,356,22.0
1970-09-02,329,26.0
1970-09-02,362,16.0
1970-07-04,242,5.0
1970-05-05,261,14.0
1970-05-05,340,10.5
1970-03-06,242,14.5
1975-06-08,222,12.75
1973-04-19,237,8.75
1972-12-20,330,12.0
1972-04-24,308,6.0
1971-04-30,344,5.5
1970-03-06,361,11.0
1969-09-07,305,6.666666666666667
1969-05-10,305,6.666666666666667
1969-03-11,303,4.0
1969-01-10,368,18.0
1969-01-10,303,3.0
1968-09-12,305,14.0
1968-09-12,346,13.0
1968-07-14,357,8.333333333333334
1968-07-14,375,18.0
1968-05-15,349,4.0
1968-03-16,303,2.0
1967-11-17,292,22.0
1967-11-17,234,12.0
1967-07-20,364,17.0
1967-03-22,373,6.0
1967-03-22,372,9.0
1966-11-22,357,13.0
1966-07-25,396,8.0
1966-05-26,340,10.75
1965-09-28,384,6.0
1965-07-30,359,9.5
1965-07-30,327,9.5
1965-05-31,420,22.0
1965-04-01,327,3.0
1965-04-01,359,5.0
1964-12-02,412,25.0
1964-12-02,340,2.0
1964-08-04,393,7.5
1964-06-05,393,13.0
1964-04-06,396,3.0
1964-04-06,428,21.0
1964-04-06,426,12.0
1963-12-08,339,9.0
1963-12-08,304,23.0
1963-10-09,439,8.0
1963-10-09,340,17.0
1963-08-10,407,9.5
1963-08-10,443,28.0
1963-06-11,407,10.0
1962-08-15,470,16.0
1962-08-15,385,8.0
1962-06-16,384,23.0
1962-06-16,417,12.666666666666666
1962-04-17,288,3.5
1961-06-21,476,7.666666666666667
1961-06-21,459,19.5
1961-06-21,393,12.0
1961-04-22,453,9.0
1961-04-22,426,11.0
1960-10-24,476,9.0
1960-08-25,483,14.0
1960-06-26,507,21.5
1960-04-27,346,9.333333333333334
1969-03-11,344,7.0
1969-01-10,344,12.0
1968-03-16,344,11.0
1967-11-17,345,7.0
1967-07-20,387,13.666666666666666
1967-07-20,355,1.6666666666666667
1967-05-21,387,9.0
1967-05-21,355,4.75
1964-08-04,401,22.0
1963-08-10,344,16.0
1962-04-17,423,23.0
1962-04-17,458,21.0
1960-06-26,465,24.0
1960-04-27,483,22.0
1959-12-29,499,11.0
1959-12-29,477,2.0
1959-10-30,479,3.0
1959-10-30,403,5.0
1959-08-31,402,2.0
1959-08-31,359,17.0
1959-08-31,541,13.0
1959-07-02,403,15.0
1959-07-02,479,8.75
1959-05-03,417,8.0
1959-05-03,562,27.0
1959-05-03,352,22.0
1958-09-05,359,13.0
1958-09-05,402,3.0
1958-09-05,541,24.0
1958-05-08,579,4.0
1958-05-08,475,8.25
1958-05-08,583,14.0
1958-05-08,448,20.0
1958-05-08,595,21.0
1958-05-08,563,24.0
1958-05-08,510,30.0
1958-05-08,429,11.0
1958-01-08,547,9.0
1958-01-08,496,7.0
1957-07-12,586,17.0
1957-05-13,581,8.5
1957-05-13,509,2.0
1957-05-13,615,22.0
1957-05-13,476,7.0
1956-11-14,608,11.0
1956-07-17,506,11.0
1956-07-17,486,5.0
1956-07-17,609,9.0
1956-05-18,562,25.0
1956-03-19,479,17.0
1956-01-19,498,12.0
1955-07-23,426,8.0
1955-07-23,554,4.0
1955-05-24,626,18.5
1955-05-24,581,14.0
1955-05-24,615,32.0
1955-05-24,509,14.0
1955-05-24,518,11.0
1955-03-25,608,2.0
1954-11-25,620,3.0
1954-09-26,581,22.0
1954-09-26,626,21.0
1954-09-26,680,18.0
1954-07-28,581,7.0
1954-07-28,626,14.666666666666666
1954-07-28,680,8.0
1954-07-28,670,21.0
1954-05-29,541,20.0
1954-05-29,685,22.0
1954-05-29,648,4.5
1954-05-29,658,3.0
1953-11-30,670,12.0
1953-08-02,486,21.0
1953-06-03,714,28.0
1953-04-04,612,24.0
1953-04-04,513,7.0
1953-04-04,701,15.0
1952-08-07,498,2.0
1952-08-07,609,6.0
1952-06-08,641,6.5
1952-06-08,578,7.0
1952-06-08,686,7.0
1952-06-08,627,18.5
1952-04-09,732,21.0
1952-04-09,520,28.0
1952-04-09,554,3.0
1951-10-12,626,9.0
1951-08-13,640,18.0
1951-06-14,660,10.75
1951-04-15,729,13.0
1951-04-15,534,11.0
1950-08-18,787,9.0
1950-06-19,774,5.0
1950-06-19,498,18.0
1959-10-30,355,4.0
1959-07-02,355,6.75
1959-07-02,440,30.0
1959-05-03,516,25.0
1959-05-03,549,17.0
1958-05-08,526,10.0
1958-05-08,527,22.0
1957-05-13,596,29.0
1956-05-18,516,13.0
1956-05-18,532,23.0
1956-01-19,482,5.0
1955-05-24,596,30.0
1953-04-04,702,21.5
1952-06-08,756,24.0
1952-04-09,720,21.0
1951-06-14,775,15.0
1950-06-19,784,16.0
1950-06-19,741,5.0
1985-04-16,159,14.333333333333334
1984-02-21,159,22.5
1978-05-23,207,27.0
1976-04-03,228,23.666666666666668
2004-05-06,21,2.3333333333333335
2004-03-07,20,10.333333333333334
2004-03-07,12,10.0
2003-07-11,48,14.333333333333334
2003-07-11,7,8.0
2003-05-12,13,9.2
2003-03-13,13,10.75
2003-01-12,21,20.0
2002-09-14,55,7.333333333333333
2002-07-16,13,4.25
2002-05-17,10,15.0
2002-05-17,34,14.0
2002-03-18,1,11.0
2002-01-17,58,15.5
2001-07-21,49,12.0
2001-07-21,34,6.5
2001-01-22,54,9.0
2000-09-24,1,19.5
2000-07-26,54,17.0
2000-07-26,62,10.2
2000-07-26,64,14.6
2000-05-27,1,13.75
2000-03-28,22,10.75
2000-01-28,17,8.5
1999-09-30,70,20.0
1999-08-01,24,15.25
1999-08-01,43,10.75
1999-08-01,40,14.25
1999-08-01,56,5.75
1999-04-03,63,13.25
2004-07-05,16,10.25
2004-01-07,16,18.0
2002-09-14,16,15.0
2002-07-16,61,10.0
2002-05-17,29,1.5
2001-07-21,29,5.25
2000-01-28,14,9.5
1999-02-02,47,13.0
1999-02-02,34,19.0
1998-10-05,67,15.0
1998-10-05,55,2.0
1998-06-07,48,15.5
1998-02-07,73,15.5
1997-10-10,76,6.0
1997-06-12,34,7.8
1997-06-12,49,14.4
1997-04-13,55,6.0
1996-08-16,34,6.5
1996-08-16,49,13.25
1996-04-18,43,12.0
1996-04-18,56,6.4
1996-04-18,72,16.0
1996-02-18,34,7.0
1996-02-18,49,14.666666666666666
1995-08-22,43,17.5
1995-08-22,56,13.25
1995-06-23,62,15.25
1995-06-23,85,18.0
1995-06-23,54,11.0
1995-06-23,64,7.5
1995-04-24,13,16.25
1995-02-23,91,21.0
1995-02-23,55,21.5
1994-10-26,43,8.0
1994-10-26,56,9.5
1994-08-27,69,20.5
1994-06-28,107,27.75
1994-02-28,70,10.0
1999-04-03,71,16.0
1999-02-02,29,8.0
1997-08-11,75,15.5
1997-06-12,29,5.2
1996-08-16,29,1.75
1996-02-18,29,9.333333333333334
1994-04-29,29,1.25
1994-04-29,93,13.75
1993-10-31,93,23.0
1993-10-31,29,19.0
1993-09-01,54,9.666666666666666
1993-09-01,64,16.0
1993-03-05,78,20.75
1993-03-05,121,25.0
1992-11-05,87,8.0
1992-09-06,64,22.0
1992-09-06,54,16.666666666666668
1992-07-08,103,27.0
1992-07-08,101,6.5
1992-07-08,129,29.0
1992-05-09,87,16.75
1992-03-10,118,8.666666666666666
1992-03-10,122,17.0
1992-03-10,83,19.333333333333332
1992-03-10,134,32.0
1992-03-10,91,16.333333333333332
1992-01-10,121,22.0
1992-01-10,78,12.0
1991-09-12,83,13.75
1991-09-12,91,30.0
1991-09-12,122,19.0
1991-09-12,118,3.0
1991-07-14,56,16.75
1991-03-16,76,10.0
1991-03-16,109,19.0
1991-03-16,89,8.0
1991-03-16,94,13.666666666666666
1991-01-15,101,1.0
1990-09-17,91,30.0
1990-09-17,122,8.25
1990-09-17,118,5.5
1990-07-19,89,31.75
1990-07-19,109,21.0
1990-07-19,94,15.25
1990-07-19,76,6.25
1990-07-19,147,24.0
1990-05-20,54,12.0
1990-03-21,137,16.5
1990-01-20,137,6.0
1989-09-22,128,19.25
1992-11-05,99,23.0
1992-05-09,99,7.5
1991-07-14,136,12.0
1991-05-15,104,21.5
1990-03-21,93,18.0
1990-01-20,93,7.0
1989-09-22,108,24.75
1989-07-24,130,18.75
1989-05-25,113,30.5
1989-05-25,161,36.6
1989-05-25,138,10.0
1989-05-25,126,18.8
1989-03-26,145,35.5
1989-03-26,117,15.5
1989-03-26,101,1.0
1989-01-25,128,9.0
1988-09-27,130,19.333333333333332
1988-07-29,137,18.25
1988-05-30,140,21.6
1988-03-31,145,26.333333333333332
1988-03-31,101,7.75
1988-03-31,117,5.5
1987-10-03,76,6.666666666666667
1987-10-03,109,15.333333333333334
1987-10-03,89,12.0
1987-10-03,94,14.0
1987-08-04,109,20.4
1987-08-04,94,8.6
1987-08-04,76,13.8
1987-06-05,117,13.0
1987-06-05,101,2.75
1987-04-06,144,21.5
1986-10-08,174,18.0
1986-06-10,111,22.0
1986-06-10,171,9.5
1986-04-11,174,18.0
1986-02-10,171,3.0
1985-10-13,157,22.0
1985-10-13,121,4.0
1985-08-14,83,14.6
1985-08-14,122,9.0
1985-08-14,118,17.4
1985-06-15,176,7.4
1989-07-24,139,19.25
1988-09-27,139,17.0
1988-07-29,93,23.25
1988-07-29,158,17.25
1986-08-09,173,14.0
1986-08-09,139,4.0
1986-06-10,136,4.8
1986-02-10,136,1.0
1985-08-14,155,21.0
1989-09-22,159,24.75
1989-01-25,159,32.0
1986-10-08,159,23.5
1986-04-11,159,18.75
1985-02-15,181,18.0
1984-10-18,174,7.0
1984-08-19,175,20.333333333333332
1984-08-19,169,10.0
1984-06-20,122,14.2
1984-06-20,182,15.4
1984-06-20,118,15.6
1984-06-20,83,16.0
1984-04-21,171,15.6
1984-04-21,111,20.4
1983-08-25,117,4.75
1983-06-26,187,22.0
1983-04-27,94,13.8
1983-04-27,109,15.6
1983-02-26,162,6.333333333333333
1983-02-26,177,14.0
1982-08-30,186,3.0
1982-08-30,116,10.5
1982-07-01,169,25.0
1982-07-01,209,22.333333333333332
1982-07-01,175,11.666666666666666
1982-03-03,180,12.333333333333334
1982-03-03,183,20.0
1981-09-04,118,16.666666666666668
1981-07-06,198,10.75
1981-07-06,177,9.75
1981-07-06,162,9.75
1981-05-07,118,19.0
1981-03-08,176,16.5
1981-03-08,151,14.0
1981-03-08,202,14.25
1985-04-16,139,10.666666666666666
1985-02-15,93,17.0
1984-06-20,155,17.4
1984-04-21,136,12.2
1983-02-26,172,18.333333333333332
1983-02-26,104,14.333333333333334
1982-03-03,204,18.333333333333332
1981-07-06,172,8.25
1981-07-06,104,19.25
1980-03-13,205,8.5
1979-07-17,234,14.0
1979-07-17,232,16.5
1979-07-17,206,16.25
1979-07-17,171,6.0
1979-07-17,196,10.0
1979-05-18,223,19.0
1979-05-18,186,6.333333333333333
1979-03-19,199,12.666666666666666
1979-01-18,171,7.333333333333333
1979-01-18,232,20.333333333333332
1979-01-18,196,14.333333333333334
1979-01-18,206,10.666666666666666
1978-07-22,118,17.75
1978-07-22,220,15.0
1978-05-23,174,10.75
1978-01-23,211,11.0
1978-01-23,231,23.0
1978-01-23,241,28.0
1977-11-24,196,12.0
1977-11-24,206,1.0
1977-11-24,171,16.0
1977-11-24,232,17.0
1977-09-25,254,18.666666666666668
1977-09-25,236,11.666666666666666
1977-09-25,118,8.0
1977-09-25,220,6.333333333333333
1977-07-27,240,27.0
1977-05-28,264,33.0
1977-05-28,177,11.5
1977-05-28,257,14.75
1977-05-28,198,11.0
1977-03-29,232,13.0
1977-03-29,206,2.3333333333333335
1977-03-29,171,7.666666666666667
1977-03-29,234,10.0
1977-03-29,196,14.333333333333334
1977-01-28,245,11.0
1976-11-29,230,8.0
1976-11-29,181,10.5
1976-06-02,231,13.75
1976-06-02,241,28.0
1976-04-03,230,11.333333333333334
1976-04-03,181,1.3333333333333333
1976-02-03,277,11.0
1976-02-03,251,10.5
1980-03-13,224,25.5
1979-07-17,136,13.75
1979-01-18,136,17.333333333333332
1978-07-22,238,20.0
1978-01-23,222,16.5
1977-09-25,238,10.5
1976-06-02,222,14.0
1975-08-07,199,9.333333333333334
1975-06-08,299,17.0
1975-04-09,230,18.5
1975-04-09,181,7.0
1975-04-09,242,10.0
1974-12-10,196,19.5
1974-12-10,171,15.5
1974-12-10,234,8.5
1974-12-10,206,12.0
1974-08-12,242,15.5
1974-08-12,230,8.25
1974-08-12,181,18.0
1974-08-12,324,27.0
1974-08-12,321,8.0
1974-06-13,221,3.0
1974-02-13,295,15.0
1974-02-13,234,22.0
1974-02-13,292,19.0
1974-02-13,232,5.0
1973-12-15,199,20.0
1973-12-15,279,11.5
1973-12-15,303,6.5
1973-08-17,304,11.75
1973-08-17,311,24.0
1973-06-18,258,21.0
1973-04-19,288,14.75
1973-04-19,198,12.5
1973-04-19,332,10.666666666666666
1973-02-18,304,25.0
1972-08-22,234,10.333333333333334
1972-08-22,206,6.5
1972-06-23,329,17.666666666666668
1972-06-23,304,12.75
1972-06-23,311,7.0
1972-04-24,181,17.333333333333332
1972-04-24,242,14.333333333333334
1972-02-24,326,9.0
1971-12-26,326,13.0
1971-08-28,353,25.0
1971-08-28,352,19.5
1971-04-30,242,12.5
1970-09-02,316,6.5
1970-09-02,223,14.666666666666666
1970-09-02,327,11.75
1970-07-04,303,6.5
1970-07-04,279,10.25
1970-05-05,363,19.0
1970-03-06,279,8.0
1970-03-06,303,6.5
1975-12-05,237,19.0
1975-12-05,229,17.0
1975-02-08,229,26.0
1975-02-08,237,10.0
1974-04-14,237,16.25
1974-04-14,229,13.666666666666666
1973-12-15,308,23.0
1972-02-24,237,5.0
1971-12-26,237,6.0
1970-07-04,344,13.0
1970-05-05,222,4.0
1970-03-06,344,11.5
1969-09-07,352,10.0
1969-07-09,305,6.0
1969-07-09,346,12.5
1969-01-10,361,9.0
1968-07-14,277,11.666666666666666
1968-07-14,378,12.0
1968-05-15,234,2.6666666666666665
1967-11-17,372,1.0
1967-11-17,373,20.0
1967-11-17,333,10.0
1967-09-18,288,9.0
1967-07-20,393,10.0
1967-05-21,350,15.0
1967-03-22,382,17.0
1966-11-22,367,9.0
1966-09-23,288,15.0
1966-07-25,395,11.5
1966-07-25,303,8.5
1966-05-26,363,11.5
1966-05-26,386,9.0
1966-03-27,288,3.0
1965-09-28,346,9.5
1965-09-28,404,9.0
1965-05-31,359,9.5
1965-05-31,327,2.75
1965-04-01,304,15.0
1964-12-02,363,20.0
1964-12-02,406,14.0
1964-10-03,277,14.0
1964-10-03,385,6.0
1964-10-03,381,10.0
1964-08-04,403,5.0
1964-06-05,403,11.0
1964-04-06,407,20.5
1963-12-08,359,4.0
1963-10-09,363,6.0
1963-08-10,428,27.0
1963-08-10,442,26.0
1963-08-10,426,9.0
1963-06-11,428,23.0
1963-06-11,441,26.0
1963-06-11,396,21.0
1963-06-11,426,8.0
1963-04-12,374,22.0
1963-04-12,288,5.5
1962-12-13,340,16.0
1962-12-13,412,10.0
1962-08-15,429,14.0
1962-08-15,438,30.0
1962-06-16,400,13.5
1962-06-16,346,15.5
1962-06-16,435,17.5
1962-04-17,457,20.0
1961-08-20,433,10.0
1961-08-20,359,3.5
1961-08-20,402,1.0
1961-08-20,460,32.0
1961-08-20,484,23.0
1961-06-21,480,20.0
1961-06-21,403,13.0
1961-06-21,479,18.333333333333332
1961-06-21,485,28.0
1961-04-22,455,23.0
1960-10-24,479,22.0
1960-10-24,403,2.0
1960-06-26,372,8.0
1960-06-26,456,22.0
1960-04-27,417,19.5
1968-05-15,345,9.5
1967-03-22,345,11.0
1964-08-04,355,11.5
1964-06-05,355,5.5
1964-04-06,308,18.0
1961-06-21,355,17.333333333333332
1961-06-21,440,26.0
1960-10-24,355,4.0
1960-04-27,519,13.0
1959-12-29,402,8.0
1959-12-29,359,1.0
1959-10-30,476,6.0
1959-08-31,477,5.0
1959-08-31,436,14.0
1959-05-03,346,5.5
1959-05-03,555,9.0
1959-05-03,483,18.0
1958-09-05,477,8.5
1958-07-07,288,16.0
1958-07-07,486,20.0
1958-05-08,597,29.0
1958-05-08,533,3.0
1958-05-08,553,23.0
1957-07-12,484,13.0
1957-05-13,617,7.0
1957-05-13,560,26.0
1957-05-13,479,2.0
1956-11-14,586,10.0
1956-07-17,547,16.0
1956-05-18,555,33.0
1956-03-19,626,9.0
1956-03-19,581,2.0
1956-01-19,496,10.0
1956-01-19,806,6.0
1955-07-23,668,19.0
1955-07-23,577,12.0
1955-03-25,651,21.0
1955-03-25,633,5.0
1955-03-25,642,4.0
1954-07-28,620,5.0
1954-05-29,633,13.0
1954-05-29,665,13.0
1954-05-29,651,17.0
1954-05-29,642,8.0
1954-05-29,678,31.0
1954-05-29,529,22.0
1954-05-29,559,28.0
1953-11-30,620,9.0
1953-06-03,707,22.0
1953-06-03,666,12.0
1953-06-03,625,19.0
1953-04-04,512,25.5
1952-12-05,501,7.0
1952-12-05,649,15.0
1952-08-07,760,34.0
1952-08-07,723,23.0
1952-06-08,752,9.0
1952-06-08,660,12.5
1952-04-09,593,10.0
1952-04-09,525,6.0
1951-06-14,641,8.5
1951-06-14,627,8.75
1951-06-14,776,15.0
1951-06-14,686,4.5
1951-06-14,764,9.0
1951-04-15,654,15.0
1951-04-15,501,12.0
1951-04-15,640,5.0
1960-04-27,532,26.0
1960-04-27,516,10.0
1957-05-13,355,8.666666666666666
1955-05-24,355,12.0
1953-08-02,719,9.0
1951-06-14,756,16.0
1951-04-15,763,4.0
1997-08-11,14,13.333333333333334
1995-06-23,96,19.333333333333332
1984-10-18,159,18.0
1975-08-07,228,14.0
2004-09-03,46,16.0
2004-09-03,13,11.0
2004-05-06,10,12.166666666666666
2004-05-06,47,10.0
2004-03-07,17,2.6666666666666665
2003-09-09,1,7.666666666666667
2003-07-11,42,8.0
2003-05-12,50,13.4
2003-03-13,50,16.0
2003-01-12,49,11.0
2003-01-12,34,9.0
2002-05-17,21,3.25
2002-01-17,62,9.0
2001-09-19,13,3.0
2001-07-21,21,2.75
2001-05-22,1,14.2
2001-03-23,13,2.25
2001-03-23,59,16.0
2001-01-22,58,19.5
2001-01-22,3,12.5
2000-09-24,63,16.5
2000-05-27,63,11.5
2000-03-28,40,13.0
2000-03-28,24,10.0
2000-03-28,56,1.75
2000-01-28,20,3.5
2000-01-28,36,14.0
1999-09-30,48,5.0
1999-08-01,22,5.0
1999-06-02,63,12.0
2004-05-06,29,2.6666666666666665
2004-03-07,44,16.333333333333332
2004-03-07,30,6.0
2003-01-12,29,4.0
2001-09-19,61,17.5
2004-03-07,14,4.666666666666667
1999-02-02,21,5.0
1998-08-06,67,13.25
1998-08-06,55,9.25
1998-06-07,70,13.5
1998-04-08,63,14.8
1998-02-07,62,16.5
1998-02-07,64,8.5
1998-02-07,54,10.0
1997-10-10,54,9.0
1997-10-10,62,14.0
1997-10-10,64,7.0
1997-08-11,20,7.75
1997-06-12,21,16.4
1997-02-12,55,12.666666666666666
1996-08-16,21,12.0
1996-06-17,72,11.75
1996-06-17,43,8.0
1996-06-17,56,7.5
1996-02-18,21,10.666666666666666
1995-10-21,83,14.0
1995-10-21,91,17.666666666666668
1995-10-21,55,8.666666666666666
1995-08-22,97,17.5
1995-06-23,89,16.25
1995-06-23,76,9.5
1995-06-23,82,9.0
1994-10-26,97,15.0
1994-10-26,92,21.0
1994-08-27,114,25.0
1994-06-28,13,11.0
1994-06-28,102,10.75
1994-04-29,21,17.25
1994-04-29,100,14.5
1994-02-28,77,25.0
1994-02-28,86,22.0
1994-02-28,90,9.5
1994-02-28,48,12.5
1994-02-28,80,17.5
1993-10-31,21,11.0
1993-10-31,87,7.0
1993-09-01,76,18.333333333333332
1994-08-27,104,13.25
1994-04-29,99,19.0
1993-10-31,99,12.0
1993-09-01,109,16.333333333333332
1993-09-01,82,13.666666666666666
1993-07-03,119,23.0
1993-05-04,118,13.0
1993-05-04,83,11.333333333333334
1993-05-04,122,15.666666666666666
1993-03-05,117,11.0
1993-03-05,103,10.5
1993-03-05,101,4.0
1992-09-06,94,10.0
1992-09-06,109,6.333333333333333
1992-09-06,76,2.6666666666666665
1992-07-08,121,13.75
1992-07-08,78,20.5
1992-03-10,126,20.666666666666668
1992-01-10,103,19.0
1992-01-10,129,28.0
1992-01-10,101,3.0
1991-09-12,138,17.25
1991-09-12,126,9.0
1991-07-14,132,31.5
1991-05-15,116,11.0
1991-05-15,98,28.75
1991-03-16,54,10.333333333333334
1991-01-15,141,32.0
1991-01-15,121,17.0
1990-09-17,138,17.25
1990-09-17,113,22.5
1990-09-17,126,15.25
1990-09-17,151,33.0
1990-07-19,54,16.75
1990-05-20,147,19.2
1990-05-20,89,29.4
1990-05-20,109,17.2
1990-05-20,94,9.4
1990-05-20,76,5.8
1990-03-21,100,30.0
1990-03-21,87,21.0
1990-01-20,87,16.0
1989-09-22,77,27.25
1989-09-22,144,7.5
1992-11-05,93,25.0
1992-11-05,29,2.0
1992-05-09,93,12.5
1992-05-09,29,12.25
1990-03-21,148,33.0
1990-01-20,148,33.0
1989-05-25,118,6.2
1989-05-25,91,25.4
1989-05-25,122,11.4
1989-05-25,83,20.4
1989-03-26,157,8.0
1989-03-26,121,17.5
1989-01-25,77,21.0
1989-01-25,144,6.0
1988-09-27,140,23.666666666666668
1988-05-30,130,14.8
1988-03-31,121,18.5
1988-03-31,157,10.5
1987-10-03,165,15.0
1987-08-04,165,13.2
1987-06-05,157,17.0
1987-06-05,121,21.25
1986-10-08,144,19.0
1986-08-09,169,12.75
1986-04-11,144,22.666666666666668
1985-10-13,101,10.5
1985-10-13,117,12.0
1985-08-14,176,12.8
1985-06-15,182,24.0
1985-06-15,118,14.2
1985-06-15,83,11.8
1985-06-15,122,8.4
1989-05-25,155,14.6
1988-05-30,139,26.8
1987-08-04,168,20.5
1986-06-10,179,19.0
1985-06-15,155,23.0
1987-04-06,159,14.666666666666666
1985-04-16,169,15.0
1984-06-20,176,14.8
1984-06-20,188,22.666666666666668
1984-04-21,180,15.8
1984-04-21,183,15.25
1984-02-21,169,20.5
1984-02-21,175,8.0
1983-08-25,157,9.5
1983-06-26,195,21.0
1983-06-26,174,13.666666666666666
1983-04-27,189,22.2
1983-04-27,194,20.8
1983-02-26,186,15.333333333333334
1983-02-26,116,6.0
1982-08-30,162,11.0
1982-05-02,181,13.75
1982-03-03,203,23.0
1982-03-03,193,14.333333333333334
1982-03-03,196,10.0
1982-03-03,206,20.0
1982-03-03,171,19.5
1982-01-02,195,15.0
1981-09-04,197,28.0
1981-09-04,202,14.333333333333334
1981-09-04,151,5.0
1981-09-04,176,21.333333333333332
1981-07-06,116,9.5
1981-07-06,186,6.25
1981-07-06,215,15.5
1981-05-07,176,19.0
1981-05-07,202,6.5
1981-05-07,151,11.25
1981-03-08,118,7.25
1980-09-09,175,16.0
1984-08-19,139,13.333333333333334
1982-08-30,172,16.0
1982-08-30,104,3.0
1982-03-03,136,14.5
1980-07-11,171,7.0
1980-07-11,196,11.5
1980-07-11,206,14.0
1980-05-12,206,12.5
1980-05-12,171,2.5
1980-05-12,196,16.0
1980-03-13,218,17.0
1980-03-13,201,3.5
1979-09-15,181,30.0
1979-05-18,177,11.0
1979-05-18,135,17.333333333333332
1979-05-18,162,7.666666666666667
1979-05-18,198,8.0
1979-03-19,221,2.3333333333333335
1978-09-20,232,23.0
1978-09-20,196,15.5
1978-09-20,171,12.5
1978-09-20,206,15.0
1978-07-22,176,17.75
1978-07-22,202,6.0
1978-07-22,151,13.5
1978-05-23,211,22.0
1978-05-23,231,21.75
1978-05-23,243,28.0
1978-03-24,232,18.666666666666668
1978-03-24,234,14.5
1978-03-24,171,9.666666666666666
1978-03-24,206,4.666666666666667
1978-03-24,196,17.0
1978-01-23,174,14.5
1978-01-23,239,19.0
1977-09-25,202,15.5
1977-09-25,271,9.0
1977-07-27,246,34.0
1977-05-28,262,33.5
1977-05-28,186,12.25
1977-05-28,223,17.75
1977-03-29,253,18.5
1977-01-28,230,4.0
1977-01-28,181,1.0
1976-11-29,245,14.5
1976-11-29,252,12.0
1976-08-01,254,13.0
1976-08-01,220,11.333333333333334
1976-06-02,277,21.333333333333332
1976-06-02,251,7.25
1976-04-03,276,10.666666666666666
1976-04-03,252,30.0
1976-04-03,278,27.0
1976-02-03,231,23.0
1980-07-11,136,3.0
1980-05-12,136,3.5
1979-05-18,172,16.333333333333332
1978-09-20,136,11.0
1978-05-23,222,14.5
1977-07-27,266,17.333333333333332
1977-03-29,204,19.5
1976-09-30,272,19.0
1976-08-01,238,12.0
1976-02-03,222,9.5
1976-02-03,250,25.0
1975-08-07,221,7.333333333333333
1975-08-07,302,22.0
1974-12-10,249,8.0
1974-08-12,305,24.5
1974-08-12,269,24.0
1974-08-12,322,9.0
1974-06-13,303,13.25
1974-06-13,199,17.75
1974-06-13,279,16.75
1974-06-13,320,19.0
1974-06-13,282,33.0
1974-06-13,314,30.0
1974-04-14,304,13.25
1974-04-14,311,16.0
1974-02-13,249,11.0
1973-12-15,221,16.0
1973-08-17,326,19.0
1973-04-19,316,21.0
1973-04-19,223,4.5
1973-04-19,328,12.75
1973-04-19,327,5.75
1973-02-18,326,15.0
1972-08-22,306,14.333333333333334
1972-08-22,249,16.666666666666668
1972-06-23,326,9.5
1972-04-24,305,16.0
1972-02-24,339,16.0
1972-02-24,304,23.0
1971-08-28,303,13.0
1971-08-28,279,20.0
1971-06-29,303,19.75
1971-06-29,279,10.25
1971-06-29,320,20.0
1971-04-30,305,10.5
1971-03-01,279,12.5
1971-03-01,303,5.5
1970-09-02,288,16.25
1970-09-02,332,16.0
1970-09-02,366,25.0
1970-07-04,352,16.5
1970-05-05,277,10.333333333333334
1973-08-17,237,7.0
1973-06-18,312,17.333333333333332
1973-02-18,237,11.0
1972-06-23,237,6.75
1971-08-28,308,29.0
1971-06-29,347,13.0
1971-06-29,344,18.0
1971-03-01,344,11.0
1969-09-07,303,10.333333333333334
1969-05-10,303,6.0
1969-03-11,305,3.0
1969-01-10,305,6.0
1968-09-12,303,9.0
1968-09-12,279,10.0
1968-09-12,320,19.0
1968-07-14,363,14.0
1968-03-16,305,5.0
1967-09-18,327,12.5
1967-09-18,359,15.0
1967-07-20,373,11.0
1967-07-20,372,11.333333333333334
1967-07-20,389,7.0
1967-05-21,372,5.0
1967-05-21,373,10.25
1967-05-21,389,9.0
1966-11-22,363,11.0
1966-09-23,327,13.5
1966-09-23,359,7.5
1966-07-25,384,9.5
1966-05-26,388,8.5
1966-05-26,277,8.0
1966-05-26,385,5.0
1966-03-27,359,15.0
1966-03-27,327,1.0
1965-07-30,379,17.5
1965-05-31,288,4.0
1965-05-31,419,11.0
1965-04-01,379,14.0
1964-12-02,367,13.0
1964-10-03,363,5.0
1964-08-04,382,7.0
1964-06-05,430,18.0
1964-06-05,382,12.0
1964-06-05,398,14.0
1964-04-06,384,13.0
1963-12-08,288,3.0
1963-10-09,381,11.0
1963-10-09,277,20.0
1963-10-09,385,3.0
1963-08-10,400,17.0
1963-08-10,449,24.0
1963-08-10,346,7.5
1963-06-11,400,13.0
1963-06-11,346,11.75
1963-06-11,435,13.0
1963-04-12,402,16.0
1963-04-12,359,2.5
1962-12-13,429,11.0
1962-08-15,439,20.0
1962-08-15,340,16.5
1962-08-15,468,9.0
1962-06-16,426,15.0
1962-06-16,453,15.25
1962-06-16,396,18.0
1961-08-20,288,13.0
1961-08-20,486,25.0
1961-06-21,430,27.0
1961-04-22,384,16.0
1961-04-22,417,15.0
1960-10-24,507,10.0
1960-10-24,548,13.0
1960-08-25,455,9.0
1960-06-26,476,7.0
1969-09-07,344,8.0
1969-05-10,344,12.0
1968-09-12,344,6.666666666666667
1968-05-15,358,15.0
1968-05-15,355,14.5
1967-03-22,358,15.0
1967-03-22,355,16.0
1964-12-02,413,26.0
1964-08-04,345,12.0
1964-06-05,345,11.0
1962-12-13,474,19.0
1962-12-13,410,13.0
1961-08-20,482,11.0
1961-08-20,423,29.0
1961-06-21,465,15.0
1960-08-25,491,12.0
1960-08-25,397,15.0
1960-08-25,546,16.0
1960-06-26,508,25.0
1960-04-27,515,9.0
1960-04-27,514,8.0
1960-04-27,525,19.0
1959-12-29,288,18.0
1959-12-29,500,13.0
1959-12-29,498,10.0
1959-10-30,456,9.0
1959-10-30,501,15.0
1959-07-02,501,5.75
1959-07-02,456,8.666666666666666
1959-07-02,540,23.0
1959-05-03,426,5.5
1959-05-03,554,8.0
1959-05-03,528,22.0
1959-05-03,520,11.0
1958-07-07,484,23.0
1958-07-07,402,9.0
1958-07-07,359,5.0
1958-05-08,566,20.0
1958-05-08,590,11.5
1958-05-08,578,4.75
1958-05-08,591,2.0
1958-05-08,543,24.0
1957-07-12,506,12.0
1957-07-12,609,11.0
1957-07-12,486,14.0
1956-11-14,496,3.0
1956-07-17,633,15.5
1956-07-17,624,24.0
1956-07-17,586,14.0
1956-05-18,607,5.0
1956-05-18,554,4.333333333333333
1956-05-18,426,14.0
1956-05-18,637,24.0
1956-05-18,428,8.5
1956-05-18,635,20.0
1956-05-18,528,3.0
1956-05-18,520,11.0
1956-03-19,501,13.0
1956-01-19,586,9.0
1955-05-24,628,1.0
1955-05-24,656,17.0
1954-11-25,501,7.333333333333333
1954-11-25,645,9.0
1954-11-25,649,20.0
1954-09-26,669,9.0
1954-07-28,669,11.0
1954-05-29,547,15.0
1954-05-29,619,10.0
1954-05-29,676,19.0
1954-05-29,512,24.0
1953-11-30,669,7.0
1953-08-02,722,24.0
1953-08-02,651,23.0
1953-08-02,633,4.5
1953-08-02,642,2.0
1953-06-03,455,16.0
1953-06-03,664,16.666666666666668
1953-06-03,711,22.0
1953-06-03,704,14.0
1953-06-03,589,15.0
1953-04-04,529,9.0
1953-04-04,559,22.0
1952-12-05,696,8.0
1952-12-05,689,9.0
1952-12-05,626,10.0
1952-08-07,761,26.0
1952-08-07,651,20.0
1952-08-07,642,3.0
1952-08-07,633,3.0
1952-06-08,692,27.0
1952-06-08,475,23.5
1952-04-09,727,12.0
1951-10-12,669,19.0
1951-08-13,687,19.0
1951-06-14,647,7.8
1951-06-14,661,7.0
1951-04-15,700,18.0
1951-04-15,615,17.0
1951-04-15,518,8.0
1950-08-18,426,21.0
1950-06-19,642,7.0
1960-04-27,531,25.0
1959-05-03,565,30.0
1958-09-05,602,14.0
1958-05-08,551,16.0
1983-06-26,159,15.666666666666666
1982-07-01,207,31.0
1982-05-02,208,26.0
1980-01-13,208,13.0
1977-07-27,207,24.0
1976-08-01,259,25.0
1962-12-13,471,9.0
1960-08-25,545,10.0
1952-04-09,730,15.0
2004-09-03,7,7.5
2004-07-05,45,16.5
2004-07-05,40,14.0
2004-07-05,43,13.25
2004-01-07,43,13.0
2004-01-07,45,17.0
2003-09-09,21,8.0
2003-07-11,50,15.333333333333334
2003-05-12,42,11.4
2003-03-13,42,9.75
2002-09-14,43,11.666666666666666
2002-05-17,1,8.25
2002-03-18,10,15.5
2002-03-18,34,8.5
2002-01-17,17,12.0
2001-09-19,7,21.5
2001-09-19,48,11.0
2001-07-21,1,14.0
2001-05-22,21,6.0
2001-03-23,57,13.5
2001-03-23,48,15.25
2001-03-23,7,11.0
2001-01-22,20,14.0
2000-09-24,47,16.5
2000-09-24,49,16.0
2000-09-24,34,5.5
2000-07-26,36,15.0
2000-07-26,20,18.2
2000-05-27,49,13.5
2000-05-27,47,14.5
2000-05-27,34,7.5
1999-09-30,13,16.5
1999-08-01,67,17.5
1999-08-01,55,5.0
1999-06-02,34,17.8
1999-06-02,47,12.0
2002-03-18,29,1.0
2002-01-17,30,2.0
2002-01-17,65,14.5
2000-09-24,29,1.0
2000-05-27,29,12.25
1999-06-02,29,14.0
2002-01-17,14,18.0
1999-04-03,21,11.75
1998-10-05,72,22.0
1998-10-05,43,11.0
1998-10-05,56,1.0
1998-10-05,24,9.0
1998-08-06,22,8.0
1998-04-08,34,8.4
1997-08-11,76,6.75
1997-06-12,78,15.4
1997-04-13,56,11.0
1997-04-13,43,4.666666666666667
1997-02-12,22,13.333333333333334
1996-08-16,78,11.25
1996-04-18,83,10.4
1996-04-18,55,13.4
1996-02-18,78,13.0
1995-08-22,55,12.0
1995-08-22,83,9.5
1995-06-23,68,10.75
1995-04-24,70,5.25
1995-02-23,56,13.5
1995-02-23,43,16.0
1994-10-26,55,15.0
1994-10-26,91,27.0
1994-10-26,83,9.5
1994-08-27,54,19.75
1994-08-27,64,13.5
1994-06-28,48,12.0
1994-06-28,80,17.25
1994-06-28,86,13.0
1994-04-29,78,17.0
1994-04-29,106,26.0
1994-02-28,102,13.5
1993-10-31,78,20.0
1998-06-07,74,13.5
1998-04-08,29,3.4
1998-02-07,75,15.0
1997-10-10,75,15.0
1993-09-01,116,5.333333333333333
1993-09-01,68,12.0
1993-07-03,90,14.6
1993-07-03,86,9.8
1992-11-05,101,21.0
1992-11-05,103,9.0
1992-09-06,98,16.0
1992-07-08,87,16.0
1992-05-09,101,11.25
1992-05-09,129,28.0
1992-05-09,103,18.5
1992-03-10,56,10.333333333333334
1992-01-10,131,30.0
1991-09-12,56,19.25
1991-07-14,118,7.75
1991-07-14,83,13.25
1991-07-14,122,15.75
1991-07-14,91,7.5
1991-05-15,76,19.0
1991-05-15,89,16.0
1991-05-15,94,2.5
1991-05-15,109,7.5
1991-01-15,87,6.0
1990-09-17,111,14.0
1990-05-20,98,28.2
1990-05-20,116,4.8
1990-05-20,146,18.4
1990-03-21,121,26.5
1990-01-20,121,23.0
1993-03-05,29,8.75
1992-07-08,99,17.0
1992-01-10,93,16.0
1992-01-10,29,4.0
1991-09-12,136,6.75
1991-03-16,104,26.0
1991-01-15,99,29.0
1990-09-17,136,5.5
1990-07-19,104,14.75
1989-07-24,77,29.0
1989-07-24,144,15.25
1989-05-25,132,17.2
1989-05-25,163,37.0
1989-03-26,87,37.0
1988-09-27,77,25.0
1988-09-27,144,7.333333333333333
1988-07-29,157,12.25
1988-07-29,121,8.75
1987-10-03,162,16.666666666666668
1987-08-04,162,15.0
1986-10-08,169,17.0
1986-08-09,144,18.0
1986-06-10,118,11.6
1986-06-10,122,14.4
1986-06-10,83,12.2
1986-04-11,175,9.75
1986-04-11,169,11.25
1986-02-10,118,17.0
1986-02-10,83,5.0
1986-02-10,122,11.0
1985-10-13,181,10.5
1985-08-14,111,19.0
1985-08-14,171,14.4
1985-06-15,180,19.6
1987-10-03,104,9.0
1987-08-04,104,18.2
1987-04-06,139,6.25
1986-06-10,155,13.4
1986-02-10,155,18.0
1985-10-13,93,8.5
1985-08-14,136,11.4
1988-05-30,159,23.4
1985-02-15,157,16.0
1984-10-18,175,26.0
1984-08-19,174,10.666666666666666
1984-06-20,111,18.25
1984-06-20,171,14.4
1984-04-21,182,21.75
1984-04-21,118,19.8
1984-04-21,122,16.0
1984-04-21,83,14.4
1984-02-21,187,21.5
1983-06-26,192,17.333333333333332
1983-04-27,162,11.2
1983-02-26,94,16.0
1983-02-26,109,18.333333333333332
1982-08-30,194,19.5
1982-08-30,205,15.0
1982-07-01,195,24.333333333333332
1982-07-01,174,7.666666666666667
1982-05-02,191,19.0
1982-05-02,199,13.25
1982-05-02,117,22.0
1982-03-03,151,18.333333333333332
1982-03-03,202,9.666666666666666
1982-03-03,176,7.0
1982-01-02,200,16.0
1981-09-04,196,17.0
1981-09-04,171,9.0
1981-09-04,206,11.333333333333334
1981-09-04,193,17.666666666666668
1981-07-06,94,23.25
1981-07-06,201,17.75
1981-07-06,109,19.5
1981-05-07,206,11.5
1981-05-07,171,6.25
1981-05-07,193,23.25
1980-09-09,211,14.666666666666666
1984-06-20,136,8.0
1984-04-21,155,14.25
1983-06-26,139,18.666666666666668
1983-04-27,104,13.2
1983-04-27,172,16.6
1981-09-04,136,5.333333333333333
1981-05-07,136,13.0
1981-03-08,204,30.0
1980-07-11,176,23.25
1980-07-11,151,13.75
1980-07-11,202,10.0
1980-05-12,176,21.5
1980-05-12,151,18.5
1980-05-12,202,6.5
1980-03-13,116,18.0
1980-03-13,223,11.0
1980-03-13,186,8.5
1980-01-13,199,8.0
1979-11-14,157,28.0
1979-11-14,221,9.0
1979-09-15,199,25.5
1979-07-17,118,14.25
1979-05-18,205,24.0
1979-03-19,233,27.5
1979-01-18,220,9.666666666666666
1979-01-18,118,15.0
1978-09-20,176,18.5
1978-09-20,202,12.0
1978-07-22,232,18.25
1978-07-22,171,5.0
1978-07-22,206,8.5
1978-07-22,196,26.0
1978-03-24,176,26.333333333333332
1978-03-24,202,10.666666666666666
1978-03-24,151,8.0
1977-11-24,220,3.0
1977-09-25,206,10.666666666666666
1977-09-25,196,14.5
1977-09-25,232,16.666666666666668
1977-09-25,171,11.666666666666666
1977-07-27,174,12.75
1977-05-28,218,22.0
1977-05-28,210,17.5
1977-03-29,220,13.333333333333334
1977-03-29,236,23.666666666666668
1977-03-29,254,8.666666666666666
1977-03-29,118,9.0
1977-01-28,199,5.0
1976-11-29,221,10.5
1976-09-30,231,23.0
1976-08-01,249,19.0
1976-04-03,221,7.333333333333333
1979-05-18,235,19.5
1978-07-22,136,17.75
1977-11-24,238,13.0
1977-03-29,238,15.5
1976-09-30,222,6.0
1975-12-05,223,13.0
1975-12-05,186,21.0
1975-12-05,274,14.0
1975-08-07,276,20.0
1975-06-08,289,17.0
1975-06-08,251,14.25
1975-04-09,221,8.75
1975-02-08,223,19.0
1975-02-08,186,25.0
1975-02-08,274,23.0
1974-12-10,220,11.0
1974-08-12,221,16.5
1974-06-13,181,8.25
1974-06-13,230,21.5
1974-04-14,316,14.0
1974-04-14,223,3.25
1974-04-14,186,9.75
1974-02-13,310,27.0
1974-02-13,307,17.0
1974-02-13,220,4.0
1973-12-15,305,7.5
1973-08-17,288,14.75
1973-08-17,198,5.25
1973-06-18,249,11.5
1973-06-18,306,10.666666666666666
1973-04-19,304,16.75
1973-04-19,329,18.0
1973-02-18,332,8.0
1973-02-18,198,7.0
1972-12-20,231,6.5
1972-08-22,220,7.0
1972-06-23,332,16.75
1972-06-23,198,16.0
1972-06-23,288,13.0
1972-02-24,327,22.0
1972-02-24,223,2.0
1971-12-26,223,12.0
1971-12-26,327,1.0
1971-12-26,316,14.0
1971-08-28,354,14.0
1971-08-28,321,10.0
1971-08-28,242,21.5
1971-06-29,181,17.0
1971-06-29,242,8.25
1971-03-01,242,16.0
1970-09-02,326,11.75
1970-07-04,305,14.0
1970-05-05,319,18.0
1970-05-05,357,5.333333333333333
1970-03-06,305,7.0
1972-12-20,222,6.5
1972-08-22,313,18.333333333333332
1970-09-02,237,12.0
1969-07-09,303,9.0
1969-07-09,320,16.0
1968-07-14,340,13.666666666666666
1968-07-14,261,11.333333333333334
1968-07-14,369,15.5
1968-05-15,350,11.5
1967-07-20,234,9.5
1967-05-21,382,10.25
1966-11-22,340,3.0
1966-07-25,346,17.0
1966-05-26,357,7.0
1965-09-28,395,12.0
1965-07-30,288,2.0
1965-07-30,419,21.0
1965-05-31,379,12.666666666666666
1965-04-01,288,1.0
1964-12-02,357,18.0
1964-10-03,340,2.0
1964-08-04,372,15.0
1964-08-04,373,10.0
1964-06-05,372,7.75
1964-06-05,373,8.5
1964-04-06,346,7.0
1964-04-06,400,16.0
1963-12-08,408,12.0
1963-12-08,409,22.0
1963-10-09,429,10.0
1963-08-10,417,18.5
1963-08-10,384,11.5
1963-08-10,431,22.0
1963-06-11,431,14.0
1963-06-11,384,12.333333333333334
1963-06-11,417,18.666666666666668
1963-04-12,436,22.5
1962-12-13,367,21.0
1962-12-13,385,7.0
1962-08-15,363,9.0
1962-06-16,455,24.0
1962-06-16,407,8.0
1962-06-16,463,22.0
1962-04-17,402,2.5
1962-04-17,359,8.5
1961-06-21,372,8.333333333333334
1961-06-21,456,8.0
1961-04-22,346,10.0
1961-04-22,400,13.0
1960-10-24,372,16.0
1960-10-24,456,8.0
1960-06-26,479,9.333333333333334
1960-06-26,403,5.333333333333333
1960-04-27,426,14.5
1969-07-09,344,8.5
1967-11-17,355,18.0
1967-07-20,345,12.0
1967-05-21,345,10.0
1966-07-25,399,11.0
1965-09-28,344,6.0
1965-07-30,423,16.5
1964-12-02,410,23.0
1962-08-15,464,22.0
1962-08-15,434,4.0
1962-06-16,454,5.0
1960-06-26,355,1.0
1960-04-27,528,22.0
1960-04-27,520,14.0
1959-12-29,496,4.0
1959-10-30,572,7.0
1959-10-30,567,13.0
1959-08-31,288,20.0
1959-08-31,486,18.0
1959-08-31,462,11.0
1959-07-02,505,10.0
1959-07-02,567,12.5
1959-05-03,525,33.0
1959-05-03,514,12.0
1958-09-05,288,11.0
1958-09-05,486,8.0
1958-07-07,477,12.666666666666666
1958-07-07,436,10.0
1958-05-08,539,15.0
1958-05-08,592,6.0
1958-05-08,584,20.0
1957-07-12,547,17.0
1957-07-12,496,17.0
1957-07-12,619,6.0
1957-05-13,456,13.5
1957-05-13,501,8.333333333333334
1957-05-13,616,33.0
1957-05-13,558,27.0
1956-11-14,498,5.0
1956-07-17,608,13.666666666666666
1956-07-17,541,3.0
1956-05-18,525,19.0
1956-05-18,514,7.0
1956-05-18,593,4.0
1956-01-19,608,11.0
1956-01-19,622,4.0
1955-05-24,501,14.333333333333334
1955-05-24,456,16.0
1955-05-24,632,4.0
1955-05-24,654,5.0
1955-05-24,659,31.0
1955-05-24,558,27.0
1955-05-24,523,18.0
1955-03-25,609,17.0
1954-09-26,501,15.0
1954-09-26,640,11.0
1954-07-28,694,21.0
1954-07-28,645,16.0
1954-07-28,501,9.5
1954-07-28,632,16.0
1954-05-29,498,8.25
1954-05-29,612,20.0
1954-05-29,513,22.0
1953-11-30,640,8.0
1953-11-30,501,6.0
1953-08-02,622,18.0
1953-08-02,691,5.0
1953-06-03,426,17.0
1953-06-03,554,18.0
1953-06-03,706,11.0
1953-06-03,428,11.0
1953-04-04,658,5.0
1952-08-07,622,8.5
1952-08-07,708,7.0
1952-06-08,647,1.0
1952-06-08,663,19.0
1951-10-12,640,6.0
1951-08-13,680,15.0
1951-08-13,626,12.0
1951-06-14,579,5.0
1951-04-15,733,25.0
1951-04-15,687,15.0
1950-08-18,765,19.0
1950-08-18,589,22.0
1950-06-19,793,17.0
1950-06-19,773,9.0
1959-08-31,482,6.0
1959-07-02,465,25.0
1959-05-03,531,10.0
1958-09-05,482,18.5
1958-05-08,580,19.333333333333332
1954-05-29,684,17.0
1954-05-29,702,21.5
1953-08-02,697,12.333333333333334
1952-08-07,697,5.0
1952-04-09,721,7.0
1950-06-19,697,10.0
1998-02-07,14,16.0
1984-08-19,159,19.666666666666668
1977-03-29,259,31.0
1965-07-30,422,12.0
2004-09-03,20,8.0
2004-09-03,12,9.25
2004-07-05,1,14.0
2004-05-06,31,14.166666666666666
2004-05-06,22,13.4
2004-01-07,1,16.0
2003-05-12,17,12.8
2003-03-13,17,9.0
2003-01-12,22,8.0
2002-09-14,1,8.666666666666666
2002-07-16,17,15.0
2002-05-17,43,9.25
2002-03-18,55,12.25
2001-09-19,20,12.5
2001-09-19,36,15.0
2001-07-21,56,11.5
2001-07-21,43,10.75
2001-07-21,40,20.0
2001-05-22,53,13.0
2001-03-23,20,14.0
2001-03-23,36,17.0
2001-01-22,57,17.0
2001-01-22,7,14.0
2001-01-22,48,4.5
2000-09-24,55,7.0
2000-07-26,48,9.6
2000-05-27,55,10.0
2000-03-28,21,7.75
2000-01-28,13,15.0
2000-01-28,59,11.5
1999-08-01,47,15.25
1999-08-01,34,12.75
1999-06-02,67,17.6
1999-06-02,55,2.6
2003-05-12,30,5.0
2003-03-13,30,9.5
2002-07-16,30,5.0
2002-07-16,65,13.0
2002-03-18,16,13.75
2003-05-12,14,13.0
2003-03-13,14,11.0
2002-07-16,14,13.25
1999-02-02,56,16.0
1999-02-02,43,15.0
1999-02-02,24,11.0
1999-02-02,40,9.0
1998-08-06,63,15.0
1998-06-07,64,13.0
1998-06-07,62,16.75
1998-06-07,54,10.75
1998-04-08,67,14.2
1998-04-08,55,6.0
1998-02-07,70,10.0
1997-10-10,70,15.0
1997-08-11,13,9.0
1997-06-12,56,14.8
1997-06-12,24,10.333333333333334
1997-06-12,43,11.0
1997-04-13,78,14.333333333333334
1997-02-12,63,14.333333333333334
1996-08-16,72,11.75
1996-08-16,43,13.75
1996-08-16,56,6.5
1996-06-17,21,6.25
1996-04-18,34,5.0
1996-04-18,49,16.0
1996-02-18,56,10.333333333333334
1996-02-18,72,16.333333333333332
1996-02-18,43,7.0
1995-10-21,88,17.333333333333332
1995-10-21,63,13.0
1995-06-23,86,12.0
1995-06-23,84,13.75
1995-06-23,48,8.0
1995-06-23,80,14.0
1995-02-23,78,14.5
1994-08-27,107,28.0
1994-06-28,69,22.0
1994-04-29,56,13.5
1994-04-29,43,9.75
1994-02-28,105,23.5
1994-02-28,76,13.0
1994-02-28,82,9.0
1993-10-31,56,18.0
1993-09-01,90,9.666666666666666
1996-04-18,29,6.8
1995-08-22,29,5.0
1994-10-26,29,11.0
1994-10-26,93,14.5
1993-09-01,86,14.333333333333334
1993-07-03,69,20.8
1993-07-03,68,18.6
1993-07-03,116,3.6
1993-05-04,101,7.0
1993-05-04,117,16.0
1993-05-04,103,7.333333333333333
1993-03-05,122,18.0
1993-03-05,118,15.5
1993-03-05,83,14.5
1992-09-06,80,16.666666666666668
1992-09-06,77,12.0
1992-09-06,90,13.0
1992-07-08,126,15.25
1992-03-10,78,16.0
1992-03-10,121,13.666666666666666
1992-01-10,83,26.0
1992-01-10,91,25.0
1992-01-10,122,15.0
1992-01-10,118,2.0
1991-09-12,121,20.5
1991-09-12,141,34.0
1991-07-14,137,19.5
1991-05-15,102,15.5
1991-05-15,119,28.5
1991-03-16,128,32.333333333333336
1991-01-15,138,23.0
1991-01-15,126,21.0
1990-09-17,121,16.75
1990-07-19,128,22.75
1990-05-20,144,16.2
1990-05-20,77,16.6
1990-03-21,111,10.5
1990-01-20,111,27.0
1989-09-22,89,31.0
1989-09-22,76,10.75
1989-09-22,164,35.25
1989-09-22,94,15.333333333333334
1989-09-22,109,15.0
1989-09-22,147,29.0
1991-07-14,29,15.5
1991-07-14,93,19.5
1991-05-15,127,32.75
1991-03-16,108,11.0
1990-07-19,108,20.5
1990-03-21,136,5.5
1990-01-20,136,4.0
1989-07-24,98,33.5
1989-07-24,116,2.25
1989-05-25,101,14.8
1989-05-25,145,35.6
1989-05-25,117,15.5
1989-03-26,161,29.5
1989-03-26,113,27.0
1989-03-26,126,18.0
1989-01-25,147,29.0
1989-01-25,76,25.0
1989-01-25,89,30.0
1989-01-25,94,1.0
1989-01-25,109,13.0
1988-09-27,116,1.3333333333333333
1988-09-27,98,29.666666666666668
1988-07-29,111,15.25
1988-05-30,162,18.6
1988-03-31,126,19.5
1988-03-31,113,11.0
1987-08-04,170,19.5
1987-04-06,165,12.75
1986-10-08,178,22.0
1986-10-08,76,11.0
1986-10-08,109,14.0
1986-10-08,94,8.5
1986-08-09,116,10.25
1986-06-10,156,16.6
1986-04-11,109,19.75
1986-04-11,76,8.5
1986-04-11,94,7.25
1986-04-11,178,20.666666666666668
1986-02-10,156,14.0
1985-10-13,122,11.5
1985-10-13,118,17.0
1985-10-13,83,10.0
1985-08-14,121,17.0
1985-08-14,157,19.8
1985-06-15,117,14.2
1985-06-15,101,14.8
1988-07-29,136,13.75
1988-05-30,104,11.0
1987-04-06,168,12.0
1987-10-03,159,15.666666666666666
1987-08-04,159,14.8
1985-04-16,116,8.333333333333334
1985-02-15,111,9.0
1985-02-15,171,6.0
1984-10-18,94,19.0
1984-10-18,109,12.0
1984-10-18,76,13.0
1984-08-19,162,13.333333333333334
1984-08-19,184,14.0
1984-06-20,157,19.6
1984-04-21,181,10.2
1984-02-21,116,1.5
1983-08-25,151,10.75
1983-08-25,176,12.75
1983-06-26,194,20.0
1983-06-26,189,22.0
1983-04-27,174,7.2
1983-04-27,195,13.4
1983-02-26,175,6.666666666666667
1982-07-01,162,13.666666666666666
1982-07-01,135,24.0
1982-05-02,180,22.25
1982-05-02,183,17.25
1982-01-02,194,30.0
1982-01-02,205,14.0
1981-09-04,157,17.666666666666668
1981-07-06,175,14.25
1981-05-07,157,10.25
1981-03-08,191,19.25
1981-03-08,117,29.0
1981-03-08,212,21.75
1980-09-09,223,21.0
1980-09-09,116,15.0
1980-09-09,186,11.666666666666666
1985-02-15,136,25.0
1984-08-19,172,13.666666666666666
1984-08-19,104,10.333333333333334
1982-07-01,104,10.166666666666666
1982-07-01,172,10.666666666666666
1982-05-02,204,11.75
1979-11-14,196,24.0
1979-11-14,206,16.0
1979-11-14,171,13.0
1979-07-17,181,12.75
1979-03-19,151,19.0
1979-03-19,202,5.0
1979-01-18,230,14.0
1979-01-18,181,15.0
1978-07-22,221,12.75
1978-05-23,210,21.0
1978-05-23,201,15.25
1978-05-23,218,18.25
1977-11-24,181,2.0
1977-11-24,230,4.0
1977-09-25,221,4.666666666666667
1977-07-27,177,11.0
1977-07-27,257,17.0
1977-07-27,198,6.25
1977-05-28,261,9.0
1977-03-29,230,15.666666666666666
1977-03-29,181,9.666666666666666
1977-01-28,253,22.0
1977-01-28,249,13.0
1976-11-29,206,9.5
1976-11-29,171,12.0
1976-09-30,186,11.333333333333334
1976-09-30,223,17.333333333333332
1976-08-01,279,12.333333333333334
1976-08-01,199,14.0
1976-08-01,270,14.0
1976-04-03,234,18.666666666666668
1976-04-03,171,9.0
1976-04-03,232,14.333333333333334
1976-04-03,196,10.666666666666666
1976-04-03,206,19.5
1980-03-13,222,12.0
1979-11-14,136,2.0
1978-01-23,229,19.5
1978-01-23,237,9.5
1976-06-02,237,14.5
1976-06-02,229,17.0
1976-06-02,255,21.0
1975-06-08,287,15.0
1975-06-08,177,11.0
1975-06-08,198,11.25
1975-04-09,234,10.0
1975-04-09,196,16.25
1975-04-09,206,12.333333333333334
1975-04-09,171,18.0
1975-04-09,295,14.0
1975-02-08,250,20.0
1975-02-08,231,24.0
1974-12-10,242,13.5
1974-12-10,230,4.0
1974-12-10,181,5.5
1974-08-12,196,14.5
1974-08-12,232,21.5
1974-08-12,206,16.5
1974-08-12,234,16.5
1974-08-12,171,17.25
1974-08-12,295,24.0
1974-08-12,315,29.0
1974-06-13,220,13.0
1974-06-13,310,28.0
1974-04-14,231,22.333333333333332
1974-04-14,297,14.0
1974-02-13,230,23.0
1974-02-13,181,16.0
1973-08-17,289,16.5
1973-08-17,277,18.5
1973-06-18,303,9.5
1973-06-18,279,16.5
1973-06-18,199,14.0
1973-04-19,261,16.5
1973-02-18,289,17.0
1972-12-20,327,2.5
1972-12-20,223,1.0
1972-12-20,328,12.0
1972-08-22,181,15.666666666666666
1972-06-23,289,11.5
1972-06-23,277,6.75
1972-04-24,234,8.0
1972-04-24,206,19.0
1971-08-28,350,21.0
1971-04-30,206,20.5
1971-04-30,234,2.0
1970-09-02,319,10.5
1970-09-02,357,23.0
1970-05-05,326,13.0
1975-12-05,222,7.0
1975-02-08,222,16.0
1974-06-13,313,25.666666666666668
1974-06-13,312,16.5
1974-04-14,222,7.25
1973-06-18,308,4.666666666666667
1972-02-24,222,12.0
1971-12-26,222,4.0
1971-08-28,313,22.333333333333332
1971-06-29,313,8.25
1971-04-30,345,8.5
1971-03-01,313,9.0
1970-05-05,237,8.333333333333334
1969-09-07,350,12.333333333333334
1969-05-10,350,10.333333333333334
1969-03-11,234,6.0
1969-01-10,206,15.0
1969-01-10,234,17.0
1968-03-16,234,12.0
1967-11-17,368,16.0
1967-11-17,303,5.0
1967-09-18,340,6.0
1967-07-20,376,24.0
1966-11-22,339,2.0
1966-09-23,340,2.0
1966-07-25,373,7.0
1966-07-25,372,10.5
1966-03-27,340,13.0
1965-09-28,403,18.0
1965-07-30,385,14.0
1965-07-30,277,16.0
1965-05-31,357,14.0
1965-05-31,375,12.0
1965-04-01,385,16.0
1964-12-02,408,21.0
1964-12-02,409,22.0
1964-12-02,379,12.0
1964-10-03,304,12.0
1964-08-04,404,18.0
1964-08-04,400,18.5
1964-08-04,346,9.0
1964-06-05,346,17.333333333333332
1964-06-05,404,13.0
1964-06-05,400,14.0
1964-04-06,372,2.5
1963-12-08,429,10.0
1963-08-10,382,12.0
1963-06-11,382,12.0
1963-04-12,439,13.0
1963-04-12,340,6.5
1962-12-13,288,1.0
1962-08-15,359,3.0
1962-08-15,433,11.0
1962-08-15,460,24.0
1962-08-15,402,11.0
1962-06-16,403,17.0
1962-04-17,363,14.5
1961-08-20,475,14.0
1961-08-20,429,7.0
1961-06-21,435,33.0
1961-06-21,346,11.333333333333334
1961-06-21,483,21.0
1961-04-22,372,8.333333333333334
1960-10-24,346,5.0
1960-08-25,544,8.0
1960-08-25,476,5.0
1960-04-27,476,7.666666666666667
1969-07-09,355,14.0
1969-03-11,345,10.0
1969-01-10,345,4.0
1968-03-16,345,8.0
1967-11-17,344,17.0
1965-09-28,355,8.0
1963-12-08,410,11.0
1963-08-10,345,14.5
1963-06-11,345,9.0
1962-06-16,355,11.25
1962-04-17,434,7.0
1961-08-20,481,11.0
1960-04-27,508,20.0
1960-04-27,509,1.0
1960-04-27,518,12.0
1959-12-29,475,10.0
1959-12-29,438,14.0
1959-07-02,417,9.25
1959-07-02,431,10.0
1959-07-02,542,21.0
1959-05-03,479,7.5
1959-05-03,403,4.0
1959-05-03,522,26.0
1959-05-03,536,32.0
1959-05-03,560,21.0
1958-05-08,477,9.25
1958-05-08,529,4.0
1958-05-08,586,25.0
1957-07-12,579,4.5
1957-07-12,475,4.0
1957-07-12,429,14.0
1957-07-12,610,15.0
1957-05-13,555,4.0
1957-05-13,483,8.0
1956-07-17,641,18.0
1956-07-17,627,5.0
1956-05-18,620,23.0
1956-05-18,479,19.0
1956-03-19,625,6.0
1956-01-19,578,3.0
1955-07-23,501,18.0
1955-05-24,555,2.0
1955-03-25,647,11.0
1955-03-25,643,13.0
1954-11-25,625,16.0
1954-05-29,647,22.0
1954-05-29,682,11.0
1954-05-29,663,10.0
1954-05-29,643,10.333333333333334
1954-05-29,597,21.0
1953-08-02,627,18.0
1953-08-02,578,3.5
1953-06-03,680,7.0
1953-06-03,689,16.5
1953-06-03,670,11.25
1953-06-03,581,13.75
1953-04-04,699,11.0
1952-08-07,627,10.0
1952-08-07,578,11.5
1952-08-07,641,7.0
1952-04-09,640,6.0
1952-04-09,688,8.0
1952-04-09,501,11.0
1951-10-12,782,20.0
1951-10-12,783,16.0
1951-08-13,426,11.0
1951-06-14,723,6.0
1951-06-14,619,11.0
1951-04-15,593,21.0
1951-04-15,765,16.0
1951-04-15,704,18.0
1951-04-15,589,7.0
1950-08-18,687,7.0
1950-08-18,786,3.0
1950-06-19,686,13.0
1950-06-19,627,9.0
1950-06-19,801,6.0
1959-07-02,549,13.0
1959-05-03,355,1.5
1958-01-08,580,8.0
1956-05-18,636,14.0
1956-05-18,355,26.0
1954-05-29,521,12.0
1952-06-08,747,28.0
1952-06-08,741,8.0
1951-06-14,780,21.0
1983-04-27,159,26.8
1979-07-17,208,7.0
1976-08-01,228,14.0
1953-04-04,611,3.0
2004-09-03,3,7.25
2004-09-03,41,7.0
2004-07-05,21,5.0
2004-03-07,42,12.333333333333334
2004-01-07,21,2.0
2003-09-09,51,13.5
2003-09-09,43,14.0
2003-07-11,17,8.666666666666666
2002-09-14,21,1.3333333333333333
2002-07-16,62,11.5
2002-03-18,22,5.0
2001-09-19,58,13.5
2001-09-19,3,16.0
2001-07-21,53,19.333333333333332
2001-05-22,43,16.8
2001-05-22,56,10.2
2001-05-22,40,7.0
2001-03-23,3,17.25
2001-03-23,58,16.75
2001-01-22,59,17.0
2001-01-22,13,2.5
2000-09-24,22,16.5
2000-07-26,59,13.8
2000-07-26,13,6.6
2000-05-27,22,11.75
2000-03-28,1,17.666666666666668
2000-01-28,48,8.5
1999-09-30,36,13.5
1999-09-30,68,15.5
1999-09-30,20,12.5
1999-09-30,69,16.0
1999-08-01,63,21.0
1999-06-02,22,7.4
1999-04-03,24,10.75
1999-04-03,43,13.0
2004-05-06,16,11.5
2003-07-11,30,2.0
2003-01-12,16,17.0
2003-07-11,14,5.333333333333333
1999-04-03,56,5.75
1999-04-03,40,22.0
1998-10-05,21,17.0
1998-08-06,49,13.75
1998-08-06,34,9.75
1998-04-08,22,14.2
1997-08-11,57,18.75
1997-08-11,48,3.0
1997-08-11,80,9.75
1997-04-13,21,11.666666666666666
1997-02-12,49,15.333333333333334
1997-02-12,34,7.0
1996-06-17,78,14.25
1996-04-18,63,10.4
1995-08-22,88,14.75
1995-08-22,63,12.75
1995-06-23,13,2.5
1995-04-24,64,9.0
1995-04-24,62,13.0
1995-04-24,54,10.25
1995-02-23,21,18.0
1995-02-23,87,10.5
1994-10-26,103,8.0
1994-10-26,88,24.0
1994-08-27,70,1.25
1994-06-28,109,17.75
1994-06-28,105,12.0
1994-06-28,76,8.75
1994-06-28,94,14.0
1998-08-06,29,3.5
1998-02-07,74,18.5
1997-10-10,74,14.0
1997-02-12,29,9.333333333333334
1995-10-21,29,5.666666666666667
1994-08-27,108,14.0
1993-07-03,109,17.0
1993-07-03,76,11.0
1992-11-05,118,17.0
1992-11-05,91,16.0
1992-11-05,122,5.0
1992-11-05,83,3.0
1992-07-08,56,9.25
1992-05-09,122,14.0
1992-05-09,83,7.0
1992-05-09,118,6.0
1992-05-09,91,18.25
1992-05-09,134,32.0
1992-03-10,87,19.666666666666668
1991-09-12,87,22.75
1991-07-14,101,2.75
1991-05-15,80,15.75
1991-05-15,77,31.75
1991-05-15,86,18.75
1991-03-16,130,17.0
1991-01-15,56,13.0
1990-09-17,87,12.25
1990-09-17,100,22.5
1990-07-19,150,16.25
1990-07-19,130,20.75
1990-05-20,102,9.8
1990-03-21,113,27.0
1990-03-21,151,33.0
1990-03-21,138,23.0
1990-03-21,126,24.5
1990-01-20,113,32.0
1990-01-20,126,14.0
1989-09-22,116,10.5
1989-09-22,98,35.0
1989-09-22,146,26.0
1993-05-04,29,8.333333333333334
1992-09-06,127,26.0
1992-03-10,99,13.333333333333334
1991-09-12,99,15.0
1991-03-16,139,28.0
1991-01-15,136,3.0
1990-09-17,148,32.0
1989-07-24,76,15.0
1989-07-24,164,37.0
1989-07-24,89,34.25
1989-07-24,109,14.0
1989-07-24,94,5.25
1989-07-24,147,37.333333333333336
1989-05-25,156,16.6
1989-05-25,137,18.2
1989-03-26,111,22.0
1989-01-25,116,2.0
1988-09-27,164,27.0
1988-09-27,76,10.666666666666666
1988-09-27,109,15.0
1988-09-27,94,12.333333333333334
1988-07-29,113,18.75
1988-07-29,126,11.25
1988-05-30,165,21.4
1988-03-31,111,17.0
1987-10-03,130,20.0
1987-06-05,111,14.75
1987-04-06,162,14.666666666666666
1986-10-08,116,1.5
1986-08-09,76,10.5
1986-08-09,109,18.5
1986-08-09,178,21.0
1986-08-09,94,4.5
1986-06-10,101,9.2
1986-06-10,117,11.0
1986-04-11,116,2.75
1986-02-10,101,2.0
1985-06-15,181,15.0
1989-05-25,93,16.8
1989-05-25,158,18.2
1989-03-26,136,19.0
1988-03-31,136,11.75
1987-10-03,139,13.666666666666666
1987-08-04,139,8.4
1987-06-05,136,1.75
1987-04-06,104,8.25
1985-06-15,93,17.0
1985-04-16,76,21.333333333333332
1985-04-16,109,12.666666666666666
1985-04-16,94,5.666666666666667
1985-02-15,176,21.0
1984-10-18,116,1.0
1984-04-21,117,10.8
1984-04-21,101,12.4
1984-02-21,94,16.5
1984-02-21,109,8.0
1983-08-25,171,25.5
1983-08-25,196,17.75
1983-06-26,162,2.6666666666666665
1983-04-27,192,12.8
1983-02-26,187,9.666666666666666
1982-08-30,174,13.5
1982-08-30,195,21.0
1982-07-01,194,21.5
1982-07-01,205,10.666666666666666
1982-05-02,118,9.25
1982-03-03,157,16.5
1982-01-02,198,2.0
1982-01-02,162,3.0
1981-07-06,211,7.75
1980-09-09,109,21.0
1980-09-09,201,4.0
1980-09-09,210,15.666666666666666
1980-09-09,218,14.5
1980-09-09,94,25.0
1983-08-25,136,5.5
1983-06-26,104,19.333333333333332
1983-06-26,172,24.333333333333332
1982-01-02,172,8.0
1982-01-02,104,7.0
1981-05-07,219,30.0
1980-07-11,157,19.5
1980-07-11,221,11.25
1980-07-11,227,27.0
1980-05-12,157,18.5
1980-05-12,221,13.0
1980-05-12,226,26.0
1980-03-13,216,23.0
1980-01-13,118,14.0
1980-01-13,220,17.5
1979-11-14,176,3.0
1979-11-14,151,5.0
1979-11-14,202,12.0
1979-09-15,236,28.5
1979-09-15,118,15.5
1979-07-17,199,14.5
1979-05-18,174,13.0
1979-03-19,196,7.333333333333333
1979-03-19,206,7.333333333333333
1979-03-19,171,15.333333333333334
1979-03-19,232,12.0
1979-01-18,199,9.0
1978-09-20,221,2.5
1978-07-22,245,30.0
1978-05-23,223,15.25
1978-05-23,186,8.25
1978-03-24,221,10.666666666666666
1978-01-23,198,9.0
1978-01-23,177,7.5
1978-01-23,162,27.0
1977-11-24,199,11.0
1977-09-25,245,17.0
1977-09-25,269,21.5
1977-05-28,250,20.0
1977-05-28,231,17.0
1977-05-28,211,29.333333333333332
1977-05-28,256,21.5
1977-03-29,199,8.0
1977-01-28,236,16.0
1977-01-28,220,3.0
1977-01-28,254,12.0
1976-08-01,242,16.0
1976-08-01,230,9.333333333333334
1976-08-01,181,4.0
1976-06-02,198,17.5
1976-06-02,264,19.333333333333332
1976-06-02,177,12.0
1976-06-02,257,18.0
1976-02-03,223,11.5
1976-02-03,186,8.5
1979-03-19,136,16.0
1978-07-22,247,28.0
1977-07-27,229,13.25
1977-07-27,237,9.75
1977-05-28,222,15.25
1977-01-28,238,14.0
1975-08-07,232,16.0
1975-08-07,171,20.333333333333332
1975-08-07,196,18.333333333333332
1975-08-07,206,22.666666666666668
1975-04-09,281,14.0
1974-12-10,282,19.5
1974-12-10,199,8.5
1974-06-13,306,32.0
1974-06-13,249,15.333333333333334
1974-02-13,199,24.0
1974-02-13,279,18.0
1974-02-13,303,9.0
1973-12-15,295,17.0
1973-12-15,196,22.5
1973-12-15,232,18.0
1973-12-15,234,9.0
1973-08-17,319,26.0
1973-06-18,181,13.75
1973-06-18,242,11.0
1973-06-18,230,4.333333333333333
1973-04-19,231,14.0
1972-12-20,304,16.5
1972-12-20,329,14.0
1972-08-22,320,29.0
1972-08-22,303,3.0
1972-08-22,279,17.666666666666668
1972-06-23,337,20.5
1972-06-23,319,19.0
1972-06-23,336,23.0
1971-08-28,306,11.333333333333334
1971-08-28,351,15.0
1971-06-29,306,14.5
1971-06-29,338,23.0
1971-03-01,306,13.5
1971-03-01,338,20.5
1970-09-02,277,4.75
1970-07-04,206,17.666666666666668
1970-07-04,234,10.75
1970-05-05,360,14.0
1970-05-05,332,19.0
1970-05-05,288,9.333333333333334
1970-03-06,206,11.5
1970-03-06,234,14.5
1975-06-08,229,18.0
1975-06-08,237,17.75
1973-04-19,222,13.0
1972-08-22,308,8.0
1970-07-04,345,13.0
1970-03-06,345,15.0
1970-03-06,292,12.0
1969-09-07,351,12.0
1969-07-09,350,13.0
1968-07-14,359,10.666666666666666
1968-07-14,327,5.333333333333333
1968-07-14,377,13.0
1968-05-15,303,9.5
1967-09-18,394,8.0
1967-09-18,363,17.0
1967-07-20,346,8.666666666666666
1967-05-21,346,17.0
1967-03-22,303,1.0
1966-11-22,327,18.0
1966-09-23,363,11.5
1966-07-25,382,11.5
1966-07-25,398,18.0
1966-05-26,288,7.25
1965-07-30,357,6.0
1965-05-31,385,11.5
1965-05-31,277,12.0
1965-04-01,357,17.0
1964-12-02,288,3.0
1964-10-03,433,11.5
1964-10-03,402,13.5
1964-10-03,359,11.5
1964-08-04,431,16.0
1964-08-04,384,2.0
1964-06-05,384,7.75
1964-04-06,382,6.5
1963-12-08,385,18.0
1963-12-08,367,20.0
1963-12-08,309,21.0
1963-10-09,288,4.0
1963-08-10,372,2.0
1963-08-10,437,24.0
1963-08-10,373,13.0
1963-08-10,446,33.0
1963-06-11,372,1.25
1963-06-11,437,19.0
1963-04-12,363,8.0
1963-04-12,427,17.0
1962-12-13,409,6.0
1962-08-15,436,25.0
1962-06-16,459,23.666666666666668
1962-06-16,393,14.5
1962-04-17,340,11.0
1961-08-20,494,14.0
1961-08-20,385,14.0
1961-06-21,417,17.0
1961-06-21,384,16.0
1960-10-24,352,11.0
1960-06-26,426,15.5
1960-04-27,479,12.333333333333334
1960-04-27,403,8.333333333333334
1969-09-07,355,3.0
1969-09-07,358,7.0
1969-05-10,355,10.5
1968-09-12,355,11.333333333333334
1968-09-12,358,10.0
1968-05-15,344,6.0
1967-03-22,344,5.0
1966-07-25,345,12.0
1964-04-06,345,10.5
1963-04-12,434,14.5
1960-04-27,355,4.333333333333333
1960-04-27,536,30.0
1960-04-27,522,16.0
1959-12-29,504,21.0
1959-08-31,475,1.0
1959-07-02,346,14.25
1959-07-02,400,29.0
1959-07-02,483,8.0
1959-05-03,509,2.0
1959-05-03,518,7.0
1959-05-03,476,14.0
1958-09-05,583,14.5
1958-09-05,475,7.5
1958-07-07,578,5.333333333333333
1958-07-07,566,9.5
1958-07-07,590,3.5
1958-07-07,502,18.0
1958-05-08,402,7.0
1958-05-08,541,22.0
1958-01-08,578,3.0
1957-05-13,562,11.0
1957-05-13,417,3.0
1956-11-14,573,9.0
1956-11-14,475,8.0
1956-11-14,579,1.0
1956-05-18,626,9.0
1956-05-18,581,5.25
1956-05-18,509,20.0
1956-05-18,615,12.0
1956-03-19,483,15.0
1955-05-24,666,19.0
1955-05-24,519,5.0
1955-03-25,475,9.0
1955-03-25,579,15.0
1954-11-25,623,14.0
1954-09-26,638,11.0
1954-07-28,672,11.0
1954-05-29,475,9.5
1954-05-29,579,2.0
1954-05-29,644,14.5
1954-05-29,655,10.0
1954-05-29,679,16.0
1954-05-29,448,22.0
1954-05-29,556,25.5
1954-05-29,657,1.0
1953-11-30,672,15.0
1953-11-30,625,5.0
1953-08-02,717,14.0
1953-08-02,667,28.0
1953-08-02,660,29.0
1953-06-03,687,9.0
1953-04-04,653,10.0
1953-04-04,673,21.0
1953-04-04,675,13.0
1952-12-05,426,7.0
1952-12-05,554,6.0
1952-08-07,762,20.0
1952-08-07,717,33.0
1952-08-07,660,35.0
1952-06-08,715,18.0
1952-06-08,723,9.0
1952-04-09,729,14.0
1952-04-09,656,5.0
1952-04-09,628,26.0
1952-04-09,669,9.0
1951-08-13,589,13.0
1951-08-13,704,8.0
1951-06-14,609,18.0
1951-06-14,498,2.0
1951-06-14,774,8.0
1951-04-15,732,32.0
1951-04-15,766,1.0
1951-04-15,768,14.0
1950-08-18,626,24.0
1950-06-19,762,14.0
1950-06-19,660,11.0
1958-07-07,551,15.0
1958-07-07,478,20.0
1957-05-13,516,13.0
1957-05-13,532,32.0
1957-05-13,549,11.0
1956-07-17,580,4.0
1956-05-18,634,13.0
1956-05-18,596,23.0
1955-05-24,532,22.0
1954-05-29,526,4.0
1953-06-03,681,19.0
1953-04-04,630,16.0
1952-06-08,710,20.0
1951-06-14,741,15.333333333333334
1951-06-14,747,18.0
1998-06-07,14,14.25
1977-03-29,228,20.5
1955-03-25,652,22.0
2004-09-03,40,14.333333333333334
2004-09-03,45,17.0
2004-09-03,43,16.0
2004-07-05,7,10.75
2004-05-06,17,5.666666666666667
2004-05-06,9,7.0
2004-03-07,10,12.0
2004-01-07,7,20.0
2003-09-09,3,13.666666666666666
2003-05-12,22,2.8
2003-03-13,22,5.0
2003-01-12,17,10.0
2002-09-14,7,11.666666666666666
2002-09-14,48,13.0
2002-07-16,22,4.0
2002-05-17,12,9.5
2002-05-17,36,12.75
2002-05-17,20,9.75
2002-03-18,62,10.0
2001-09-19,43,12.0
2001-09-19,56,2.5
2001-07-21,20,7.5
2001-07-21,36,13.75
2001-05-22,58,15.6
2001-05-22,3,15.8
2001-03-23,56,14.0
2001-03-23,43,6.0
2001-01-22,1,10.5
2000-09-24,64,10.5
2000-09-24,54,16.0
2000-09-24,62,9.0
2000-07-26,1,15.0
2000-05-27,54,16.5
2000-05-27,64,14.75
2000-05-27,62,9.75
2000-03-28,13,2.25
2000-03-28,59,12.75
2000-01-28,21,8.5
1999-06-02,64,12.6
1999-06-02,62,5.5
1999-06-02,54,15.4
2004-05-06,44,15.6
2004-05-06,30,10.666666666666666
2004-03-07,29,1.0
2003-07-11,16,10.333333333333334
2003-01-12,30,2.0
2004-05-06,14,5.333333333333333
2003-01-12,14,5.0
1999-02-02,69,17.0
1999-02-02,36,6.0
1999-02-02,20,4.0
1999-02-02,68,10.0
1998-10-05,48,5.0
1998-08-06,70,5.0
1998-06-07,67,15.5
1998-06-07,55,4.25
1998-04-08,54,10.6
1998-04-08,62,14.0
1998-04-08,64,13.6
1998-02-07,63,17.5
1997-10-10,63,17.0
1997-08-11,21,15.25
1997-06-12,20,9.4
1997-04-13,80,14.0
1997-04-13,48,6.666666666666667
1997-04-13,77,10.0
1997-02-12,70,18.333333333333332
1996-06-17,13,8.0
1996-02-18,68,17.666666666666668
1996-02-18,20,14.0
1995-10-21,70,5.666666666666667
1995-06-23,78,16.0
1995-04-24,92,20.0
1995-02-23,90,20.0
1995-02-23,80,13.0
1995-02-23,86,13.0
1995-02-23,84,15.5
1995-02-23,48,14.5
1994-10-26,107,28.0
1994-08-27,49,14.0
1994-06-28,111,22.0
1994-06-28,43,10.25
1994-06-28,56,11.333333333333334
1994-04-29,69,12.0
1993-10-31,116,2.0
1994-08-27,93,12.75
1994-08-27,29,7.5
1993-09-01,78,19.333333333333332
1993-07-03,111,10.4
1993-07-03,120,17.2
1993-05-04,70,8.0
1993-03-05,54,13.0
1993-03-05,64,7.25
1992-11-05,135,12.0
1992-09-06,78,12.666666666666666
1992-09-06,121,21.0
1992-07-08,76,13.75
1992-07-08,89,30.0
1992-07-08,94,1.5
1992-07-08,109,13.25
1992-03-10,80,15.0
1992-03-10,90,15.0
1992-01-10,54,21.0
1992-01-10,64,6.0
1991-09-12,90,22.5
1991-09-12,77,27.25
1991-09-12,86,22.75
1991-09-12,80,11.75
1991-07-14,130,14.5
1991-05-15,87,19.25
1991-03-16,101,1.0
1991-01-15,76,19.0
1991-01-15,94,20.0
1991-01-15,89,15.0
1991-01-15,109,31.0
1990-09-17,77,8.5
1990-09-17,80,20.5
1990-09-17,144,4.5
1990-07-19,117,11.25
1990-07-19,101,1.25
1990-05-20,121,15.0
1990-03-21,98,32.5
1990-03-21,116,2.5
1990-03-21,146,14.5
1990-01-20,98,31.0
1990-01-20,146,15.0
1990-01-20,116,22.0
1989-09-22,161,29.0
1989-09-22,113,35.25
1989-09-22,138,14.5
1989-09-22,126,9.75
1993-05-04,108,15.0
1992-11-05,104,24.0
1992-05-09,104,6.5
1991-05-15,99,18.25
1989-07-24,111,22.75
1989-05-25,128,15.6
1989-03-26,147,33.5
1989-03-26,94,20.0
1989-03-26,109,11.5
1989-03-26,89,24.0
1989-03-26,76,23.0
1989-01-25,113,27.0
1989-01-25,161,34.0
1989-01-25,126,3.0
1988-09-27,111,11.0
1988-07-29,116,4.75
1988-07-29,98,17.25
1988-05-30,132,15.4
1988-05-30,166,27.0
1988-03-31,94,19.5
1988-03-31,109,18.0
1988-03-31,76,3.0
1988-03-31,164,21.75
1987-10-03,117,16.333333333333332
1987-10-03,101,7.333333333333333
1987-08-04,101,4.2
1987-08-04,117,14.6
1987-06-05,76,13.0
1987-06-05,109,22.25
1987-06-05,94,4.75
1987-04-06,118,16.0
1987-04-06,122,14.25
1987-04-06,83,11.0
1986-10-08,176,17.0
1986-08-09,111,16.25
1986-04-11,176,8.25
1985-10-13,165,7.0
1985-06-15,174,15.4
1989-07-24,136,14.5
1988-09-27,136,10.666666666666666
1987-04-06,155,14.5
1986-08-09,136,4.5
1986-06-10,173,13.4
1986-06-10,139,17.4
1986-02-10,139,15.0
1986-02-10,173,9.0
1989-05-25,159,34.2
1985-04-16,111,21.0
1985-04-16,171,14.666666666666666
1985-02-15,116,1.0
1984-10-18,176,22.0
1984-10-18,188,16.0
1984-08-19,183,8.0
1984-08-19,180,24.0
1984-06-20,187,21.0
1984-02-21,111,21.5
1984-02-21,171,19.0
1983-08-25,185,24.25
1983-08-25,94,11.25
1983-08-25,109,14.25
1983-06-26,118,14.0
1983-06-26,122,12.333333333333334
1983-04-27,117,14.2
1983-04-27,191,7.5
1982-08-30,181,16.5
1982-07-01,183,15.833333333333334
1982-07-01,180,18.5
1982-05-02,162,17.25
1982-05-02,135,27.0
1982-03-03,169,20.333333333333332
1982-01-02,118,21.0
1981-09-04,211,19.666666666666668
1981-05-07,211,16.25
1981-03-08,174,10.5
1981-03-08,217,30.0
1980-09-09,196,11.333333333333334
1980-09-09,171,7.333333333333333
1980-09-09,206,13.0
1985-04-16,136,12.333333333333334
1984-02-21,136,18.0
1982-07-01,204,11.333333333333334
1982-05-02,172,7.5
1982-05-02,104,14.75
1980-09-09,136,11.333333333333334
1980-07-11,175,12.5
1980-05-12,175,16.0
1980-05-12,216,24.5
1980-03-13,226,20.0
1980-03-13,157,22.5
1980-03-13,221,6.5
1980-01-13,135,26.5
1980-01-13,177,11.0
1980-01-13,162,1.0
1980-01-13,198,14.5
1979-11-14,186,20.0
1979-11-14,116,6.0
1979-11-14,223,11.0
1979-09-15,198,20.0
1979-09-15,135,18.0
1979-09-15,162,12.0
1979-09-15,177,6.5
1979-05-18,181,20.0
1979-05-18,230,19.0
1979-03-19,218,23.333333333333332
1979-03-19,201,6.333333333333333
1978-07-22,231,22.25
1978-07-22,243,32.0
1978-07-22,211,16.25
1978-05-23,202,13.5
1978-05-23,176,18.0
1978-05-23,151,14.5
1978-03-24,240,26.0
1978-01-23,118,11.5
1978-01-23,220,11.5
1977-09-25,250,20.5
1977-01-28,198,8.0
1976-11-29,186,10.5
1976-11-29,223,4.0
1976-09-30,232,14.666666666666666
1976-09-30,196,12.666666666666666
1976-09-30,206,8.333333333333334
1976-09-30,171,15.333333333333334
1976-09-30,234,17.5
1976-08-01,251,11.666666666666666
1976-06-02,220,9.0
1976-06-02,254,16.5
1976-06-02,280,27.0
1976-04-03,223,19.0
1976-04-03,186,11.333333333333334
1980-01-13,172,13.0
1979-09-15,172,11.0
1978-07-22,222,19.5
1978-01-23,238,15.5
1977-09-25,222,14.666666666666666
1977-07-27,204,23.0
1977-05-28,263,32.0
1976-09-30,284,27.0
1976-06-02,238,17.25
1975-12-05,221,5.0
1975-08-07,293,19.0
1975-06-08,249,10.5
1975-06-08,275,19.5
1975-04-09,274,18.75
1975-04-09,223,10.75
1975-04-09,186,12.5
1975-04-09,294,18.5
1975-02-08,291,13.0
1975-02-08,221,1.0
1974-08-12,186,9.0
1974-08-12,223,6.25
1974-04-14,221,2.75
1973-12-15,304,4.5
1973-08-17,199,19.0
1973-08-17,303,10.0
1973-06-18,289,12.75
1973-06-18,277,17.5
1973-04-19,305,12.75
1973-04-19,331,12.0
1973-02-18,303,5.0
1972-12-20,196,14.0
1972-12-20,234,4.5
1972-08-22,319,15.333333333333334
1972-08-22,337,23.0
1972-06-23,303,8.25
1972-06-23,279,21.0
1972-06-23,320,25.0
1972-04-24,328,20.0
1972-04-24,223,1.6666666666666667
1972-04-24,316,21.5
1972-04-24,327,8.0
1971-08-28,341,19.5
1971-08-28,326,3.3333333333333335
1971-06-29,326,7.0
1971-04-30,316,18.0
1971-04-30,327,6.0
1971-04-30,223,5.0
1971-03-01,326,11.5
1970-09-02,242,12.5
1970-07-04,356,16.0
1970-07-04,362,10.5
1970-07-04,311,22.0
1970-05-05,350,24.0
1970-03-06,356,12.0
1970-03-06,339,8.0
1975-06-08,204,16.0
1974-06-13,255,30.0
1974-06-13,237,5.75
1974-06-13,229,14.0
1973-08-17,308,7.75
1973-02-18,308,2.0
1972-06-23,308,3.0
1971-08-28,237,2.3333333333333335
1971-06-29,237,8.75
1971-03-01,237,14.0
1969-07-09,288,6.666666666666667
1969-07-09,360,7.0
1969-03-11,327,1.0
1969-03-11,359,2.0
1969-01-10,327,1.0
1969-01-10,359,5.0
1968-07-14,349,18.333333333333332
1968-05-15,357,14.25
1968-05-15,375,9.333333333333334
1968-03-16,359,6.0
1967-11-17,367,15.0
1967-11-17,277,4.0
1967-09-18,305,7.0
1967-09-18,346,8.0
1967-07-20,363,11.0
1967-07-20,392,18.0
1967-07-20,390,14.0
1967-05-21,363,10.0
1967-05-21,386,11.5
1967-03-22,357,13.0
1966-11-22,373,14.0
1966-11-22,372,16.0
1966-09-23,404,9.0
1966-09-23,346,8.5
1966-03-27,346,7.0
1965-09-28,288,5.0
1965-09-28,374,19.0
1965-07-30,303,15.0
1965-04-01,303,8.0
1964-10-03,372,8.0
1964-10-03,373,8.0
1964-08-04,340,9.5
1964-06-05,340,9.0
1964-06-05,369,25.0
1964-04-06,304,9.0
1963-12-08,361,15.0
1963-10-09,432,23.0
1963-10-09,393,19.0
1963-08-10,433,19.0
1963-08-10,402,15.5
1963-08-10,359,7.0
1963-06-11,402,20.75
1963-06-11,359,17.5
1963-04-12,400,13.0
1963-04-12,346,6.0
1963-04-12,435,20.0
1962-12-13,403,5.0
1962-08-15,424,9.0
1962-06-16,288,4.0
1962-06-16,462,20.0
1962-04-17,417,16.0
1962-04-17,384,3.0
1961-08-20,426,9.0
1961-08-20,453,4.0
1961-08-20,487,35.0
1961-08-20,428,33.0
1961-06-21,340,18.0
1961-04-22,477,16.5
1961-04-22,436,20.5
1960-10-24,340,23.0
1960-10-24,439,7.0
1960-08-25,547,17.0
1960-06-26,385,21.0
1962-12-13,472,15.0
1962-12-13,355,4.0
1962-08-15,345,26.0
1962-08-15,465,23.0
1960-04-27,517,11.0
1960-04-27,512,5.0
1959-12-29,426,3.0
1959-12-29,497,9.0
1959-10-30,502,17.0
1959-07-02,363,6.666666666666667
1959-07-02,566,11.0
1959-07-02,502,8.0
1959-07-02,386,27.0
1959-05-03,288,9.5
1959-05-03,561,23.0
1959-05-03,513,8.0
1959-05-03,550,19.0
1959-05-03,506,16.0
1958-09-05,604,18.0
1958-09-05,455,23.0
1958-07-07,346,16.666666666666668
1958-05-08,456,8.25
1958-05-08,501,6.0
1958-05-08,523,19.0
1958-05-08,537,27.0
1958-05-08,558,11.0
1957-07-12,554,10.5
1957-07-12,426,4.0
1957-05-13,592,18.0
1956-11-14,577,13.0
1956-07-17,638,7.0
1956-05-18,486,4.0
1956-05-18,498,28.0
1956-05-18,506,22.0
1956-05-18,609,12.0
1956-05-18,594,21.0
1956-05-18,612,27.0
1956-05-18,561,29.0
1956-05-18,513,15.0
1956-03-19,627,10.0
1956-03-19,578,16.0
1955-07-23,624,16.0
1955-07-23,642,21.0
1955-07-23,586,23.0
1955-07-23,633,22.0
1955-05-24,660,12.5
1955-05-24,653,3.0
1955-05-24,592,33.0
1955-05-24,631,20.0
1955-03-25,577,20.0
1955-03-25,589,6.0
1954-05-29,593,21.5
1954-05-29,525,2.0
1954-05-29,799,15.0
1953-08-02,625,27.0
1953-06-03,715,29.0
1953-06-03,713,27.0
1953-06-03,619,11.0
1952-12-05,647,1.0
1952-08-07,625,24.0
1952-06-08,738,19.0
1952-06-08,687,13.0
1952-04-09,529,24.0
1952-04-09,642,12.5
1952-04-09,651,13.0
1952-04-09,724,19.0
1951-10-12,660,13.0
1951-08-13,579,10.0
1951-06-14,626,13.5
1951-06-14,680,10.0
1951-06-14,670,21.0
1951-04-15,647,6.0
1959-07-02,478,14.5
1958-09-05,603,15.0
1956-05-18,482,14.0
1954-11-25,478,4.0
1954-09-26,580,6.0
1953-06-03,710,14.0
1953-06-03,693,9.0
1952-06-08,745,12.0
1951-10-12,580,10.0
1951-04-15,521,20.0
1950-08-18,747,8.0
1950-08-18,741,5.0
1985-06-15,159,21.5
1977-03-29,207,13.0
2004-07-05,46,16.25
2004-07-05,13,6.75
2004-01-07,46,19.0
2004-01-07,13,8.0
2003-09-09,20,11.333333333333334
2003-07-11,52,12.5
2003-07-11,22,9.666666666666666
2002-09-14,13,9.333333333333334
2002-07-16,55,12.25
2002-05-17,58,15.0
2002-03-18,17,7.0
2002-01-17,34,9.0
2002-01-17,10,11.0
2001-07-21,58,13.5
2001-07-21,3,15.75
2001-05-22,20,14.4
2001-05-22,36,11.6
2001-03-23,53,12.75
2001-01-22,21,2.5
2000-09-24,17,11.5
2000-07-26,21,8.4
2000-05-27,17,11.25
2000-03-28,48,16.25
2000-01-28,1,14.0
1999-09-30,43,20.0
1999-09-30,40,15.5
1999-09-30,24,9.0
1999-09-30,56,2.0
1999-08-01,70,10.5
1999-04-03,69,12.5
1999-04-03,68,14.0
1999-04-03,36,14.75
1999-04-03,20,8.5
2003-05-12,16,8.6
2003-03-13,16,12.0
2002-09-14,61,15.666666666666666
2002-07-16,16,15.75
2002-03-18,30,3.5
2002-03-18,65,13.75
2002-01-17,29,2.0
2002-03-18,14,11.75
2000-09-24,14,12.5
2000-05-27,14,12.0
1999-06-02,14,12.4
1998-10-05,13,3.0
1998-06-07,22,8.25
1998-02-07,34,6.0
1997-10-10,49,14.5
1997-10-10,34,8.5
1997-08-11,78,16.5
1997-06-12,76,4.5
1997-04-13,13,13.0
1996-08-16,82,12.75
1996-08-16,76,8.5
1996-06-17,48,10.5
1996-06-17,84,21.0
1996-04-18,70,6.0
1996-02-18,82,11.666666666666666
1996-02-18,76,11.0
1995-08-22,70,9.5
1995-06-23,21,9.75
1995-06-23,95,10.5
1995-06-23,87,6.0
1995-04-24,91,17.5
1995-04-24,83,12.0
1995-04-24,55,9.25
1995-02-23,13,10.5
1994-10-26,70,10.0
1994-08-27,103,13.25
1994-04-29,109,14.0
1994-04-29,105,18.0
1994-04-29,76,11.75
1994-04-29,82,18.0
1994-02-28,56,21.0
1994-02-28,43,10.0
1993-10-31,82,24.0
1993-10-31,76,5.0
1993-10-31,109,13.0
1993-09-01,87,20.666666666666668
1998-08-06,74,14.5
1998-04-08,75,15.4
1998-02-07,29,10.0
1997-10-10,29,9.5
1997-02-12,74,11.333333333333334
1994-10-26,108,17.5
1993-09-01,21,14.333333333333334
1993-09-01,123,26.0
1992-11-05,64,13.0
1992-11-05,54,4.0
1992-09-06,87,14.333333333333334
1992-07-08,98,19.25
1992-07-08,69,27.333333333333332
1992-05-09,54,11.75
1992-05-09,64,17.75
1991-09-12,102,27.333333333333332
1991-09-12,119,31.5
1991-07-14,128,21.25
1991-05-15,141,33.75
1991-05-15,121,21.0
1991-03-16,137,21.0
1991-01-15,116,2.0
1991-01-15,98,8.0
1990-09-17,102,19.75
1990-07-19,137,17.75
1990-05-20,100,23.2
1990-05-20,87,13.8
1990-03-21,89,29.0
1990-03-21,76,2.0
1990-03-21,109,22.0
1990-03-21,147,19.5
1990-03-21,94,9.5
1990-01-20,94,17.0
1990-01-20,76,18.0
1990-01-20,89,13.0
1990-01-20,109,21.0
1990-01-20,147,19.0
1989-09-22,111,13.25
1993-09-01,99,12.666666666666666
1993-03-05,104,14.25
1992-09-06,99,17.0
1992-03-10,127,28.666666666666668
1992-01-10,104,10.0
1991-09-12,127,29.5
1991-07-14,108,17.5
1991-03-16,93,10.666666666666666
1990-07-19,93,20.25
1990-05-20,148,33.4
1989-09-22,136,11.0
1989-07-24,138,15.25
1989-07-24,161,33.75
1989-07-24,113,34.75
1989-07-24,126,17.0
1989-05-25,130,16.8
1989-05-25,150,12.0
1989-03-26,116,2.0
1989-03-26,98,12.5
1989-01-25,111,12.0
1988-09-27,161,29.0
1988-09-27,126,11.666666666666666
1988-09-27,113,11.0
1988-07-29,109,21.25
1988-07-29,164,30.0
1988-07-29,76,11.25
1988-07-29,94,14.5
1988-05-30,118,17.4
1988-05-30,122,11.2
1988-03-31,116,1.25
1988-03-31,98,18.25
1987-10-03,137,17.333333333333332
1987-10-03,156,18.333333333333332
1987-08-04,156,17.8
1987-08-04,137,13.4
1987-06-05,116,6.25
1987-04-06,132,16.75
1987-04-06,166,22.75
1986-10-08,111,7.0
1986-08-09,176,11.75
1986-06-10,174,14.25
1986-04-11,171,10.5
1986-02-10,174,16.0
1985-10-13,177,21.0
1985-08-14,169,16.6
1985-08-14,175,8.2
1989-05-25,139,17.4
1989-01-25,136,20.0
1988-05-30,155,13.4
1986-10-08,136,3.0
1986-04-11,136,10.25
1985-10-13,172,15.0
1985-10-13,104,11.5
1985-06-15,139,8.0
1986-06-10,159,21.4
1986-02-10,159,22.0
1985-04-16,176,14.666666666666666
1985-02-15,94,23.0
1985-02-15,109,19.0
1985-02-15,76,14.0
1984-10-18,111,27.0
1984-10-18,171,14.0
1984-08-19,182,13.0
1984-08-19,122,11.666666666666666
1984-08-19,118,9.0
1984-06-20,169,10.25
1984-06-20,175,16.4
1984-04-21,190,23.0
1984-04-21,174,13.25
1984-02-21,176,10.0
1983-08-25,116,14.25
1983-08-25,186,16.75
1983-06-26,183,15.0
1983-06-26,180,20.333333333333332
1983-04-27,181,19.0
1983-02-26,157,11.333333333333334
1982-08-30,117,21.0
1982-08-30,191,20.5
1982-07-01,118,16.833333333333332
1982-05-02,194,23.75
1982-05-02,205,7.25
1982-01-02,183,27.0
1982-01-02,180,10.0
1981-09-04,175,17.666666666666668
1981-07-06,157,11.75
1981-05-07,175,9.666666666666666
1981-03-08,200,13.0
1980-09-09,151,20.0
1980-09-09,202,13.333333333333334
1980-09-09,176,8.0
1984-10-18,136,6.0
1984-08-19,155,14.0
1982-01-02,204,29.0
1980-07-11,211,16.25
1980-01-13,205,15.0
1979-11-14,218,21.0
1979-11-14,201,23.0
1979-09-15,205,12.0
1979-07-17,174,16.25
1979-05-18,199,13.333333333333334
1979-03-19,223,13.0
1979-03-19,186,13.666666666666666
1979-01-18,174,17.333333333333332
1978-09-20,231,21.0
1978-09-20,211,26.0
1978-05-23,206,10.0
1978-05-23,171,6.75
1978-05-23,232,12.0
1978-05-23,234,21.5
1978-03-24,231,26.333333333333332
1978-03-24,211,28.333333333333332
1978-03-24,243,28.0
1977-11-24,174,6.0
1977-11-24,239,21.0
1977-07-27,254,18.25
1977-07-27,236,18.5
1977-07-27,268,31.0
1977-07-27,220,15.75
1977-07-27,118,11.666666666666666
1977-05-28,221,17.75
1977-05-28,260,30.0
1976-06-02,249,6.0
1976-06-02,275,19.0
1976-02-03,171,11.5
1976-02-03,196,13.5
1976-02-03,206,10.5
1976-02-03,234,20.5
1976-02-03,232,14.5
1980-01-13,224,26.5
1979-09-15,229,18.5
1978-09-20,248,15.0
1978-09-20,222,18.5
1978-03-24,222,16.666666666666668
1977-09-25,272,11.0
1977-07-27,238,15.25
1977-01-28,255,15.0
1977-01-28,237,23.0
1977-01-28,229,7.0
1975-12-05,269,22.0
1975-12-05,252,11.0
1975-08-07,223,4.333333333333333
1975-08-07,186,9.5
1975-08-07,294,19.666666666666668
1975-08-07,274,19.0
1975-06-08,220,8.25
1975-06-08,244,26.0
1975-04-09,293,10.666666666666666
1974-12-10,251,15.0
1974-12-10,289,17.0
1974-08-12,218,30.0
1974-06-13,264,20.333333333333332
1974-06-13,198,9.75
1974-06-13,288,13.75
1974-04-14,305,18.25
1974-02-13,309,25.0
1973-12-15,186,15.0
1973-12-15,223,5.5
1973-08-17,181,19.666666666666668
1973-08-17,230,13.75
1973-08-17,242,14.0
1973-02-18,181,19.0
1972-08-22,289,21.333333333333332
1972-08-22,277,12.0
1972-08-22,343,12.0
1972-06-23,242,15.75
1972-06-23,181,16.75
1972-04-24,329,19.0
1972-04-24,304,15.0
1972-04-24,311,5.0
1972-02-24,305,21.0
1971-08-28,332,13.0
1971-08-28,288,13.666666666666666
1971-08-28,287,3.0
1971-06-29,288,13.25
1971-06-29,332,17.333333333333332
1971-03-01,288,15.5
1971-03-01,332,15.0
1970-09-02,279,10.25
1970-09-02,303,7.25
1970-09-02,320,6.0
1970-09-02,365,21.0
1970-07-04,223,9.0
1970-07-04,327,14.75
1970-05-05,351,16.5
1970-03-06,359,10.0
1970-03-06,327,2.0
1975-06-08,298,26.5
1970-09-02,344,7.5
1970-05-05,355,7.666666666666667
1970-05-05,358,21.0
1969-09-07,360,9.333333333333334
1969-09-07,288,8.5
1969-05-10,360,9.333333333333334
1969-05-10,288,4.666666666666667
1969-01-10,339,16.0
1968-09-12,360,12.333333333333334
1968-09-12,288,2.3333333333333335
1968-07-14,234,3.3333333333333335
1968-05-15,277,9.333333333333334
1968-03-16,311,3.0
1967-11-17,357,3.0
1967-07-20,340,2.5
1967-07-20,369,10.0
1967-07-20,261,5.0
1967-05-21,340,11.0
1967-03-22,385,19.0
1967-03-22,277,3.0
1966-11-22,292,7.0
1966-11-22,382,5.0
1966-09-23,384,15.0
1966-07-25,402,21.0
1966-07-25,327,11.5
1966-03-27,384,2.0
1965-05-31,303,9.0
1964-08-04,363,11.0
1964-06-05,363,7.5
1964-04-06,402,8.5
1964-04-06,359,10.5
1963-12-08,407,7.0
1963-10-09,403,24.0
1963-08-10,447,7.0
1963-08-10,304,10.0
1963-08-10,436,30.0
1963-06-11,436,19.25
1963-06-11,304,8.0
1963-04-12,384,23.5
1962-08-15,372,11.0
1962-08-15,456,18.0
1962-08-15,469,10.0
1962-08-15,437,19.0
1962-06-16,444,30.0
1962-04-17,400,7.5
1962-04-17,346,6.0
1961-08-20,489,12.0
1961-08-20,443,31.0
1961-08-20,455,30.0
1961-06-21,427,21.0
1961-06-21,363,5.333333333333333
1961-04-22,402,2.0
1961-04-22,359,12.0
1960-10-24,363,20.0
1960-08-25,500,13.0
1960-06-26,475,8.0
1960-06-26,375,16.0
1960-04-27,288,5.666666666666667
1969-09-07,371,17.0
1968-07-14,345,8.333333333333334
1966-11-22,345,12.0
1966-05-26,355,1.75
1966-05-26,387,7.0
1965-07-30,405,17.0
1965-04-01,405,10.0
1964-12-02,355,8.0
1964-10-03,345,10.0
1963-10-09,355,2.0
1961-08-20,491,36.0
1961-08-20,454,17.0
1961-06-21,478,21.0
1961-06-21,434,17.0
1960-06-26,481,6.0
1960-04-27,482,3.0
1960-04-27,513,6.0
1960-04-27,506,17.0
1959-08-31,426,9.0
1959-07-02,568,22.0
1959-05-03,517,31.0
1959-05-03,512,3.0
1959-05-03,557,15.0
1958-09-05,426,19.0
1958-09-05,554,16.0
1958-05-08,564,8.0
1958-05-08,588,29.0
1958-05-08,585,21.0
1957-07-12,577,5.5
1957-05-13,590,6.5
1957-05-13,578,9.0
1957-05-13,618,11.0
1956-11-14,607,6.0
1956-11-14,554,2.0
1956-07-17,346,20.0
1956-07-17,483,19.0
1956-05-18,619,11.0
1956-05-18,547,9.5
1956-05-18,512,32.0
1956-01-19,623,6.0
1955-07-23,648,11.0
1955-07-23,608,3.0
1955-05-24,641,9.5
1955-05-24,578,8.333333333333334
1955-05-24,627,9.0
1955-05-24,650,10.0
1955-03-25,607,6.5
1955-03-25,554,6.5
1955-03-25,426,1.0
1954-09-26,650,14.0
1954-09-26,578,1.0
1954-09-26,627,7.0
1954-07-28,578,8.0
1954-07-28,627,8.0
1954-07-28,641,6.0
1954-05-29,554,11.333333333333334
1954-05-29,428,7.0
1954-05-29,426,5.0
1954-05-29,528,7.0
1954-05-29,520,23.0
1954-05-29,805,30.0
1954-05-29,613,19.0
1953-11-30,627,16.0
1953-11-30,578,11.0
1953-06-03,486,17.0
1953-06-03,498,8.4
1953-04-04,555,14.5
1952-12-05,579,11.0
1952-08-07,746,17.5
1952-08-07,759,13.0
1952-08-07,744,13.0
1952-06-08,626,12.25
1952-06-08,581,16.666666666666668
1952-06-08,689,14.0
1952-04-09,658,11.0
1952-04-09,629,9.0
1951-10-12,627,7.0
1951-10-12,641,14.0
1951-08-13,647,1.0
1951-06-14,687,16.0
1951-06-14,786,6.0
1951-04-15,657,29.0
1951-04-15,448,27.0
1951-04-15,475,8.0
1951-04-15,579,1.0
1950-08-18,802,2.0
1958-07-07,549,14.0
1957-05-13,478,18.0
1954-09-26,478,12.0
1954-07-28,478,7.333333333333333
1953-08-02,721,17.0
1952-06-08,751,7.0
1951-04-15,526,23.0
1998-04-08,14,13.6
1984-04-21,159,18.4
1975-06-08,301,21.0
1957-05-13,611,1.0
1955-05-24,611,19.0
2004-09-03,21,6.0
2004-07-05,3,8.0
2004-07-05,41,9.0
2004-03-07,31,12.666666666666666
2004-03-07,22,11.0
2004-01-07,3,3.0
2003-09-09,48,11.666666666666666
2003-09-09,7,2.6666666666666665
2003-05-12,49,14.8
2003-05-12,34,14.2
2003-03-13,34,15.75
2003-03-13,49,14.0
2003-01-12,50,16.0
2002-07-16,10,11.75
2002-07-16,18,17.5
2002-07-16,34,15.0
2002-05-17,13,8.5
2002-01-17,55,10.0
2001-09-19,21,10.0
2001-07-21,13,9.25
2001-05-22,57,16.0
2001-05-22,48,11.75
2001-05-22,7,7.2
2001-03-23,21,11.0
2001-01-22,53,9.0
2000-03-28,20,8.0
2000-03-28,36,16.0
2000-01-28,56,15.5
2000-01-28,24,13.5
2000-01-28,40,7.5
1999-06-02,70,12.0
1999-04-03,48,9.75
2003-05-12,29,2.6
2003-03-13,29,5.5
2002-07-16,29,1.25
2002-05-17,61,17.333333333333332
2002-01-17,16,10.0
2001-07-21,61,15.0
1999-08-01,14,9.5
1999-02-02,13,18.0
1998-10-05,73,16.0
1998-08-06,64,17.0
1998-08-06,62,17.5
1998-08-06,54,6.25
1998-06-07,63,16.25
1998-04-08,70,11.0
1998-02-07,67,19.5
1998-02-07,55,6.0
1997-10-10,55,4.0
1997-08-11,56,14.5
1997-08-11,43,6.0
1997-06-12,13,10.2
1997-04-13,76,13.0
1997-02-12,64,10.666666666666666
1997-02-12,54,9.0
1997-02-12,62,11.0
1996-08-16,13,13.0
1996-06-17,68,19.0
1996-06-17,20,15.5
1996-02-18,13,12.666666666666666
1995-10-21,54,12.333333333333334
1995-10-21,62,7.666666666666667
1995-10-21,64,6.333333333333333
1995-04-24,49,20.333333333333332
1995-02-23,89,12.5
1995-02-23,76,4.5
1994-10-26,114,24.5
1994-08-27,92,19.0
1994-06-28,21,16.75
1994-06-28,100,14.5
1994-04-29,13,11.0
1994-04-29,102,13.0
1994-02-28,78,12.5
1994-02-28,106,19.0
1995-04-24,93,11.25
1995-04-24,29,8.25
1994-10-26,104,17.0
1994-10-26,115,15.0
1994-06-28,99,11.5
1993-07-03,87,19.0
1993-07-03,21,16.8
1993-05-04,54,15.0
1993-05-04,64,16.666666666666668
1993-03-05,70,10.75
1992-11-05,130,6.0
1992-09-06,126,19.0
1992-07-08,80,18.0
1992-07-08,90,18.0
1992-05-09,130,19.75
1992-05-09,107,21.0
1992-03-10,109,17.666666666666668
1992-03-10,89,31.0
1992-03-10,76,10.666666666666666
1992-03-10,94,1.0
1992-01-10,128,14.0
1991-09-12,89,13.0
1991-09-12,94,10.25
1991-09-12,76,11.5
1991-09-12,109,15.0
1991-05-15,56,17.0
1991-03-16,118,12.666666666666666
1991-03-16,91,12.333333333333334
1991-03-16,122,8.0
1991-03-16,83,17.666666666666668
1991-01-15,86,22.0
1991-01-15,80,24.0
1991-01-15,77,7.0
1990-09-17,76,10.75
1990-09-17,89,17.75
1990-09-17,94,4.75
1990-09-17,109,20.5
1990-07-19,122,11.75
1990-07-19,91,31.25
1990-07-19,118,9.0
1990-05-20,151,35.0
1990-05-20,113,28.8
1990-05-20,126,26.6
1990-05-20,138,22.4
1990-03-21,102,18.5
1990-03-21,149,35.0
1990-01-20,149,34.0
1990-01-20,102,8.0
1989-09-22,157,13.0
1989-09-22,121,20.25
1993-07-03,99,19.4
1993-03-05,108,11.0
1992-01-10,108,18.0
1991-07-14,104,28.25
1991-05-15,136,7.5
1989-07-24,87,37.0
1989-07-24,133,39.0
1989-05-25,54,12.0
1989-05-25,64,16.333333333333332
1989-03-26,77,22.0
1989-03-26,144,5.5
1989-01-25,121,19.0
1989-01-25,157,16.0
1988-09-27,87,16.0
1988-07-29,140,24.5
1988-05-30,137,13.0
1988-03-31,77,23.5
1988-03-31,144,12.25
1987-10-03,83,22.0
1987-10-03,122,9.0
1987-10-03,118,7.666666666666667
1987-08-04,122,8.6
1987-08-04,118,17.2
1987-08-04,83,15.6
1987-06-05,144,18.0
1987-04-06,117,16.0
1987-04-06,101,8.0
1986-06-10,162,6.2
1986-06-10,177,16.8
1986-02-10,177,24.0
1986-02-10,162,4.0
1985-10-13,174,20.0
1985-08-14,94,7.8
1985-08-14,76,12.0
1985-08-14,178,13.0
1985-08-14,185,20.5
1985-08-14,109,19.5
1988-05-30,93,16.5
1988-05-30,158,18.4
1987-10-03,155,6.333333333333333
1987-08-04,155,12.6
1986-06-10,104,11.4
1986-02-10,104,12.0
1986-02-10,172,8.0
1985-10-13,159,16.5
1984-10-18,157,17.0
1984-08-19,181,2.3333333333333335
1984-06-20,76,12.0
1984-06-20,94,11.2
1984-06-20,178,17.6
1984-06-20,109,14.6
1984-04-21,162,3.4
1984-04-21,184,14.0
1983-08-25,187,20.0
1983-06-26,117,21.0
1983-04-27,122,12.666666666666666
1983-04-27,118,16.2
1983-02-26,193,21.333333333333332
1983-02-26,171,4.333333333333333
1983-02-26,196,16.666666666666668
1982-08-30,180,21.0
1982-08-30,183,11.5
1982-07-01,181,4.2
1982-03-03,116,11.0
1982-03-03,186,4.0
1982-01-02,117,20.0
1982-01-02,191,17.0
1982-01-02,199,12.0
1981-09-04,94,11.0
1981-09-04,201,11.333333333333334
1981-09-04,109,10.666666666666666
1981-07-06,171,6.0
1981-07-06,196,10.0
1981-07-06,193,16.25
1981-07-06,206,11.0
1981-05-07,201,8.0
1981-05-07,94,8.25
1981-05-07,109,18.25
1981-05-07,218,18.333333333333332
1981-03-08,205,27.0
1984-08-19,93,27.0
1984-04-21,104,14.2
1984-04-21,172,4.4
1983-02-26,136,6.0
1982-08-30,204,17.0
1981-07-06,136,6.0
1980-07-11,223,16.25
1980-07-11,186,15.5
1980-07-11,116,7.5
1980-05-12,116,20.0
1980-05-12,223,9.5
1980-05-12,186,14.0
1980-03-13,151,17.0
1980-03-13,202,10.5
1980-03-13,176,9.0
1979-11-14,175,15.0
1979-11-14,216,7.0
1979-07-17,162,17.25
1979-07-17,135,18.25
1979-07-17,177,3.0
1979-07-17,198,17.5
1979-03-19,231,24.0
1979-03-19,211,16.333333333333332
1979-01-18,135,17.333333333333332
1979-01-18,177,13.666666666666666
1979-01-18,162,17.333333333333332
1979-01-18,198,3.3333333333333335
1978-09-20,186,20.0
1978-09-20,223,13.5
1978-07-22,201,17.5
1978-07-22,218,18.25
1978-07-22,210,27.666666666666668
1978-05-23,221,12.25
1978-03-24,223,13.666666666666666
1978-03-24,186,15.333333333333334
1978-01-23,199,13.5
1977-11-24,198,7.0
1977-11-24,177,20.0
1977-09-25,210,12.0
1977-09-25,218,23.5
1977-07-27,181,1.5
1977-07-27,230,17.5
1977-05-28,265,35.0
1977-05-28,232,9.25
1977-05-28,171,8.25
1977-05-28,196,12.5
1977-05-28,206,11.5
1977-03-29,198,8.333333333333334
1977-03-29,177,12.333333333333334
1977-03-29,257,12.0
1976-09-30,245,13.0
1976-06-02,279,24.0
1976-06-02,199,13.25
1976-06-02,282,29.0
1976-06-02,270,26.5
1976-02-03,221,8.5
1980-01-13,139,27.0
1979-07-17,172,13.25
1979-03-19,222,19.333333333333332
1979-01-18,172,13.666666666666666
1976-08-01,255,22.0
1976-08-01,237,8.0
1976-08-01,229,9.333333333333334
1975-08-07,231,11.0
1975-06-08,230,4.5
1975-06-08,181,3.5
1974-12-10,287,13.5
1974-12-10,288,11.0
1974-12-10,198,5.5
1974-08-12,318,23.5
1974-06-13,277,31.0
1974-06-13,251,14.5
1974-02-13,198,1.0
1974-02-13,288,12.0
1973-12-15,231,21.0
1973-06-18,326,2.75
1973-04-19,196,14.0
1973-04-19,234,13.75
1972-12-20,305,12.5
1972-08-22,198,17.666666666666668
1972-08-22,332,22.666666666666668
1972-08-22,288,8.0
1972-06-23,220,20.0
1971-08-28,343,25.0
1971-08-28,277,9.333333333333334
1971-06-29,277,12.666666666666666
1971-04-30,340,6.0
1971-03-01,277,4.0
1970-09-02,351,15.666666666666666
1970-07-04,363,8.5
1970-05-05,279,5.666666666666667
1970-05-05,320,17.0
1970-05-05,303,4.0
1975-08-07,222,7.666666666666667
1973-12-15,222,2.5
1973-08-17,312,20.25
1973-08-17,313,14.0
1973-06-18,237,9.0
1972-06-23,313,14.0
1970-09-02,355,12.25
1970-07-04,222,6.0
1970-05-05,344,5.666666666666667
1969-07-09,357,5.0
1969-05-10,277,8.0
1969-03-11,261,14.0
1969-03-11,340,5.0
1969-01-10,340,11.0
1969-01-10,261,7.0
1968-09-12,277,13.0
1968-09-12,381,17.0
1968-05-15,288,10.25
1968-05-15,360,9.75
1968-05-15,374,4.0
1968-03-16,340,7.0
1967-09-18,234,11.0
1967-07-20,370,15.0
1967-03-22,360,8.0
1967-03-22,288,2.0
1966-07-25,363,12.0
1966-07-25,386,7.5
1966-05-26,303,8.0
1966-05-26,395,11.0
1966-03-27,382,16.0
1965-09-28,357,9.0
1965-07-30,393,22.0
1965-05-31,403,12.75
1964-12-02,407,11.0
1964-10-03,384,7.0
1964-08-04,359,7.5
1964-08-04,402,11.0
1964-06-05,402,11.5
1964-06-05,359,11.5
1964-04-06,363,13.0
1964-04-06,427,19.0
1963-10-09,450,22.0
1963-10-09,407,21.0
1963-08-10,439,9.0
1963-08-10,340,14.5
1963-06-11,439,7.5
1963-06-11,340,5.75
1962-08-15,346,9.5
1962-08-15,400,15.0
1962-06-16,466,14.0
1962-06-16,429,10.0
1962-06-16,375,12.5
1962-04-17,372,9.5
1962-04-17,456,14.0
1961-08-20,403,12.5
1961-08-20,479,4.0
1961-08-20,480,39.0
1961-06-21,460,22.0
1961-06-21,402,4.666666666666667
1961-06-21,359,6.333333333333333
1961-06-21,484,31.0
1961-04-22,363,7.0
1960-10-24,484,19.0
1960-10-24,541,21.0
1960-10-24,359,3.0
1960-10-24,402,6.0
1960-08-25,385,2.0
1960-04-27,385,6.0
1967-09-18,345,8.0
1966-09-23,345,7.5
1966-05-26,344,10.0
1966-05-26,397,18.0
1966-03-27,345,10.0
1965-07-30,401,18.0
1965-05-31,355,12.5
1963-12-08,355,13.0
1963-10-09,344,15.0
1963-04-12,345,14.0
1962-06-16,445,21.0
1961-08-20,355,19.0
1961-08-20,440,10.0
1961-04-22,434,21.0
1961-04-22,478,12.0
1960-04-27,533,27.0
1960-04-27,494,7.0
1959-12-29,403,6.0
1959-10-30,477,8.0
1959-07-02,436,14.0
1959-07-02,477,14.0
1959-05-03,475,9.0
1959-05-03,429,10.0
1959-05-03,563,28.0
1959-05-03,448,1.0
1959-05-03,510,5.0
1959-05-03,538,13.0
1959-05-03,556,14.0
1959-05-03,375,20.0
1958-09-05,476,19.0
1958-07-07,430,6.0
1958-05-08,417,17.5
1958-05-08,562,25.0
1957-07-12,479,8.6
1957-07-12,620,17.0
1957-05-13,541,12.0
1956-11-14,476,6.0
1956-11-14,581,10.0
1956-07-17,456,14.0
1956-07-17,501,12.0
1956-07-17,606,15.5
1956-07-17,640,7.0
1956-05-18,475,9.8
1956-05-18,579,4.666666666666667
1956-05-18,556,24.0
1956-05-18,538,28.0
1956-05-18,595,16.0
1956-05-18,448,8.0
1956-03-19,624,5.0
1955-07-23,650,15.0
1955-07-23,578,10.0
1955-07-23,641,2.0
1955-05-24,608,10.75
1955-05-24,648,9.333333333333334
1955-05-24,658,26.0
1955-03-25,626,16.0
1954-11-25,642,2.5
1954-11-25,633,15.5
1954-09-26,648,5.0
1954-07-28,648,9.0
1954-07-28,691,12.0
1954-05-29,689,31.0
1954-05-29,626,15.0
1954-05-29,581,26.0
1954-05-29,670,8.0
1954-05-29,680,13.0
1954-05-29,518,9.5
1954-05-29,509,24.0
1954-05-29,615,6.0
1953-11-30,671,14.0
1953-08-02,501,9.0
1953-08-02,640,15.5
1953-08-02,456,25.0
1953-08-02,632,18.0
1953-06-03,647,5.333333333333333
1953-06-03,663,15.0
1953-06-03,643,19.5
1953-04-04,659,23.0
1953-04-04,654,17.0
1952-12-05,496,14.0
1952-08-07,688,13.0
1952-08-07,749,31.0
1952-08-07,640,27.0
1952-08-07,632,15.0
1952-06-08,426,18.0
1952-06-08,554,10.0
1952-04-09,699,25.0
1952-04-09,641,1.0
1952-04-09,627,20.0
1951-08-13,609,6.0
1951-08-13,498,2.0
1951-06-14,589,13.75
1951-06-14,704,8.0
1951-04-15,728,33.0
1951-04-15,723,11.0
1950-08-18,579,14.0
1960-04-27,521,15.0
1959-12-29,355,16.0
1959-05-03,527,17.0
1958-05-08,516,14.0
1957-07-12,355,12.333333333333334
1956-05-18,526,31.0
1954-05-29,596,18.0
1953-06-03,716,32.0
1952-04-09,731,19.0
1951-10-12,697,5.0
1982-07-01,208,12.0
1982-05-02,207,29.5
1976-06-02,228,19.0
1952-04-09,611,3.0
1951-04-15,772,31.0
2004-09-03,1,14.75
2004-07-05,20,7.0
2004-07-05,12,11.25
2004-05-06,42,14.333333333333334
2004-01-07,12,15.0
2004-01-07,20,10.0
2003-09-09,13,10.333333333333334
2003-09-09,46,11.0
2003-07-11,34,13.0
2003-07-11,49,13.666666666666666
2003-01-12,42,18.0
2002-09-14,20,9.333333333333334
2002-09-14,12,18.0
2002-09-14,36,16.666666666666668
2002-05-17,7,10.0
2002-05-17,48,12.5
2002-01-17,22,8.5
2001-09-19,1,7.5
2001-07-21,48,13.0
2001-07-21,7,12.5
2001-07-21,57,13.666666666666666
2001-05-22,13,8.6
2001-03-23,1,6.25
2001-01-22,43,14.0
2001-01-22,56,11.5
2000-07-26,56,5.0
2000-07-26,24,11.2
2000-07-26,40,10.6
1999-09-30,21,6.5
1999-08-01,54,12.75
1999-08-01,62,9.0
1999-08-01,64,11.0
2004-03-07,16,13.666666666666666
2003-07-11,29,6.333333333333333
1999-04-03,13,9.0
1999-02-02,48,2.0
1998-10-05,20,8.0
1998-06-07,49,14.75
1998-06-07,34,5.0
1998-02-07,22,20.5
1997-10-10,22,14.5
1997-10-10,81,14.0
1997-06-12,80,15.5
1997-06-12,48,13.0
1997-06-12,57,16.5
1997-04-13,20,6.333333333333333
1997-02-12,79,23.0
1996-08-16,48,11.25
1996-06-17,82,13.75
1996-06-17,76,7.5
1996-04-18,62,13.2
1996-04-18,54,8.0
1996-04-18,64,9.4
1996-02-18,48,13.0
1996-02-18,57,19.0
1996-02-18,84,17.0
1995-08-22,54,10.25
1995-08-22,62,9.0
1995-08-22,64,5.0
1995-08-22,85,18.5
1995-06-23,56,15.0
1995-06-23,43,8.75
1995-04-24,63,17.25
1995-04-24,88,17.75
1995-02-23,68,19.5
1994-10-26,64,24.0
1994-10-26,62,13.0
1994-10-26,54,4.5
1994-08-27,83,13.75
1994-08-27,91,27.0
1994-08-27,55,9.5
1994-08-27,110,15.333333333333334
1994-06-28,78,14.25
1994-04-29,80,19.5
1994-04-29,48,19.5
1994-04-29,86,9.75
1994-04-29,84,27.0
1994-04-29,90,15.0
1994-04-29,77,2.0
1994-02-28,87,19.0
1994-02-28,100,17.5
1994-02-28,21,3.5
1993-10-31,86,9.0
1993-10-31,90,15.0
1998-06-07,29,2.5
1998-04-08,74,11.6
1997-02-12,75,15.0
1995-10-21,75,10.0
1994-02-28,99,7.5
1993-09-01,56,12.5
1993-09-01,111,9.5
1993-09-01,120,3.0
1993-07-03,78,16.2
1992-11-05,124,15.0
1992-11-05,128,26.0
1992-09-06,56,15.333333333333334
1992-05-09,128,13.5
1992-05-09,70,29.25
1992-03-10,98,13.333333333333334
1992-01-10,107,27.0
1992-01-10,130,29.0
1991-09-12,98,20.5
1991-09-12,69,12.666666666666666
1991-09-12,116,9.0
1991-09-12,142,29.0
1991-07-14,54,11.0
1991-07-14,64,7.0
1991-05-15,138,21.0
1991-05-15,126,15.75
1991-03-16,132,28.333333333333332
1991-01-15,140,30.0
1991-01-15,102,26.0
1990-09-17,116,7.75
1990-09-17,98,23.75
1990-09-17,146,28.0
1990-07-19,132,9.25
1990-05-20,111,14.2
1990-03-21,144,6.5
1990-03-21,77,10.5
1990-03-21,80,14.0
1990-01-20,77,25.0
1990-01-20,144,11.0
1990-01-20,80,29.0
1989-09-22,87,35.25
1989-09-22,133,38.75
1993-05-04,104,24.666666666666668
1992-11-05,108,14.0
1992-07-08,127,22.5
1992-05-09,108,9.5
1991-01-15,127,34.0
1990-05-20,136,8.6
1989-07-24,157,15.5
1989-07-24,121,16.5
1989-05-25,162,20.0
1989-05-25,160,35.8
1989-01-25,87,36.0
1988-09-27,157,17.333333333333332
1988-09-27,121,15.666666666666666
1988-07-29,144,15.0
1988-07-29,77,22.75
1988-05-30,101,1.2
1988-05-30,117,13.0
1988-05-30,145,24.0
1988-03-31,140,26.75
1987-10-03,166,18.666666666666668
1987-10-03,132,18.666666666666668
1987-08-04,132,22.0
1987-08-04,166,20.4
1987-06-05,169,12.5
1987-04-06,156,15.5
1987-04-06,137,7.0
1986-08-09,121,21.0
1986-06-10,165,13.2
1986-02-10,165,7.0
1985-08-14,116,2.2
1985-08-14,186,7.0
1985-06-15,184,9.4
1989-05-25,104,17.333333333333332
1985-10-13,139,4.5
1985-06-15,172,9.0
1985-06-15,104,6.0
1985-04-16,157,13.666666666666666
1984-08-19,101,23.0
1984-08-19,117,15.333333333333334
1984-06-20,116,9.4
1984-04-21,189,17.0
1984-02-21,157,15.0
1983-08-25,175,11.25
1983-06-26,181,8.666666666666666
1983-04-27,180,15.8
1983-04-27,183,12.6
1983-02-26,176,14.333333333333334
1983-02-26,151,19.333333333333332
1982-08-30,118,21.5
1982-07-01,191,18.2
1982-07-01,117,18.333333333333332
1982-07-01,199,15.666666666666666
1982-05-02,195,18.75
1982-03-03,109,16.333333333333332
1982-03-03,201,9.666666666666666
1982-03-03,94,5.0
1982-01-02,181,4.0
1981-09-04,116,5.666666666666667
1981-09-04,186,8.0
1981-09-04,215,28.0
1981-07-06,176,21.666666666666668
1981-07-06,202,19.25
1981-07-06,151,16.75
1981-05-07,215,21.75
1981-05-07,116,14.25
1981-05-07,186,5.25
1981-03-08,135,20.0
1981-03-08,198,2.0
1981-03-08,162,10.75
1981-03-08,177,4.75
1981-03-08,213,25.0
1980-09-09,157,16.666666666666668
1980-09-09,221,15.0
1981-03-08,172,16.0
1981-03-08,104,16.0
1980-07-11,210,19.0
1980-07-11,201,19.75
1980-07-11,94,19.0
1980-07-11,218,14.75
1980-05-12,218,19.0
1980-05-12,201,6.5
1980-03-13,206,19.0
1980-03-13,196,12.5
1980-03-13,171,14.0
1979-09-15,174,19.5
1979-07-17,205,8.0
1979-05-18,118,16.333333333333332
1979-05-18,220,5.0
1979-01-18,205,16.333333333333332
1978-09-20,218,8.0
1978-09-20,201,8.5
1978-07-22,186,5.0
1978-07-22,223,5.25
1978-03-24,210,22.666666666666668
1978-03-24,218,13.333333333333334
1978-03-24,201,9.666666666666666
1978-01-23,242,9.0
1978-01-23,181,10.5
1978-01-23,230,20.5
1977-09-25,186,17.0
1977-09-25,223,16.0
1977-07-27,270,33.0
1977-07-27,199,12.75
1977-07-27,267,24.0
1977-05-28,258,19.75
1977-05-28,202,11.0
1977-01-28,251,21.0
1976-11-29,250,14.5
1976-09-30,221,6.0
1976-08-01,264,27.0
1976-08-01,198,18.666666666666668
1976-08-01,177,13.0
1976-06-02,181,13.25
1976-06-02,242,6.0
1976-06-02,230,4.25
1976-04-03,231,21.666666666666668
1976-02-03,252,22.0
1976-02-03,276,17.0
1980-03-13,136,9.0
1979-11-14,222,10.0
1979-07-17,229,12.0
1979-07-17,235,20.666666666666668
1977-11-24,237,5.0
1977-11-24,229,18.0
1977-03-29,237,13.333333333333334
1977-03-29,229,18.0
1976-11-29,222,12.0
1976-04-03,222,9.0
1975-12-05,206,20.0
1975-12-05,171,18.0
1975-12-05,196,15.0
1975-12-05,232,4.0
1975-12-05,234,8.0
1975-06-08,199,13.0
1975-04-09,250,19.0
1975-04-09,231,22.0
1975-02-08,171,18.0
1975-02-08,196,22.0
1975-02-08,206,17.0
1975-02-08,290,11.0
1975-02-08,292,14.0
1975-02-08,234,12.0
1974-08-12,231,16.25
1974-08-12,250,26.0
1974-06-13,319,25.0
1974-04-14,234,17.0
1974-04-14,315,27.0
1974-04-14,196,9.0
1974-04-14,232,17.666666666666668
1974-04-14,295,17.0
1973-08-17,249,15.75
1973-08-17,306,11.5
1973-06-18,288,13.0
1973-06-18,198,11.0
1973-06-18,332,22.0
1973-04-19,258,20.0
1973-02-18,249,12.0
1973-02-18,306,10.0
1972-08-22,341,18.0
1972-08-22,326,14.333333333333334
1972-06-23,249,18.25
1972-06-23,306,5.0
1972-02-24,292,26.0
1972-02-24,234,8.0
1972-02-24,206,4.0
1971-12-26,206,16.0
1971-12-26,234,3.0
1971-08-28,319,8.0
1971-08-28,336,15.666666666666666
1971-06-29,336,11.0
1971-06-29,319,12.75
1971-04-30,297,8.0
1971-03-01,319,15.5
1970-09-02,350,27.0
1970-07-04,340,13.666666666666666
1970-07-04,261,14.0
1970-05-05,242,15.0
1970-03-06,340,10.5
1970-03-06,261,19.0
1975-04-09,222,8.0
1974-12-10,229,16.0
1974-12-10,237,17.0
1974-08-12,222,7.5
1974-06-13,266,21.75
1974-02-13,237,26.0
1974-02-13,229,10.0
1972-08-22,237,9.666666666666666
1972-04-24,222,13.333333333333334
1971-04-30,222,8.5
1970-09-02,313,14.666666666666666
1969-09-07,357,5.666666666666667
1969-07-09,277,12.0
1969-05-10,357,12.0
1968-09-12,375,11.0
1968-09-12,357,14.666666666666666
1968-07-14,346,12.5
1968-07-14,305,12.333333333333334
1967-11-17,288,2.0
1967-11-17,374,23.0
1967-11-17,332,19.0
1967-09-18,373,9.5
1967-09-18,372,1.0
1967-07-20,359,13.333333333333334
1967-07-20,327,15.0
1967-05-21,359,15.333333333333334
1967-05-21,327,8.5
1966-11-22,346,15.0
1966-09-23,372,9.0
1966-09-23,373,9.0
1966-07-25,340,8.0
1966-05-26,396,16.0
1966-03-27,372,8.0
1966-03-27,373,11.0
1965-09-28,381,11.0
1965-09-28,385,4.0
1965-07-30,403,9.0
1964-12-02,361,10.0
1964-10-03,400,12.5
1964-10-03,346,16.5
1964-10-03,404,13.0
1964-08-04,339,23.0
1964-08-04,304,13.5
1964-06-05,304,16.666666666666668
1964-04-06,340,8.5
1963-08-10,363,14.5
1963-06-11,427,10.0
1963-06-11,363,9.0
1963-04-12,437,15.0
1963-04-12,372,4.5
1962-12-13,407,3.0
1962-08-15,417,9.0
1962-08-15,384,8.0
1962-06-16,385,9.5
1962-04-17,424,21.0
1961-08-20,432,18.0
1961-08-20,476,27.0
1961-08-20,393,18.0
1961-06-21,488,30.0
1961-06-21,436,13.333333333333334
1961-04-22,340,7.666666666666667
1960-10-24,436,18.0
1960-06-26,288,16.666666666666668
1960-06-26,486,23.0
1960-06-26,500,15.5
1960-06-26,506,8.0
1960-04-27,475,7.666666666666667
1960-04-27,375,6.0
1960-04-27,429,8.0
1960-04-27,510,3.0
1960-04-27,448,2.0
1965-07-30,355,5.0
1965-04-01,355,11.0
1964-12-02,405,9.0
1963-06-11,434,20.0
1962-04-17,345,17.0
1960-06-26,482,6.0
1960-04-27,481,7.0
1960-04-27,538,32.0
1959-12-29,476,5.0
1959-10-30,402,12.0
1959-10-30,359,1.0
1959-08-31,479,21.0
1959-08-31,403,19.0
1959-07-02,402,6.333333333333333
1959-07-02,359,6.75
1959-07-02,541,9.666666666666666
1959-07-02,484,22.0
1959-07-02,570,26.0
1959-05-03,533,6.0
1959-05-03,552,23.0
1959-05-03,553,24.0
1958-09-05,479,10.5
1958-07-07,501,8.666666666666666
1958-07-07,456,4.666666666666667
1958-05-08,346,8.75
1958-05-08,555,18.0
1958-05-08,483,13.0
1958-01-08,501,6.0
1957-07-12,581,7.5
1957-07-12,476,3.0
1957-07-12,459,15.0
1957-05-13,529,15.0
1957-05-13,614,19.0
1957-05-13,586,20.0
1956-05-18,597,18.0
1956-05-18,533,30.0
1956-03-19,608,7.5
1955-07-23,667,9.0
1955-05-24,651,8.0
1955-05-24,624,11.5
1955-05-24,665,20.0
1955-05-24,642,3.0
1955-05-24,529,2.0
1955-05-24,559,10.0
1954-11-25,608,12.0
1954-11-25,648,11.0
1954-09-26,633,20.0
1954-07-28,633,17.5
1954-05-29,687,28.0
1953-11-30,642,2.0
1953-08-02,669,11.0
1953-06-03,692,12.0
1953-06-03,475,10.666666666666666
1953-06-03,579,7.833333333333333
1953-04-04,656,2.0
1953-04-04,804,17.0
1953-04-04,797,19.0
1953-04-04,628,20.0
1952-12-05,498,3.0
1952-06-08,748,25.0
1952-06-08,664,16.0
1952-06-08,742,4.0
1952-06-08,704,10.0
1952-06-08,735,7.0
1952-04-09,592,7.0
1952-04-09,675,20.0
1952-04-09,734,32.0
1952-04-09,725,17.0
1952-04-09,717,18.0
1951-10-12,633,11.0
1951-10-12,642,3.0
1951-06-14,426,15.0
1951-06-14,428,6.0
1951-04-15,726,30.0
1951-04-15,767,7.0
1951-04-15,612,4.0
1951-04-15,498,20.0
1950-08-18,647,9.5
1960-04-27,527,21.0
1960-04-27,526,20.0
1959-08-31,355,3.0
1958-09-05,355,16.0
1957-07-12,601,23.0
1954-05-29,681,18.0
1951-04-15,741,10.0
1998-08-06,14,14.5
1997-02-12,14,10.0
1995-08-22,96,15.75
1975-06-08,228,8.0
1965-05-31,418,16.0
1961-08-20,467,37.0
1954-05-29,677,30.0
