tree
version=v4
num_class=1
num_tree_per_iteration=1
label_index=0
max_feature_idx=50
objective=regression_l1
feature_names=0 1 2 3 4 5 6 7 8 9 10 11 12 13 14 15 16 17 18 19 20 21 22 23 24 25 26 27 28 29 30 31 32 33 34 35 36 37 38 39 40 41 42 43 44 45 46 47 48 49 50
feature_infos=-1:0:1:2:3:4:5:6:7:8:9:10:11 -1:0:1:2:3:4:5:6:7:8:9:10:11:12:13:14:15:16:17:18:19:20:21:22:23:24:25:26:27:28:29:30:31:32:33:34:35:36:37:38:39:40:41:42:43:44:45:46:47:48:49:50:51:52:53:54:55:56:57:58:59:60:61:62:63:64:65:66:67:68:69:70:71:72:73:74:75:76:77:78:79:80:81:82:83:84 -1:0:1:2:3:4:5:6:7:8:9:10:11:12:13:14:15:16:17:18:19:20:21:22:23:24:25:26:27:28:29:30:31:32:33 -1:0:1:2:3:4:5:6:7:8:9:10:11:12:13:14:15:16:17:18:19:20:21:22:23:24:25:26:27:28:29:30:31:32:33:34:35:36:37:38:39:40:41:42:43:44:45:46:47:48:49:50:51:52:53:54:55:56:57:58:59:60:61:62:63:64:65:66:67:68:69:70:71:72:73:74:75:76:77:78:79:80:81:82:83:84:85:86:87:88:89:90:91:92:93:94:95:96:97:98:99:100:101:102:103:104:105:106:107:108:109:110:111:112:113:114:115:116:117:118:119:120:121:122:123:124:125:126:127:128:129:130:131:132:133:134:135:136:137:138:139:140:141:142:143:144:145:146:147:148:149:150:151:152:153:154:155:156:157:158:159:160:161:162:163:164:165:166:167:168:169:170:171:172:173:174:175:176:177:178:179:180:181:182:183:184:185:186:187:188:189:190:191:192:193:194:195:196:197:198:199:200:201:202:203:204:205:206:207:208:209:210:211:212:213:214:215:216:217:218:219:220:221:222:223:224:225:226:227:228:229:230:231:232:233:234:235:236:237:238:239:240:241:242:243:244:245:246:247:248:249:250:251:252:253:254:255:256:257:258:259:260:261:262:263:264:265:266:267:268:269:270:271:272:273:274:275:276:277:278:279:280:281:282:283:284:285:286:287:288:289:290:291:292:293:294:295:296:297:298:299:300:301:302:303:304:305:306:307:308:309:310:311:312:313:314:315:316:317:318:319:320:321:322:323:324:325:326:327:328:329:330:331:332:333:334:335:336:337:338:339:340:341:342:343:344:345:346:347:348:349:350:351:352:353:354:355:356:357:358:359:360:361:362:363:364:365:366:367:368:369:370:371:372:373:374:375:376:377:378:379:380:381:382:383:384:385:386:387:388:389:390:391:392:393:394:395:396:397:398:399:400:401:402:403:404:405:406:407:408:409:410:411:412:413:414:415:416:417:418:419:420:421:422:423:424:425:426:427:428:429:430:431:432:433:434:435:436:437:438:439:440:441:442:443:444:445:446:447:448:449:450:451:452:453:454:455:456:457:458:459:460:461:462:463 -1:0:1 -1:0:1 -1:0:1 -1:0:1:2:3:4:5:6:7:8:9:10:11:12:13:14:15:16:17:18:19:20:21:22:23:24:25:26:27:28:29:30:31:32:33:34:35:36:37:38:39:40:41:42:43 -1:0:1:2:3:4:5:6:7:8:9:10:11:12:13:14:15 -1:0:1:2:3:4:5:6:7:8:9:10:11:12:13:14:15:16:17:18:19:20:21:22:23:24:25:26:27:28:29:30:31:32:33:34:35:36:37:38:39 -1:0:1:2:3:4:5:6:7:8:9:10:11:12:13:14:15 -1:0:1:2:3:4:5:6:7:8:9:10:11:12:13:14:15:16:17:18:19:20:21 -1:0:1:2:3:4:5:6:7:8:9:10:11:12:13:14 -1:0:1:2:3:4:5:6:7:8:9:10:11:12:13:14:15:16:17:18:19:20:21:22:23:24:25:26:27:28:29:30:31:32:33:34:35:36:37:38:39:40:41:42:43:44:45:46:47:48 [0:221] [-134:0] [0:134] [1:21] [0:15] [1:3700] [1:806] [18:59] [0:144] [-71:78] [-78:71] [1:106] [0:12] [0:18] [0:32] [0:10] [1:19] [1:20] [0:1] [-26:15] [0:19] [0:31] [0:10] [1:22] [1:20] [0:1] [-21:17] [0:18] [0:31] [0:10] [1:20] [1:20] [0:1] [-22:17] [0:6] [-9:58] [0:2]
tree_sizes=1337 1517 1448 1421 1172 1280 1269 1439 1278 1261 1507 1177 1510 1592 1335 1284 1335 1450 1509 1081 1089 1272 1339 1356 1433 1273 1100 1252 1341 1258 1239 1351 1429 1364 1111 1109 1254 1173 1347 1341 1360 1277 1426 1339 997 1184 1175 1359 1338 1108 1107 1171 1082 1452 1364 1263 1425 1267 1424 1453 1025 1112 1364 1266 1183 771 1023 1438 1031 1282 1260 1439 1190 1180 1108 1427 1280 1022 1465 1194 1197 1177 1079 1364 1356 1286 1283 1104 1273 1016 1030 1348 1021 1257 1191 1275 1275 1261 1085 1111 1160 1532 1199 1244 1513 1359 1541 1358 1082 1017 1008 1271 1100 1373 1367 1015 1175 1186 1020 1098 1356 1292 1103 931 1194 1105 1266 1365 1114 1369 1109 1021 1621 1283 1015 1254 1533 1200 1079 1176 1004 1257 1441 1375 1267 1276 1276 1193 1190 1432 1350 1193 1278 1277 1520 1269 1096 1173 1017 1104 1356 1438 1288 1541 1537 1207 1172 1197 1092 1255 1278 1173 1365 1187 1089 1079 1111 1267 1018 1268 1286 1263 1186 1271 1108 1529 1188 1275 1084 1008 1342 1158 1447 1440 1273 1107 1368 1274 1190 1354 1200 1271 1354 1294 1439 1360 1362 1024 1185 1451 1276 1433 1019 1169 1116 1201 1360 1015 1275 1290 1350 1517 1363 1194 1030 1374 1028 1103 1276 1374 1087 1111 1270 1185 1264 1116 1110 1283 1380 1192 1378 1633 1280 1278 1348 929 1102 1268 1541 1186 1358 1475 1273 1273 1028 1328 1202 1338 1104 1089 1269 1093 1196 1361 1183 1015 1280 1446 1193 1280 1609 1269 1538 1272 1543 1011 1193 1195 1201 1436 1274 1277 1196 1274 1282 1267 1355 857 1198 1016 1189 1109 1282 1200 1442 1117 1209 1453 1192 1270 1023 1268 1027 1096 1191 1353 1179 1189 1098 1259 1445 1537 1270 1175 1440 1438 1538 1351 1351 1613 1447 1277 1283 1249 1277 1188 1346 1267 1285 1274 1371 1341 1271 1252 1194 1343 1103 1286 1247 1267 1257 1274 1276 1104 1267 1275 1110 1437 1433 1270 925 1106 1361 1177 1281 1360 1280 1268 1029 1116 1359 1103 1092 1177 1283 1095 1431 1237 1364 1110 1277 1272 1284 1272 1440 1098 1265 1608 1109 1199 1278 1432 1436 1098 1356 1618 1365 1619 1253 1276 1457 1265 1442 1192 1351 1262 1371 1180 1364 1293 1110 1106 1191 1276 1113 1264 1292 1107 1278 1179 1278 1106 1037 1104 1287 1360 1117 1272 1284 1287 1345 1441 1359 1098 1177 1284 1201 1288 1363 1266 1516 1176 1109 1201 1367 1440 1282 1360 1189 1377 1161 1362 1270 1197 1265 1280 1186 1453 1169 1284 1179 1351 1265 1099 1172 1189 1267 1183 1191 1200 1375 1260 1450 1190 1357 1459 1275 1278 1091 1269 1106 1245 1183 1355 1025 1273

Tree=0
num_leaves=15
num_cat=0
split_feature=25 17 23 24 20 34 32 46 16 17 21 20 32 21
split_gain=80.1405 31.415 6.47061 6.29772 5.1794 6.02548 4.19743 4.8104 3.51298 3.09488 3.90091 2.21773 1.68809 0.678096
threshold=11.500000000000002 9.5000000000000018 -1.0000000180025095e-35 1.1650000214576723 156.50000000000003 3.5000000000000004 0.14870093762874606 0.25166666507720953 9.7500000000000018 4.5000000000000009 30.500000000000004 116.50000000000001 0.98757717013359081 31.500000000000004
decision_type=8 10 10 8 2 8 8 10 10 10 2 2 8 2
left_child=3 2 11 9 -4 -6 -3 -8 12 10 -1 -2 -5 -13
right_child=1 6 4 8 5 -7 7 -9 -10 -11 -12 13 -14 -15
leaf_value=13.305030437115249 13.343574085575625 13.435743684815639 13.347856717325756 13.310057867670166 13.324022958464106 13.340781067416836 13.374297285322296 13.378021316637026 13.296092776876224 13.328491788583619 13.276541649764704 13.363125212687143 13.246749455183087 13.364521721766536
leaf_weight=35 38 39 42 33 35 135 41 33 59 42 40 50 36 36
leaf_count=35 38 39 42 33 35 135 41 33 59 42 40 50 36 36
internal_value=13.3333 13.3364 13.3347 13.3285 13.3335 13.3327 13.3415 13.34 13.3268 13.3304 13.329 13.3368 13.3251 13.3377
internal_weight=0 449 336 245 212 170 113 74 128 117 75 124 69 86
internal_count=694 449 336 245 212 170 113 74 128 117 75 124 69 86
is_linear=0
shrinkage=1


Tree=1
num_leaves=16
num_cat=0
split_feature=22 17 22 19 19 32 46 32 19 15 20 19 46 19 42
split_gain=77.5555 22.3201 13.4138 11.8299 8.92795 7.91264 5.76366 5.51318 4.92179 4.75144 3.81207 6.13839 2.81662 2.51821 1.50396
threshold=2.5000000000000004 7.5000000000000009 10.750000000000002 14.500000000000002 15.500000000000002 0.97022315859794628 0.85814890265464794 0.58619046211242687 1.0000000180025095e-35 -8.7499999999999982 231.50000000000003 153.50000000000003 0.97573530673980724 88.000000000000014 9.5000000000000018
decision_type=10 8 10 10 10 8 8 10 10 8 2 10 8 10 8
left_child=1 4 6 5 -1 12 -2 13 -7 -4 -5 -12 -3 -8 -11
right_child=2 3 9 10 -6 8 7 -9 -10 14 11 -13 -14 -15 -16
leaf_value=-0.026401006522102803 0.0075021385130456695 0.042613148602331785 -0.050789278709406846 0.040506614081851744 0.0043065913236980833 0.051795700973534843 0.0054716276654402799 -0.025433688668122956 0.0075156601326925154 -0.070340405820925087 -0.026151376108172524 0.029708987067593878 0.034920577764275103 -0.033280103873191823 -0.070496424829631518
leaf_weight=43 35 51 55 47 37 84 34 51 40 33 33 58 43 38 47
leaf_count=43 35 51 55 47 37 84 34 51 40 33 33 58 43 38 47
internal_value=0 0.00281864 -0.00461372 0.00401692 -0.00251371 0.00563728 -0.00240411 -0.00354236 0.00378408 -0.00719977 0.00145722 0.000122767 0.00808191 -0.00155167 -0.00893764
internal_weight=0 436 293 356 80 218 158 123 124 135 138 91 94 72 80
internal_count=729 436 293 356 80 218 158 123 124 135 138 91 94 72 80
is_linear=0
shrinkage=0.0111721


Tree=2
num_leaves=15
num_cat=1
split_feature=25 17 35 15 39 8 14 14 20 46 32 19 25 19
split_gain=80.9796 22.8504 10.4343 8.29124 9.97702 7.96469 5.57874 5.3898 5.15534 4.48555 3.62615 2.84406 2.54073 0.299248
threshold=13.500000000000002 9.5000000000000018 7.5000000000000009 -18.749999999999996 0.98726060986518871 0 17.500000000000004 7.2500000000000009 269.50000000000006 0.98496156930923473 0.056470900774002082 82.000000000000014 26.500000000000004 28.500000000000004
decision_type=8 10 10 10 8 9 10 10 2 8 10 10 10 8
left_child=2 5 3 10 -5 11 -6 8 -7 -4 -1 13 -3 -2
right_child=1 12 9 4 6 7 -8 -9 -10 -11 -12 -13 -14 -15
leaf_value=-0.052463608183351162 0.030191163840547697 0.040054071247125157 -0.028522950534022345 -0.050102544938271723 -0.025819093207757458 0.018174470745773438 0.0082755051272699921 -0.014952783384682925 -0.0035150657644762457 0.0060788242057594173 -0.098322645266153169 0.011814256129053628 0.13186866148964999 0.051224836590505141
leaf_weight=37 33 65 41 33 54 78 33 42 113 36 52 42 38 34
leaf_count=37 33 65 41 33 54 78 33 42 113 36 52 42 38 34
internal_value=0 0.00308801 -0.00453133 -0.00582658 -0.00391022 0.00169868 -0.00192621 0.000413779 0.00122834 -0.00101564 -0.00841042 0.00403696 0.00770113 0.00583614
internal_weight=0 445 286 209 120 342 87 233 191 77 89 109 103 67
internal_count=731 445 286 209 120 342 87 233 191 77 89 109 103 67
cat_boundaries=0 1
cat_threshold=188
is_linear=0
shrinkage=0.0111721


Tree=3
num_leaves=15
num_cat=0
split_feature=25 25 20 25 25 20 46 21 28 48 49 35 19 35
split_gain=80.7864 12.9281 15.1112 11.4898 9.98436 7.0457 6.5071 5.17169 5.1244 4.53154 3.72594 7.05246 2.21242 2.18179
threshold=12.500000000000002 18.500000000000004 340.50000000000006 5.5000000000000009 19.500000000000004 89.500000000000014 0.77859479188919078 29.500000000000004 18.500000000000004 0.63680925965309154 9.5000000000000018 17.500000000000004 136.50000000000003 4.5000000000000009
decision_type=8 8 2 10 10 2 8 2 8 10 8 8 10 10
left_child=3 10 6 9 -4 -5 -3 -7 -8 -1 11 -2 -6 -9
right_child=1 2 4 5 12 7 8 13 -10 -11 -12 -13 -14 -15
leaf_value=-0.079799639616007403 -0.004132042761330364 0.054908273267814341 0.04567807084296658 -0.026472127689221251 -0.019054188794436686 0.0080747383149166827 0.007747799667141432 -0.0091529279218300012 0.041756074710551226 -0.049665411733520376 -0.025875439955546014 0.022077141606446648 0.0066513106943169691 -0.040693938736161901
leaf_weight=62 36 49 42 51 33 33 37 33 94 39 34 42 57 33
leaf_count=62 36 49 42 51 33 33 37 33 94 39 34 42 57 33
internal_value=0 0.00305651 0.00422533 -0.00494063 0.00135419 -0.00297922 0.00633084 -0.00124134 0.00503169 -0.00785362 -0.000199499 0.00114585 -0.000744801 -0.00304692
internal_weight=0 424 312 251 132 150 180 99 131 101 112 78 90 66
internal_count=675 424 312 251 132 150 180 99 131 101 112 78 90 66
is_linear=0
shrinkage=0.0111721


Tree=4
num_leaves=12
num_cat=0
split_feature=25 35 20 20 48 40 25 14 25 19 16
split_gain=79.048 16.3343 12.4795 11.6099 9.09909 7.49305 5.02899 7.62667 3.78102 3.07204 6.56459
threshold=16.500000000000004 12.500000000000002 320.50000000000006 403.50000000000006 1.0000000180025095e-35 -1.0000000180025095e-35 3.5000000000000004 6.2500000000000009 54.500000000000007 9.5000000000000018 1.2500000000000002
decision_type=8 10 2 2 8 8 10 10 8 8 8
left_child=1 5 4 -4 -2 -1 -7 -8 -5 -6 -11
right_child=2 -3 3 8 9 6 7 -9 -10 10 -12
leaf_value=-0.058534933181294005 0.0026393086358071187 0.021066935464115946 -0.026907217398840451 0.0069776039560024913 0.047670966875085818 -0.06215359187806066 -0.042280910943141514 -0.0090985652246339602 0.028875840457472733 0.024393901015713586 0.048950837451304775
leaf_weight=52 41 57 38 52 51 52 67 92 58 39 66
leaf_count=52 41 57 38 52 51 52 67 92 58 39 66
internal_value=0 -0.00404987 0.00365926 0.00120779 0.00550097 -0.00522496 -0.0042888 -0.00330243 0.00304692 0.00673188 0.00563923
internal_weight=0 320 345 148 197 263 211 159 110 156 105
internal_count=665 320 345 148 197 263 211 159 110 156 105
is_linear=0
shrinkage=0.0111721


Tree=5
num_leaves=13
num_cat=1
split_feature=25 10 17 35 28 19 19 24 25 35 28 39
split_gain=73.2481 21.5038 14.8952 11.1159 8.22855 6.33709 4.86324 4.05285 3.93195 8.47051 3.65708 3.39383
threshold=11.500000000000002 0 12.500000000000002 11.500000000000002 18.500000000000004 78.500000000000014 37.000000000000007 1.5699999928474428 28.500000000000004 13.500000000000002 5.5000000000000009 0.49038106203079229
decision_type=8 9 10 10 10 10 8 10 8 10 10 10
left_child=3 8 4 5 6 7 -3 10 9 -2 -1 -9
right_child=1 2 -4 -5 -6 -7 -8 11 -10 -11 -12 -13
leaf_value=-0.039805198722138536 0.0061709771914341257 -0.0089221448892411754 0.072058577250121908 0.0025269780002387223 0.025122315596270994 -0.043354405856409685 0.0056778828925921161 -0.048751754646009574 0.12159357661715758 0.030151800403809235 -0.052519204916143356 -0.083266829696209979
leaf_weight=35 34 124 35 39 35 44 166 33 50 34 35 44
leaf_count=35 34 124 35 39 35 44 166 33 50 34 35 44
internal_value=0 0.00252423 0.00102662 -0.00514886 0.000309379 -0.0062587 -0.000308194 -0.00737204 0.00645885 0.00525743 -0.00542642 -0.00914077
internal_weight=0 478 360 230 325 191 290 147 118 68 70 77
internal_count=708 478 360 230 325 191 290 147 118 68 70 77
cat_boundaries=0 1
cat_threshold=2914
is_linear=0
shrinkage=0.0111721


Tree=6
num_leaves=13
num_cat=1
split_feature=17 25 2 32 19 42 25 42 39 17 23 28
split_gain=46.76 25.6741 11.1147 10.4107 6.13974 7.8763 5.50173 5.09569 4.87674 5.65711 3.80125 2.67068
threshold=9.5000000000000018 7.5000000000000009 0 0.8015151619911195 98.500000000000014 7.5000000000000009 37.500000000000007 21.500000000000004 0.98473194241523754 2.5000000000000004 -1.8199999928474424 4.5000000000000009
decision_type=10 8 9 8 8 10 10 8 8 10 8 10
left_child=1 8 4 -4 5 -3 -5 -2 -1 10 -10 -9
right_child=7 2 3 6 -6 -7 -8 11 9 -11 -12 -13
leaf_value=-0.057036698291291606 0.023193143404485073 -0.010820027655131761 -0.02689263730975985 -0.0054911517826294739 0.040751286052253151 0.018769318543811139 0.0070829123299795873 0.080936925582819896 -0.02201352445352656 -0.01570412483544938 -0.081211360348238157 0.040818992913869645
leaf_weight=35 46 64 63 172 43 34 38 35 37 40 33 33
leaf_count=35 46 64 63 172 43 34 38 35 37 40 33 33
internal_value=0 -0.00157888 -0.000161913 -0.00146066 0.0022936 0.000912002 -0.000319201 0.00627203 -0.00562455 -0.00446882 -0.00638403 0.00821474
internal_weight=0 559 414 273 141 98 210 114 145 110 70 68
internal_count=673 559 414 273 141 98 210 114 145 110 70 68
cat_boundaries=0 1
cat_threshold=38
is_linear=0
shrinkage=0.0111721


Tree=7
num_leaves=15
num_cat=1
split_feature=22 7 35 25 20 25 19 19 19 20 17 20 19 15
split_gain=93.1515 16.6303 13.9938 10.9709 7.56517 6.44998 5.95895 4.45318 4.60272 4.0005 4.89923 3.73646 3.09313 3.04404
threshold=2.5000000000000004 0 9.5000000000000018 19.500000000000004 330.50000000000006 9.5000000000000018 103.00000000000001 209.50000000000003 18.500000000000004 120.50000000000001 11.500000000000002 55.500000000000007 14.500000000000002 -8.7499999999999982
decision_type=10 9 10 8 2 10 8 10 10 2 8 2 8 8
left_child=1 3 5 -1 9 11 -5 8 -6 12 -11 -2 -3 -13
right_child=2 4 -4 6 7 -7 -8 -9 -10 10 -12 13 -14 -15
leaf_value=-0.025273596938920718 -0.062617128516086737 0.030321829552271737 0.00072937561388931936 0.029575111970696781 0.028084954004429643 -0.010034762780115246 -0.0054468658019008343 0.051221015502205793 -0.026632761715602579 0.034420651086455346 0.082530153527451536 -0.024988563036241182 0.01652321211260473 -0.056428907671413418
leaf_weight=37 39 49 50 41 59 49 49 33 33 51 60 33 34 101
leaf_count=37 39 49 50 41 59 49 49 33 33 51 60 33 34 101
internal_value=0 0.00295584 -0.00533959 -0.000570833 0.00424471 -0.0065422 0.0014896 0.00223441 0.00097148 0.0057588 0.00714609 -0.00755567 0.00390349 -0.00666989
internal_weight=0 446 272 127 319 222 90 125 92 194 111 173 83 134
internal_count=718 446 272 127 319 222 90 125 92 194 111 173 83 134
cat_boundaries=0 1
cat_threshold=8775
is_linear=0
shrinkage=0.0111721


Tree=8
num_leaves=13
num_cat=1
split_feature=25 25 8 29 20 28 25 46 28 50 20 21
split_gain=61.0878 20.504 13.3136 10.3884 9.05744 8.93741 5.20118 4.89353 4.66177 4.54572 3.02518 2.96964
threshold=7.5000000000000009 22.500000000000004 0 1.0000000180025095e-35 501.50000000000006 14.500000000000002 30.500000000000004 0.48972746729850775 9.5000000000000018 0.72380954027175914 275.50000000000006 31.500000000000004
decision_type=8 8 9 8 2 10 10 10 8 10 2 2
left_child=3 2 7 -1 6 8 10 -2 -4 11 -3 -5
right_child=1 4 5 9 -6 -7 -8 -9 -10 -11 -12 -13
leaf_value=-0.0024536648923818272 0.036366531440988302 0.056135448930113192 -0.036846699782143555 -0.036305401314187739 0.0070060895845164631 0.01475797719752002 0.077419012418330477 0.015132642104197271 -0.0097754594350009175 -0.081054895821608255 0.027370108901094526 -0.04419435409172659
leaf_weight=41 53 85 48 33 54 46 52 52 105 51 34 33
leaf_count=41 53 85 48 33 54 46 52 52 105 51 34 33
internal_value=0 0.00225976 0.000367501 -0.00565674 0.0048164 -0.00133637 0.00607603 0.00340019 -0.00270174 -0.00735255 0.00478802 -0.00541675
internal_weight=0 529 304 158 225 199 171 105 153 117 119 66
internal_count=687 529 304 158 225 199 171 105 153 117 119 66
cat_boundaries=0 1
cat_threshold=35988
is_linear=0
shrinkage=0.0111721


Tree=9
num_leaves=13
num_cat=2
split_feature=25 10 8 17 19 25 48 15 25 20 15 19
split_gain=66.1184 20.631 10.2918 10.3906 8.66923 6.65257 10.3392 4.11404 3.7984 3.76017 2.51821 0.17895
threshold=10.500000000000002 0 1 9.5000000000000018 25.000000000000004 3.5000000000000004 0.58397436141967785 -1.2499999999999998 24.500000000000004 234.50000000000003 -0.74999999999999989 14.500000000000002
decision_type=8 9 9 10 10 10 8 10 8 2 8 10
left_child=5 7 8 4 -4 -1 -7 11 10 -8 -3 -2
right_child=1 2 3 -5 -6 6 9 -9 -10 -11 -12 -13
leaf_value=-0.069004166770400457 0.06484600538076242 0.017863055900861159 0.0035893039548246758 0.030101344435275384 -0.025725053224226208 -0.054786049864408513 -0.0067917257234534189 0.063998895562621463 0.037349289854045092 -0.022875989280401014 -0.0026786682035833858 0.033413084695927742
leaf_weight=61 33 38 97 44 90 57 57 35 58 41 34 34
leaf_count=61 33 38 97 44 90 57 57 35 58 41 34 34
internal_value=0 0.00200277 0.000632381 -0.00078807 -0.00197154 -0.00548259 -0.00425259 0.00618453 0.00303242 -0.00205201 0.00155167 0.00516916
internal_weight=0 463 361 231 187 216 155 102 130 98 72 67
internal_count=679 463 361 231 187 216 155 102 130 98 72 67
cat_boundaries=0 1 2
cat_threshold=3852 2385
is_linear=0
shrinkage=0.0111721


Tree=10
num_leaves=16
num_cat=0
split_feature=25 17 20 21 48 48 17 48 43 20 19 28 25 41 20
split_gain=78.6177 25.3771 18.4168 11.924 11.7017 8.1034 6.74798 4.70227 5.61198 3.83181 3.18334 3.04031 3.30023 2.30645 0.876271
threshold=18.500000000000004 4.5000000000000009 320.50000000000006 30.500000000000004 0.77913278341293346 0.77913278341293346 9.5000000000000018 0.54446640610694896 2.5000000000000004 222.50000000000003 254.50000000000003 23.500000000000004 28.500000000000004 17.000000000000004 496.50000000000006
decision_type=8 10 2 2 8 8 8 10 8 2 8 8 8 8 2
left_child=1 7 6 4 -3 -5 -2 8 -1 -10 14 -8 -13 -9 -4
right_child=2 3 10 5 -6 -7 11 13 9 -11 -12 12 -14 -15 -16
leaf_value=-0.021981170004552807 0.0062702015484379214 -0.0079880713127971608 0.016731045943903376 0.005782763668154659 0.017980377887482041 -0.026685505290364772 0.050468434430578239 -0.077497864544135611 -0.0254482028500055 -0.054503725357464249 0.036449890187935777 0.012413610950194644 0.063153368757499009 -0.050165180070835952 -0.0052013211417440515
leaf_weight=35 35 46 39 38 44 50 61 41 48 62 48 36 64 36 37
leaf_count=35 35 46 39 38 44 50 61 41 48 62 48 36 64 36 37
internal_value=0 -0.0035192 0.00391022 -0.000376585 0.00248268 -0.00330083 0.00604203 -0.00603895 -0.00485407 -0.00609385 0.000540581 0.00700856 0.00580947 -0.00827022 -0.000882001
internal_weight=0 400 320 178 90 88 196 222 145 110 124 161 100 77 76
internal_count=720 400 320 178 90 88 196 222 145 110 124 161 100 77 76
is_linear=0
shrinkage=0.0111721


Tree=11
num_leaves=12
num_cat=0
split_feature=25 32 28 46 16 27 34 20 26 48 39
split_gain=59.6011 19.0221 25.6359 15.9389 12.3053 7.04882 6.6665 6.09978 5.87774 3.34744 1.66692
threshold=9.5000000000000018 0.019334952346980575 15.500000000000002 0.97888889908790599 16.500000000000004 3.5000000000000004 1.0000000180025095e-35 351.50000000000006 1.0000000180025095e-35 0.11932203173637392 0.91314655542373668
decision_type=8 8 8 8 8 10 10 2 10 10 8
left_child=4 -2 6 10 5 8 9 -5 -1 -3 -4
right_child=1 2 3 7 -6 -7 -8 -9 -10 -11 -12
leaf_value=0.0080129544058499293 0.059279488104866954 -0.019771559251054883 0.045687512593755288 0.02506036482191221 -0.080169247488486042 -0.044238653905793443 -0.030501692955965443 0.0010154364443646922 -0.031197164305314704 0.0081554082334455782 0.031660751890110472
leaf_weight=60 45 56 43 160 53 56 36 129 36 33 33
leaf_count=60 45 56 43 160 53 56 36 129 36 33 33
internal_value=0 0.00223441 0.00159601 0.00309145 -0.00485031 -0.00323402 -0.00277067 0.00189423 -0.0013965 -0.00112976 0.00764403
internal_weight=0 535 490 365 205 152 125 289 96 89 76
internal_count=740 535 490 365 205 152 125 289 96 89 76
is_linear=0
shrinkage=0.0111721


Tree=12
num_leaves=16
num_cat=0
split_feature=25 28 19 15 16 28 19 28 21 19 30 20 22 20 17
split_gain=79.5223 21.4007 15.5831 10.5956 8.13026 8.02948 7.94591 7.76764 4.34773 3.78298 6.92008 3.24538 2.57739 0.99736 0.969564
threshold=15.500000000000002 13.500000000000002 9.5000000000000018 -1.2499999999999998 0.75000000000000011 7.5000000000000009 98.500000000000014 8.5000000000000018 30.500000000000004 132.50000000000003 2.5000000000000004 320.50000000000006 12.500000000000002 153.00000000000003 11.500000000000002
decision_type=8 10 10 10 10 10 10 8 2 10 10 2 10 2 10
left_child=1 7 3 11 5 6 -4 8 -1 10 -9 13 -10 -2 -5
right_child=2 -3 4 14 -6 -7 -8 9 12 -11 -12 -13 -14 -15 -16
leaf_value=-0.020738075996162383 0.018784999116151918 0.013927522236708342 -0.016936253677728538 0.024487753449159294 -0.018489697067047547 0.043718470363622121 0.035127818241463486 -0.048403955629182968 -0.043464796112450702 -0.0009193493104962463 -0.0014224937402785728 0.017520124697166028 -0.057255770047735598 0.066186605566030676 0.084053692186555756
leaf_weight=42 33 61 37 33 44 33 74 82 33 34 34 52 41 38 33
leaf_count=42 33 61 37 33 44 33 74 82 33 34 34 52 41 38 33
internal_value=0 -0.00358736 0.00394134 0.0062067 0.00166392 0.00294818 0.00150974 -0.00495603 -0.007127 -0.00327714 -0.00423768 0.004269 -0.00875647 0.00582205 0.00981786
internal_weight=0 327 377 189 188 144 111 266 116 150 116 123 74 71 66
internal_count=704 327 377 189 188 144 111 266 116 150 116 123 74 71 66
is_linear=0
shrinkage=0.0111721


Tree=13
num_leaves=17
num_cat=0
split_feature=25 25 20 25 48 34 17 41 21 16 48 32 42 20 49 20
split_gain=68.7567 15.57 15.0964 13.086 10.597 7.82749 5.31997 4.38378 4.14295 3.87955 3.65099 3.43123 3.26475 2.91593 2.62269 1.59188
threshold=16.500000000000004 7.5000000000000009 287.50000000000006 22.500000000000004 0.81872946023941051 1.0000000180025095e-35 12.500000000000002 1.2500000000000002 30.500000000000004 0.75000000000000011 0.55694445967674266 0.97162976861000072 16.500000000000004 607.50000000000011 6.5000000000000009 122.50000000000001
decision_type=8 10 2 8 10 8 8 10 2 10 8 8 8 2 8 2
left_child=1 4 6 -4 7 11 9 10 -5 -2 -1 -3 -7 -10 -14 -8
right_child=2 5 3 8 -6 12 15 -9 13 -11 -12 -13 14 -15 -16 -17
leaf_value=-0.030945043926477261 0.0052120215952789128 0.02426198056573033 -0.021998039068662066 0.056866406549617443 -0.027232255943701419 -0.024619615563641239 0.053747523917050413 -0.071291918233740217 0.022688799234687994 0.020011254898415497 -0.074924108561729985 -0.011992800478111394 -0.001924098916091529 -0.028908454154575165 -0.049789260261988919 0.05748696936807552
leaf_weight=39 35 45 33 51 40 45 33 43 73 39 42 34 37 34 34 59
leaf_count=39 35 45 33 51 40 45 33 43 73 39 42 34 37 34 34 59
internal_value=0 -0.00413896 0.00278519 0.000643416 -0.00667599 -0.00200524 0.00524952 -0.00828895 0.00197986 0.00301947 -0.0067584 0.000707089 -0.00385243 0.00073088 -0.00236029 0.00704325
internal_weight=0 359 357 191 164 195 166 124 158 74 81 79 116 107 71 92
internal_count=716 359 357 191 164 195 166 124 158 74 81 79 116 107 71 92
is_linear=0
shrinkage=0.0111721


Tree=14
num_leaves=14
num_cat=0
split_feature=25 28 20 25 33 33 25 23 42 27 19 49 25
split_gain=62.4666 14.7043 11.5071 7.70551 6.59603 6.35418 6.24924 4.9722 4.84251 5.83033 3.32263 3.0719 1.6013
threshold=14.500000000000002 9.5000000000000018 357.50000000000006 28.500000000000004 -1.4999999999999998 -1.0000000180025095e-35 24.500000000000004 -2.2499999999999996 16.500000000000004 1.0000000180025095e-35 250.50000000000003 2.5000000000000004 58.500000000000007
decision_type=8 10 2 8 8 8 8 8 8 8 8 8 8
left_child=1 5 3 8 -3 -1 -4 -7 -2 -10 -8 -9 -5
right_child=2 4 6 12 -6 7 10 11 9 -11 -12 -13 -14
leaf_value=-0.074553976919451009 0.0027023828270211357 -0.018950862835656005 -0.037692826791322014 0.075928442749695582 0.021282723526777424 -0.050302401656685168 -0.0096156706853822473 -0.010733348073411858 0.028887406874576613 0.01259535343228059 0.026214612764201794 -0.023619782087878714 0.06327418787877899
leaf_weight=39 42 51 33 42 34 52 38 43 74 45 54 71 33
leaf_count=39 42 51 33 42 34 52 38 43 74 45 54 71 33
internal_value=0 -0.00377539 0.0031876 0.00463925 0.000131433 -0.00539529 0.00044688 -0.0044419 0.00326141 0.00441249 0.00194296 -0.00313601 0.00759699
internal_weight=0 290 361 236 85 205 125 166 161 119 92 114 75
internal_count=651 290 361 236 85 205 125 166 161 119 92 114 75
is_linear=0
shrinkage=0.0111721


Tree=15
num_leaves=13
num_cat=1
split_feature=25 17 13 28 23 14 48 35 32 46 21 25
split_gain=67.6646 13.8148 15.7511 8.75609 9.3584 8.1369 7.76896 4.92215 4.75803 2.78519 2.63867 1.94801
threshold=11.500000000000002 13.500000000000002 0 9.5000000000000018 -1.4150000214576719 42.500000000000007 0.10172414034605028 1.0000000180025095e-35 0.94935896992683422 0.9813067913055421 30.500000000000004 23.500000000000004
decision_type=8 10 9 8 10 8 8 10 8 8 2 8
left_child=3 2 8 5 10 9 -4 -8 -2 -1 -5 -10
right_child=1 -3 6 4 -6 -7 7 -9 11 -11 -12 -13
leaf_value=-0.014156803788957895 0.0038912112405025613 0.099771842842917374 -0.0066601800629101432 -0.054922845013487841 0.0059193150154079766 -0.057903135552893226 0.037982801271710546 0.0068928306845786767 -0.020463278199754721 -0.046053247249672663 -0.045882048662533453 -0.028642938272005775
leaf_weight=37 34 33 60 33 57 39 184 88 33 59 41 42
leaf_count=37 34 33 60 33 57 39 184 88 33 59 41 42
internal_value=0 0.00216842 0.00164668 -0.00487203 -0.00281433 -0.00686875 0.00280935 0.00369664 -0.00197154 -0.00512052 -0.00543505 -0.00372401
internal_weight=0 474 441 266 131 135 332 272 109 96 74 75
internal_count=740 474 441 266 131 135 332 272 109 96 74 75
cat_boundaries=0 1
cat_threshold=9077057
is_linear=0
shrinkage=0.0111721


Tree=16
num_leaves=14
num_cat=0
split_feature=25 28 14 20 39 25 16 41 39 39 20 32 23
split_gain=77.186 12.2446 11.5104 9.56611 9.44997 8.28893 7.70307 6.98217 6.56237 5.89484 4.73026 3.49547 1.65613
threshold=14.500000000000002 9.5000000000000018 4.5000000000000009 198.50000000000003 0.64309346675872814 15.500000000000002 5.2500000000000009 4.2500000000000009 0.27823315560817724 0.9860132932662965 130.50000000000003 0.97162976861000072 -1.4150000214576719
decision_type=8 8 10 2 8 10 8 10 10 8 2 8 10
left_child=1 7 3 4 -2 -5 8 9 -3 -1 -6 -7 -8
right_child=2 6 -4 5 10 11 12 -9 -10 -11 -12 -13 -14
leaf_value=-0.0089349996550227989 0.055231615816261903 0.012051641362841873 -0.009914609018399443 0.037356779592822319 0.0045757268663887138 -0.013387207733154917 -0.049440558860043227 -0.050947135004416319 -0.0069633757355404566 -0.033598560424606301 0.033737344032310532 0.015430114223690733 -0.01203138248158319
leaf_weight=42 59 36 57 65 52 35 38 34 47 57 37 94 33
leaf_count=42 59 36 57 65 52 35 38 34 47 57 37 94 33
internal_value=0 -0.0043209 0.00327602 0.00405069 0.00618993 0.00241869 -0.00217637 -0.00680404 0.0001346 -0.0053039 0.00389139 0.000779444 -0.00487794
internal_weight=0 287 399 342 148 194 154 133 83 99 89 129 71
internal_count=686 287 399 342 148 194 154 133 83 99 89 129 71
is_linear=0
shrinkage=0.0111721


Tree=17
num_leaves=15
num_cat=1
split_feature=25 23 20 14 13 28 20 41 40 19 25 21 20 32
split_gain=63.7338 16.6515 14.7468 16.84 11.4508 13.2912 7.97945 7.51721 6.12168 5.87435 3.3364 2.41873 4.11286 1.66841
threshold=19.500000000000004 -8.7499999999999982 345.50000000000006 2.2500000000000004 0 11.500000000000002 345.50000000000006 4.2500000000000009 -1.0000000180025095e-35 196.50000000000003 26.500000000000004 28.500000000000004 212.50000000000003 0.98412299156188976
decision_type=8 10 2 10 9 8 2 8 8 8 10 2 2 8
left_child=1 -1 3 11 8 7 -7 -6 -3 -4 -11 -2 -13 -10
right_child=2 4 9 -5 5 6 -8 -9 13 10 -12 12 -14 -15
leaf_value=-0.068141019808599296 0.064214381183701097 -0.011241900442742323 -0.0099228780541485827 -0.011548680486350292 -0.0050154868263007852 0.013392187598351351 -0.043698730960051328 -0.048269740859407315 -0.024392453142020758 0.013616560673145718 0.049279016806515294 0.044375277069849763 0.081668297131817974 -0.051894811126046103
leaf_weight=55 65 39 52 42 43 134 40 50 33 42 37 43 33 35
leaf_count=55 65 39 52 42 43 134 40 50 33 42 37 43 33 35
internal_value=0 -0.00299484 0.00362914 0.00567761 -0.00215077 -0.000766314 0.00102731 -0.00420454 -0.00506085 0.000767544 0.00268695 0.00752728 0.00617403 -0.00755756
internal_weight=0 429 314 183 374 267 174 93 107 131 79 141 76 68
internal_count=743 429 314 183 374 267 174 93 107 131 79 141 76 68
cat_boundaries=0 1
cat_threshold=547859
is_linear=0
shrinkage=0.0111721


Tree=18
num_leaves=16
num_cat=0
split_feature=25 14 21 16 20 28 49 42 21 19 24 19 49 21 19
split_gain=65.9313 18.2182 12.0995 8.31374 8.30172 4.78174 4.62583 3.8657 3.61435 3.48564 2.84301 2.51893 2.10443 1.79589 1.74387
threshold=16.500000000000004 12.500000000000002 33.500000000000007 1.7500000000000002 332.50000000000006 9.5000000000000018 3.5000000000000004 5.5000000000000009 33.500000000000007 9.5000000000000018 4.2500000000000009 44.500000000000007 5.5000000000000009 30.500000000000004 19.500000000000004
decision_type=8 10 2 10 2 8 10 10 2 10 10 10 10 2 10
left_child=1 2 5 4 9 -1 -7 10 -6 12 14 -10 -2 -11 -3
right_child=3 7 -4 -5 8 6 -8 -9 11 13 -12 -13 -14 -15 -16
leaf_value=-0.013019000711281335 0.052952753283365676 -0.065490663861551127 -0.024152779304831493 -0.0050152438806826552 -0.008752958076134883 0.0095247554441229253 -0.0068103676831383301 -0.027970269185580418 0.059942578804581662 0.02121322887117098 -0.056544166642409598 0.010252247678215204 0.038272864933305666 0.076731799734326006 -0.047484722319882634
leaf_weight=34 44 39 52 51 63 45 55 49 33 40 47 37 35 33 33
leaf_count=34 44 39 52 51 63 45 55 49 33 40 47 37 35 33 33
internal_value=0 -0.00385026 -0.00144156 0.00305902 0.00380242 0.000333492 0.00156409 -0.00651704 0.00176401 0.00558603 -0.00760451 0.00351121 0.00721234 0.00382604 -0.00899971
internal_weight=0 354 186 336 285 134 100 168 133 152 119 70 79 73 72
internal_count=690 354 186 336 285 134 100 168 133 152 119 70 79 73 72
is_linear=0
shrinkage=0.0111721


Tree=19
num_leaves=11
num_cat=0
split_feature=17 22 46 35 19 20 39 21 20 21
split_gain=84.1967 17.3548 11.8767 10.1397 6.9749 5.14453 5.01737 4.90055 4.41932 1.41593
threshold=6.5000000000000009 2.5000000000000004 0.11483516544103624 10.500000000000002 8.5000000000000018 206.50000000000003 0.98709622025489818 33.500000000000007 258.50000000000006 28.500000000000004
decision_type=8 10 8 8 10 2 10 2 2 2
left_child=1 -1 -2 -4 8 -6 7 9 -5 -3
right_child=2 6 3 4 5 -7 -8 -9 -10 -11
leaf_value=-0.0027500537154931341 0.066441827561415034 -0.04999869563486279 -0.016923174035172565 0.055142991391393739 0.025393364247179619 0.0055029000871133164 -0.048537369735059933 -0.022490751493275719 0.030303866224044799 -0.058563614448323323
leaf_weight=62 38 41 35 63 84 112 45 33 57 49
leaf_count=62 38 41 35 63 84 112 45 33 57 49
internal_value=0 -0.00505172 0.00347512 0.0028328 0.00346475 0.00216601 -0.00691604 -0.00808385 0.00558603 -0.00943418
internal_weight=0 230 389 351 316 196 168 123 120 90
internal_count=619 230 389 351 316 196 168 123 120 90
is_linear=0
shrinkage=0.0111721


Tree=20
num_leaves=11
num_cat=0
split_feature=25 28 28 28 44 17 40 39 21 46
split_gain=64.1849 20.6732 10.8507 12.7227 9.0881 8.13987 5.4205 5.92583 4.86502 2.76521
threshold=15.500000000000002 14.500000000000002 5.5000000000000009 17.500000000000004 4.5000000000000009 7.5000000000000009 -5.4999999999999991 0.31881313025951391 30.500000000000004 0.18795289844274524
decision_type=8 10 8 10 10 8 10 10 2 10
left_child=1 4 -2 5 6 -4 7 -1 -7 -5
right_child=2 -3 3 9 -6 8 -8 -9 -10 -11
leaf_value=-0.042227302685453466 0.081110483062301203 0.017616563039455167 -0.019049307658277861 0.017254645787634137 0.00041411639278227048 0.0027004200561961678 -0.051827193459522372 -0.0015308289938191096 0.028617181719573285 0.035818184006222893
leaf_weight=135 34 55 35 37 40 123 51 34 132 38
leaf_count=135 34 55 35 37 40 123 51 34 132 38
internal_value=0 -0.00358215 0.00316402 0.00260171 -0.00489852 0.00154097 -0.00578916 -0.0048258 0.00223441 0.00670323
internal_weight=0 315 399 365 260 290 220 169 255 75
internal_count=714 315 399 365 260 290 220 169 255 75
is_linear=0
shrinkage=0.0111721


Tree=21
num_leaves=13
num_cat=1
split_feature=25 13 20 19 20 32 17 24 16 19 14 21
split_gain=70.2689 18.8997 17.3734 15.4495 12.2072 7.15282 4.91456 4.57219 3.48295 3.06029 2.48629 2.25248
threshold=7.5000000000000009 0 287.50000000000006 243.50000000000003 64.500000000000014 0.40487939119338995 8.5000000000000018 2.1649999618530278 4.5000000000000009 12.500000000000002 58.500000000000007 32.500000000000007
decision_type=8 9 2 8 2 8 8 10 8 10 8 2
left_child=7 6 4 9 -3 -6 -2 8 -1 -4 -9 -5
right_child=1 2 3 11 5 -7 -8 10 -10 -11 -12 -13
leaf_value=-0.035153860050031224 0.018131794600827672 -0.0085119393379390947 -0.042764273668977816 -0.003779979930985158 0.046768473095802406 0.01599292334278752 0.043573153979400245 -0.059182639134231281 -0.057780601272048225 -0.024064246501988785 -0.048939264749277553 0.024154780977848584
leaf_weight=45 37 50 43 36 50 145 65 39 40 58 33 37
leaf_count=45 37 50 43 36 50 145 65 39 40 58 33 37
internal_value=0 0.00190847 0.000755221 -0.00192622 0.00269042 0.00395319 0.00598503 -0.00661785 -0.00486313 -0.00475642 -0.00868937 0.00198954
internal_weight=0 521 419 174 245 195 102 157 85 101 72 73
internal_count=678 521 419 174 245 195 102 157 85 101 72 73
cat_boundaries=0 1
cat_threshold=10548
is_linear=0
shrinkage=0.0111721


Tree=22
num_leaves=14
num_cat=0
split_feature=25 28 14 20 25 15 14 25 19 48 15 21 20
split_gain=58.3214 16.3929 15.9387 10.4132 6.43965 5.33571 7.21471 5.32275 4.42071 4.40621 3.42678 2.62027 3.46635
threshold=16.500000000000004 10.500000000000002 5.5000000000000009 234.50000000000003 24.500000000000004 -1.2499999999999998 17.500000000000004 24.500000000000004 11.500000000000002 0.84248119592666637 -12.499999999999998 34.500000000000007 374.50000000000006
decision_type=8 8 8 2 10 10 8 8 10 8 10 2 2
left_child=1 9 4 5 8 6 -3 -4 -2 10 -1 12 -9
right_child=2 3 7 -5 -6 -7 -8 11 -10 -11 -12 -13 -14
leaf_value=-0.051581466898526003 0.023648477846712625 -0.013193207371127787 -0.010732782357273074 -0.027590379557581358 0.088709654752061967 0.017132610438320189 0.030530415522880709 0.027299979583897769 0.015033217936153476 -0.028333928695936234 -0.039312269767156079 0.04607194819527595 -0.0053045460931168166
leaf_weight=50 39 48 52 58 46 36 44 62 41 44 58 53 55
leaf_count=50 39 48 52 58 46 36 44 62 41 44 58 53 55
internal_value=0 -0.00330535 0.00321036 -0.00108117 0.00638403 0.000698252 -0.000728609 0.00140909 0.00446882 -0.00602703 -0.00724115 0.00236585 0.00143231
internal_weight=0 338 348 186 126 128 92 222 80 152 108 170 117
internal_count=686 338 348 186 126 128 92 222 80 152 108 170 117
is_linear=0
shrinkage=0.0111721


Tree=23
num_leaves=14
num_cat=2
split_feature=24 35 13 15 8 25 33 30 20 20 17 21 25
split_gain=61.3938 14.8267 14.7303 20.1177 9.10224 8.39592 7.95476 6.87028 5.29213 4.85619 4.23253 2.96726 1.49329
threshold=0.34500001370906835 4.5000000000000009 0 -1.0000000180025095e-35 1 35.500000000000007 -4.4999999999999991 6.5000000000000009 297.50000000000006 159.50000000000003 9.5000000000000018 31.500000000000004 21.500000000000004
decision_type=10 8 9 10 9 10 8 8 2 2 8 2 10
left_child=2 -2 10 4 11 -6 -3 -8 -9 -5 -1 -4 -12
right_child=1 6 3 9 5 -7 7 8 -10 -11 12 -13 -14
leaf_value=0.0089322577439829697 -0.053429767103117837 0.010460932657344617 0.025569668302158174 0.046101660365360723 -0.021122132021489892 0.026966563969114375 -0.045449287467216916 -0.0082973793701694009 -0.058858694019847793 0.017764731076198088 0.05797444366792661 -0.00092403378174618091 0.042000790836293482
leaf_weight=34 40 37 66 45 143 34 35 96 42 33 39 34 33
leaf_count=34 40 37 66 45 143 34 35 96 42 33 39 34 33
internal_value=0 -0.00437945 0.00249615 0.00125494 -0.000120996 -0.00161308 -0.00319202 -0.0041976 -0.00307636 0.00630218 0.00597127 0.00243754 0.0080687
internal_weight=0 250 461 355 277 177 210 173 138 78 106 100 72
internal_count=711 250 461 355 277 177 210 173 138 78 106 100 72
cat_boundaries=0 1 2
cat_threshold=14440 1396
is_linear=0
shrinkage=0.0111721


Tree=24
num_leaves=15
num_cat=1
split_feature=25 20 25 35 2 32 39 19 25 20 20 20 25 14
split_gain=57.5859 19.7263 19.2721 12.8906 8.60035 9.6016 8.12038 7.33906 4.90055 3.23505 4.26313 3.1343 3.07168 0.998577
threshold=19.500000000000004 288.50000000000006 3.5000000000000004 16.500000000000004 0 0.94701755046844494 0.28660714626312261 18.500000000000004 24.500000000000004 498.50000000000006 403.50000000000006 159.50000000000003 41.500000000000007 44.500000000000007
decision_type=8 2 10 10 9 10 8 10 8 2 2 2 10 8
left_child=2 6 13 4 5 -4 -2 -6 -8 10 -3 -10 -11 -1
right_child=1 9 3 -5 7 -7 8 -9 11 12 -12 -13 -14 -15
leaf_value=-0.077528971944750599 0.061488088119376991 -0.010141638681352254 -0.016160271135617812 0.013228882428339602 -0.0283426208222653 0.010344062357865308 0.0079668558308725046 -0.015273920365714004 0.024946806337111944 -0.021250133040061174 0.02910235456675864 0.063951445171579843 0.0079534790440625707 -0.090293543449160449
leaf_weight=34 38 38 73 36 96 41 36 60 47 40 38 40 34 33
leaf_count=34 38 38 73 36 96 41 36 60 47 40 38 40 34 33
internal_value=0 0.00276607 -0.00374399 -0.0025557 -0.003393 -0.000720776 0.00548194 -0.00498032 0.00408734 -0.000148959 0.00147 0.00552182 -0.00181168 -0.00917109
internal_weight=0 311 373 306 270 114 161 156 123 150 76 87 74 67
internal_count=684 311 373 306 270 114 161 156 123 150 76 87 74 67
cat_boundaries=0 1
cat_threshold=46
is_linear=0
shrinkage=0.0111721


Tree=25
num_leaves=13
num_cat=1
split_feature=22 25 2 23 23 39 34 41 21 40 19 20
split_gain=75.5488 20.2795 23.1407 8.14649 7.49643 7.46717 5.42558 5.09931 4.429 4.12241 4.10112 2.10784
threshold=8.2500000000000018 24.500000000000004 0 -0.58500000834465016 -8.7499999999999982 0.95040982961654674 2.2500000000000004 1.2500000000000002 33.500000000000007 -12.499999999999998 145.00000000000003 407.50000000000006
decision_type=10 8 9 10 10 8 8 8 2 10 8 2
left_child=1 2 3 -1 -2 -4 -3 -5 -6 -7 -8 -12
right_child=4 6 5 7 8 9 10 -9 -10 -11 11 -13
leaf_value=0.042066286955858574 -0.066605281145316261 0.075418069734628057 0.0028630783089344035 0.039654886673993854 -0.025666838376982637 -0.025473101405852402 0.017508508354766156 -0.00026244815278257964 -0.042273495911733412 -0.029455595819046547 0.022864155789560886 0.048711915784271954
leaf_weight=37 56 37 65 33 60 82 50 46 35 37 55 74
leaf_count=37 56 37 65 33 60 82 50 46 35 37 55 74
internal_value=0 0.00225173 0.000372401 0.00407869 -0.00673283 -0.00207317 0.00486192 0.00240411 -0.00482162 -0.0038492 0.00405689 0.0051097
internal_weight=0 516 300 116 151 184 216 79 95 119 179 129
internal_count=667 516 300 116 151 184 216 79 95 119 179 129
cat_boundaries=0 1
cat_threshold=16410
is_linear=0
shrinkage=0.0111721


Tree=26
num_leaves=11
num_cat=1
split_feature=25 28 25 20 15 5 35 20 48 24
split_gain=64.6525 25.841 23.9604 9.18269 7.27533 6.63334 5.66791 9.35221 5.45053 5.2109
threshold=6.5000000000000009 16.500000000000004 20.500000000000004 91.500000000000014 -1.7499999999999998 0 5.5000000000000009 359.50000000000006 0.52786380052566539 2.7500000000000004
decision_type=8 10 8 2 10 9 10 2 8 10
left_child=5 2 3 -2 -3 -1 7 -4 -5 -7
right_child=1 4 6 8 -6 9 -8 -9 -10 -11
leaf_value=-0.054520205113721194 -0.034854665297516151 0.016725326569905361 0.054166864221908015 0.010726040194818843 0.040138544808245712 -0.042980452322305907 -0.0037912448774389579 0.012178622640266746 -0.012657671284213154 -0.016078809916483087
leaf_weight=50 54 41 109 73 63 41 36 105 90 40
leaf_count=50 54 41 109 73 63 41 36 105 90 40
internal_value=0 0.00162396 0.000502384 -0.00221382 0.00666026 -0.00707848 0.00286005 0.00355 -0.000891022 -0.00510328
internal_weight=0 571 467 217 104 131 250 214 163 81
internal_count=702 571 467 217 104 131 250 214 163 81
cat_boundaries=0 1
cat_threshold=2
is_linear=0
shrinkage=0.0111721


Tree=27
num_leaves=13
num_cat=0
split_feature=25 28 25 49 20 19 20 25 23 20 48 32
split_gain=56.4811 14.8606 14.6037 11.8265 8.4607 10.3433 7.36893 8.04961 9.9048 5.99952 4.42612 7.19145
threshold=12.500000000000002 13.500000000000002 23.500000000000004 15.500000000000002 128.50000000000003 8.5000000000000018 42.500000000000007 3.5000000000000004 -1.4150000214576719 554.50000000000011 0.41213235259056097 0.85092595219612133
decision_type=8 10 8 8 2 8 2 10 10 2 8 8
left_child=1 6 3 10 -4 -6 -1 -8 -9 -7 -2 -12
right_child=2 -3 4 -5 5 9 7 8 -10 -11 11 -13
leaf_value=-0.032999823727801719 0.026297208087561277 0.011451410169774934 0.0033104260209394125 -0.026297028052031372 0.059113967507434778 0.059512666057190529 -0.054912402548902374 0.011201299810849713 -0.021920546859676465 0.001253744180437405 0.022598063992249562 -0.0080076679411948629
leaf_weight=37 48 45 38 52 36 115 58 56 67 47 47 47
leaf_count=37 48 45 38 52 36 115 58 56 67 47 47 47
internal_value=0 -0.00361074 0.0029619 0.000691054 0.0048286 0.00575531 -0.00481731 -0.00388862 -0.00227074 0.00455158 0.00236029 0.000950811
internal_weight=0 263 430 194 236 198 218 181 123 162 142 94
internal_count=693 263 430 194 236 198 218 181 123 162 142 94
is_linear=0
shrinkage=0.0111721


Tree=28
num_leaves=14
num_cat=0
split_feature=22 28 25 46 15 25 19 34 17 21 19 39 23
split_gain=57.2184 14.6747 12.4573 8.69082 7.85788 7.43823 6.22643 8.32619 5.61399 4.34826 3.7962 2.31772 1.51505
threshold=3.1649999618530278 17.500000000000004 21.500000000000004 0.98181217908859264 -2.2499999999999996 13.500000000000002 9.5000000000000018 9.5000000000000018 8.5000000000000018 30.500000000000004 8.5000000000000018 0.93039408326148998 -3.2499999999999996
decision_type=10 10 8 8 10 10 10 8 10 2 10 8 10
left_child=1 2 5 -4 6 -1 12 -8 -7 -9 -5 -3 -2
right_child=4 11 3 10 -6 8 7 9 -10 -11 -12 -13 -14
leaf_value=0.012574674375070342 -0.049237783078449678 0.03866815339756912 0.08085097264722918 0.037086501850416023 -0.0025296926052270513 -0.023668242704819063 -0.005048263922175761 -0.042720314070649842 0.0052480527818713268 -0.022443755351845156 0.0053084620011487277 0.015234548395669768 -0.043681805718611931
leaf_weight=47 33 42 33 70 47 68 52 34 33 50 94 38 33
leaf_count=47 33 42 33 70 47 68 52 34 33 50 94 38 33
internal_value=0 0.00239214 0.00139246 0.00323253 -0.00435217 -0.00105681 -0.0053095 -0.00394308 -0.00276536 -0.00611803 0.00217991 0.00670323 -0.00812513
internal_weight=0 425 345 197 249 148 202 136 101 84 164 80 66
internal_count=674 425 345 197 249 148 202 136 101 84 164 80 66
is_linear=0
shrinkage=0.0111721


Tree=29
num_leaves=13
num_cat=0
split_feature=22 20 32 20 47 25 46 19 50 15 20 25
split_gain=33.0858 13.6341 11.3124 10.6245 10.5504 6.45486 6.45613 5.8337 5.54022 7.57405 3.45259 0.800125
threshold=2.5000000000000004 379.50000000000006 0.57392227649688732 62.500000000000007 -6.4999999999999991 23.500000000000004 0.97162976861000072 89.500000000000014 0.84523808956146251 -5.7499999999999991 144.50000000000003 80.500000000000014
decision_type=10 2 8 2 10 8 8 8 8 8 2 8
left_child=1 3 -2 -1 8 6 -5 -3 -4 -10 -7 -9
right_child=2 7 4 5 -6 10 -8 11 9 -11 -12 -13
leaf_value=-0.014533229329809508 0.0097934845017183022 -0.022554182471720297 -0.049863355262242254 0.039164918892358208 -0.036794559235063778 0.034653541666564619 0.0030376497348635796 0.0097506664609582714 0.012931072705864983 -0.025398977064536272 0.040215317654848773 -0.00092774206397256039
leaf_weight=34 50 41 42 45 47 41 88 40 46 89 91 38
leaf_count=34 50 41 42 45 47 41 88 40 46 89 91 38
internal_value=0 0.00197783 -0.00301727 0.00325073 -0.00408977 0.00400508 0.00226801 -0.00122047 -0.00284035 -0.00173787 0.0057553 0.000572922
internal_weight=0 418 274 299 224 265 133 119 177 135 132 78
internal_count=692 418 274 299 224 265 133 119 177 135 132 78
is_linear=0
shrinkage=0.0111721


Tree=30
num_leaves=13
num_cat=3
split_feature=25 17 7 33 2 28 20 5 15 19 16 23
split_gain=49.5047 15.1012 11.5308 9.73731 8.21145 6.62212 4.69392 4.66549 4.2483 3.64415 5.04849 1.67995
threshold=10.500000000000002 11.500000000000002 0 -9.4999999999999982 1 5.5000000000000009 345.50000000000006 2 -1.7499999999999998 5.5000000000000009 2.2500000000000004 -2.2499999999999996
decision_type=8 10 9 10 9 8 2 9 8 10 8 10
left_child=5 2 6 4 -4 7 8 -1 -2 -7 -11 -12
right_child=1 -3 3 -5 -6 9 -8 -9 -10 10 11 -13
leaf_value=-0.026283143592328018 0.01841989786053749 0.057990970204681594 0.021997598369042429 -0.020250778159126671 -0.0065526889902987251 0.00063158821535360245 0.034856634611119874 -0.06074326832072352 0.033469616929880035 -0.030670781087661393 -0.013410496455167465 -0.05379290529254941
leaf_weight=33 34 61 121 43 148 33 52 46 37 39 48 35
leaf_count=33 34 61 121 43 148 33 52 46 37 39 48 35
internal_value=0 0.00193709 0.0012071 0 0.000789104 -0.00429695 0.00394802 -0.0069295 0.00613676 -0.00295519 -0.00384612 -0.00228825
internal_weight=0 496 435 312 269 234 123 79 71 155 122 83
internal_count=730 496 435 312 269 234 123 79 71 155 122 83
cat_boundaries=0 1 2 3
cat_threshold=4194617 46 2
is_linear=0
shrinkage=0.0111721


Tree=31
num_leaves=14
num_cat=1
split_feature=25 20 2 39 25 28 15 28 21 15 37 21 49
split_gain=68.7936 17.0427 16.5134 12.9493 9.36389 9.17663 6.72243 5.0125 4.61346 4.58678 5.16136 3.48713 1.53359
threshold=17.500000000000004 607.50000000000011 0 0.82761904597282421 23.500000000000004 8.5000000000000018 -11.749999999999998 16.500000000000004 26.500000000000004 -44.499999999999993 2.5000000000000004 30.500000000000004 16.500000000000004
decision_type=8 2 9 8 8 8 10 8 2 10 10 2 10
left_child=2 4 5 -4 7 -1 8 -2 -6 -5 -11 -7 -8
right_child=1 -3 3 9 6 11 12 -9 -10 10 -12 -13 -14
leaf_value=-0.03475674095152026 -0.012082017457150358 -0.033223512595788533 -0.002388283002180568 -0.051184989210667199 0.010314868027882503 0.019219378154285604 0.058472529580991812 0.017077853599182145 0.045233791186352498 -0.019924942988484462 -0.034120359130526724 0.0052667343308701615 0.064045631899647085
leaf_weight=41 35 39 52 64 38 33 37 60 99 76 48 34 41
leaf_count=41 35 39 52 64 38 33 37 60 99 76 48 34 41
internal_value=0 0.00380939 -0.00321036 -0.00473696 0.00468506 0.000568069 0.00597576 0.00176401 0.00448513 -0.00629914 -0.00504545 0.00316819 0.00859389
internal_weight=0 349 348 240 310 108 215 95 137 188 124 67 78
internal_count=697 349 348 240 310 108 215 95 137 188 124 67 78
cat_boundaries=0 1
cat_threshold=3
is_linear=0
shrinkage=0.0111721


Tree=32
num_leaves=15
num_cat=0
split_feature=25 25 20 42 28 19 19 28 43 39 33 36 20 25
split_gain=45.1953 14.9223 15.7132 9.81214 8.60826 7.18913 6.44172 5.92209 4.41013 3.26531 3.1086 2.84583 2.80612 1.15285
threshold=7.5000000000000009 27.500000000000004 569.50000000000011 12.500000000000002 17.500000000000004 13.500000000000002 44.500000000000007 2.5000000000000004 1.0000000180025095e-35 0.65108695626258861 -3.4999999999999996 2.5000000000000004 234.50000000000003 31.500000000000004
decision_type=8 8 2 10 8 8 10 10 8 10 8 8 2 10
left_child=7 3 5 4 8 -3 -6 12 -2 -5 -9 -12 -1 -7
right_child=1 2 -4 9 6 13 -8 10 -10 -11 11 -13 -14 -15
leaf_value=-0.0019067659901988263 -0.017066718836613974 0.072450352839988852 -0.017493443850679365 0.011772587457502605 0.02505353879003561 0.04314289621843307 -0.0016287230213136482 -0.022767423296767533 -0.0036516613018355302 0.035579523473799828 -0.044307639649506216 -0.041001881503967962 -0.032935733816054233 0.023967010805198533
leaf_weight=40 41 37 45 42 38 66 82 34 76 43 33 43 33 40
leaf_count=40 41 37 45 42 38 66 82 34 76 43 33 43 33 40
internal_value=0 0.00201535 0.00451637 0.000555133 -0.000612813 0.00632823 0.00148961 -0.00445661 -0.00276914 0.00381164 -0.00609385 -0.00735003 -0.00198954 0.00484825
internal_weight=0 510 188 322 237 143 120 183 117 85 110 76 73 106
internal_count=693 510 188 322 237 143 120 183 117 85 110 76 73 106
is_linear=0
shrinkage=0.0111721


Tree=33
num_leaves=14
num_cat=1
split_feature=25 27 13 21 46 39 20 15 24 19 24 34 49
split_gain=54.068 12.1829 12.1361 8.37095 8.54684 7.29019 6.56808 5.50999 8.24411 4.74945 4.45328 4.20372 3.86361
threshold=14.500000000000002 1.5000000000000002 0 26.500000000000004 0.89512962102890026 0.98181217908859264 351.50000000000006 -4.4999999999999991 2.7500000000000004 228.50000000000003 0.58500000834465038 6.5000000000000009 19.500000000000004
decision_type=8 8 9 2 10 8 2 8 10 8 8 8 8
left_child=1 5 9 -4 6 -1 -5 8 -3 12 -9 -12 -2
right_child=2 7 3 4 -6 -7 -8 10 -10 -11 11 -13 -14
leaf_value=0.020575393358735924 -0.0026662229505307177 0.0091905357897007593 -0.0048854357395683307 0.039146793178516714 -0.0057863495226074856 -0.03936563033479841 0.015623059465949283 -0.023972552742170073 -0.041039873731418763 0.039719497563893591 -0.03707501833722452 -0.071135581308860246 -0.02985889399894133
leaf_weight=48 39 35 55 121 33 41 75 37 42 37 38 80 38
leaf_count=48 39 35 55 121 33 41 75 37 42 37 38 80 38
internal_value=0 -0.00414167 0.00202108 0.00319202 0.00424441 -0.000627641 0.00513003 -0.00548972 -0.00304692 -0.00108117 -0.00670324 -0.00776363 -0.00275674
internal_weight=0 321 398 284 229 89 196 232 77 114 155 118 77
internal_count=719 321 398 284 229 89 196 232 77 114 155 118 77
cat_boundaries=0 1
cat_threshold=66846
is_linear=0
shrinkage=0.0111721


Tree=34
num_leaves=11
num_cat=1
split_feature=25 7 48 35 25 15 19 40 16 20
split_gain=75.1718 13.1871 15.1643 7.89669 10.2422 5.82977 6.61634 4.52823 5.01814 7.64061
threshold=7.5000000000000009 0 0.56214886903762828 18.500000000000004 24.500000000000004 -1.2499999999999998 6.5000000000000009 -6.4999999999999991 12.500000000000002 287.50000000000006
decision_type=8 9 10 10 8 10 10 10 10 2
left_child=7 5 3 4 -3 6 -2 8 9 -1
right_child=1 2 -4 -5 -6 -7 -8 -9 -10 -11
leaf_value=0.00047250152304209868 0.052358299798997435 -0.0016674495578233193 -0.0071707561767140309 0.034852601368472555 0.034123557909805161 0.055630995759262808 0.019516145058361387 -0.050412750802261472 -0.048741197469775281 -0.046683173459850395
leaf_weight=34 33 189 61 44 158 40 37 62 33 39
leaf_count=34 33 189 61 44 158 40 37 62 33 39
internal_value=0 0.00226622 0.00130583 0.00214298 0.00157761 0.00558603 0.00414962 -0.00625103 -0.00484825 -0.00321388
internal_weight=0 562 452 391 347 110 70 168 106 73
internal_count=730 562 452 391 347 110 70 168 106 73
cat_boundaries=0 1
cat_threshold=2638904
is_linear=0
shrinkage=0.0111721


Tree=35
num_leaves=11
num_cat=1
split_feature=25 28 28 2 42 28 30 21 14 48
split_gain=42.5256 19.1343 17.8892 10.6002 13.8056 7.64578 5.55171 5.43025 4.28357 3.81231
threshold=9.5000000000000018 1.0000000180025095e-35 20.500000000000004 0 11.500000000000002 3.5000000000000004 3.5000000000000004 34.500000000000007 62.500000000000007 0.7119928002357484
decision_type=8 8 10 9 8 8 10 2 8 10
left_child=5 -2 3 7 -5 -1 8 -3 9 -7
right_child=1 2 -4 4 -6 6 -8 -9 -10 -11
leaf_value=-0.048196657271318603 0.058145999512182585 -0.0059162615924199724 0.045146738482038366 -0.028725254428079907 0.015250270709230487 -0.041198410864266399 0.0017450600577457785 -0.032940677575774444 -0.031164460424711906 -0.041551864742336721
leaf_weight=43 38 77 46 36 270 36 41 33 34 35
leaf_count=43 38 77 46 36 270 36 41 33 34 35
internal_value=0 0.00178753 0.00116073 0.000429694 0.00148489 -0.00443336 -0.00321388 -0.00242061 -0.00457522 -0.00613676
internal_weight=0 500 462 416 306 189 146 110 105 71
internal_count=689 500 462 416 306 189 146 110 105 71
cat_boundaries=0 1
cat_threshold=4417
is_linear=0
shrinkage=0.0111721


Tree=36
num_leaves=13
num_cat=0
split_feature=25 20 32 14 33 19 28 19 20 35 20 48
split_gain=41.4181 20.2791 18.0908 15.0688 13.4499 7.6713 7.36752 7.19949 5.01068 4.73357 1.57407 1.50446
threshold=5.5000000000000009 344.50000000000006 0.51282894611358654 22.500000000000004 5.5000000000000009 12.500000000000002 3.5000000000000004 8.5000000000000018 76.500000000000014 10.500000000000002 498.50000000000006 0.66563147306442272
decision_type=8 2 10 8 8 10 8 10 2 10 2 8
left_child=5 2 6 -3 9 11 -2 -5 -8 -4 -9 -1
right_child=1 3 4 7 -6 -7 8 10 -10 -11 -12 -13
leaf_value=-0.048476947323717302 0.11893252017672661 -0.03350456965292254 0.0033184401081416594 0.01739588939192499 -0.0076086678986473392 -0.0098394620481686897 0.0049158284029490905 0.009535479309345285 0.038955836482970622 0.031910501448864564 -0.031847807817432489 -0.042605768858115976
leaf_weight=33 33 38 47 49 46 38 35 35 176 58 61 38
leaf_count=33 33 38 47 49 46 38 35 35 176 58 61 38
internal_value=0 0.0022808 0.00370517 -0.000793642 0.000665883 -0.00522729 0.00558603 0.000847534 0.00481828 0.00287281 -0.000931002 -0.00739558
internal_weight=0 578 395 183 151 109 244 145 211 105 96 71
internal_count=687 578 395 183 151 109 244 145 211 105 96 71
is_linear=0
shrinkage=0.0111721


Tree=37
num_leaves=12
num_cat=0
split_feature=17 32 19 22 14 19 20 25 28 19 20
split_gain=49.832 23.0644 10.8563 10.4941 13.4693 10.1514 9.20716 8.06988 6.4374 4.51967 3.08222
threshold=6.5000000000000009 1.0000000180025095e-35 5.5000000000000009 23.500000000000004 26.750000000000004 3.5000000000000004 287.50000000000006 21.500000000000004 8.5000000000000018 82.000000000000014 320.50000000000006
decision_type=8 8 10 10 10 10 2 10 10 10 2
left_child=2 -2 -1 4 8 10 7 -7 -4 -8 -3
right_child=1 5 3 -5 -6 6 9 -9 -10 -11 -12
leaf_value=-0.02889584086571291 0.056144715874885079 0.026647738831692816 -0.025129344330425706 -0.069758786400664782 0.025452202152512277 1.0089263530376342e-05 -0.031295995753676621 0.037586799213831575 -0.008408965318438006 -0.0027285106082203334 0.026274492242674603
leaf_weight=63 35 40 56 42 42 118 59 70 60 80 52
leaf_count=63 35 40 56 42 42 118 59 70 60 80 52
internal_value=0 0.001821 -0.00429041 -0.00301646 -0.00169702 0.00109321 0.000170826 0.00178277 -0.00365981 -0.00200936 0.00437167
internal_weight=0 454 263 200 158 419 327 188 116 139 92
internal_count=717 454 263 200 158 419 327 188 116 139 92
is_linear=0
shrinkage=0.0111721


Tree=38
num_leaves=14
num_cat=0
split_feature=24 20 42 17 48 19 20 32 21 21 20 22 22
split_gain=30.4918 16.4264 19.395 14.0246 7.87332 7.31958 7.14696 6.91423 5.86283 2.91914 5.94624 2.32156 2.47563
threshold=0.58500000834465038 218.50000000000003 6.5000000000000009 13.500000000000002 0.80116280913352977 197.50000000000003 473.50000000000006 0.19581377506256106 28.500000000000004 34.500000000000007 275.50000000000006 6.7500000000000009 18.500000000000004
decision_type=10 2 8 10 10 8 2 10 2 2 2 10 10
left_child=3 2 -2 5 7 6 8 -4 -1 10 -7 -3 -13
right_child=1 11 4 -5 -6 9 -8 -9 -10 -11 -12 12 -14
leaf_value=-0.0083929218013454512 -0.036523889231647282 -0.041525347547285596 0.012224986021229621 0.065516709725636155 0.032172947287353842 0.042445412255819916 -0.041721666772635883 -0.014907121821253273 0.0059811465577239657 0.059021778180696455 -0.0090718288907610939 -0.044063858814269441 -0.051689231521489187
leaf_weight=99 39 41 35 39 34 46 36 35 137 33 53 37 33
leaf_count=99 39 41 35 39 34 46 36 35 137 33 53 37 33
internal_value=0 -0.00351876 -0.00101564 0.00133661 0.00150393 0.000718994 -0.000328589 -0.000638399 0.000378713 0.00287765 0.00191843 -0.00674349 -0.00798004
internal_weight=0 254 143 443 104 404 272 70 236 132 99 111 70
internal_count=697 254 143 443 104 404 272 70 236 132 99 111 70
is_linear=0
shrinkage=0.0111721


Tree=39
num_leaves=14
num_cat=0
split_feature=25 35 39 17 19 39 20 25 32 48 21 20 19
split_gain=40.678 23.8435 12.6019 9.40426 8.31788 10.2595 6.64288 7.45954 4.64812 3.52722 2.39302 2.34985 2.01424
threshold=17.500000000000004 15.500000000000002 0.75192308425903331 4.5000000000000009 97.000000000000014 0.96946388483047496 351.50000000000006 22.500000000000004 0.033060109242796905 0.61721614003181469 33.500000000000007 157.50000000000003 278.50000000000006
decision_type=8 10 8 10 10 8 2 8 10 10 2 2 8
left_child=1 3 8 4 5 -1 7 -4 -2 -5 12 -9 -8
right_child=2 -3 6 9 -6 -7 10 11 -10 -11 -12 -13 -14
leaf_value=-0.0095938748096498112 0.074679152774312946 0.021489350270711458 -0.0077552290283613738 0.012908772950272528 0.011607957543124792 -0.05010551469220316 0.0014687337873726901 0.018038904343345916 0.021208823065269243 -0.0064308142545361014 -0.0014077177252995905 0.079571540281216477 0.031175741396147309
leaf_weight=42 35 40 33 48 35 106 39 35 44 53 63 61 37
leaf_count=42 35 40 33 48 35 106 39 35 44 53 63 61 37
internal_value=0 -0.00193097 0.00357377 -0.00306838 -0.00457871 -0.005737 0.00241783 0.00424365 0.00749517 -0.000331841 0.000723369 0.00581878 0.00205801
internal_weight=0 324 347 284 183 148 268 129 79 101 139 96 76
internal_count=671 324 347 284 183 148 268 129 79 101 139 96 76
is_linear=0
shrinkage=0.0111721


Tree=40
num_leaves=14
num_cat=1
split_feature=25 8 20 35 17 19 21 47 25 35 16 48 20
split_gain=44.5505 14.2344 11.7831 10.9886 8.06715 6.2956 7.75158 6.20032 7.15178 5.03838 4.74876 3.51672 1.76154
threshold=9.5000000000000018 0 218.50000000000003 8.5000000000000018 10.500000000000002 11.500000000000002 33.500000000000007 -13.499999999999998 24.500000000000004 18.500000000000004 15.250000000000002 0.73431372642517101 522.50000000000011
decision_type=8 9 2 10 8 10 2 10 10 8 10 10 2
left_child=3 4 7 10 -2 9 -7 8 -3 -4 11 -1 -6
right_child=1 2 5 -5 12 6 -8 -9 -10 -11 -12 -13 -14
leaf_value=-0.044474263806053557 -0.032577772851175989 0.016717712985818669 -0.0043900713260670056 0.0045107511233357196 -0.013093594195537329 -0.015761786995724673 0.008565289429306084 0.023857115585816015 0.058491851806301988 0.033328216733832572 -0.053330616830178111 -0.027923840778080786 0.023166422064383949
leaf_weight=65 35 118 33 38 40 52 46 44 45 59 44 49 33
leaf_count=65 35 118 33 38 40 52 46 44 45 59 44 49 33
internal_value=0 0.00205743 0.00299203 -0.00421802 -0.00151485 0.0010584 -0.000912002 0.00491139 0.00390679 0.00315732 -0.00551532 -0.00431202 0.000459122
internal_weight=0 505 397 196 108 190 98 207 163 92 158 114 73
internal_count=701 505 397 196 108 190 98 207 163 92 158 114 73
cat_boundaries=0 1
cat_threshold=1033
is_linear=0
shrinkage=0.0111721


Tree=41
num_leaves=13
num_cat=1
split_feature=22 49 23 48 7 25 20 35 20 28 43 20
split_gain=55.1489 13.2297 13.1534 12.0537 10.9337 7.66452 11.1028 6.64307 5.63894 5.5134 3.20358 1.96915
threshold=3.1649999618530278 16.500000000000004 -1.4150000214576719 0.48749218881130224 0 31.500000000000004 313.50000000000006 21.500000000000004 590.50000000000011 5.5000000000000009 4.2500000000000009 159.50000000000003
decision_type=10 10 10 10 9 8 2 8 2 8 8 2
left_child=1 4 9 -4 7 6 -6 -1 -7 -2 -11 -12
right_child=2 -3 3 -5 5 8 -8 -9 -10 10 11 -13
leaf_value=0.029324400241223271 -0.053707530756517956 0.049392101017599076 -0.031701006697960034 0.013332607616870915 0.0033018784758613784 0.044583113584603713 -0.02663821850055274 0.061398098784307874 -0.031103925535072546 -0.0097424407451245209 -0.035226014052824398 -0.053256323652267165
leaf_weight=54 52 45 39 53 135 86 59 51 33 33 34 38
leaf_count=54 52 45 39 53 135 86 59 51 33 33 34 38
internal_value=0 0.0024371 -0.00408296 -0.000728609 0.00181747 0.00065718 -0.000691054 0.00476027 0.00291037 -0.00604857 -0.00457522 -0.00589636
internal_weight=0 463 249 92 418 313 194 105 119 157 105 72
internal_count=712 463 249 92 418 313 194 105 119 157 105 72
cat_boundaries=0 1
cat_threshold=726153
is_linear=0
shrinkage=0.0111721


Tree=42
num_leaves=15
num_cat=0
split_feature=25 28 32 39 17 29 28 19 16 39 43 20 21 35
split_gain=80.4352 21.6817 14.6562 12.0241 9.20367 7.5558 4.76598 5.70603 4.60906 4.26411 3.53871 3.41643 3.1604 2.23491
threshold=17.500000000000004 12.500000000000002 0.025158228352665905 0.70926907658576976 5.5000000000000009 2.5000000000000004 16.500000000000004 254.50000000000003 1.7500000000000002 0.64309346675872814 6.2500000000000009 498.50000000000006 34.500000000000007 3.5000000000000004
decision_type=8 8 8 8 8 10 10 8 8 8 8 2 2 10
left_child=1 5 -2 -3 -5 9 7 11 -6 -1 -11 -4 -9 -7
right_child=2 3 6 4 8 13 -8 12 -10 10 -12 -13 -14 -15
leaf_value=-0.0072974477041805926 0.086166634983479318 0.034664579517872121 0.0073916659943941126 -0.048999024044277091 0.015513711443551088 -0.067171591527930341 0.031521328098483931 0.02031917714929982 -0.020416096064938567 -0.035509827884199811 -0.040613068763652879 -0.020954781795690339 0.062664608766362567 -0.032886927396602018
leaf_weight=34 39 33 94 50 33 36 63 76 55 57 33 40 35 41
leaf_count=34 39 33 94 50 33 36 63 76 55 57 33 40 35 41
internal_value=0 -0.00390422 0.00357377 -0.000980004 -0.00242871 -0.00639198 0.00275674 0.00205201 -0.000253907 -0.00468506 -0.00595843 0.000500239 0.00392532 -0.00914077
internal_weight=0 372 347 171 138 201 308 245 88 124 90 134 111 77
internal_count=719 372 347 171 138 201 308 245 88 124 90 134 111 77
is_linear=0
shrinkage=0.0111721


Tree=43
num_leaves=14
num_cat=2
split_feature=24 32 2 8 49 25 49 15 15 19 19 32 39
split_gain=35.9909 14.2213 11.8475 9.04446 6.76741 11.073 5.2421 5.14214 8.91997 4.76466 3.07207 8.25708 2.81658
threshold=0.34500001370906835 0.58619046211242687 0 1 8.5000000000000018 21.500000000000004 12.500000000000002 -2.7499999999999996 -6.4999999999999991 14.500000000000002 22.500000000000004 0.94935896992683422 0.18708333373069766
decision_type=10 8 9 9 8 8 8 8 10 10 10 8 10
left_child=2 -2 6 10 -5 -6 -1 8 -3 -8 11 -4 -9
right_child=1 7 3 4 5 -7 9 12 -10 -11 -12 -13 -14
leaf_value=-0.013967559578703555 0.014131608525122803 -0.045243636166778546 0.056808538593102802 0.022163097485746099 -0.013099540251930074 0.011622353051978807 0.033879472903924117 -0.04468306871666701 0.0063621961982012745 -0.017954699572522055 0.054730635741523766 0.0060366785967406657 -0.046537864980670259
leaf_weight=33 56 59 35 64 48 146 34 60 34 34 39 45 48
leaf_count=33 56 59 35 64 48 146 34 60 34 34 39 45 48
internal_value=0 -0.00378198 0.00140235 0.0022806 0.00100048 0 -0.00191233 -0.00516916 -0.0032435 -0.000328586 0.00476328 0.00391022 -0.00682737
internal_weight=0 257 478 377 258 194 101 201 93 68 119 80 108
internal_count=735 257 478 377 258 194 101 201 93 68 119 80 108
cat_boundaries=0 1 2
cat_threshold=5316 8820
is_linear=0
shrinkage=0.0111721


Tree=44
num_leaves=10
num_cat=3
split_feature=25 35 13 8 25 5 19 28 20
split_gain=38.2775 19.2033 15.2811 9.33919 9.06851 6.84042 4.73267 4.71756 3.98834
threshold=6.5000000000000009 1.5000000000000002 0 1 27.500000000000004 2 13.500000000000002 6.5000000000000009 228.50000000000003
decision_type=8 8 9 9 8 9 10 8 2
left_child=5 -2 8 6 -5 -1 -4 -7 -3
right_child=1 2 3 4 -6 7 -8 -9 -10
leaf_value=-0.043046139702758293 0.06821334354929097 -0.013409646108628286 0.0019646899202892276 0.0056477839429307317 0.041079345827157686 -0.029423126815749826 -0.021910968137200129 -0.020767206384003159 -0.030891582207984526
leaf_weight=47 36 56 85 194 118 34 43 53 51
leaf_count=47 36 56 85 194 118 34 43 53 51
internal_value=0 0.000785685 0.000265515 0.00119169 0.00222053 -0.00583615 -0.00129531 -0.00398085 -0.00334207
internal_weight=0 583 547 440 312 134 128 87 107
internal_count=717 583 547 440 312 134 128 87 107
cat_boundaries=0 1 2 3
cat_threshold=3014659 369 2
is_linear=0
shrinkage=0.0111721


Tree=45
num_leaves=12
num_cat=1
split_feature=25 7 28 20 25 21 17 15 19 24 14
split_gain=71.3278 17.241 16.1231 6.21476 7.42137 6.19046 4.26006 3.40715 2.44017 3.31373 1.56351
threshold=10.500000000000002 0 11.500000000000002 581.50000000000011 26.500000000000004 29.500000000000004 11.500000000000002 -8.7499999999999982 7.5000000000000009 2.1649999618530278 19.500000000000004
decision_type=8 9 10 2 10 2 8 8 10 10 8
left_child=2 6 7 4 5 -3 -2 -1 -9 -10 -6
right_child=1 3 -4 -5 10 -7 -8 8 9 -11 -12
leaf_value=-0.032171041103689714 0.020431430099807212 -0.0015737586972054353 0.010756240571766877 -0.014712651060879262 0.098525084265997764 0.0134855446887916 0.060559688618691508 -0.053868959407187923 -0.04925996450981468 -0.040959157159925957 0.035019205581858774
leaf_weight=56 39 140 36 50 36 120 62 34 58 40 35
leaf_count=56 39 140 36 50 36 120 62 34 58 40 35
internal_value=0 0.00264236 -0.00498753 0.00140008 0.0019914 0.00111721 0.0065422 -0.00629914 -0.00727877 -0.00638403 0.00519264
internal_weight=0 482 224 381 331 260 101 188 132 98 71
internal_count=706 482 224 381 331 260 101 188 132 98 71
cat_boundaries=0 1
cat_threshold=138000
is_linear=0
shrinkage=0.0111721


Tree=46
num_leaves=12
num_cat=0
split_feature=25 28 33 39 19 28 22 15 20 23 20
split_gain=42.8798 13.5952 8.78781 6.14874 7.27188 9.95956 3.74872 7.60093 6.46339 5.11381 3.6127
threshold=15.500000000000002 3.5000000000000004 -1.4999999999999998 0.82274866104125988 212.50000000000003 10.500000000000002 4.0699999332427987 -1.2499999999999998 93.500000000000014 -0.58500000834465016 569.50000000000011
decision_type=8 8 10 10 8 10 10 10 2 8 2
left_child=2 -2 6 4 5 -3 7 -1 -8 -10 -6
right_child=1 3 -4 -5 10 -7 8 -9 9 -11 -12
leaf_value=-0.029851381840499184 0.075118493169284248 -0.015728015195962772 -0.057050305916778933 0.019775061653602669 0.053654785377088253 0.005334661819656453 -0.029015894780256943 -0.011180206553310739 0.0046924675967155152 -0.02395417422518192 -0.0065530688888278876
leaf_weight=44 37 87 63 43 91 66 47 47 83 35 36
leaf_count=44 37 87 63 43 91 66 47 47 83 35 36
internal_value=0 0.00173788 -0.00388746 0.00100306 0.000399001 -0.00124134 -0.00296758 -0.00478802 -0.00196357 -0.000568069 0.00237516
internal_weight=0 360 319 323 280 153 256 91 165 118 127
internal_count=679 360 319 323 280 153 256 91 165 118 127
is_linear=0
shrinkage=0.0111721


Tree=47
num_leaves=14
num_cat=2
split_feature=25 10 15 16 23 15 13 20 32 14 20 20 21
split_gain=35.2971 13.07 12.3039 7.76358 6.3011 6.23216 5.79472 5.35046 5.38488 5.28465 5.23814 4.66387 3.06626
threshold=12.500000000000002 0 -10.749999999999998 8.2500000000000018 -8.7499999999999982 -1.2499999999999998 1 174.50000000000003 0.85092595219612133 62.500000000000007 165.50000000000003 108.50000000000001 29.500000000000004
decision_type=8 9 10 8 10 10 9 2 8 8 2 2 2
left_child=2 10 4 5 -1 -4 12 11 -9 -6 -2 -8 -3
right_child=1 6 3 -5 9 -7 7 8 -10 -11 -12 -13 -14
leaf_value=-0.067771771484332888 0.045978655305272655 0.020013457735260008 0.015129906553209935 -0.031198530668016491 -0.038241211021302991 -0.0091569472265193106 -0.010764293083258304 -0.049965880138823512 -0.0025308488899804115 -0.012572264255393281 0.024600006880760302 0.027560196960917587 0.0053411534961078097
leaf_weight=42 48 46 56 34 50 52 56 34 101 38 63 44 57
leaf_count=42 48 46 56 34 50 52 56 34 101 38 63 44 57
internal_value=0 0.00156757 -0.00353234 -0.00125882 -0.00601572 0.000206887 0.000385243 -0.000592802 -0.0020689 -0.00431647 0.00470888 0.00134064 0.00247169
internal_weight=0 449 272 142 130 108 338 235 135 88 111 100 103
internal_count=721 449 272 142 130 108 338 235 135 88 111 100 103
cat_boundaries=0 1 2
cat_threshold=14120 262471
is_linear=0
shrinkage=0.0111721


Tree=48
num_leaves=14
num_cat=0
split_feature=25 28 17 17 16 35 21 16 19 19 48 19 19
split_gain=51.8856 13.5138 7.56698 7.40381 6.88434 6.38137 6.56358 5.07682 4.36779 4.1702 5.61147 4.04037 3.11441
threshold=19.500000000000004 13.500000000000002 9.5000000000000018 2.5000000000000004 2.2500000000000004 2.5000000000000004 34.500000000000007 69.250000000000014 12.500000000000002 15.500000000000002 0.66885966062545787 78.500000000000014 11.500000000000002
decision_type=8 8 10 10 8 10 2 8 10 10 8 8 10
left_child=1 3 5 8 -5 6 11 9 -1 -3 -11 -2 -4
right_child=2 7 12 4 -6 -7 -8 -9 -10 10 -12 -13 -14
leaf_value=-0.042173496974270044 0.030286317989109024 0.018719110206081479 0.035173208585978839 -0.0018101070944441624 -0.02078226729055533 -0.008730164480482222 0.039347394650480282 -0.028871028181052145 -0.043283178474455265 0.0074741166465174163 -0.021561893799538812 0.011512254446017934 0.051611894149553507
leaf_weight=47 33 51 44 53 48 35 48 54 42 44 39 99 43
leaf_count=47 33 51 44 53 48 35 48 54 42 44 39 99 43
internal_value=0 -0.00295557 0.00325544 -0.00505683 -0.00298659 0.00213049 0.00297922 -0.000831961 -0.00740619 0.000333492 -0.00121142 0.00169273 0.00603548
internal_weight=0 378 302 190 101 215 180 188 89 134 83 132 87
internal_count=680 378 302 190 101 215 180 188 89 134 83 132 87
is_linear=0
shrinkage=0.0111721


Tree=49
num_leaves=11
num_cat=1
split_feature=17 22 13 28 25 20 20 39 23 32
split_gain=35.4323 22.1823 10.1288 6.81404 6.32888 5.78663 5.31328 4.501 4.16477 3.77829
threshold=10.500000000000002 10.750000000000002 0 17.500000000000004 23.500000000000004 218.50000000000003 229.50000000000003 0.46201923489570623 -2.2499999999999996 0.94312667846679699
decision_type=10 10 9 10 8 2 2 8 8 10
left_child=1 2 4 5 6 -4 -1 -2 9 -3
right_child=7 8 3 -5 -6 -7 -8 -9 -10 -11
leaf_value=0.011668177216783177 0.060999744701168077 -0.0095980430292365321 0.0060352681722204548 0.010662756664139539 0.054970849124257599 -0.012577724228508487 -0.012147269743556226 0.037566676895668151 -0.06075205086348557 -0.06038463233794393
leaf_weight=34 35 38 131 35 39 191 33 56 59 33
leaf_count=34 35 38 131 35 39 191 33 56 59 33
internal_value=0 -0.000734756 0.000410205 -0.000517507 0.00327457 -0.00104088 0.00150072 0.00675234 -0.00481258 -0.0029897
internal_weight=0 593 463 357 106 322 67 91 130 71
internal_count=684 593 463 357 106 322 67 91 130 71
cat_boundaries=0 1
cat_threshold=134226400
is_linear=0
shrinkage=0.0111721


Tree=50
num_leaves=11
num_cat=1
split_feature=17 10 39 25 19 25 50 25 17 16
split_gain=41.2554 21.7126 8.51026 8.22018 7.89069 5.87654 4.64513 4.61406 4.26665 3.67408
threshold=4.5000000000000009 0 0.092820513993501677 11.500000000000002 127.50000000000001 3.5000000000000004 0.51666668057441723 35.500000000000007 8.5000000000000018 4.5000000000000009
decision_type=8 9 10 8 10 10 8 10 8 8
left_child=5 2 -2 9 8 -1 -7 -6 -5 -3
right_child=1 3 -4 4 7 6 -8 -9 -10 -11
leaf_value=-0.058160058585180321 0.065126179160989006 -0.0012003815546027025 0.013980316748488538 -0.0095112537703457619 -0.018201085253366625 -0.017318584894069594 -0.040526765354087398 0.0041051088447754177 0.016699141551222735 -0.042653602231976791
leaf_weight=65 48 33 54 48 48 62 62 49 192 42
leaf_count=65 48 33 54 48 48 62 62 49 192 42
internal_value=0 0.00143455 0.00578553 0.000211792 0.000961394 -0.0046698 -0.0032435 -0.00172764 0.00204821 -0.00312817
internal_weight=0 514 102 412 337 189 124 97 240 75
internal_count=703 514 102 412 337 189 124 97 240 75
cat_boundaries=0 1
cat_threshold=4032
is_linear=0
shrinkage=0.0111721


Tree=51
num_leaves=12
num_cat=0
split_feature=25 28 17 35 16 42 44 19 28 22 20
split_gain=58.6497 23.5684 15.3704 13.9204 11.9769 7.40302 6.87005 6.30436 6.41765 3.72534 2.11812
threshold=17.500000000000004 15.500000000000002 13.500000000000002 7.5000000000000009 0.75000000000000011 17.500000000000004 1.5000000000000002 3.5000000000000004 13.500000000000002 4.0699999332427987 320.50000000000006
decision_type=8 10 10 8 10 10 10 10 10 10 2
left_child=1 3 5 6 -5 7 -1 10 -9 -6 -2
right_child=2 -3 -4 4 9 -7 -8 8 -10 -11 -12
leaf_value=-0.052673738485975272 0.03834494468620437 0.013167166287971894 0.081911825767462726 -0.031899405961231947 -0.017571070233838176 0.033287900602165771 -0.035302722569362434 0.013388517213384495 -0.0036404083831834641 0.0059520565626125146 0.044222649562730441
leaf_weight=53 33 37 43 59 50 45 43 146 42 89 46
leaf_count=53 33 37 43 59 50 45 43 146 42 89 46
internal_value=0 -0.00266644 0.00387089 -0.00372402 -0.00203128 0.00300786 -0.00721529 0.00230136 0.00118852 -0.000241122 0.00494964
internal_weight=0 331 355 294 198 312 96 267 188 139 79
internal_count=686 331 355 294 198 312 96 267 188 139 79
is_linear=0
shrinkage=0.0111721


Tree=52
num_leaves=11
num_cat=0
split_feature=25 25 42 20 27 21 42 42 20 35
split_gain=45.0255 19.8762 10.6884 10.4602 7.38347 6.7072 5.20762 4.36071 3.86014 1.46866
threshold=5.5000000000000009 21.500000000000004 15.500000000000002 320.50000000000006 1.5000000000000002 35.500000000000007 10.500000000000002 8.5000000000000018 89.500000000000014 21.500000000000004
decision_type=8 8 10 2 10 2 8 8 2 8
left_child=7 2 4 8 6 -5 -2 -1 -3 -10
right_child=1 3 -4 5 -6 -7 -8 -9 9 -11
leaf_value=-0.054219948344717189 0.011995114426937965 0.026006264971100392 0.018131414032235515 -0.0034774373548585721 -0.026717782378596264 0.031613509225711767 -0.0097463144194579847 -0.043469558489973088 0.032770838647395321 0.049084774553339684
leaf_weight=46 34 33 43 65 45 46 151 58 35 71
leaf_count=46 34 33 43 65 45 46 151 58 35 71
internal_value=0 0.0013885 -0.000695695 0.00366444 -0.00165152 0.00110714 -0.000664283 -0.00666026 0.00570659 0.00674539
internal_weight=0 523 273 250 230 111 185 104 139 106
internal_count=627 523 273 250 230 111 185 104 139 106
is_linear=0
shrinkage=0.0111721


Tree=53
num_leaves=15
num_cat=1
split_feature=24 32 17 13 19 39 48 19 33 46 19 20 16 20
split_gain=34.1993 17.2709 17.268 7.07079 7.35486 7.0693 8.19219 6.25475 5.70108 5.3632 4.96123 4.25489 3.46496 1.91242
threshold=0.76500001549720775 0.9856107532978059 6.5000000000000009 0 12.500000000000002 0.5032467544078828 0.91010102629661571 94.000000000000014 -1.4999999999999998 0.81375637650489818 8.5000000000000018 357.50000000000006 0.75000000000000011 111.50000000000001
decision_type=10 8 10 9 10 8 8 10 8 10 10 2 10 2
left_child=2 9 3 4 -1 -4 -7 8 -3 -2 11 -5 -12 -8
right_child=1 7 5 10 -6 6 13 -9 -10 -11 12 -13 -14 -15
leaf_value=-0.00053715152162495778 -0.013858902891952747 -0.029902034598795268 0.049390477405827311 0.016842330597578 0.022999845678012346 0.03082260697167015 -0.00099955661009023915 -0.022085531666140031 -0.059938835779360218 0.012210070809655577 -0.0097421529419263724 -0.049544226609672073 -0.028236084687638056 0.018839592426795029
leaf_weight=62 44 45 56 53 40 34 36 35 58 39 87 33 42 38
leaf_count=62 44 45 56 53 40 34 36 35 58 39 87 33 42 38
internal_value=0 -0.00389253 0.00141683 -0.000105728 0.00219451 0.00435983 0.00268957 -0.00631464 -0.00770113 0.0001346 -0.00124134 0.000779443 -0.00268476 0.000603891
internal_weight=0 221 481 317 102 164 108 138 103 83 215 86 129 74
internal_count=702 221 481 317 102 164 108 138 103 83 215 86 129 74
cat_boundaries=0 1
cat_threshold=8924202
is_linear=0
shrinkage=0.0111721


Tree=54
num_leaves=14
num_cat=1
split_feature=17 7 39 25 20 15 21 42 39 29 14 19 19
split_gain=33.7046 19.8646 15.8753 14.1629 11.6522 7.08676 6.03585 6.02486 4.98831 4.70203 3.50274 3.20781 0.412294
threshold=6.5000000000000009 0 0.17052631825208667 16.500000000000004 42.500000000000007 -1.2499999999999998 28.500000000000004 13.500000000000002 0.62706920504570018 1.0000000180025095e-35 5.5000000000000009 9.5000000000000018 254.50000000000003
decision_type=8 9 8 8 2 8 2 10 10 8 8 10 8
left_child=4 10 -3 8 -1 6 -6 -5 -4 -7 -2 -8 -12
right_child=1 2 3 7 5 9 11 -9 -10 -11 12 -13 -14
leaf_value=-0.038236043784259488 0.013365451430944236 0.070914893415695526 -0.030015314268067285 0.024072547552024905 0.011955205085026248 -0.036704711440773717 -0.013151651342049606 0.032104198366506888 0.0083728886314834629 -0.023309627851866067 -0.021072894927623525 -0.009026443623739288 -0.021154275365992879
leaf_weight=40 34 45 50 187 44 33 37 33 34 45 35 71 34
leaf_count=40 34 45 50 187 44 33 37 33 34 45 35 71 34
internal_value=0 0.00217509 0.00339208 0.00257251 -0.0028137 -0.00184582 -0.000441001 0.00406257 -0.00133 -0.0045834 -0.00207622 -0.00186201 -0.00372401
internal_weight=0 452 349 304 270 230 152 220 84 78 103 108 69
internal_count=722 452 349 304 270 230 152 220 84 78 103 108 69
cat_boundaries=0 1
cat_threshold=525894
is_linear=0
shrinkage=0.0111721


Tree=55
num_leaves=13
num_cat=0
split_feature=22 28 32 28 16 32 19 48 17 20 25 20
split_gain=37.1079 18.6568 19.6572 8.37811 7.74133 7.95916 7.68308 5.59995 6.30861 4.67132 4.01153 0.460148
threshold=2.5000000000000004 19.500000000000004 0.025158228352665905 4.5000000000000009 13.250000000000002 0.68703359365463268 20.500000000000004 1.0000000180025095e-35 8.5000000000000018 261.50000000000006 5.5000000000000009 254.50000000000003
decision_type=10 10 10 8 10 8 8 8 10 2 10 2
left_child=1 2 6 -2 5 -5 11 -4 -9 -8 -7 -1
right_child=3 -3 7 4 -6 10 9 8 -10 -11 -12 -13
leaf_value=0.037295915159028553 -0.038480098378706688 0.025801851820573693 -0.029074894332204389 0.0087203116453621003 0.016549620868752855 -0.03484170785321504 0.051553920479315708 0.0042171720953061388 -0.010951187984521788 0.0046305741267034283 -0.0087342186260783074 0.05651936280395576
leaf_weight=34 55 60 36 35 38 48 51 44 46 129 99 33
leaf_count=34 55 60 36 35 38 48 51 44 46 129 99 33
internal_value=0 0.00203832 0.00110822 -0.00320943 -0.00223441 -0.00319202 0.00294002 -0.00248268 -0.000993069 0.00173788 -0.00433202 0.00616964
internal_weight=0 433 373 275 220 182 247 126 90 180 147 67
internal_count=708 433 373 275 220 182 247 126 90 180 147 67
is_linear=0
shrinkage=0.0111721


Tree=56
num_leaves=15
num_cat=0
split_feature=25 17 19 17 43 16 48 19 15 25 21 25 42 21
split_gain=59.4044 20.1101 15.7108 8.56013 7.58678 10.3703 5.96417 5.93355 5.18848 4.67279 5.36342 4.04418 1.98911 0.112429
threshold=18.500000000000004 3.5000000000000004 11.500000000000002 8.5000000000000018 3.5000000000000004 5.2500000000000009 0.7228132188320161 17.500000000000004 -3.2499999999999996 25.500000000000004 26.500000000000004 27.500000000000004 7.5000000000000009 31.500000000000004
decision_type=8 8 10 10 8 8 10 10 10 10 2 10 8 2
left_child=1 7 9 11 8 6 -6 12 -3 10 -2 -4 -1 -12
right_child=2 4 3 -5 5 -7 -8 -9 -10 -11 13 -13 -14 -15
leaf_value=-0.056699838152274674 0.013450194994136798 -0.036001870825358807 -0.024127198802384876 0.023938774624579721 0.015542378938640316 -0.017130769274421542 -0.011181977423966425 -0.028660944125547146 -0.0023575945923935788 0.058838387554079517 0.045877227946993268 0.007560961883545477 -0.041979134983607086 0.053110195213685901
leaf_weight=37 49 52 43 47 43 60 33 37 58 44 33 62 38 35
leaf_count=37 49 52 43 47 43 60 33 37 58 44 33 62 38 35
internal_value=0 -0.00305828 0.00360504 0.001029 -0.00127162 0.000492883 0.00323401 -0.00698254 -0.00345318 0.00603708 0.00486987 -0.000744801 -0.00878868 0.00690038
internal_weight=0 358 313 152 246 136 76 112 110 161 117 105 75 68
internal_count=671 358 313 152 246 136 76 112 110 161 117 105 75 68
is_linear=0
shrinkage=0.0111721


Tree=57
num_leaves=13
num_cat=2
split_feature=14 32 8 10 27 19 15 37 28 39 21 25
split_gain=31.4436 17.6912 13.51 11.1865 9.92603 8.61706 6.29677 5.12719 4.25488 3.9947 3.57141 3.44927
threshold=6.2500000000000009 1.0000000180025095e-35 0 1 2.5000000000000004 31.000000000000004 -15.749999999999998 8.5000000000000018 6.5000000000000009 0.11932203173637392 29.500000000000004 25.500000000000004
decision_type=10 8 9 9 10 10 10 8 10 10 2 10
left_child=1 -1 8 11 6 -5 -2 -6 -3 -10 -8 -4
right_child=4 2 3 5 7 -7 10 -9 9 -11 -12 -13
leaf_value=0.075072388438738535 0.016834305450265551 0.049004480858111772 0.0087878421104112345 0.0095214902493113308 -0.045858371166092239 -0.031714951580728186 -0.027048511833916586 -0.024547928682404234 0.036868458587131454 0.034115387788617675 -0.0016024853789798762 0.036922238764356144
leaf_weight=33 46 64 70 128 50 61 56 46 34 33 56 34
leaf_count=33 46 64 70 128 50 61 56 46 34 33 56 34
internal_value=0 0.00261578 0.00200254 0.000553072 -0.00228719 -0.00106668 -0.000565672 -0.00512052 0.0048333 0.00717012 -0.00199501 0.00333202
internal_weight=0 457 424 293 254 189 158 96 131 67 112 104
internal_count=711 457 424 293 254 189 158 96 131 67 112 104
cat_boundaries=0 1 2
cat_threshold=90 1121
is_linear=0
shrinkage=0.0111721


Tree=58
num_leaves=15
num_cat=0
split_feature=22 46 25 42 28 16 19 17 28 25 39 19 14 18
split_gain=50.1463 20.7161 14.2397 7.67888 6.64194 6.51963 5.60003 5.4121 6.89377 4.36887 3.80959 2.85411 2.22903 1.55513
threshold=3.1649999618530278 0.96799793839454662 26.500000000000004 3.5000000000000004 5.5000000000000009 1.2500000000000002 121.50000000000001 2.5000000000000004 21.500000000000004 37.500000000000007 0.6584928333759309 211.00000000000003 22.500000000000004 2.5000000000000004
decision_type=10 8 8 10 10 8 10 10 8 8 10 10 8 8
left_child=1 5 7 6 -5 10 12 -3 -9 -4 -1 -11 -2 -14
right_child=3 2 9 4 -6 -7 -8 8 -10 11 -12 -13 13 -15
leaf_value=0.0478005186071866 -0.033139221444977919 -0.030981237881668209 0.039608344056354182 0.0077237572598749639 -0.023893547699882351 0.012012598440248544 -0.018745041127295536 -0.016919079309383855 0.030574137570825312 0.027851605632720735 0.033185633874853987 -0.0019497243158014812 -0.052386136075188362 -0.065972982935474753
leaf_weight=37 47 54 46 42 58 51 33 81 49 96 35 33 34 39
leaf_count=37 47 54 46 42 58 51 33 81 49 96 35 33 34 39
internal_value=0 0.001947 0.000591279 -0.00419504 -0.00178753 0.00590393 -0.00576858 -0.00157866 -0.000343754 0.00287282 0.0080687 0.00181871 -0.00688944 -0.00811121
internal_weight=0 482 359 253 100 123 153 184 130 175 72 129 120 73
internal_count=735 482 359 253 100 123 153 184 130 175 72 129 120 73
is_linear=0
shrinkage=0.0111721


Tree=59
num_leaves=15
num_cat=1
split_feature=25 13 32 25 20 20 28 17 41 47 46 18 20 20
split_gain=39.6885 22.0094 11.8508 9.88212 12.8849 10.6482 6.82946 8.20532 6.53454 6.12281 3.35224 2.22105 2.00182 2.81737
threshold=6.5000000000000009 0 0.61200717091560375 27.500000000000004 463.50000000000006 346.50000000000006 5.5000000000000009 9.5000000000000018 1.0000000180025095e-35 -2.4999999999999996 0.10620300844311716 2.5000000000000004 202.50000000000003 453.50000000000006
decision_type=8 9 8 8 2 2 10 10 8 10 10 8 2 2
left_child=9 6 8 5 -5 -4 12 10 -3 11 -8 -1 -2 -14
right_child=1 2 3 4 -6 -7 7 -9 -10 -11 -12 -13 13 -15
leaf_value=-0.01200386304932134 0.044560790546136729 0.038630498228227242 -0.0071357099572064396 0.037890788964569544 -0.026170334285779241 -0.051253050050747678 -0.0081803293110261042 0.023435804171366252 -0.0036178812774337534 -0.051196631533263821 0.015954395480533158 -0.063520834589942121 0.05416887868394888 0.053303778025614729
leaf_weight=53 33 45 129 67 42 39 34 34 33 33 33 33 47 38
leaf_count=53 33 45 129 67 42 39 34 34 33 33 33 33 47 38
internal_value=0 0.00136245 -0.000397909 -0.0014923 0.00112745 -0.00319202 0.00404926 0.00210167 0.00343755 -0.00572685 -0.000166743 -0.00415704 0.00605942 0.0069661
internal_weight=0 574 355 277 109 168 219 101 78 119 67 86 118 85
internal_count=693 574 355 277 109 168 219 101 78 119 67 86 118 85
cat_boundaries=0 1
cat_threshold=278211810
is_linear=0
shrinkage=0.0111721


Tree=60
num_leaves=10
num_cat=1
split_feature=50 7 25 19 16 16 35 25 32
split_gain=31.2994 19.2396 11.7881 8.29202 7.78247 7.79544 7.2664 7.38656 5.3111
threshold=0.15476191043853763 0 10.500000000000002 10.500000000000002 1.0000000180025095e-35 3.7500000000000004 15.500000000000002 13.500000000000002 0.60791924595832836
decision_type=10 9 8 10 8 10 10 8 10
left_child=1 4 3 -3 -1 8 7 -4 -6
right_child=-2 2 6 -5 5 -7 -8 -9 -10
leaf_value=0.032963612947877877 -0.045610044396046837 -0.040992782388939976 0.019048664088561266 -0.023003795972245496 0.016027015876289314 0.027816964640743552 0.0090566417241385831 -0.011607381869550267 -0.021629691193757749
leaf_weight=56 62 43 39 61 78 40 52 205 34
leaf_count=56 62 43 39 61 78 40 52 205 34
internal_value=0 0.000404252 -0.00103546 -0.00429694 0.00307488 0.00191101 7.5486e-05 -0.000732593 0.000399
internal_weight=0 608 400 104 208 152 296 244 112
internal_count=670 608 400 104 208 152 296 244 112
cat_boundaries=0 1
cat_threshold=707897
is_linear=0
shrinkage=0.0111721


Tree=61
num_leaves=11
num_cat=1
split_feature=25 35 7 17 19 19 39 32 33 20
split_gain=28.4165 18.9915 9.73751 11.1334 9.30983 6.20857 6.0006 5.63297 4.0053 2.78907
threshold=6.5000000000000009 1.5000000000000002 0 9.5000000000000018 14.500000000000002 12.500000000000002 0.98709622025489818 0.96899038553237926 -6.4999999999999991 220.50000000000003
decision_type=8 8 9 8 8 10 10 8 10 2
left_child=5 -2 3 -3 8 6 -1 -6 -4 -7
right_child=1 2 4 -5 7 9 -8 -9 -10 -11
leaf_value=-0.030833258677072026 0.043008007605538683 -0.030759417891187489 0.018226214660064907 0.0053152456934668644 -0.016469538970847436 -0.066912051798395877 -0.036481968763704901 0.0035355393851200425 -0.0021362890699481289 -0.0049655399726935018
leaf_weight=37 37 46 163 57 50 34 35 197 37 41
leaf_count=37 37 46 163 57 50 34 35 197 37 41
internal_value=0 0.00100872 0.000487508 -0.00247169 0.00119788 -0.00448402 -0.00682736 -0.000226154 0.00301646 -0.00223441
internal_weight=0 587 550 103 447 147 72 247 200 75
internal_count=734 587 550 103 447 147 72 247 200 75
cat_boundaries=0 1
cat_threshold=1310854
is_linear=0
shrinkage=0.0111721


Tree=62
num_leaves=14
num_cat=1
split_feature=17 7 33 32 35 32 21 19 49 14 20 19 24
split_gain=25.3926 13.952 9.70099 9.05446 7.60034 6.59582 6.2736 5.11854 6.90208 5.2093 4.71555 4.40309 4.03944
threshold=7.5000000000000009 0 -6.4999999999999991 0.55339369177818309 11.500000000000002 0.97122153639793407 27.500000000000004 12.500000000000002 12.500000000000002 1.0000000180025095e-35 202.50000000000003 7.5000000000000009 0.58500000834465038
decision_type=10 9 10 10 10 10 2 10 10 10 2 10 8
left_child=1 5 7 4 6 12 -3 8 -2 -9 11 -5 -1
right_child=2 3 -4 10 -6 -7 -8 9 -10 -11 -12 -13 -14
leaf_value=0.055119305093159765 0.01662417981253481 0.013265465575794085 -0.010446342242126887 -0.011701270688971947 0.017243696757805488 -0.010205258016116747 -0.017971453342865349 0.0010229995237945016 0.092730949263726672 0.017026042750317091 -0.013703019704207698 -0.045110926361374211 0.02783686144221053
leaf_weight=42 51 61 33 34 35 34 173 43 36 35 58 38 33
leaf_count=42 51 61 33 34 35 34 173 43 36 35 58 38 33
internal_value=0 -0.00087969 0.00383687 -0.00183014 -0.00070604 0.00253484 -0.00143232 0.00494279 0.00680596 0.00286463 -0.00429695 -0.00620669 0.00461778
internal_weight=0 508 198 399 269 109 234 165 87 78 130 72 75
internal_count=706 508 198 399 269 109 234 165 87 78 130 72 75
cat_boundaries=0 1
cat_threshold=2262808
is_linear=0
shrinkage=0.0111721


Tree=63
num_leaves=13
num_cat=2
split_feature=25 7 22 46 22 49 18 19 48 5 41 25
split_gain=29.8494 17.2345 12.5386 10.549 10.2337 7.46246 5.5998 5.20123 3.72637 3.53188 3.43292 2.71232
threshold=8.5000000000000018 0 0.75000000000000011 0.98181217908859264 2.5000000000000004 10.500000000000002 1.0000000180025095e-35 168.50000000000003 0.74133810400962841 1 10.500000000000002 22.500000000000004
decision_type=8 9 8 8 8 10 10 10 10 9 8 8
left_child=6 5 3 -3 -4 11 8 -5 -1 -6 -8 -2
right_child=1 2 4 7 9 -7 10 -9 -10 -11 -12 -13
leaf_value=-0.027491113776635701 0.0040807173631231246 0.047559866685369309 -0.013985347538635541 0.0082084614466405373 -0.020865654510288732 -0.035681029360731593 -0.017977242252092664 0.050828494371374849 0.010640145573615598 0.018175681197475119 -0.058453427415769123 -0.024242948590277216
leaf_weight=38 38 63 55 105 34 34 47 45 33 107 57 36
leaf_count=38 38 63 55 105 34 34 47 45 33 107 57 36
internal_value=0 0.00118852 0.00221308 0.00414363 0.000228 -0.002651 -0.00414962 0.00253233 -0.00173088 0.00182239 -0.00580087 -0.000905838
internal_weight=0 517 409 213 196 108 175 150 71 141 104 74
internal_count=692 517 409 213 196 108 175 150 71 141 104 74
cat_boundaries=0 1 2
cat_threshold=4201154 1
is_linear=0
shrinkage=0.0111721


Tree=64
num_leaves=12
num_cat=2
split_feature=22 17 8 35 16 20 46 34 2 14 25
split_gain=37.2451 20.373 15.3823 7.68952 7.08646 5.82508 5.26922 4.91038 4.76035 4.69297 3.52234
threshold=4.0699999332427987 12.500000000000002 0 19.500000000000004 2.7500000000000004 130.50000000000003 0.9856107532978059 6.5000000000000009 1 34.500000000000007 26.500000000000004
decision_type=10 10 9 10 8 2 10 8 9 10 8
left_child=1 2 5 8 -2 -1 7 -6 -4 -9 -7
right_child=4 -3 3 -5 6 10 -8 9 -10 -11 -12
leaf_value=0.0022671819412117418 -0.0021562862382064727 0.055503184116571846 0.0021298477779974844 0.016343766174246401 -0.0040070886960727357 0.036357905239623553 -0.044040870538190044 -0.059041949734145935 -0.01579076156536818 -0.020881374371497105 0.068919116723613297
leaf_weight=33 41 46 122 33 36 38 59 39 196 34 39
leaf_count=33 41 46 122 33 36 38 59 39 196 34 39
internal_value=0 0.00116789 0.000460453 -0.000711793 -0.00443675 0.00391022 -0.00545303 -0.00399734 -0.00126476 -0.00566254 0.00594875
internal_weight=0 507 461 351 209 110 168 109 318 73 77
internal_count=716 507 461 351 209 110 168 109 318 73 77
cat_boundaries=0 1 2
cat_threshold=10258 8358
is_linear=0
shrinkage=0.0111721


Tree=65
num_leaves=7
num_cat=1
split_feature=22 35 32 13 25 20
split_gain=27.5507 21.7528 19.2933 12.8273 9.89128 7.14236
threshold=26.500000000000004 18.500000000000004 0.065800867974758162 0 21.500000000000004 135.50000000000003
decision_type=10 10 8 9 8 2
left_child=1 2 -1 5 -5 -4
right_child=-2 -3 3 4 -6 -7
leaf_value=0.047022016748643973 -0.051726116817757947 0.02870423631341118 -0.037770127116534123 -0.0097976103297480344 0.017220386958546163 -0.011093048321778124
leaf_weight=47 52 64 38 277 190 65
leaf_count=47 52 64 38 277 190 65
internal_value=0 0.00113197 0.000488891 -7.84e-05 0.000726067 -0.00346037
internal_weight=0 681 617 570 467 103
internal_count=733 681 617 570 467 103
cat_boundaries=0 1
cat_threshold=71893025
is_linear=0
shrinkage=0.0111721


Tree=66
num_leaves=10
num_cat=1
split_feature=22 27 28 2 20 25 19 48 15
split_gain=34.1339 12.0434 8.74714 6.73691 7.82543 6.02373 5.38015 5.46554 1.7055
threshold=6.7500000000000009 1.5000000000000002 7.5000000000000009 0 277.50000000000006 14.500000000000002 10.500000000000002 0.70678734779357921 -2.7499999999999996
decision_type=10 10 8 9 2 10 10 10 8
left_child=1 2 -1 5 -5 -4 8 -8 -2
right_child=6 -3 3 4 -6 -7 7 -9 -10
leaf_value=0.048821734752987456 -0.042371843998714159 -0.022227558000540975 0.031388086896872988 0.0061604777176483411 -0.014211031080358259 0.013700209679351476 -0.0060623917970591655 -0.033457926855436415 -0.050302195361189572
leaf_weight=48 33 62 38 167 122 69 57 39 35
leaf_count=48 33 62 38 167 122 69 57 39 35
internal_value=0 0.00136891 0.00201298 0.00146704 0.000485741 0.00372402 -0.00449607 -0.00279301 -0.00690038
internal_weight=0 506 444 396 289 107 164 96 68
internal_count=670 506 444 396 289 107 164 96 68
cat_boundaries=0 1
cat_threshold=131233
is_linear=0
shrinkage=0.0111721


Tree=67
num_leaves=15
num_cat=2
split_feature=25 17 15 23 19 2 32 24 25 25 6 15 19 27
split_gain=36.355 16.4277 12.4418 9.39643 8.91061 8.13034 9.93437 9.14459 5.67665 3.62527 3.60366 3.28371 2.64604 1.74573
threshold=14.500000000000002 13.500000000000002 -1.7499999999999998 -6.2499999999999991 18.500000000000004 0 0.97162976861000072 1.5699999928474428 22.500000000000004 37.500000000000007 1 -14.749999999999998 13.500000000000002 9.5000000000000018
decision_type=8 10 8 10 10 9 8 10 10 10 9 10 10 8
left_child=3 2 12 13 8 7 -7 10 -4 -6 -5 -8 -2 -1
right_child=1 -3 4 5 9 6 11 -9 -10 -11 -12 -13 -14 -15
leaf_value=-0.015510341447841696 -0.022209462067700692 0.070344615541897401 0.012371939000908133 -0.026112053196277699 -0.011995342474576207 0.017236125022405221 -0.011487581470617698 0.0048775463126021377 0.048877875108392893 0.0073967387838513839 -0.015618012339013746 -0.023224201161772519 -0.0037404928765980925 -0.065562361751430778
leaf_weight=33 33 40 125 38 57 52 36 34 36 49 41 35 34 42
leaf_count=33 33 40 125 38 57 52 36 34 36 49 41 35 34 42
internal_value=0 0.00161308 0.000802783 -0.00355638 0.00188293 -0.00246164 -0.000251999 -0.00445066 0.00353898 -0.000632378 -0.0069295 -0.0029897 -0.00350168 -0.00700115
internal_weight=0 374 334 311 267 236 123 113 161 106 79 71 67 75
internal_count=685 374 334 311 267 236 123 113 161 106 79 71 67 75
cat_boundaries=0 1 2
cat_threshold=37 1
is_linear=0
shrinkage=0.0111721


Tree=68
num_leaves=10
num_cat=1
split_feature=25 32 7 35 28 49 39 22 15
split_gain=32.673 18.7454 16.257 11.2067 9.06748 4.82451 4.8238 4.02463 2.9696
threshold=4.5000000000000009 0.014389234129339458 0 17.500000000000004 13.500000000000002 1.0000000180025095e-35 0.59761905670166027 1.0000000180025095e-35 -34.499999999999993
decision_type=8 8 9 10 8 10 10 8 10
left_child=5 -2 6 4 -4 8 7 -3 -1
right_child=1 2 3 -5 -6 -7 -8 -9 -10
leaf_value=-0.054003858567762179 0.075241110902478134 -0.0099741282200549886 -0.006839830474784688 0.024641790151712684 0.016484226321569716 -0.028690964049364213 7.3738728234936957e-05 -0.035219182745693439 -0.044823217211189703
leaf_weight=33 37 43 113 46 252 48 33 40 33
leaf_count=33 37 43 113 46 252 48 33 40 33
internal_value=0 0.00106967 0.000529984 0.00156568 0.00094886 -0.00548803 -0.00301468 -0.00471111 -0.00744803
internal_weight=0 564 527 411 365 114 116 83 66
internal_count=678 564 527 411 365 114 116 83 66
cat_boundaries=0 1
cat_threshold=272902
is_linear=0
shrinkage=0.0111721


Tree=69
num_leaves=13
num_cat=1
split_feature=17 13 20 20 25 32 49 36 25 15 20 15
split_gain=32.7183 16.5724 14.0506 10.3451 9.49614 9.15324 6.96424 6.09008 3.64065 3.25812 1.65465 1.53813
threshold=3.5000000000000004 0 379.50000000000006 76.500000000000014 15.500000000000002 0.67242920398712169 9.5000000000000018 2.5000000000000004 37.500000000000007 -0.74999999999999989 507.50000000000006 -1.2499999999999998
decision_type=8 9 2 2 10 10 10 8 8 8 2 10
left_child=5 4 3 -3 9 -1 -5 -7 -4 -2 11 -6
right_child=1 2 8 6 10 7 -8 -9 -10 -11 -12 -13
leaf_value=-0.015738763920684316 0.01986087538433708 -0.021259602771801601 -0.045017422778624382 0.010034174856693613 0.054505369034651224 -0.026726519138375027 0.026704173026645097 -0.052181818922547925 -0.0061497395749929218 -0.0058712756276618865 0.039096827014301741 0.025289716603739663
leaf_weight=65 34 41 44 140 49 40 52 54 33 62 33 40
leaf_count=65 34 41 44 140 49 40 52 54 33 62 33 40
internal_value=0 0.00135419 -0.000349126 0.00100692 0.00362602 -0.00442667 0.00209476 -0.00665569 -0.00449784 0.00116375 0.00586075 0.00665302
internal_weight=0 528 310 233 218 159 192 94 77 96 122 89
internal_count=687 528 310 233 218 159 192 94 77 96 122 89
cat_boundaries=0 2
cat_threshold=805334374 128
is_linear=0
shrinkage=0.0111721


Tree=70
num_leaves=13
num_cat=2
split_feature=25 46 22 8 49 17 28 2 25 20 20 21
split_gain=41.4769 19.9991 20.8229 7.73962 7.39224 6.06709 5.9146 5.49501 3.39755 2.48443 1.88652 1.60203
threshold=8.5000000000000018 0.17694497108459475 5.5000000000000009 0 3.5000000000000004 7.5000000000000009 6.5000000000000009 1 5.5000000000000009 108.50000000000001 439.50000000000006 31.500000000000004
decision_type=8 8 8 9 8 10 8 9 10 2 2 2
left_child=4 -2 3 5 6 -3 11 -5 -8 -4 -11 -1
right_child=1 2 9 7 -6 -7 8 -9 -10 10 -12 -13
leaf_value=-0.029872235354418904 0.051146765966874598 0.0033894257743282475 0.0067034497185462063 0.00042886337620684614 -0.051645394436287732 0.015686473619525999 0.013154526763213674 -0.019313723542905451 -0.015006373179611352 0.053768314795215162 0.050585418198041798 -0.040043021877911575
leaf_weight=41 53 71 33 112 34 37 38 112 33 48 38 35
leaf_count=41 53 71 33 112 34 37 38 112 33 48 38 35
internal_value=0 0.00172901 0.000966099 -0.00047111 -0.00450586 0.00189357 -0.00342002 -0.00162329 -0.00110147 0.00497579 0.00597575 -0.00558602
internal_weight=0 504 451 332 181 108 147 224 71 119 86 76
internal_count=685 504 451 332 181 108 147 224 71 119 86 76
cat_boundaries=0 1 2
cat_threshold=2134 11
is_linear=0
shrinkage=0.0111721


Tree=71
num_leaves=15
num_cat=2
split_feature=2 39 25 20 28 28 20 8 48 28 28 25 20 19
split_gain=25.2341 21.2428 16.3931 15.3915 9.39876 8.58498 8.05934 7.18396 7.67875 4.09184 4.08747 3.36517 3.35656 3.1012
threshold=0 0.97700846195220958 24.500000000000004 340.50000000000006 1.0000000180025095e-35 14.500000000000002 439.50000000000006 1 0.78759399056434642 10.500000000000002 10.500000000000002 8.5000000000000018 597.50000000000011 13.500000000000002
decision_type=9 10 10 2 10 10 2 9 8 8 8 10 2 10
left_child=2 3 7 4 13 -6 -5 9 10 -1 -9 -10 -8 -2
right_child=1 -3 -4 6 5 -7 12 8 11 -11 -12 -13 -14 -15
leaf_value=-0.021748169290579541 0.094911939020975611 -0.03229273032687812 0.028506872176405389 -0.031499624736026736 -0.0034903681772428022 0.019087497704874872 0.041176065726885626 -0.020990217541425715 -0.059749857991579038 0.007040717550448725 -0.0090666544971156494 -0.033418786922356808 -0.032811112296331456 0.027710580729269685
leaf_weight=44 42 41 49 42 55 53 50 34 40 59 50 39 33 51
leaf_count=44 42 41 49 42 55 53 50 34 40 59 50 39 33 51
internal_value=0 0.00180768 -0.00244067 0.00281015 0.0047245 0.00248268 -0.000268127 -0.00361202 -0.00497254 -0.000889808 -0.00292601 -0.00777801 0.00174984 0.00732791
internal_weight=0 367 315 326 201 108 125 266 163 103 84 79 83 93
internal_count=682 367 315 326 201 108 125 266 163 103 84 79 83 93
cat_boundaries=0 1 2
cat_threshold=276805 8858
is_linear=0
shrinkage=0.0111721


Tree=72
num_leaves=12
num_cat=1
split_feature=25 2 28 20 39 42 49 35 18 19 21
split_gain=31.8354 14.7448 14.6636 11.0285 10.0446 8.15979 5.39604 4.31877 3.62934 3.41411 3.27132
threshold=5.5000000000000009 0 16.500000000000004 340.50000000000006 0.90577137470245372 4.5000000000000009 2.5000000000000004 12.500000000000002 1.5000000000000002 8.5000000000000018 32.500000000000007
decision_type=8 9 10 2 8 10 10 8 8 10 2
left_child=7 2 4 5 -2 9 -6 8 -1 -3 -5
right_child=1 3 -4 10 6 -7 -8 -9 -10 -11 -12
leaf_value=-0.028578381238954013 -0.015344225844920106 0.038388171158924976 0.024818024631449206 -0.035835253815396803 0.021200603253166372 -0.0065114993973891611 4.1390858457408744e-05 -0.030848246131906638 -0.053435738803170534 0.0099956345313373923 -0.015160551431210348
leaf_weight=34 51 33 62 36 118 56 78 43 41 66 37
leaf_count=34 51 33 62 36 118 56 78 43 41 66 37
internal_value=0 0.00072816 0.00227644 -0.00140824 0.00113077 0.000216232 0.00228001 -0.00568071 -0.00729907 0.00214413 -0.00505038
internal_weight=0 537 309 228 247 155 196 118 75 99 73
internal_count=655 537 309 228 247 155 196 118 75 99 73
cat_boundaries=0 1
cat_threshold=17598
is_linear=0
shrinkage=0.0111721


Tree=73
num_leaves=12
num_cat=2
split_feature=25 7 25 19 2 21 32 35 19 34 32
split_gain=26.2145 13.61 13.6391 9.22662 5.31815 5.56963 4.85963 4.80969 4.29079 2.90212 2.76577
threshold=22.500000000000004 0 5.5000000000000009 19.500000000000004 1 35.500000000000007 0.033060109242796905 2.5000000000000004 194.50000000000003 2.2500000000000004 0.67242920398712169
decision_type=10 9 8 10 9 2 10 10 10 8 8
left_child=1 6 7 10 9 -6 -1 -3 -5 -4 -2
right_child=3 2 4 8 5 -7 -8 -9 -10 -11 -12
leaf_value=-0.0033091821913379125 0.073566352830485779 -0.038835182768187058 -0.0037544771258104181 -0.0084797361452474372 -0.018029917998413199 0.018503200028769762 0.019425762997495152 -0.056388798639089958 0.020629740983344119 0.016417430316006683 0.017106785509340104
leaf_weight=41 34 61 53 49 151 34 62 33 63 76 43
leaf_count=41 34 61 53 49 151 34 62 33 63 76 43
internal_value=0 -0.00102757 -0.00192437 0.00384224 -0.000853915 -0.00200524 0.00247169 -0.00570488 0.00179551 0.000884118 0.0068193
internal_weight=0 511 408 189 314 185 103 94 112 129 77
internal_count=700 511 408 189 314 185 103 94 112 129 77
cat_boundaries=0 1 2
cat_threshold=284161 19
is_linear=0
shrinkage=0.0111721


Tree=74
num_leaves=11
num_cat=2
split_feature=17 13 25 48 39 25 8 23 20 19
split_gain=29.9405 27.8834 15.3205 7.23171 5.67592 5.31387 9.50811 5.12816 4.61945 4.58539
threshold=12.500000000000002 0 5.5000000000000009 0.18301435559988025 0.98346996307373058 27.500000000000004 1 -3.8350000381469722 479.50000000000006 5.5000000000000009
decision_type=10 9 8 8 8 8 9 8 2 10
left_child=1 3 7 -1 -5 6 -4 -3 -7 -6
right_child=-2 2 5 4 9 8 -8 -9 -10 -11
leaf_value=0.00019749150659528454 0.067459733766285654 -0.0032220694887485661 0.013180225122541927 -0.030266799842368054 -0.018516244063460009 0.047164484958789145 -0.0090579391586184943 -0.026655594770618869 0.010697385093934609 -0.039100504372558825
leaf_weight=35 60 39 106 40 45 79 138 39 55 85
leaf_count=35 60 39 106 40 45 79 138 39 55 85
internal_value=0 -0.000794383 0.00076718 -0.00410508 -0.00525744 0.00171423 0.000732593 -0.00372402 0.00350169 -0.00412507
internal_weight=0 661 456 205 170 378 244 78 134 130
internal_count=721 661 456 205 170 378 244 78 134 130
cat_boundaries=0 2 3
cat_threshold=51921049 16 1251
is_linear=0
shrinkage=0.0111721


Tree=75
num_leaves=15
num_cat=0
split_feature=25 42 40 19 15 16 20 22 20 25 19 21 48 19
split_gain=33.2792 21.4171 8.83424 12.5023 6.92888 8.69228 8.56079 3.59285 3.43031 4.36774 4.29797 3.9001 3.22922 1.37113
threshold=23.500000000000004 6.5000000000000009 -5.4999999999999991 9.5000000000000018 -4.4999999999999991 1.7500000000000002 231.50000000000003 17.250000000000004 359.50000000000006 48.500000000000007 16.500000000000004 32.500000000000007 0.62426471710205089 3.5000000000000004
decision_type=8 10 8 10 8 10 2 10 2 8 10 2 10 10
left_child=1 4 -3 -4 12 6 -6 -7 10 -10 13 -11 -1 -2
right_child=8 2 3 -5 5 7 -8 -9 9 11 -12 -13 -14 -15
leaf_value=-0.028514783170501858 0.046548573832553973 0.025530135798702114 -0.016903432394800227 0.031111779355248077 0.0027572322791187074 -0.034072975794584605 -0.02941456653174274 -0.041174742070556762 -0.0076920378746111661 0.0050536770773992662 0.015808588263284989 0.035566892712610931 0.010973831289156799 0.047409339062988359
leaf_weight=42 51 45 59 45 54 57 94 44 37 38 52 40 34 36
leaf_count=42 51 45 59 45 54 57 94 44 37 38 52 40 34 36
internal_value=0 -0.00193272 0.00157458 -0.000214845 -0.00354069 -0.00444191 -0.00271753 -0.00696871 0.00307892 0.00165152 0.00425985 0.00315109 -0.000587999 0.00577865
internal_weight=0 474 149 104 325 249 148 101 254 115 139 78 76 87
internal_count=728 474 149 104 325 249 148 101 254 115 139 78 76 87
is_linear=0
shrinkage=0.0111721


Tree=76
num_leaves=13
num_cat=1
split_feature=25 13 43 35 32 49 20 21 19 21 19 28
split_gain=28.8646 11.2911 12.8435 15.9324 6.63945 7.61004 6.65242 6.46783 6.28615 4.05114 3.65711 3.02955
threshold=21.500000000000004 0 2.5000000000000004 15.500000000000002 0.23912129551172259 13.500000000000002 476.50000000000006 28.500000000000004 10.500000000000002 29.500000000000004 194.50000000000003 11.500000000000002
decision_type=8 9 10 8 8 10 2 2 10 2 10 8
left_child=1 11 3 8 -2 6 9 -5 -3 -6 -8 -1
right_child=4 2 -4 7 5 -7 10 -9 -10 -11 -12 -13
leaf_value=-0.019574395952200695 0.06087197367661553 0.02359763088897655 -0.032671492381052783 0.006584654388275827 0.023958491794236331 -0.010277722912713687 -0.0074552666575457751 -0.020068299840334487 0.0032773675963108225 0.052380325101716509 0.033858191350389713 -0.011675087312199349
leaf_weight=44 38 62 35 65 61 46 35 115 52 47 35 56
leaf_count=44 38 62 35 65 61 46 35 115 52 47 35 56
internal_value=0 -0.00138023 -0.000296603 0.000456002 0.00332603 0.00259351 0.00364033 -0.00161374 0.00372402 0.00537914 0.000957601 -0.00446882
internal_weight=0 429 329 294 262 224 178 180 114 108 70 100
internal_count=691 429 329 294 262 224 178 180 114 108 70 100
cat_boundaries=0 1
cat_threshold=12583996
is_linear=0
shrinkage=0.0111721


Tree=77
num_leaves=10
num_cat=2
split_feature=17 13 25 28 8 48 42 25 34
split_gain=33.358 25.0796 14.0281 8.56956 8.75931 8.77856 5.44001 7.87808 4.93521
threshold=12.500000000000002 0 5.5000000000000009 17.500000000000004 1 0.7228132188320161 13.500000000000002 21.500000000000004 1.2500000000000002
decision_type=10 9 8 10 9 10 8 8 10
left_child=1 2 -1 4 5 -3 -4 -8 -6
right_child=-2 3 6 -5 8 -7 7 -9 -10
leaf_value=-0.021509218527873342 0.054918070513779935 0.0026998374810864884 0.021983327923657456 0.0082673931159052624 -0.029091360607662698 -0.024120232833225643 -0.0011764100429742363 0.047315665691107262 -0.032173423731617488
leaf_weight=34 60 106 34 50 176 33 78 94 55
leaf_count=34 60 106 34 50 176 33 78 94 55
internal_value=0 -0.000880223 0.00196628 -0.00249423 -0.00314026 -0.000674821 0.00314553 0.00233834 -0.00440393
internal_weight=0 660 240 420 370 139 206 172 231
internal_count=720 660 240 420 370 139 206 172 231
cat_boundaries=0 1 2
cat_threshold=2231442534 12444
is_linear=0
shrinkage=0.0111721


Tree=78
num_leaves=15
num_cat=1
split_feature=13 25 35 15 47 35 23 50 28 19 36 19 34 20
split_gain=27.1133 21.2446 16.7967 11.4717 10.4018 9.51698 7.15928 6.08443 6.53327 5.01146 4.53138 2.81663 2.18176 1.40879
threshold=0 20.500000000000004 16.500000000000004 -1.2499999999999998 -10.499999999999998 23.500000000000004 -1.4150000214576719 0.68333333730697643 11.500000000000002 492.50000000000006 1.0000000180025095e-35 28.500000000000004 7.5000000000000009 453.50000000000006
decision_type=9 8 10 10 10 8 8 8 8 8 8 10 8 2
left_child=2 7 3 4 6 -3 -1 -2 10 13 -9 -10 -5 -7
right_child=1 5 -4 12 -6 9 -8 8 11 -11 -12 -13 -14 -15
leaf_value=-0.020218262749223403 -0.0079378086511345675 0.039334226351482163 0.030762805073218272 0.024909399160072017 -0.025460256452496565 -0.0060131535651298329 0.017504282285901191 -0.014289644228293383 -0.0097535178234731488 0.02783532599173149 -0.045549899385812928 -0.032472424552767082 0.030766307643218475 -0.022752605602171586
leaf_weight=35 45 37 48 33 41 44 136 33 60 50 39 48 33 35
leaf_count=35 45 37 48 33 41 44 136 33 60 50 39 48 33 35
internal_value=0 -0.00164377 0.00266002 0.00168787 0.000421586 0.00134603 0.00163334 -0.00392264 -0.00484123 -8.66029e-05 -0.00744803 -0.00310335 0.0057553 -0.00183844
internal_weight=0 391 326 278 212 166 171 225 180 129 72 108 66 79
internal_count=717 391 326 278 212 166 171 225 180 129 72 108 66 79
cat_boundaries=0 2
cat_threshold=641945372 2052
is_linear=0
shrinkage=0.0111721


Tree=79
num_leaves=12
num_cat=1
split_feature=25 1 20 20 49 25 28 25 14 28 49
split_gain=25.287 19.5726 15.0618 14.4141 8.75601 7.22212 7.15098 4.89286 4.41644 4.06316 3.66086
threshold=7.5000000000000009 0 287.50000000000006 83.500000000000014 1.5000000000000002 25.500000000000004 11.500000000000002 30.500000000000004 30.500000000000004 4.5000000000000009 11.500000000000002
decision_type=8 9 2 2 10 8 10 10 8 10 8
left_child=4 6 3 -3 8 9 -2 -7 -1 -4 -5
right_child=1 2 5 10 -6 7 -8 -9 -10 -11 -12
leaf_value=-0.026393885980340481 -0.025762252618059017 -0.00125951441255738 -0.0094268312361115419 0.046322790057619578 -0.0056436444116325412 0.019723791789116006 -0.00045608323841872392 -8.7400439812049176e-05 -0.062619690386739826 -0.026372449240991663 0.043281194450584072
leaf_weight=38 52 65 49 78 59 56 48 65 65 33 96
leaf_count=38 52 65 49 78 59 56 48 65 65 33 96
internal_value=0 0.00103063 0.00202679 0.00397333 -0.00399987 -0.000165103 -0.00325005 0.00156963 -0.00596566 -0.00272489 0.00565024
internal_weight=0 542 442 239 162 203 100 121 103 82 174
internal_count=704 542 442 239 162 203 100 121 103 82 174
cat_boundaries=0 1
cat_threshold=10407
is_linear=0
shrinkage=0.0111721


Tree=80
num_leaves=12
num_cat=1
split_feature=17 13 25 16 32 36 39 39 21 14 14
split_gain=27.5365 15.6302 13.0759 10.7186 7.19784 9.78917 6.67485 3.73195 3.02564 1.90068 1.61091
threshold=10.500000000000002 0 10.500000000000002 1.0000000180025095e-35 0.63245612382888805 1.0000000180025095e-35 0.52521184086799633 0.43492984771728521 33.500000000000007 19.500000000000004 15.500000000000002
decision_type=10 9 8 8 8 8 8 10 2 8 8
left_child=1 2 9 -3 10 -6 -2 8 -4 -1 -5
right_child=6 3 7 4 5 -7 -8 -9 -10 -11 -12
leaf_value=-0.0084750813024426375 0.058551235323103655 0.018546845884943521 0.018126043948089501 -0.0209048470428536 0.0040259265828173525 -0.028178592874185941 0.015659979585531 -0.0026324336528847688 0.039379987110700808 -0.032459119005219791 -0.019844755838313199
leaf_weight=34 33 47 78 34 73 217 53 37 34 33 33
leaf_count=34 33 47 78 34 73 217 53 37 34 33 33
internal_value=0 -0.00154967 0.000889809 -0.00280651 -0.00353626 -0.00277375 0.0051963 0.00277427 0.00379052 -0.00316819 -0.00683663
internal_weight=0 620 216 404 357 290 86 149 112 67 67
internal_count=706 620 216 404 357 290 86 149 112 67 67
cat_boundaries=0 1
cat_threshold=437008964
is_linear=0
shrinkage=0.0111721


Tree=81
num_leaves=12
num_cat=0
split_feature=25 32 15 29 48 28 19 33 39 23 21
split_gain=36.1066 16.1714 16.0059 10.5351 7.11326 5.33518 5.46568 5.13578 4.24436 7.32434 3.66518
threshold=17.500000000000004 0.22305141389369967 -3.2499999999999996 2.5000000000000004 0.42340287566185003 20.500000000000004 33.500000000000007 -1.0000000180025095e-35 0.81678402423858654 -5.2499999999999991 37.500000000000007
decision_type=8 8 10 10 8 8 8 8 8 10 2
left_child=2 -2 3 8 -4 -3 -7 -6 -1 -10 -8
right_child=1 5 4 -5 7 6 10 -9 9 -11 -12
leaf_value=0.0044665727895559773 0.04413486111562008 -0.014325847616900134 -0.010083960959769333 -0.051896554392631862 0.035098521063946848 0.029645951357156392 0.017144572229868565 0.0047709654845507791 0.0018547708859991219 -0.023612214652818771 -0.023398242328798682
leaf_weight=41 45 58 40 61 36 51 143 57 41 113 34
leaf_count=41 45 58 40 61 36 51 143 57 41 113 34
internal_value=0 0.00246393 -0.00255608 -0.00418952 0.000588001 0.0014844 0.00225401 0.00228246 -0.00292192 -0.00377238 0.0013255
internal_weight=0 331 389 256 133 286 228 93 195 154 177
internal_count=720 331 389 256 133 286 228 93 195 154 177
is_linear=0
shrinkage=0.0111721


Tree=82
num_leaves=11
num_cat=0
split_feature=25 16 17 21 20 32 46 35 19 19
split_gain=29.4785 14.985 9.90117 10.4877 9.34403 9.66915 8.40711 4.81208 4.74637 5.1806
threshold=19.500000000000004 0.75000000000000011 8.5000000000000018 26.500000000000004 63.500000000000007 0.36088341474533087 0.92476415634155285 21.500000000000004 9.5000000000000018 134.50000000000003
decision_type=8 8 10 2 2 8 10 8 10 10
left_child=1 -1 3 -2 -3 -6 -7 -4 -5 -10
right_child=2 4 7 8 5 6 -8 -9 9 -11
leaf_value=0.015279770411066989 -0.017096407991412946 -0.038536565585155558 0.032729192414513122 0.036356108209670605 0.024370350513142458 -0.010467912327758394 -0.021042542445229396 0.022229094911536924 -0.0064818291546102748 0.031482156887262074
leaf_weight=51 45 54 44 64 33 163 60 43 53 47
leaf_count=51 45 54 44 64 33 163 60 43 53 47
internal_value=0 -0.0018878 0.0028685 0.00155019 -0.00281104 -0.0019202 -0.00275544 0.00603548 0.00286114 0.00134064
internal_weight=0 361 296 209 310 256 223 87 164 100
internal_count=657 361 296 209 310 256 223 87 164 100
is_linear=0
shrinkage=0.0111721


Tree=83
num_leaves=14
num_cat=1
split_feature=25 28 8 42 17 21 24 16 16 22 28 39 25
split_gain=23.4139 11.1928 8.56288 6.78089 5.84086 6.35439 4.01876 6.90865 4.71017 3.8325 1.91098 1.79638 0.645056
threshold=14.500000000000002 1.5000000000000002 0 11.500000000000002 7.5000000000000009 35.500000000000007 0.76500001549720775 4.5000000000000009 15.250000000000002 2.5000000000000004 20.500000000000004 0.96946388483047496 19.500000000000004
decision_type=8 8 9 10 10 2 10 8 8 10 8 8 10
left_child=3 -2 10 6 5 -4 9 -8 -9 -1 -3 -6 -12
right_child=1 2 4 -5 11 -7 7 8 -10 -11 12 -13 -14
leaf_value=-0.012488514347285836 0.10347664113906822 -0.011261275314019116 -0.0039934038778832301 0.0087578173613226187 0.018036862230860685 0.043895551573251743 -0.034319447219949152 -0.0027490392630570484 -0.030919457262153966 0.0064926825121372801 0.0036276107258884829 0.021197515007477376 -0.0053274544734995223
leaf_weight=38 33 38 100 38 39 39 62 55 68 35 36 33 50
leaf_count=38 33 38 100 38 39 39 62 55 68 35 36 33 50
internal_value=0 0.00157866 0.000967133 -0.00264204 0.00227485 0.00104487 -0.003291 -0.00416688 -0.00263406 -0.00107129 -0.00133398 0.00496535 -0.000519627
internal_weight=0 368 335 296 211 139 258 185 123 73 124 72 86
internal_count=664 368 335 296 211 139 258 185 123 73 124 72 86
cat_boundaries=0 1
cat_threshold=8505
is_linear=0
shrinkage=0.0111721


Tree=84
num_leaves=14
num_cat=1
split_feature=25 7 25 20 30 19 47 20 32 50 25 19 19
split_gain=29.8495 17.4654 9.37104 9.49146 6.55616 5.53732 6.93428 4.49091 4.32794 3.96518 3.40358 2.01169 1.57904
threshold=6.5000000000000009 0 32.500000000000007 303.50000000000006 8.5000000000000018 11.500000000000002 -5.4999999999999991 326.50000000000006 0.96238207817077648 0.10555555671453477 16.500000000000004 18.500000000000004 342.00000000000006
decision_type=8 9 8 2 10 10 10 2 8 10 10 10 8
left_child=5 8 3 4 -3 6 -1 -4 -2 -7 -5 -10 -9
right_child=1 2 7 10 -6 9 -8 12 11 -11 -12 -13 -14
leaf_value=-0.0383664911245983 -0.013799842112811619 0.021140198020570627 0.10297627841004509 0.012055043733209399 0.025650313392394306 0.0010876973493776007 -0.0197955548259682 0.039572662186743671 0.019439207102715288 -0.034165540968899316 -0.030545869079361188 -0.011783704838655915 0.025949455412961391
leaf_weight=33 35 196 65 39 42 42 34 40 36 34 42 43 41
leaf_count=33 35 196 65 39 42 42 34 40 36 34 42 43 41
internal_value=0 0.00187166 0.0027989 0.00178613 0.00291037 -0.00382819 -0.00616964 0.00520343 -0.00198214 -0.00176401 -0.00151719 -0.000707089 0.00344816
internal_weight=0 579 465 319 238 143 67 146 114 76 81 79 81
internal_count=722 579 465 319 238 143 67 146 114 76 81 79 81
cat_boundaries=0 1
cat_threshold=137636368
is_linear=0
shrinkage=0.0111721


Tree=85
num_leaves=13
num_cat=1
split_feature=13 25 27 46 16 19 35 20 39 28 20 17
split_gain=24.19 19.1605 7.88354 7.59905 7.18613 6.11199 5.4249 4.23342 3.85022 3.56456 3.27712 3.49319
threshold=0 12.500000000000002 2.5000000000000004 0.90161287784576427 2.7500000000000004 10.500000000000002 18.500000000000004 633.50000000000011 0.97752526402473461 7.5000000000000009 117.50000000000001 12.500000000000002
decision_type=9 8 10 8 10 8 10 2 8 8 2 8
left_child=2 3 5 -2 6 -1 7 -3 -5 -10 -7 -12
right_child=1 4 -4 8 -6 10 -8 -9 9 -11 11 -13
leaf_value=0.0313878619099833 -0.0038810277246815158 0.00014518372182009145 -0.0097762109057820037 -0.0056376013086932176 -0.030897625074484947 0.015555772790905724 0.027268529174137662 -0.014539813618139491 -0.045734662433586509 -0.020705107393072696 -0.01859439275942747 0.025428438041185598
leaf_weight=49 33 205 44 36 40 41 35 35 39 71 38 55
leaf_count=49 33 205 44 36 40 41 35 35 39 71 38 55
internal_value=0 -0.00221668 0.00212128 -0.00518034 -0.000602936 0.00323562 4.06246e-05 -0.000558602 -0.00627472 -0.00731262 0.00200096 0.000840905
internal_weight=0 494 227 179 315 183 275 240 146 110 134 93
internal_count=721 494 227 179 315 183 275 240 146 110 134 93
cat_boundaries=0 1
cat_threshold=2875228344
is_linear=0
shrinkage=0.0111721


Tree=86
num_leaves=13
num_cat=1
split_feature=25 7 35 21 41 25 19 34 25 22 17 22
split_gain=32.8244 26.284 8.97477 6.65138 5.51803 5.38796 4.57584 4.20029 4.09925 7.23471 2.09486 1.83385
threshold=7.5000000000000009 0 16.500000000000004 28.500000000000004 4.2500000000000009 46.500000000000007 5.5000000000000009 1.2500000000000002 24.500000000000004 1.7500000000000002 6.5000000000000009 2.5000000000000004
decision_type=8 9 10 2 8 10 10 10 10 10 10 8
left_child=4 6 3 10 -1 -5 11 -6 9 -8 -3 -2
right_child=1 2 -4 5 7 -7 8 -9 -10 -11 -12 -13
leaf_value=-0.018626809147951288 0.031352110253712331 -0.035432525927827592 0.014362537484726294 0.0015106182821333154 -0.036926006659566614 -0.043872450595326538 -0.0022652249366840525 -0.049654828111417568 0.040938007375102843 0.022608725141106775 -0.0033904242811813113 0.076358949016766542
leaf_weight=40 40 70 47 200 63 37 54 39 47 40 33 36
leaf_count=40 40 70 47 200 63 37 54 39 47 40 33 36
internal_value=0 0.000776865 -0.000984942 -0.00164295 -0.00519265 -0.000612813 0.00378964 -0.0065718 0.00277321 0.00142622 -0.00401326 0.00617403
internal_weight=0 604 387 340 142 237 217 102 141 94 103 76
internal_count=746 604 387 340 142 237 217 102 141 94 103 76
cat_boundaries=0 1
cat_threshold=11139368
is_linear=0
shrinkage=0.0111721


Tree=87
num_leaves=11
num_cat=1
split_feature=17 13 14 25 28 39 25 46 32 15
split_gain=31.3709 26.2284 14.5104 9.59843 9.57501 8.70228 7.5682 4.88638 3.76467 1.09019
threshold=9.5000000000000018 0 14.500000000000002 5.5000000000000009 3.5000000000000004 0.51474359631538402 21.500000000000004 0.068055558949708952 0.96693986654281627 -64.499999999999986
decision_type=10 9 8 8 10 8 8 10 8 10
left_child=1 2 8 -3 -2 -5 9 -7 -1 -4
right_child=4 3 6 5 -6 7 -8 -9 -10 -11
leaf_value=0.011381246008912823 0.066311078587037456 -0.012133138969031019 -0.047233146164962457 0.047642998110147709 0.018876943472230262 0.015177398340967214 -0.021834654330148959 -0.013031689340417804 -0.0091697467868843436 -0.043449176915673293
leaf_weight=34 45 57 41 39 59 215 44 74 34 49
leaf_count=34 45 57 41 39 59 215 44 74 34 49
internal_value=0 -0.000856461 -0.00400508 0.000876795 0.00580087 0.00163494 -0.00633639 0.000966441 0 -0.00819284
internal_weight=0 587 202 385 104 328 134 289 68 90
internal_count=691 587 202 385 104 328 134 289 68 90
cat_boundaries=0 1
cat_threshold=243982545
is_linear=0
shrinkage=0.0111721


Tree=88
num_leaves=13
num_cat=2
split_feature=25 10 2 39 18 22 20 48 46 24 39 21
split_gain=39.9648 21.7131 18.4478 14.3988 11.8122 9.99248 7.40756 4.15361 3.52661 3.25754 2.16361 2.12288
threshold=9.5000000000000018 0 1 0.95040982961654674 1.0000000180025095e-35 9.2500000000000018 340.50000000000006 0.81872946023941051 0.19576325267553332 1.5699999928474428 0.16064515709877017 29.500000000000004
decision_type=8 9 9 8 8 8 2 8 10 10 10 2
left_child=4 8 3 -3 7 6 -4 -1 -2 -6 -11 -5
right_child=1 2 5 11 9 -7 -8 -9 -10 10 -12 -13
leaf_value=-0.019569609062932952 0.03793252836330345 0.021012710525212967 0.012997659195804355 -0.036720171707510914 -0.042161526748148145 0.044150591987665397 -0.018240951485006252 0.015671395300833207 0.019764423026048548 -0.042397253495391585 -0.040598537332814322 -0.034761210059291607
leaf_weight=35 60 33 124 34 37 62 100 34 40 41 44 42
leaf_count=35 60 33 124 34 37 62 100 34 40 41 44 42
internal_value=0 0.00151218 0.000248267 -0.00347366 -0.00450392 0.0017362 0.000698253 -0.000809565 0.00589072 -0.00659335 -0.00538887 -0.00646803
internal_weight=0 495 395 109 191 286 224 69 100 122 85 76
internal_count=686 495 395 109 191 286 224 69 100 122 85 76
cat_boundaries=0 1 2
cat_threshold=12048 131796
is_linear=0
shrinkage=0.0111721


Tree=89
num_leaves=10
num_cat=2
split_feature=18 10 24 2 27 15 20 39 43
split_gain=36.4867 11.887 10.4524 9.81575 7.20645 7.14454 5.57338 4.99393 2.39193
threshold=1.0000000180025095e-35 0 1.5699999928474428 1 1.0000000180025095e-35 -0.74999999999999989 171.50000000000003 0.33882540464401251 4.2500000000000009
decision_type=10 9 10 9 10 8 2 8 8
left_child=1 6 3 5 -2 -3 -1 -5 -6
right_child=4 2 -4 7 8 -7 -8 -9 -10
leaf_value=0.020508750202158799 -0.01258828241306968 0.015458176542219969 -0.021813974974328146 0.025993879888209552 -0.050005789447608293 -0.02245024744714522 0.008296670481849051 0.0043375321663588883 -0.047849265289333268
leaf_weight=62 43 33 33 44 37 89 41 307 52
leaf_count=62 43 33 33 44 37 89 41 307 52
internal_value=0 0.000385243 -0.00034642 7.08582e-05 -0.00609385 -0.0025391 0.00365811 0.00102127 -0.00790831
internal_weight=0 609 506 473 132 122 103 351 89
internal_count=741 609 506 473 132 122 103 351 89
cat_boundaries=0 1 2
cat_threshold=3376 13476
is_linear=0
shrinkage=0.0111721


Tree=90
num_leaves=10
num_cat=1
split_feature=20 39 13 25 28 32 48 32 19
split_gain=21.4148 18.0022 15.1971 15.4807 9.21241 8.7301 7.25886 5.18206 1.67543
threshold=70.500000000000014 0.027222222648561004 0 8.5000000000000018 11.500000000000002 0.98581486940383922 0.80116280913352977 0.75677654147148143 10.500000000000002
decision_type=2 8 9 8 8 8 10 8 8
left_child=5 -2 7 6 -5 -1 -4 -3 -9
right_child=1 2 3 4 -6 -7 -8 8 -10
leaf_value=-0.006219770200208574 0.039144193903658205 -0.0085475026002583866 -0.032572817893155345 -0.017733502587501365 0.021797270900174498 -0.037842295903574713 0.010361601821781388 -0.022118839456348727 -0.036359034653231148
leaf_weight=51 45 37 74 51 299 60 38 38 46
leaf_count=51 45 37 74 51 299 60 38 38 46
internal_value=0 0.000391378 -0.000134141 0.000804767 0.00197905 -0.00493181 -0.00279301 -0.0034966 -0.00532002
internal_weight=0 628 583 462 350 111 112 121 84
internal_count=739 628 583 462 350 111 112 121 84
cat_boundaries=0 1
cat_threshold=2216845570
is_linear=0
shrinkage=0.0111721


Tree=91
num_leaves=14
num_cat=2
split_feature=25 13 25 8 20 20 20 48 19 20 15 29 21
split_gain=32.4805 17.7448 15.3013 14.2113 8.31014 5.9376 5.71117 4.55841 6.38378 3.71069 3.66366 3.30799 2.76521
threshold=5.5000000000000009 0 22.500000000000004 1 221.50000000000003 87.500000000000014 138.50000000000003 0.44507937133312231 123.50000000000001 320.50000000000006 -1.2499999999999998 4.0699999332427987 31.500000000000004
decision_type=8 9 8 9 2 2 2 8 8 2 10 8 2
left_child=4 2 6 7 11 -5 -2 -3 -9 -4 -7 -1 -8
right_child=1 3 9 5 -6 10 12 8 -10 -11 -12 -13 -14
leaf_value=-0.021535654877396483 -0.0050033794104648007 -0.010041046145498299 0.02334734170599868 -0.0019196942102540017 -0.056706030265003989 0.021450066300937591 -0.035329551655303999 0.01659062934905536 -0.036007252277405928 -0.011376803229394005 0.029149980869465939 -0.010291616989082878 -0.01598153179317046
leaf_weight=35 39 35 44 34 46 141 38 35 34 50 60 36 37
leaf_count=35 39 35 44 34 46 141 38 35 34 50 60 36 37
internal_value=0 0.000469757 -0.00204992 0.00201673 -0.00601572 0.00351122 -0.00490002 -0.00137201 0.00016191 0.00118851 0.00439101 -0.00361911 -0.00670323
internal_weight=0 547 208 339 117 235 114 104 69 94 201 71 75
internal_count=664 547 208 339 117 235 114 104 69 94 201 71 75
cat_boundaries=0 1 2
cat_threshold=110123864 294
is_linear=0
shrinkage=0.0111721


Tree=92
num_leaves=10
num_cat=1
split_feature=28 2 25 20 41 28 24 32 20
split_gain=18.927 14.8843 14.2729 8.87494 8.94758 18.8992 8.14697 4.99578 4.08539
threshold=1.0000000180025095e-35 0 27.500000000000004 62.500000000000007 13.500000000000002 15.500000000000002 3.5700000524520878 0.97752526402473461 121.50000000000001
decision_type=8 9 10 2 8 8 10 10 2
left_child=-1 3 6 -2 8 -6 7 -3 -5
right_child=1 2 -4 4 5 -7 -8 -9 -10
leaf_value=0.059086967141259474 -0.0072289194285276755 -0.010681782700280628 0.056023617248121244 0.02179250182206029 -0.047816717998507313 0.029269631059618634 -0.022280974631981084 0.0084479956119112246 0.014519167269754892
leaf_weight=37 48 195 56 48 37 176 44 42 55
leaf_count=37 48 195 56 48 37 176 44 42 55
internal_value=0 0.000557806 -0.00112686 0.00209103 0.00282837 0.00152108 -0.0021867 -0.00136705 0.00553179
internal_weight=0 701 337 364 316 213 281 237 103
internal_count=738 701 337 364 316 213 281 237 103
cat_boundaries=0 1
cat_threshold=190
is_linear=0
shrinkage=0.0111721


Tree=93
num_leaves=13
num_cat=3
split_feature=7 23 13 2 19 28 20 37 48 21 15 28
split_gain=21.8736 13.5261 8.38307 6.61041 7.8072 7.38354 5.43363 5.0328 7.1253 4.79049 3.72655 3.15551
threshold=0 -1.8199999928474424 1 2 13.500000000000002 13.500000000000002 234.50000000000003 8.5000000000000018 0.37897555530071264 32.500000000000007 -2.7499999999999996 11.500000000000002
decision_type=9 8 9 9 10 8 2 8 8 2 8 8
left_child=7 10 6 5 -5 -4 -3 -1 -9 11 -2 -10
right_child=1 2 3 4 -6 -7 -8 8 9 -11 -12 -13
leaf_value=-0.0088691449512480688 -0.029907756317688539 0.024549026606337156 -0.01570556852010864 -0.0056800670427133385 -0.027685180361611689 0.017502011028491096 -0.0064385698231842741 -0.0022248074016758051 0.05177501521324343 0.0047251772573795384 -0.047984089443440583 0.018542310271572514
leaf_weight=47 47 45 41 83 83 94 56 34 34 41 33 57
leaf_count=47 47 45 41 83 83 94 56 34 34 41 33 57
internal_value=0 -0.00136245 -0.000555824 -0.00147284 -0.00291997 0.000385242 0.00211363 0.00285564 0.00390349 0.00507821 -0.00558603 0.0065068
internal_weight=0 482 402 301 166 135 101 213 166 132 80 91
internal_count=695 482 402 301 166 135 101 213 166 132 80 91
cat_boundaries=0 1 2 3
cat_threshold=25604898 134488240 11
is_linear=0
shrinkage=0.0111721


Tree=94
num_leaves=12
num_cat=1
split_feature=16 32 43 2 16 49 28 25 18 32 15
split_gain=26.5146 18.2359 16.1683 10.1576 4.85572 5.3333 4.75021 4.12084 3.89915 7.54651 0.914273
threshold=2.7500000000000004 0.6012820601463319 1.0000000180025095e-35 0 0.75000000000000011 2.5000000000000004 9.5000000000000018 25.500000000000004 1.5000000000000002 0.98009902238845836 -18.749999999999996
decision_type=10 8 8 9 10 10 10 8 10 8 10
left_child=1 6 -2 7 5 -5 -1 10 9 -4 -3
right_child=2 3 8 4 -6 -7 -8 -9 -10 -11 -12
leaf_value=0.020993099877245142 0.01550914080653552 0.0086465018492467259 -0.013229409659689318 -0.0067628263029919037 -0.012831880252385654 0.015848210125331968 0.035506221703302893 0.04339446421495162 -0.017948091741476848 -0.046746023805885106 0.015763595097805422
leaf_weight=45 59 35 33 147 53 49 63 60 64 48 35
leaf_count=45 59 35 33 147 53 49 63 60 64 48 35
internal_value=0 0.00194995 -0.00284778 0.000795899 -0.000560759 0.000228 0.00599981 0.00319202 -0.00485407 -0.00648255 0.001596
internal_weight=0 487 204 379 249 196 108 130 145 81 70
internal_count=691 487 204 379 249 196 108 130 145 81 70
cat_boundaries=0 1
cat_threshold=65546
is_linear=0
shrinkage=0.0111721


Tree=95
num_leaves=13
num_cat=1
split_feature=25 2 39 20 20 19 28 17 20 49 25 48
split_gain=30.6184 14.9151 14.638 14.195 12.6818 7.88978 7.48997 7.25433 6.79611 5.38469 5.28061 2.91236
threshold=5.5000000000000009 0 0.17638888955116275 332.50000000000006 86.500000000000014 70.500000000000014 10.500000000000002 2.5000000000000004 277.50000000000006 6.5000000000000009 18.500000000000004 0.57587876915931713
decision_type=8 9 10 2 2 10 10 10 2 8 8 8
left_child=7 4 3 5 -2 -3 -4 11 9 -6 -10 -1
right_child=1 2 6 -5 8 -7 -8 -9 10 -11 -12 -13
leaf_value=-0.0311701512339163 -0.02419416705898713 0.052947205724192099 -0.022877392216963065 -0.0012013158736944552 -0.0049053241848606441 0.015996976579550039 0.012834955739774327 -0.0052426642845513497 -0.034228575995453828 0.021144302213601043 0.001491344869090351 -0.04801599717981396
leaf_weight=33 48 85 37 52 43 33 60 34 49 68 124 41
leaf_count=33 48 85 37 52 43 33 60 34 49 68 124 41
internal_value=0 0.000876606 0.00278293 0.00486313 -0.00071867 0.00700621 -0.000575876 -0.00558603 0.000157352 0.00231493 -0.00122699 -0.00754868
internal_weight=0 599 267 170 332 118 97 108 284 111 173 74
internal_count=707 599 267 170 332 118 97 108 284 111 173 74
cat_boundaries=0 1
cat_threshold=16845
is_linear=0
shrinkage=0.0111721


Tree=96
num_leaves=13
num_cat=1
split_feature=25 20 39 8 46 40 21 25 48 16 20 28
split_gain=27.497 11.5644 10.8516 14.4353 11.1123 10.459 7.3662 6.27573 5.51642 4.0464 2.97042 1.07586
threshold=16.500000000000004 53.500000000000007 0.039607843384146697 0 0.17694497108459475 -8.4999999999999982 31.500000000000004 27.500000000000004 0.48957881331443792 1.2500000000000002 254.50000000000003 22.500000000000004
decision_type=8 2 8 9 10 10 2 10 8 8 2 8
left_child=1 -1 -2 7 10 8 -7 11 -3 -10 -5 -4
right_child=2 5 3 4 -6 6 -8 -9 9 -11 -12 -13
leaf_value=-0.03787706185623075 0.056077346592265195 0.016593058201866028 0.027224026285390918 0.01301425199730067 -0.024150986094396483 -0.0097538413211044096 -0.039681899665163653 0.014387124949082581 0.0067181884399607301 -0.017585381054465197 -0.0078484513780564362 0.059425370107966551
leaf_weight=54 36 59 34 74 34 44 52 47 56 93 128 37
leaf_count=54 36 59 34 74 34 44 52 47 56 93 128 37
internal_value=0 -0.00268379 0.00160419 0.0010099 -0.000635808 -0.00183751 -0.00488777 0.00401496 -0.000429693 -0.00157458 0.000331842 0.00645146
internal_weight=0 358 390 354 236 304 96 118 208 149 202 71
internal_count=748 358 390 354 236 304 96 118 208 149 202 71
cat_boundaries=0 1
cat_threshold=36922
is_linear=0
shrinkage=0.0111721


Tree=97
num_leaves=13
num_cat=3
split_feature=1 32 13 14 13 42 48 25 16 23 21 25
split_gain=25.0263 16.1921 15.1618 11.8476 6.88118 6.1049 5.104 4.74242 4.62848 4.47283 3.6147 2.11323
threshold=0 0.40129870176315313 1 7.2500000000000009 2 12.500000000000002 0.57223114371299755 29.500000000000004 1.0000000180025095e-35 -0.93000000715255726 31.500000000000004 19.500000000000004
decision_type=9 8 9 8 9 8 8 10 8 8 2 10
left_child=5 6 3 -3 11 -1 -2 -6 -8 -7 -5 -4
right_child=1 2 4 10 7 9 8 -9 -10 -11 -12 -13
leaf_value=-0.0403664992951294 0.0088412107882192281 0.024505668977491193 0.013936254539889985 -0.021662240564974056 -0.00059112131262191437 0.0013758185042973753 0.030435958917508658 0.033938815072078632 0.038422917481205569 -0.025067923966679093 -0.048926331798709644 0.032711586508499819
leaf_weight=52 33 33 80 39 229 39 35 43 35 34 41 33
leaf_count=52 33 33 80 39 229 39 35 43 35 34 41 33
internal_value=0 0.00126166 0.000448677 -0.00299738 0.00149904 -0.00405504 0.00531486 0.000475406 0.00702243 -0.00229562 -0.00558603 0.00372402
internal_weight=0 601 498 113 385 125 103 272 70 73 80 113
internal_count=726 601 498 113 385 125 103 272 70 73 80 113
cat_boundaries=0 1 2 3
cat_threshold=51226 67644162 33587441
is_linear=0
shrinkage=0.0111721


Tree=98
num_leaves=11
num_cat=0
split_feature=17 32 28 39 19 25 41 28 39 15
split_gain=27.47 12.437 18.2045 10.9056 10.3913 6.83795 6.52088 5.01142 4.45357 3.22562
threshold=5.5000000000000009 0.17416666448116305 16.500000000000004 0.96693986654281627 12.500000000000002 26.500000000000004 3.5000000000000004 2.5000000000000004 0.62258651852607738 -10.749999999999998
decision_type=8 8 8 8 10 8 8 10 8 10
left_child=4 -2 8 -4 6 -5 -1 -6 -3 -8
right_child=1 2 3 5 7 -7 9 -9 -10 -11
leaf_value=-0.0073535373127484992 0.041423731069224527 -0.032462608309418779 0.035809929547262975 -0.0094964297249599625 -0.031023590639503811 0.023160614683490115 -0.048560302930837941 0.010687367314835487 -0.014919835323427397 -0.029722558925580341
leaf_weight=33 48 33 61 107 54 140 44 45 61 42
leaf_count=33 48 33 61 107 54 140 44 45 61 42
internal_value=0 0.00114203 0.000500241 0.00181365 -0.00368986 0.000768927 -0.00591462 -0.00101564 -0.00380325 -0.00753464
internal_weight=0 450 402 308 218 247 119 99 94 86
internal_count=668 450 402 308 218 247 119 99 94 86
is_linear=0
shrinkage=0.0111721


Tree=99
num_leaves=11
num_cat=1
split_feature=7 17 35 41 28 19 21 20 21 20
split_gain=17.264 11.1273 9.1862 9.29996 4.88571 4.04212 3.27736 3.15502 2.98118 2.84931
threshold=0 8.5000000000000018 12.500000000000002 5.5000000000000009 1.0000000180025095e-35 20.500000000000004 29.500000000000004 287.50000000000006 29.500000000000004 122.50000000000001
decision_type=9 10 8 8 10 10 2 2 2 2
left_child=4 2 3 -2 -1 8 -6 -7 -4 -3
right_child=1 9 5 -5 6 7 -8 -9 -10 -11
leaf_value=0.050971375440298547 -0.0113960503835844 5.2768952055212201e-05 -0.0060072959297362109 -0.036304226740953238 0.0082727649549076427 0.0012410477161146813 -0.00013974764246330021 -0.022323463910636221 0.0091018044441367792 0.029738875166946024
leaf_weight=40 64 35 63 65 38 61 36 99 103 53
leaf_count=40 64 35 63 65 38 61 36 99 103 53
internal_value=0 -0.000828308 -0.0015469 -0.00407044 0.00378408 -0.000548322 0.00241558 -0.00181546 0.000673014 0.00279301
internal_weight=0 543 455 129 114 326 74 160 166 88
internal_count=657 543 455 129 114 326 74 160 166 88
cat_boundaries=0 1
cat_threshold=2151456
is_linear=0
shrinkage=0.0111721


Tree=100
num_leaves=12
num_cat=0
split_feature=16 22 35 25 35 20 21 42 17 21 20
split_gain=25.4632 13.9384 12.3884 9.9584 5.95586 5.22133 4.49421 4.23008 3.66834 2.45424 2.1818
threshold=1.2500000000000002 3.1649999618530278 5.5000000000000009 21.500000000000004 16.500000000000004 234.50000000000003 29.500000000000004 15.500000000000002 7.5000000000000009 36.500000000000007 132.50000000000003
decision_type=8 10 10 10 10 2 2 8 8 2 2
left_child=2 7 3 -1 10 6 -3 -2 -9 -10 -4
right_child=1 5 4 -5 -6 -7 -8 8 9 -11 -12
leaf_value=0.01763705391820624 0.030173833509224413 -0.00048391625246086811 -0.014258798911444969 0.053418375551142025 0.020713316516809421 -0.049459805870963693 -0.026752861392069078 -0.013461022292086405 -0.0054503267914943572 0.013999804033086911 0.001293860935367871
leaf_weight=65 33 54 33 46 54 57 51 34 166 54 33
leaf_count=65 33 54 33 46 54 57 51 34 166 54 33
internal_value=0 -0.00151781 0.00304693 0.005737 0.000558601 -0.0041378 -0.00266001 -3.89261e-05 -0.000527813 0 -0.00169273
internal_weight=0 449 231 111 120 162 105 287 254 220 66
internal_count=680 449 231 111 120 162 105 287 254 220 66
is_linear=0
shrinkage=0.0111721


Tree=101
num_leaves=16
num_cat=1
split_feature=25 17 8 50 14 39 22 46 32 20 21 19 21 25 24
split_gain=27.2876 13.5108 9.55689 8.54914 9.98213 6.74992 6.69328 6.04569 6.97671 4.71868 3.42855 2.9398 2.88922 2.08977 1.0578
threshold=24.500000000000004 4.5000000000000009 0 0.31666667759418493 35.500000000000007 0.85957747697830211 8.2500000000000018 0.80259740352630626 0.67936623096466076 198.50000000000003 30.500000000000004 247.50000000000003 28.500000000000004 52.500000000000007 4.2500000000000009
decision_type=8 10 9 10 10 8 10 8 10 2 2 8 2 8 10
left_child=1 3 9 4 6 -2 -1 -4 -9 12 13 -12 -3 -7 -5
right_child=5 2 7 14 -6 10 -8 8 -10 -11 11 -13 -14 -15 -16
leaf_value=-0.014826779346025535 0.076248592724152811 0.011585831766753261 0.016135947259180793 -0.035783850546205767 0.024964980442695676 0.0476945954871787 -0.037656874551256034 -0.0018388717324611483 -0.020421822678861706 -0.0020923191320132407 -0.012341570514156033 0.026737851632876026 0.032918989104138111 0.025818915431949321 -0.034737560906716404
leaf_weight=119 39 37 40 34 33 33 35 67 33 38 42 49 34 45 33
leaf_count=119 39 37 40 34 33 33 35 67 33 38 42 49 34 45 33
internal_value=0 -0.00126602 0.000583279 -0.00307892 -0.00185205 0.00354498 -0.00304692 -0.00134065 -0.00290473 0.00291037 0.00257817 0.00110493 0.00487794 0.00429694 -0.00650313
internal_weight=0 503 249 254 187 208 154 140 100 109 169 91 71 78 67
internal_count=711 503 249 254 187 208 154 140 100 109 169 91 71 78 67
cat_boundaries=0 1
cat_threshold=36137
is_linear=0
shrinkage=0.0111721


Tree=102
num_leaves=12
num_cat=1
split_feature=13 33 21 16 17 42 23 44 20 15 22
split_gain=25.0342 14.51 11.3374 9.03776 8.0917 8.11924 7.10335 4.97592 4.92461 4.76186 1.92304
threshold=0 -2.4999999999999996 35.500000000000007 3.7500000000000004 9.5000000000000018 11.500000000000002 -0.58500000834465016 15.500000000000002 346.50000000000006 -5.7499999999999991 1.1650000214576723
decision_type=9 10 2 10 10 8 10 8 2 8 8
left_child=4 2 3 7 5 -1 -7 -2 -8 -5 -4
right_child=1 -3 10 9 -6 6 8 -9 -10 -11 -12
leaf_value=-0.006920433815091805 0.012784263514306846 -0.019675402458737619 0.011997679186604751 -0.026908170974049676 0.033145395140930289 0.038840158141223852 0.019734433306238589 -0.0026400309190510018 -0.0086644302188500239 -0.041519145557870549 0.042209946988114741
leaf_weight=49 34 61 39 42 35 63 40 227 34 42 36
leaf_count=49 34 61 39 42 35 63 40 227 34 42 36
internal_value=0 -0.000932901 -0.000212801 -0.00106863 0.00353057 0.00276298 0.00415894 -4.28037e-05 0.00181168 -0.00425602 0.00372401
internal_weight=0 481 420 345 221 186 137 261 74 84 75
internal_count=702 481 420 345 221 186 137 261 74 84 75
cat_boundaries=0 2
cat_threshold=34822690 128
is_linear=0
shrinkage=0.0111721


Tree=103
num_leaves=13
num_cat=0
split_feature=25 15 15 20 21 42 34 42 19 19 48 23
split_gain=23.6534 12.7844 9.68291 7.63824 5.87765 4.63315 8.49779 4.25387 3.76082 7.06587 2.15026 1.56351
threshold=11.500000000000002 -15.749999999999998 -4.4999999999999991 339.50000000000006 33.500000000000007 12.500000000000002 6.5000000000000009 17.500000000000004 13.500000000000002 218.50000000000003 0.65868008136749279 -1.8199999928474424
decision_type=8 8 8 2 2 8 8 10 8 8 8 8
left_child=1 -1 -2 4 7 10 -7 -4 -5 -10 -3 -8
right_child=2 5 3 8 -6 6 11 -9 9 -11 -12 -13
leaf_value=0.012520753779703559 -0.020500541581238301 -0.027116040456539387 0.012295441279882892 0.026651592142897671 0.027387641510223954 0.0034468161481711122 -0.010782126141614713 0.021577975967137446 -0.044898797157448878 0.024844633326150788 -0.026277082673076962 -0.049825224103161141
leaf_weight=40 44 41 169 34 49 46 35 43 46 76 33 36
leaf_count=40 44 41 169 34 49 46 35 43 46 76 33 36
internal_value=0 -0.0029502 0.00142983 0.00195578 0.00312475 -0.00415297 -0.00276914 0.00231873 0 -0.00091574 -0.00634089 -0.00519264
internal_weight=0 231 461 417 261 191 117 212 156 122 74 71
internal_count=692 231 461 417 261 191 117 212 156 122 74 71
is_linear=0
shrinkage=0.0111721


Tree=104
num_leaves=16
num_cat=0
split_feature=22 20 27 23 19 48 34 25 25 25 20 20 28 20 16
split_gain=19.5179 11.5655 10.4133 9.80624 8.00001 7.70369 6.73304 6.1255 5.5618 4.32381 5.66545 5.17949 4.93097 3.2382 1.51512
threshold=2.5000000000000004 29.500000000000004 3.5000000000000004 -0.93000000715255726 9.5000000000000018 1.0000000180025095e-35 1.2500000000000002 5.5000000000000009 22.500000000000004 25.500000000000004 482.50000000000006 157.50000000000003 11.500000000000002 242.50000000000003 2.2500000000000004
decision_type=10 2 8 8 10 10 8 10 10 8 2 2 10 2 8
left_child=4 -2 6 7 9 8 -3 -4 14 12 11 -11 -1 -10 -6
right_child=1 2 3 -5 5 -7 -8 -9 13 10 -12 -13 -14 -15 -16
leaf_value=-0.012012164680599693 -0.035986304156675503 -0.014810964395798119 -0.028623825094086147 -0.038831847477487642 -0.024650679987383881 0.020829467087462691 0.010958287564102713 0.0082470381836932671 0.013774096487908876 0.048247249828500441 0.01381627164513204 0.058778776623931966 0.0067056274709169118 -0.0059352816456890532 -0.014186015111164296
leaf_weight=38 36 44 55 53 33 33 50 61 35 38 34 49 50 86 33
leaf_count=38 36 44 55 53 33 33 50 61 35 38 34 49 50 86 33
internal_value=0 -0.00212979 -0.00131686 -0.00297481 0.00158857 0.000101563 0.00166392 -0.00115573 -0.000776666 0.00315384 0.00452422 0.00603548 0.00126955 0.000646315 -0.00338547
internal_weight=0 299 263 169 429 220 94 116 187 209 121 87 88 121 66
internal_count=728 299 263 169 429 220 94 116 187 209 121 87 88 121 66
is_linear=0
shrinkage=0.0111721


Tree=105
num_leaves=14
num_cat=1
split_feature=14 8 20 24 20 25 28 25 19 28 21 35 20
split_gain=23.8231 24.1139 6.89761 6.75773 6.63618 8.368 5.48775 5.33374 5.20838 4.29113 3.59836 3.46216 1.1353
threshold=21.500000000000004 0 269.50000000000006 0.76500001549720775 76.500000000000014 13.500000000000002 21.500000000000004 21.500000000000004 25.000000000000004 3.5000000000000004 30.500000000000004 14.500000000000002 400.50000000000006
decision_type=10 9 2 10 2 10 8 8 10 10 2 8 2
left_child=1 3 4 6 -3 -6 11 8 -4 -2 -9 -1 -8
right_child=9 2 7 -5 5 -7 12 10 -10 -11 -12 -13 -14
leaf_value=0.022285084450214928 -0.012772406179968158 -0.0060767409750888393 -0.034736553021623637 0.0048750126865018733 0.029910133495754235 -0.00037849802430835075 0.050400362851930405 -0.026983483566837156 -0.0081986082093844399 -0.041188205193719483 0.020099011201680929 0.0061108764236882628 0.064305358295493734
leaf_weight=43 65 52 40 51 55 83 49 37 34 48 62 39 33
leaf_count=43 65 52 40 51 55 83 49 37 34 48 62 39 33
internal_value=0 0.00115973 -0.00062899 0.00402194 0.000823203 0.00210488 0.00531354 -0.00226024 -0.00452921 -0.00444905 -0.000564243 0.00326987 0.00735721
internal_weight=0 578 363 215 190 138 164 173 74 113 99 82 82
internal_count=691 578 363 215 190 138 164 173 74 113 99 82 82
cat_boundaries=0 1
cat_threshold=10358
is_linear=0
shrinkage=0.0111721


Tree=106
num_leaves=16
num_cat=1
split_feature=7 39 48 19 40 32 20 32 35 46 20 41 21 20 20
split_gain=21.4708 13.2578 9.9885 7.45692 6.39004 5.82811 7.82941 5.00429 4.82297 3.53914 4.48946 3.37186 2.6871 2.10083 2.05088
threshold=0 0.39713065326213842 0.22295321524143222 31.000000000000004 -1.4999999999999998 0.92899158596992504 463.50000000000006 0.29616476595401769 17.500000000000004 0.98399898409843456 206.50000000000003 1.2500000000000002 29.500000000000004 526.50000000000011 338.50000000000006
decision_type=9 10 10 10 8 8 2 10 8 8 2 10 2 2 2
left_child=1 9 3 5 -3 7 -7 -2 11 -1 -11 -4 -10 14 -5
right_child=2 4 8 13 -6 6 -8 -9 12 10 -12 -13 -14 -15 -16
leaf_value=0.039412765319368818 0.0069537431992410543 0.0053862692363100713 -0.029979374925338802 -0.0071169227558488309 -0.018095973740365392 0.020240377734258082 -0.0088664306005984093 -0.016910188962815723 -0.031481941887052528 0.0027921385486022947 0.055936028335842755 -0.016692756311203413 0.0031740806871734541 -0.0067197229578152811 -0.042960650034162447
leaf_weight=34 33 36 63 37 43 93 33 44 34 47 55 43 43 36 34
leaf_count=34 33 36 63 37 43 93 33 44 34 47 55 43 43 36 34
internal_value=0 0.00253233 -0.00162139 -0.000432466 -0.000989925 0.000825521 0.00230534 -0.001596 -0.00372402 0.00476455 0.00372402 -0.00526984 -0.001596 -0.00281912 -0.00393382
internal_weight=0 215 493 310 79 203 126 77 183 136 102 106 77 107 71
internal_count=708 215 493 310 79 203 126 77 183 136 102 106 77 107 71
cat_boundaries=0 1
cat_threshold=9129904
is_linear=0
shrinkage=0.0111721


Tree=107
num_leaves=14
num_cat=1
split_feature=25 10 28 28 21 48 16 30 49 21 21 20 21
split_gain=23.1695 10.4546 10.002 7.04526 7.44432 7.29511 6.39115 5.2905 4.53022 3.01012 3.96306 3.2431 2.95311
threshold=19.500000000000004 0 5.5000000000000009 9.5000000000000018 36.500000000000007 0.55694445967674266 7.2500000000000009 13.500000000000002 19.500000000000004 33.500000000000007 37.500000000000007 357.50000000000006 28.500000000000004
decision_type=8 9 8 10 2 8 8 8 8 2 2 2 2
left_child=1 6 -2 4 12 -5 7 -1 -4 11 -11 -10 -3
right_child=2 3 8 5 -6 -7 -8 -9 9 10 -12 -13 -14
leaf_value=0.013481329185006536 0.072962676609406946 -0.024095630001476388 0.013479828327699759 0.012472692342259244 -0.0098547442920152786 -0.0070976231984000724 -0.026180189403483253 -0.0058925174312818504 0.0010739535329826395 0.036594710225150963 -0.0071411051239476777 -0.027835748626154642 -0.039602588367193631
leaf_weight=40 34 60 65 38 39 56 35 33 61 33 39 40 84
leaf_count=40 34 60 65 38 39 56 35 33 61 33 39 40 84
internal_value=0 -0.00269871 0.0015608 -0.00377592 -0.00518921 -0.00142622 0.000378712 0.00229562 0.000751062 -0.000193734 0.00155167 -0.00143799 -0.00636187
internal_weight=0 385 272 277 183 94 108 73 238 173 72 101 144
internal_count=657 385 272 277 183 94 108 73 238 173 72 101 144
cat_boundaries=0 1
cat_threshold=857
is_linear=0
shrinkage=0.0111721


Tree=108
num_leaves=11
num_cat=0
split_feature=25 39 35 25 32 49 19 49 49 21
split_gain=19.8613 10.74 8.63686 8.30871 7.18239 6.48464 6.26717 5.5147 5.29903 3.65698
threshold=25.500000000000004 0.12687234580516818 17.500000000000004 36.500000000000007 0.98757717013359081 1.0000000180025095e-35 275.00000000000006 5.5000000000000009 18.500000000000004 31.500000000000004
decision_type=8 8 10 8 8 10 8 8 8 2
left_child=1 -1 4 8 7 -6 -5 -3 -2 -8
right_child=3 2 -4 6 5 -7 9 -9 -10 -11
leaf_value=0.024699256302392954 0.013241291611722449 -0.010553572114806708 0.01700874006187364 -0.02828694058732285 -0.02319817473832906 0.0047467463315160538 0.0053836417232030163 -0.015997381039532656 0.041996252969254522 0.040848653959784251
leaf_weight=40 39 117 54 43 87 112 38 87 49 39
leaf_count=40 39 117 54 43 87 112 38 87 49 39
internal_value=0 -0.00164097 -0.00212685 0.00247074 -0.00268906 -0.00117896 0.000558601 -0.00416214 0.00507821 0.00246655
internal_weight=0 497 457 208 403 199 120 204 88 77
internal_count=705 497 457 208 403 199 120 204 88 77
is_linear=0
shrinkage=0.0111721


Tree=109
num_leaves=10
num_cat=2
split_feature=25 17 10 23 41 2 17 14 28
split_gain=29.4913 18.5222 10.8996 7.73949 6.51707 6.38366 8.58361 6.11318 3.55552
threshold=5.5000000000000009 11.500000000000002 0 -1.8199999928474424 1.0000000180025095e-35 1 6.5000000000000009 10.500000000000002 6.5000000000000009
decision_type=8 10 9 8 8 9 8 8 8
left_child=3 2 4 8 -2 7 -7 -4 -1
right_child=1 -3 5 -5 -6 6 -8 -9 -10
leaf_value=-0.034949838259103798 0.0012513834217860779 0.042505700863097531 -0.014103341635621136 -0.054377506088142694 0.021215966983576227 -0.015210037008547075 0.012132117774967883 -0.0097802639044077093 -0.0020399630740779691
leaf_weight=36 43 63 36 43 60 109 219 79 36
leaf_count=36 43 63 36 43 60 109 219 79 36
internal_value=0 0.000825522 0.000163693 -0.00534316 0.00326263 -0.00061656 0.00019832 -0.00277067 -0.00310334
internal_weight=0 609 546 115 103 443 328 115 72
internal_count=724 609 546 115 103 443 328 115 72
cat_boundaries=0 1 2
cat_threshold=2206 1208
is_linear=0
shrinkage=0.0111721


Tree=110
num_leaves=10
num_cat=2
split_feature=25 28 1 28 15 5 18 23 35
split_gain=20.3507 13.9253 11.8972 8.00414 11.7205 7.86272 5.92904 6.60509 4.27093
threshold=5.5000000000000009 2.5000000000000004 0 13.500000000000002 -1.7499999999999998 1 2.5000000000000004 -4.7499999999999991 15.500000000000002
decision_type=8 8 9 10 8 9 8 8 8
left_child=6 -2 8 5 -5 -4 7 -1 -3
right_child=1 2 3 4 -6 -7 -8 -9 -10
leaf_value=0.0096009652899632647 0.038823404543802183 -0.025830853079816911 -0.013406332335668134 -0.0015379729319008834 0.025870246503909084 0.011671532298020858 -0.059415394140420949 -0.032667304922498162 -0.0027218382872593078
leaf_weight=33 37 39 68 44 64 241 49 46 61
leaf_count=33 37 39 68 44 64 241 49 46 61
internal_value=0 0.000927644 0.000453797 0.00128204 0.00393091 0.00039771 -0.00401496 -0.00212127 -0.00284379
internal_weight=0 554 517 417 108 309 128 79 100
internal_count=682 554 517 417 108 309 128 79 100
cat_boundaries=0 1 2
cat_threshold=80005 1
is_linear=0
shrinkage=0.0111721


Tree=111
num_leaves=13
num_cat=2
split_feature=13 25 7 24 49 37 32 48 42 35 25 17
split_gain=20.3402 15.0218 13.216 10.3751 8.36959 7.1235 7.06407 6.5106 5.65418 11.082 4.62665 4.03956
threshold=0 19.500000000000004 1 0.76500001549720775 12.500000000000002 14.500000000000002 0.22749775648117068 0.74133810400962841 12.500000000000002 20.500000000000004 26.500000000000004 8.5000000000000018
decision_type=9 8 9 10 8 8 8 8 8 8 10 10
left_child=1 5 4 6 -2 -1 -4 -7 -5 -10 -8 -3
right_child=2 11 3 8 -6 7 10 -9 9 -11 -12 -13
leaf_value=-0.026520984126838721 0.032584692898639599 -0.029212182895702758 0.030143807916113097 -0.023660856371900373 0.018387845572197251 -0.00026231817623987918 -0.0020113224988712124 -0.025102458247331521 0.026850571107995654 -0.026142378495893379 0.032313373951922977 0.022562098286370888
leaf_weight=46 49 56 37 40 62 34 172 47 34 57 47 34
leaf_count=46 49 56 37 40 62 34 172 47 34 57 47 34
internal_value=0 -0.00310062 0.000923675 -8.4423e-05 0.0041549 -0.00571798 0.00122194 -0.00372402 -0.00264377 -0.00110493 0.000459125 0.000248265
internal_weight=0 217 498 387 111 127 256 81 131 91 219 90
internal_count=715 217 498 387 111 127 256 81 131 91 219 90
cat_boundaries=0 1 2
cat_threshold=585173672 917748
is_linear=0
shrinkage=0.0111721


Tree=112
num_leaves=11
num_cat=2
split_feature=13 7 19 26 35 17 37 20 20 19
split_gain=23.4821 12.9186 10.6706 6.95543 8.33332 6.67875 6.44423 5.58697 5.83961 5.1001
threshold=0 1 17.500000000000004 1.5000000000000002 17.500000000000004 3.5000000000000004 7.5000000000000009 103.50000000000001 234.50000000000003 248.50000000000003
decision_type=9 9 8 8 10 8 8 2 2 8
left_child=5 2 -2 4 6 -1 -3 -7 -9 -10
right_child=1 3 -4 -5 -6 7 -8 8 9 -11
leaf_value=-0.0083539291029227428 -0.013859405704202707 -0.0033884667243197506 0.041646051110481905 0.0087473381430998691 0.0089542119316584328 -0.0028607049767188607 -0.027664979080550836 0.042498913835062511 0.0036459919271086601 0.017853318074573351
leaf_weight=42 56 43 45 59 42 41 251 49 55 35
leaf_count=42 56 43 45 59 42 41 251 49 55 35
internal_value=0 -0.00198713 0.00150974 -0.00289646 -0.00359102 0.00231146 -0.00425603 0.00335162 0.0044206 0.00273094
internal_weight=0 496 101 395 336 222 294 180 139 90
internal_count=718 496 101 395 336 222 294 180 139 90
cat_boundaries=0 1 2
cat_threshold=1627998932 738320
is_linear=0
shrinkage=0.0111721


Tree=113
num_leaves=14
num_cat=1
split_feature=13 25 15 20 16 28 25 35 26 19 19 19 25
split_gain=25.1159 13.7482 9.70786 11.3422 6.945 7.59676 6.21475 4.92472 4.81798 4.57617 3.38432 3.31505 1.45625
threshold=0 22.500000000000004 -0.74999999999999989 195.50000000000003 2.2500000000000004 6.5000000000000009 41.500000000000007 8.5000000000000018 1.0000000180025095e-35 31.000000000000004 10.500000000000002 19.500000000000004 37.500000000000007
decision_type=9 8 8 2 8 10 8 10 10 10 10 10 8
left_child=2 4 3 7 5 -2 10 -1 11 12 -4 -6 -3
right_child=1 9 6 -5 8 -7 -8 -9 -10 -11 -12 -13 -14
leaf_value=-0.016255830252163078 0.013952224953201139 0.020969931329327361 0.022225907871528994 0.021842055890650868 -0.02563385981556408 -0.0089710884878408635 0.020512480422139039 0.0037166157320210873 -0.050305404948377187 -0.0089016149653561721 0.036962080896520873 -0.015963942652330691 0.012297380501839534
leaf_weight=41 44 40 50 47 41 64 59 43 42 56 62 48 44
leaf_count=41 44 40 50 47 41 64 59 43 42 56 62 48 44
internal_value=0 -0.00146472 0.00279302 0.000596978 -0.00313192 -0.00103445 0.00463869 -0.00186201 -0.00486112 0.00127681 0.00618453 -0.00338927 0.00292601
internal_weight=0 379 302 131 239 108 171 84 131 140 112 89 84
internal_count=681 379 302 131 239 108 171 84 131 140 112 89 84
cat_boundaries=0 2
cat_threshold=541307246 2080
is_linear=0
shrinkage=0.0111721


Tree=114
num_leaves=14
num_cat=1
split_feature=7 28 19 14 15 16 32 32 25 50 20 19 33
split_gain=24.5285 17.331 15.7508 7.88087 14.4124 6.52731 5.50983 4.73135 4.4657 4.18703 3.0227 1.73793 1.51306
threshold=0 15.500000000000002 6.5000000000000009 8.5000000000000018 -9.7499999999999982 1.7500000000000002 0.17416666448116305 0.97660738229751598 30.500000000000004 0.68333333730697643 400.50000000000006 134.50000000000003 -2.4999999999999996
decision_type=9 8 10 10 10 8 10 8 10 8 2 8 10
left_child=3 5 10 6 -5 -2 11 -4 -9 -7 -3 -1 -11
right_child=1 2 7 4 -6 9 -8 8 -10 12 -12 -13 -14
leaf_value=0.064960270039416471 -0.0013659511794199425 0.024659678013517344 0.0064874523070654394 0.0092573989005392734 -0.020260240088636663 -0.015263990083248058 0.0082870607621295944 -0.023371445168504302 0.0087154838563082721 -0.026051633599534631 0.0092923352777544259 0.040688702486827703 -0.039586106320622795
leaf_weight=37 59 52 52 42 33 41 56 125 62 51 33 34 40
leaf_count=37 59 52 52 42 33 41 56 125 62 51 33 34 40
internal_value=0 -0.00134065 0.000206889 0.0031619 0.000446878 -0.00403598 0.00501423 -0.00126212 -0.00209103 -0.00541676 0.00433738 0.00708088 -0.00675234
internal_weight=0 515 324 202 75 191 127 239 187 132 85 71 91
internal_count=717 515 324 202 75 191 127 239 187 132 85 71 91
cat_boundaries=0 1
cat_threshold=2643237
is_linear=0
shrinkage=0.0111721


Tree=115
num_leaves=10
num_cat=1
split_feature=28 20 10 24 19 41 46 27 14
split_gain=15.6213 13.1115 9.53096 12.8825 6.14934 5.28347 3.2859 2.90418 1.67674
threshold=17.500000000000004 586.50000000000011 0 1.1650000214576723 5.5000000000000009 2.5000000000000004 0.9401492476463319 6.5000000000000009 10.500000000000002
decision_type=10 2 9 8 10 8 8 8 8
left_child=1 2 3 8 7 -6 -2 -4 -1
right_child=6 -3 4 -5 5 -7 -8 -9 -10
leaf_value=0.01061974226543823 0.018859689743320092 0.040343315296130736 -0.010207480661316756 -0.0081199013185177527 -0.029083409909259339 -0.012228398892541582 0.007899320069212578 0.010453693728312138 0.02829222122478087
leaf_weight=36 39 46 42 43 44 258 45 60 38
leaf_count=36 39 46 42 43 44 258 45 60 38
internal_value=0 -0.000374372 -0.000879183 0.00184735 -0.00167311 -0.00251556 0.00478802 0.000657177 0.00483116
internal_weight=0 567 521 117 404 302 84 102 74
internal_count=651 567 521 117 404 302 84 102 74
cat_boundaries=0 1
cat_threshold=20416
is_linear=0
shrinkage=0.0111721


Tree=116
num_leaves=12
num_cat=0
split_feature=17 20 20 21 20 23 39 49 46 14 14
split_gain=20.0863 16.0468 10.6847 9.89075 6.58283 5.94572 5.51446 4.60843 5.10361 3.92724 2.61894
threshold=4.5000000000000009 63.500000000000007 258.50000000000006 35.500000000000007 279.50000000000006 -5.2499999999999991 0.91734972596168529 12.500000000000002 0.98346996307373058 15.500000000000002 45.500000000000007
decision_type=10 2 2 2 2 10 10 10 8 10 8
left_child=1 -1 6 4 5 -3 7 8 -2 -5 -6
right_child=2 3 -4 9 10 -7 -8 -9 -10 -11 -12
leaf_value=-0.042425892667475637 -0.007157123118784154 -0.029430530130268254 -0.017043308821940415 0.0032445408850370621 -0.044307307961693326 0.0057290642556534375 0.016467399475504258 0.02528100907882198 0.019006853321819596 0.029679735448123058 -0.018931440315904657
leaf_weight=42 43 41 42 55 41 65 56 52 77 33 103
leaf_count=42 43 41 42 55 41 65 56 52 77 33 103
internal_value=0 -0.00199921 0.00198614 -0.00118992 -0.00232379 -0.000210791 0.00294002 0.00194861 0.000744802 0.00203128 -0.00387919
internal_weight=0 380 270 338 250 106 228 172 120 88 144
internal_count=650 380 270 338 250 106 228 172 120 88 144
is_linear=0
shrinkage=0.0111721


Tree=117
num_leaves=12
num_cat=1
split_feature=7 28 17 25 25 16 28 50 32 48 19
split_gain=28.5721 11.3366 10.3075 7.59833 7.06211 6.33285 6.31369 8.53384 4.74771 4.42872 3.64212
threshold=0 15.500000000000002 8.5000000000000018 27.500000000000004 26.500000000000004 1.0000000180025095e-35 12.500000000000002 0.68333333730697643 0.96899038553237926 0.80116280913352977 252.00000000000003
decision_type=9 10 10 8 8 8 10 8 8 8 8
left_child=1 4 3 6 8 -4 7 -2 -1 -10 -5
right_child=2 -3 5 10 -6 -7 -8 -9 9 -11 -12
leaf_value=-0.012692155922927677 -0.013121822777810087 0.029630870640644135 -0.0060430043221740793 0.018483304265317451 0.061756331646448101 0.018794507375942522 -0.0018324554584935842 -0.025902496920036287 0.030594441360440348 -0.0064941073309390191 -0.01127615467129724
leaf_weight=48 56 37 55 35 59 39 63 160 36 34 61
leaf_count=48 56 37 55 35 59 39 63 160 36 34 61
internal_value=0 0.00299252 -0.00184257 -0.00271109 0.00195669 0.00142622 -0.00364394 -0.00455158 0.000378712 0.00223441 0
internal_weight=0 214 469 375 177 94 279 216 118 70 96
internal_count=683 214 469 375 177 94 279 216 118 70 96
cat_boundaries=0 1
cat_threshold=169082
is_linear=0
shrinkage=0.0111721


Tree=118
num_leaves=10
num_cat=2
split_feature=28 13 25 8 34 32 35 14 25
split_gain=17.8063 14.9159 13.2397 10.2388 11.1789 7.43798 4.29465 2.90541 3.93114
threshold=1.0000000180025095e-35 0 5.5000000000000009 1 1.2500000000000002 0.9860132932662965 19.500000000000004 6.2500000000000009 14.500000000000002
decision_type=8 9 8 9 10 8 8 10 8
left_child=-1 2 -2 6 5 -5 -3 8 -4
right_child=1 3 7 4 -6 -7 -8 -9 -10
leaf_value=0.060876697151993196 -0.030779243480886943 -0.024910023081781859 0.02778466837267286 -0.013190746204458625 0.024688329682574214 -0.0043584563332674311 -0.018850211042152912 0.0034216449232573379 0.018545060558845965
leaf_weight=39 34 63 33 72 46 185 52 39 111
leaf_count=39 34 63 33 72 46 185 52 39 111
internal_value=0 -0.000615783 0.00172256 -0.00182721 -0.000678176 -0.00160843 -0.0045582 0.00299143 0.00372402
internal_weight=0 635 217 418 303 257 115 183 144
internal_count=674 635 217 418 303 257 115 183 144
cat_boundaries=0 1 2
cat_threshold=38479313 8499
is_linear=0
shrinkage=0.0111721


Tree=119
num_leaves=11
num_cat=2
split_feature=19 2 49 18 46 8 20 19 20 48
split_gain=33.7521 27.6931 14.5509 9.83659 6.48216 7.47925 3.58536 3.49157 3.19427 2.90789
threshold=2.5000000000000004 0 2.5000000000000004 3.5000000000000004 0.17694497108459475 1 210.50000000000003 10.500000000000002 395.50000000000006 0.64093536138534557
decision_type=10 9 10 10 8 9 2 10 2 10
left_child=6 3 9 4 -2 -6 -1 -4 -8 -3
right_child=1 2 7 -5 5 -7 8 -9 -10 -11
leaf_value=0.035055103581620943 0.036337205444181508 -0.048534934038171079 0.002167300320171886 -0.042166100722049876 -0.010646227143815433 0.0074509961752795657 0.00099974298203472358 -0.017358691439476995 0.023195149143606868 -0.021697838576715561
leaf_weight=35 34 61 38 33 134 227 33 52 51 37
leaf_count=35 34 61 38 33 134 227 33 52 51 37
internal_value=0 -0.00152346 -0.00496536 0.000102027 0.000593957 0.000154737 0.00497579 -0.00198614 0.00372402 -0.00820804
internal_weight=0 616 188 428 395 361 119 90 84 98
internal_count=735 616 188 428 395 361 119 90 84 98
cat_boundaries=0 1 2
cat_threshold=49439 8678
is_linear=0
shrinkage=0.0111721


Tree=120
num_leaves=14
num_cat=2
split_feature=7 13 42 17 14 20 19 20 20 20 23 25 25
split_gain=27.7648 19.5683 9.59207 9.37267 8.19828 6.34729 5.31475 5.24713 3.90035 4.66644 3.70563 3.42975 3.02635
threshold=0 1 6.5000000000000009 11.500000000000002 8.5000000000000018 357.50000000000006 10.500000000000002 190.50000000000003 70.500000000000014 228.50000000000003 -3.2499999999999996 37.500000000000007 16.500000000000004
decision_type=9 9 8 8 10 2 10 2 2 2 10 8 10
left_child=4 2 -2 8 6 7 -1 -5 -3 -10 -4 -7 -12
right_child=1 3 10 5 -6 11 -8 -9 9 -11 12 -13 -14
leaf_value=0.041711225046076383 -0.014682168542259509 -0.022509346179430918 0.019114959645981953 -0.0074239193851724106 0.0079861881700265588 -0.033924473744438535 0.027812818488152199 0.019196887955731119 -0.0053720514023763693 -0.027455676170744153 -0.0035447339477972057 -0.027168712279338841 0.027598844603006684
leaf_weight=56 36 56 37 41 40 41 37 42 81 67 59 33 96
leaf_count=56 36 56 37 41 40 41 37 42 81 67 59 33 96
internal_value=0 -0.00102582 0.00150213 -0.00261986 0.0044532 -0.000640435 0.00660713 0.00148063 -0.00427167 -0.00332142 0.00256026 -0.00301947 0.00180194
internal_weight=0 589 228 361 133 157 93 83 204 148 192 74 155
internal_count=722 589 228 361 133 157 93 83 204 148 192 74 155
cat_boundaries=0 1 2
cat_threshold=727080 12606899
is_linear=0
shrinkage=0.0111721


Tree=121
num_leaves=13
num_cat=1
split_feature=27 13 25 40 14 15 17 23 15 17 32 22
split_gain=24.3393 19.5349 11.6581 6.96395 6.42855 6.11909 3.96785 6.20194 5.85596 3.1196 3.64898 2.9479
threshold=3.5000000000000004 0 18.500000000000004 -2.4999999999999996 4.5000000000000009 -16.499999999999996 9.5000000000000018 -0.58500000834465016 -11.749999999999998 12.500000000000002 0.91734972596168529 13.250000000000002
decision_type=10 9 8 8 8 10 10 10 10 10 8 8
left_child=1 6 3 -3 -5 -2 7 11 -9 10 -4 -1
right_child=5 2 9 4 -6 -7 -8 8 -10 -11 -12 -13
leaf_value=0.0038719809959427338 -0.036837677396124729 0.013341189183238168 0.00086517774152235704 0.014070100106976593 -0.01842240557118573 -0.015331452368421802 0.0025398864564877754 -0.020593144503329743 -0.033546648313973963 0.048883482168952955 0.021255623613609963 -0.025921689026081988
leaf_weight=39 56 38 48 37 103 34 41 56 35 39 132 38
leaf_count=39 56 38 48 37 103 34 41 56 35 39 132 38
internal_value=0 0.000516201 0.00194894 -0.000125527 -0.00127681 -0.00571016 -0.0021936 -0.00305902 -0.00503356 0.00372402 0.00310335 -0.000725454
internal_weight=0 606 397 178 140 90 209 168 91 219 180 77
internal_count=696 606 397 178 140 90 209 168 91 219 180 77
cat_boundaries=0 2
cat_threshold=220285003 2
is_linear=0
shrinkage=0.0111721


Tree=122
num_leaves=11
num_cat=2
split_feature=32 7 28 49 8 22 43 35 32 20
split_gain=18.4506 15.8013 9.89475 10.1525 8.4787 5.64844 5.51296 4.33434 2.99536 0.969678
threshold=0.013793759513646366 0 21.500000000000004 6.5000000000000009 1 2.5000000000000004 4.2500000000000009 11.500000000000002 0.57853618264198314 292.50000000000006
decision_type=8 9 8 10 9 10 8 10 10 2
left_child=-1 8 4 5 7 -4 -6 -3 9 -2
right_child=1 2 3 -5 6 -7 -8 -9 -10 -11
leaf_value=0.045980102638323382 0.003544782929661784 -0.024957179874314308 0.0034501062430348909 0.035647015249159836 0.0019922965736040876 -0.015579960701812955 -0.028610405570503105 -0.01073190729293047 0.024601288679161466 0.0075124996469291914
leaf_weight=35 33 63 150 45 99 68 61 45 37 33
leaf_count=35 33 63 150 45 99 68 61 45 37 33
internal_value=0 -0.000352431 -0.00113579 0.000382313 -0.00266796 -0.000614975 -0.000788615 -0.00492328 0.00346037 0.00236983
internal_weight=0 634 531 263 268 218 160 108 103 66
internal_count=669 634 531 263 268 218 160 108 103 66
cat_boundaries=0 1 2
cat_threshold=1084428 1233
is_linear=0
shrinkage=0.0111721


Tree=123
num_leaves=9
num_cat=2
split_feature=27 7 2 47 16 19 46 21
split_gain=25.1843 15.7168 13.0861 13.0085 12.0294 11.8916 8.41487 4.28564
threshold=3.5000000000000004 0 1 -7.4999999999999991 0.75000000000000011 99.500000000000014 0.18795289844274524 31.500000000000004
decision_type=10 9 9 10 10 10 10 2
left_child=1 6 4 5 -3 -4 -1 -2
right_child=7 2 3 -5 -6 -7 -8 -9
leaf_value=0.042383201249490104 -0.038948863239752461 0.019009426669031049 0.005171595561451095 -0.02436200534004479 -0.0047485457905375103 -0.015376089932960703 0.0050160794392698728 -0.023720504205559621
leaf_weight=60 56 62 263 37 39 96 44 40
leaf_count=60 56 62 263 37 39 96 44 40
internal_value=0 0.000576263 -0.000286463 -0.00121077 0.00312012 -0.000591279 0.00431202 -0.00558603
internal_weight=0 601 497 396 101 359 104 96
internal_count=697 601 497 396 101 359 104 96
cat_boundaries=0 1 2
cat_threshold=675200 1042
is_linear=0
shrinkage=0.0111721


Tree=124
num_leaves=12
num_cat=1
split_feature=49 2 39 20 47 35 37 20 25 33 23
split_gain=22.0115 17.3341 12.4123 9.68359 8.04343 6.74244 6.00814 4.98908 4.94464 4.90304 7.76309
threshold=1.0000000180025095e-35 0 0.054835680872201926 340.50000000000006 -8.4999999999999982 18.500000000000004 2.5000000000000004 104.50000000000001 14.500000000000002 -12.499999999999998 -0.58500000834465016
decision_type=8 9 10 2 10 10 10 2 10 10 10
left_child=-1 4 3 7 9 6 -4 -3 -5 10 -2
right_child=1 2 5 8 -6 -7 -8 -9 -10 -11 -12
leaf_value=-0.042774761916552412 0.018239578505702243 0.0076657677176258966 -0.014980217368575752 0.033254755115829537 -0.024044941902177795 0.036328295846859787 0.0054484731120124233 0.039133194312562056 -0.023999459426417732 -0.01596577122799334 -0.020940671662647677
leaf_weight=46 63 50 60 35 35 39 55 97 54 37 91
leaf_count=46 63 50 60 35 35 39 55 97 54 37 91
internal_value=0 0.000725459 0.00212269 0.00378714 -0.00170421 -0.000290182 -0.00165152 0.00554803 0.000878698 -0.000877386 0
internal_weight=0 616 390 236 226 154 115 147 89 191 154
internal_count=662 616 390 236 226 154 115 147 89 191 154
cat_boundaries=0 1
cat_threshold=6904
is_linear=0
shrinkage=0.0111721


Tree=125
num_leaves=11
num_cat=1
split_feature=25 19 8 46 39 42 35 48 19 20
split_gain=34.7444 12.7258 10.6392 8.91641 7.01815 6.6502 5.85211 5.02168 4.77432 1.92424
threshold=6.5000000000000009 590.50000000000011 0 0.94352909922599804 0.98709622025489818 8.5000000000000018 15.500000000000002 0.58160674571990978 7.5000000000000009 426.50000000000006
decision_type=8 8 9 10 10 8 10 10 10 2
left_child=4 2 5 6 7 -2 -4 -1 -7 -3
right_child=1 9 3 -5 -6 8 -8 -9 -10 -11
leaf_value=-0.049836750121642071 0.039211331749662494 0.019003981902498322 -0.019792413429762862 0.008423341420748123 -0.042025159269916214 -0.006378523755616248 0.0022766935368842642 -0.008777819154832554 0.012396877241740817 0.05343798654217944
leaf_weight=43 42 48 184 42 46 45 43 42 129 35
leaf_count=43 42 48 184 42 46 45 43 42 129 35
internal_value=0 0.00066875 -2.30346e-05 -0.0014816 -0.00571395 0.00177962 -0.00241159 -0.00381164 0.0008989 0.00471111
internal_weight=0 568 485 269 131 216 227 85 174 83
internal_count=699 568 485 269 131 216 227 85 174 83
cat_boundaries=0 1
cat_threshold=19644
is_linear=0
shrinkage=0.0111721


Tree=126
num_leaves=13
num_cat=2
split_feature=8 25 13 44 25 28 35 27 48 19 32 19
split_gain=20.3522 10.3533 10.2434 5.10645 5.83621 4.18183 4.1216 4.31694 8.1256 2.42635 4.48814 1.8179
threshold=0 3.5000000000000004 1 3.5000000000000004 32.500000000000007 5.5000000000000009 18.500000000000004 3.5000000000000004 0.92980295419693004 228.50000000000003 0.97022315859794628 22.500000000000004
decision_type=9 8 9 10 8 8 10 8 8 8 8 8
left_child=5 -2 9 4 -4 -1 7 8 -7 10 -3 -9
right_child=1 2 3 -5 -6 6 -8 11 -10 -11 -12 -13
leaf_value=0.030387262778881836 -0.043381003922643262 -0.017304453131877687 -0.0057711640106808586 0.027296041953172777 0.034442971009457875 0.0081835046963684623 0.016816873615950953 0.013695692787467482 -0.010575794775551072 -0.038126284327673607 -0.0034182632632303936 0.016485090386905425
leaf_weight=43 37 33 157 34 64 49 36 45 34 35 50 44
leaf_count=43 37 33 157 34 64 49 36 45 34 35 50 44
internal_value=0 -0.00127681 -0.000748797 0.000548063 -5.0551e-05 0.0026967 0.00214847 0.00142898 -0.000403806 -0.0033167 -0.00255746 0.00313822
internal_weight=0 410 373 255 221 251 208 172 83 118 83 89
internal_count=661 410 373 255 221 251 208 172 83 118 83 89
cat_boundaries=0 1 2
cat_threshold=12978 10486407
is_linear=0
shrinkage=0.0111721


Tree=127
num_leaves=14
num_cat=2
split_feature=25 8 13 48 39 15 19 15 25 41 42 39 49
split_gain=22.0597 18.4479 13.7595 13.4633 12.9868 10.1682 9.60839 6.24644 6.06043 4.70955 4.68755 3.1507 2.05508
threshold=3.5000000000000004 0 1 0.48749218881130224 0.18708333373069766 -2.2499999999999996 2.5000000000000004 -3.7499999999999996 21.500000000000004 2.5000000000000004 3.5000000000000004 0.52885684370994579 6.5000000000000009
decision_type=8 9 9 8 10 10 10 8 10 8 10 10 10
left_child=11 4 8 7 6 -6 -2 -4 10 -5 -3 -1 -8
right_child=1 2 3 9 5 -7 12 -9 -10 -11 -12 -13 -14
leaf_value=-0.030934109519201225 0.0015129845118484813 -0.048807800724211411 -0.0035754931239280739 0.024655996108748388 -0.0099321593102431934 0.01587782363664263 0.034645561440951135 -0.025109651693095519 -0.00064439039981827029 0.0079095692991609234 -0.010167607960844064 -0.043166354503739422 0.029484565805460883
leaf_weight=36 34 45 44 41 55 52 60 43 34 157 37 39 39
leaf_count=36 34 45 44 41 55 52 60 43 34 157 37 39 39
internal_value=0 0.000296295 -0.00116885 0.000189356 0.0026813 -0.000104409 0.00512403 -0.00346719 -0.00425602 0.00180559 -0.00626725 -0.00610739 0.00688379
internal_weight=0 641 401 285 240 107 133 87 116 198 82 75 99
internal_count=716 641 401 285 240 107 133 87 116 198 82 75 99
cat_boundaries=0 1 2
cat_threshold=20913 279098370
is_linear=0
shrinkage=0.0111721


Tree=128
num_leaves=11
num_cat=1
split_feature=28 13 39 35 30 21 20 17 25 48
split_gain=36.3617 15.1132 10.8305 9.49639 10.0762 7.17273 6.49729 7.34867 7.89409 1.64383
threshold=19.500000000000004 0 0.13529412448406222 18.500000000000004 1.5000000000000002 38.500000000000007 54.500000000000007 3.5000000000000004 23.500000000000004 0.72783389687538158
decision_type=10 9 8 8 10 2 2 10 8 8
left_child=1 6 -3 4 -4 -5 -1 8 -8 -9
right_child=-2 2 3 5 -6 -7 7 9 -10 -11
leaf_value=-0.0098102111105929125 0.033346007665747072 0.026354886384038163 -0.036900810424789064 -0.0044025965052812317 -0.013288909688209071 -0.039366816422684005 -0.032233062746266423 0.031536660860742242 0.020877877261998454 0.030847123249618275
leaf_weight=35 60 36 84 197 71 40 58 33 46 46
leaf_count=35 60 36 84 197 71 40 58 33 46 46
internal_value=0 -0.000899299 -0.00209157 -0.00267902 -0.00482921 -0.00127277 0.00147001 0.00238093 0.000429692 0.00494964
internal_weight=0 646 428 392 155 237 218 183 104 79
internal_count=706 646 428 392 155 237 218 183 104 79
cat_boundaries=0 1
cat_threshold=542052550
is_linear=0
shrinkage=0.0111721


Tree=129
num_leaves=14
num_cat=1
split_feature=13 17 25 25 35 35 42 32 49 39 27 20 20
split_gain=17.6456 15.442 11.1093 9.46143 6.57138 5.5166 6.54919 5.39231 3.50914 6.58935 2.96965 1.82336 2.38912
threshold=0 6.5000000000000009 22.500000000000004 39.500000000000007 14.500000000000002 9.5000000000000018 4.5000000000000009 0.47634127736091619 11.500000000000002 0.97277778387069713 1.0000000180025095e-35 338.50000000000006 518.50000000000011
decision_type=9 10 8 8 10 10 10 8 8 8 10 2 2
left_child=3 2 5 8 7 6 -2 -3 9 -1 -11 -4 -13
right_child=1 4 11 -5 -6 -7 -8 -9 -10 10 -12 12 -14
leaf_value=0.0077565244553990404 -0.011392183144419981 0.0021434707072528277 0.048499223228616467 0.026240144301229822 0.028659461170489162 0.0080468114247519013 -0.020630312345651356 0.01593637658499919 -0.04387123854766329 -0.018235000445177101 -0.017173622039393762 3.4788055910288924e-05 0.055310375039200797
leaf_weight=34 120 44 35 49 39 39 33 50 65 33 33 44 34
leaf_count=34 120 44 35 49 39 39 33 50 65 33 33 44 34
internal_value=0 0.00124688 -0.000109888 -0.00259351 0.00445202 -0.00174563 -0.00270174 0.00285244 -0.00399486 -0.00268129 -0.00473965 0.00266943 0.00171877
internal_weight=0 438 305 214 133 192 153 94 165 100 66 113 78
internal_count=652 438 305 214 133 192 153 94 165 100 66 113 78
cat_boundaries=0 1
cat_threshold=67918380
is_linear=0
shrinkage=0.0111721


Tree=130
num_leaves=11
num_cat=2
split_feature=32 13 17 46 48 28 20 8 21 48
split_gain=24.6386 18.5552 21.5699 14.7439 8.52942 7.80939 6.66903 6.61988 6.12256 3.73217
threshold=0.014389234129339458 0 2.5000000000000004 0.91734972596168529 0.92153847217559826 18.500000000000004 222.50000000000003 1 29.500000000000004 0.63680925965309154
decision_type=8 9 8 8 10 8 2 9 2 8
left_child=-1 3 6 -2 7 9 -3 -4 -7 -5
right_child=1 2 4 5 -6 8 -8 -9 -10 -11
leaf_value=0.045792401487367289 0.0092229297698132977 -0.024265166064190696 0.023852627902656375 -0.025554707940247143 -0.017726651064266165 -0.023648577801923282 -0.062378107066533295 0.0053493824885076455 -0.0046799513042557481 -0.024138005911394495
leaf_weight=43 37 35 102 35 37 64 34 239 71 39
leaf_count=43 37 35 102 35 37 64 34 239 71 39
internal_value=0 -0.000660973 0.000708949 -0.00305486 0.00177334 -0.00432984 -0.00501932 0.00232615 -0.00273095 -0.00724674
internal_weight=0 693 447 246 378 209 69 341 135 74
internal_count=736 693 447 246 378 209 69 341 135 74
cat_boundaries=0 2 3
cat_threshold=723276882 5 3424
is_linear=0
shrinkage=0.0111721


Tree=131
num_leaves=10
num_cat=1
split_feature=34 8 49 30 39 48 40 46 21
split_gain=20.096 17.6702 8.92509 5.5428 9.77251 4.72487 4.21834 5.33433 3.8817
threshold=4.2500000000000009 0 11.500000000000002 2.5000000000000004 0.75192308425903331 0.66563147306442272 -9.4999999999999982 0.9813067913055421 30.500000000000004
decision_type=10 9 10 10 10 10 10 8 2
left_child=1 6 3 5 -5 -3 7 -1 -9
right_child=-2 2 -4 4 -6 -7 -8 8 -10
leaf_value=0.033024450224090979 -0.037242333415299929 -0.011462803489722728 0.025691467434882466 0.021105428598595564 -0.017333313532842943 -0.027914012255464984 0.0021575759023293927 0.0010583887349246035 0.028677775146437955
leaf_weight=54 55 222 51 52 41 46 38 55 71
leaf_count=54 55 222 51 52 41 46 38 55 71
internal_value=0 0.000744804 -0.000635378 -0.00126885 0.00108116 -0.00208434 0.00323402 0.00409642 0.00283735
internal_weight=0 630 412 361 93 268 218 180 126
internal_count=685 630 412 361 93 268 218 180 126
cat_boundaries=0 1
cat_threshold=2646
is_linear=0
shrinkage=0.0111721


Tree=132
num_leaves=17
num_cat=2
split_feature=13 7 30 21 17 21 15 35 21 25 21 29 24 32 32 20
split_gain=18.0676 12.8616 12.406 6.56876 7.68153 6.52326 8.08858 5.96832 6.87664 4.97266 4.33135 6.35681 4.19726 3.33439 2.84438 1.89639
threshold=0 1 10.500000000000002 30.500000000000004 5.5000000000000009 32.500000000000007 -2.7499999999999996 1.5000000000000002 26.500000000000004 4.5000000000000009 28.500000000000004 6.0699999332427987 1.0000000180025095e-35 0.15669643133878711 0.33541667461395269 407.50000000000006
decision_type=9 9 8 2 10 2 8 10 2 8 2 8 8 10 10 2
left_child=1 10 5 7 15 6 -2 8 -4 -3 -1 -12 14 -14 -11 -5
right_child=2 9 3 4 -6 -7 -8 -9 -10 12 11 -13 13 -15 -16 -17
leaf_value=0.014506166109444517 0.019214549938234668 -0.045068070729728175 0.032462971142631102 -0.025372752022214045 0.016949279756522162 -0.038088495154082261 -0.019142512545335898 0.0063642781515466634 0.060873713052853738 -0.023719797434735339 -0.015105179896212422 0.030691382613187736 -0.019704788731143702 0.0065666618087541952 -0.027312245349734383 0.0073344774146004476
leaf_weight=35 35 34 38 51 50 39 44 56 41 63 35 47 48 34 35 41
leaf_count=35 35 34 38 51 50 39 44 56 41 63 35 47 48 34 35 41
internal_value=0 -0.0021951 0.00129651 0.0026216 0.000944116 -0.00170421 0.000141415 0.00438607 0.00636383 -0.00379052 0.000791719 -0.000544975 -0.00322748 -0.00136244 -0.00478802 -0.00097148
internal_weight=0 331 395 277 142 118 79 135 79 214 117 82 180 82 98 92
internal_count=726 331 395 277 142 118 79 135 79 214 117 82 180 82 98 92
cat_boundaries=0 2 3
cat_threshold=4078764127 18 268962962
is_linear=0
shrinkage=0.0111721


Tree=133
num_leaves=13
num_cat=1
split_feature=13 20 24 24 20 21 16 46 20 20 14 15
split_gain=18.7483 16.3868 13.5972 9.79403 7.77139 5.80358 5.24738 5.86431 5.70143 3.98893 3.26431 2.67191
threshold=0 55.500000000000007 0.76500001549720775 -1.0000000180025095e-35 277.50000000000006 33.500000000000007 1.2500000000000002 0.9813067913055421 230.50000000000003 297.50000000000006 9.2500000000000018 -0.74999999999999989
decision_type=9 2 10 10 2 2 8 8 2 2 10 8
left_child=2 -2 5 4 -3 9 8 -8 -5 11 -4 -1
right_child=1 3 10 6 -6 -7 7 -9 -10 -11 -12 -13
leaf_value=0.00059001205808428727 -0.025068361456267896 0.048918247083001284 -0.034550408409282689 0.0067351102910339989 0.02270762042364868 -0.026516636339926184 0.017990224602723981 -0.0050664385782116378 0.042901158036672327 -0.020889254935667761 -0.028811989782085844 0.048184565120897797
leaf_weight=36 53 35 39 89 39 40 61 197 35 36 43 33
leaf_count=36 53 35 39 89 39 40 61 197 35 36 43 33
internal_value=0 0.00101173 -0.00278123 0.00171501 0.00543505 -0.000847534 0.000994372 8.66041e-05 0.00288311 0.000532 -0.00653974 0.00210488
internal_weight=0 509 227 456 74 145 382 258 124 105 82 69
internal_count=736 509 227 456 74 145 382 258 124 105 82 69
cat_boundaries=0 1
cat_threshold=87128704
is_linear=0
shrinkage=0.0111721


Tree=134
num_leaves=10
num_cat=2
split_feature=25 7 13 28 48 28 39 16 25
split_gain=13.3019 9.51496 10.271 7.89086 8.09796 4.50784 4.07105 5.1992 1.37978
threshold=3.5000000000000004 0 1 3.5000000000000004 0.91751700639724743 17.500000000000004 0.89442723989486705 8.7500000000000018 28.500000000000004
decision_type=8 9 9 8 8 8 10 8 8
left_child=-1 5 6 -4 -5 -2 7 -3 -7
right_child=1 2 3 4 -6 8 -8 -9 -10
leaf_value=-0.037398095666249812 -0.016799591015049169 -0.0011503790088674985 0.028370676442490812 0.007883074258869683 -0.011573736433700774 -0.018626035743752802 0.033938167929907344 0.043457437373306623 0.00098115490672483706
leaf_weight=63 37 36 35 135 230 41 33 35 36
leaf_count=63 37 36 35 135 230 41 33 35 36
internal_value=0 -0.000108466 0.000565124 -0.000272489 -0.000765209 -0.00288311 0.00352802 0.00236029 -0.001596
internal_weight=0 618 504 400 365 114 104 71 77
internal_count=681 618 504 400 365 114 104 71 77
cat_boundaries=0 1 2
cat_threshold=2230804 538889
is_linear=0
shrinkage=0.0111721


Tree=135
num_leaves=13
num_cat=0
split_feature=25 17 39 16 32 32 43 40 48 32 21 20
split_gain=21.2803 9.55237 6.9219 8.52709 6.59029 10.0628 5.68209 3.87871 3.8556 3.53279 2.77844 2.06214
threshold=16.500000000000004 6.5000000000000009 0.6320512890815736 1.2500000000000002 0.15669643133878711 0.88322511315345775 2.5000000000000004 1.5000000000000002 0.82998797297477733 0.98709622025489818 26.500000000000004 139.50000000000003
decision_type=8 8 10 8 8 8 8 8 8 8 2 2
left_child=4 -2 3 11 -1 7 9 -6 -8 -7 -5 -3
right_child=1 2 -4 10 5 6 8 -9 -10 -11 -12 -13
leaf_value=0.0051634137728869883 -0.022264314228608369 0.013866118035167657 -0.013577921431498765 -0.0011394539864762021 -0.023129690234530632 -0.0093390842969456132 -0.030475015052984417 -0.044647130342683215 -0.0045920217172145663 0.013885857743504752 0.023475837478725427 0.044487307719479799
leaf_weight=36 42 34 35 39 33 33 90 33 73 42 174 49
leaf_count=36 42 34 35 39 33 33 90 33 73 42 174 49
internal_value=0 0.00182707 0.00246393 0.00301948 -0.00203726 -0.00257251 -0.00150213 -0.00643239 -0.00267307 0.00104272 0.00183578 0.00605714
internal_weight=0 373 331 296 340 304 238 66 163 75 213 83
internal_count=713 373 331 296 340 304 238 66 163 75 213 83
is_linear=0
shrinkage=0.0111721


Tree=136
num_leaves=16
num_cat=1
split_feature=8 28 21 25 49 25 21 19 20 16 15 33 20 27 21
split_gain=17.717 11.9731 8.43071 8.06588 18.2623 5.79337 5.61107 5.91814 4.74909 4.49626 4.08179 3.50273 3.95391 2.57822 2.50265
threshold=0 15.500000000000002 27.500000000000004 20.500000000000004 9.5000000000000018 13.500000000000002 27.500000000000004 7.5000000000000009 190.50000000000003 3.2500000000000004 -14.749999999999998 -1.4999999999999998 115.50000000000001 1.0000000180025095e-35 31.500000000000004
decision_type=9 8 2 8 8 8 2 10 2 8 10 8 2 10 2
left_child=3 2 -2 4 11 -3 -7 -8 -5 13 -11 -1 -13 -4 -10
right_child=1 5 9 8 -6 6 7 -9 14 10 -12 12 -14 -15 -16
leaf_value=-0.0010879657469907494 0.00067291079697489383 -0.012504410977357062 -0.027840500456074727 0.029885463735345556 -0.019035706940975467 -0.0084575774723694343 0.031706718940498584 0.015399777740967437 0.038975208370494396 -0.036294329407197783 -0.0014915804525775201 0.027413295112381508 0.012897731519100709 -0.024522794104811837 0.0097248766271901127
leaf_weight=34 52 49 35 39 41 42 37 88 34 36 37 37 41 33 45
leaf_count=34 52 49 35 39 41 42 37 88 34 36 37 37 41 33 45
internal_value=0 -0.00135985 -0.00341529 0.00226622 0.000657178 0.000413779 0.00140487 0.00259192 0.00454457 -0.0048333 -0.00290779 0.00299251 0.00429694 -0.00690038 0.00296978
internal_weight=0 409 193 271 153 216 167 125 118 141 73 112 78 68 79
internal_count=680 409 193 271 153 216 167 125 118 141 73 112 78 68 79
cat_boundaries=0 1
cat_threshold=4270
is_linear=0
shrinkage=0.0111721


Tree=137
num_leaves=12
num_cat=1
split_feature=13 25 14 14 14 19 19 14 49 25 32
split_gain=18.0286 15.3513 8.53889 7.24886 7.0265 10.91 11.5095 6.97297 5.30353 5.76187 3.80274
threshold=0 7.5000000000000009 2.2500000000000004 13.500000000000002 2.2500000000000004 6.5000000000000009 92.500000000000014 42.500000000000007 1.0000000180025095e-35 28.500000000000004 0.73158177733421337
decision_type=9 8 8 8 10 8 8 8 10 8 8
left_child=2 7 -1 -4 5 -3 -7 -2 9 -5 -6
right_child=1 4 3 8 10 6 -8 -9 -10 -11 -12
leaf_value=0.033272703961903169 -0.028678345442218586 0.022914844147604623 -0.015079338530257721 -0.010916192933609967 0.019984837981984381 -0.020046322399436659 0.0063447219001606823 -0.041550419577228812 0.018208023124907165 0.043126336018273363 0.00061440243896290845
leaf_weight=54 55 44 43 42 36 104 94 49 44 42 60
leaf_count=54 55 44 43 42 36 104 94 49 44 42 60
internal_value=0 -0.00158189 0.00223441 0.00111067 -0.000462748 -0.0014773 -0.00259553 -0.00537118 0.00244389 0.000798001 0.00209476
internal_weight=0 442 225 171 338 242 198 104 128 84 96
internal_count=667 442 225 171 338 242 198 104 128 84 96
cat_boundaries=0 2
cat_threshold=294281479 8192
is_linear=0
shrinkage=0.0111721


Tree=138
num_leaves=11
num_cat=3
split_feature=13 20 16 8 20 25 15 8 20 15
split_gain=19.1529 12.8336 12.1649 9.7823 8.94802 7.90428 6.73241 5.82619 3.61108 3.94165
threshold=0 63.500000000000007 3.7500000000000004 1 242.50000000000003 67.500000000000014 -1.0000000180025095e-35 2 417.50000000000006 -1.2499999999999998
decision_type=9 2 10 9 2 8 10 9 2 10
left_child=1 -1 8 4 -2 6 7 -5 9 -3
right_child=3 2 -4 5 -6 -7 -8 -9 -10 -11
leaf_value=-0.026879618487918037 0.020341935894076096 0.014281170981469429 -0.039465763459885096 0.015227782065288405 -0.029034093641806185 0.03519571604101366 0.015993426517833895 -0.006956590630187426 -0.013701430998949464 -0.0045317653301672886
leaf_weight=34 44 51 42 105 61 41 58 140 40 39
leaf_count=34 44 51 42 105 61 41 58 140 40 39
internal_value=0 -0.00279302 -0.0016888 0.00124134 -0.00165152 0.00214605 0.00158547 0.000775204 0 0.00124134
internal_weight=0 206 172 449 105 344 303 245 130 90
internal_count=655 206 172 449 105 344 303 245 130 90
cat_boundaries=0 1 2 3
cat_threshold=77873942 49 2438
is_linear=0
shrinkage=0.0111721


Tree=139
num_leaves=12
num_cat=0
split_feature=25 35 32 15 20 20 25 47 25 20 19
split_gain=27.2717 20.9992 9.07957 7.1907 5.97207 13.3312 5.77543 4.75834 4.6123 3.96726 2.71507
threshold=10.500000000000002 13.500000000000002 0.70064935088157665 -25.249999999999996 62.500000000000007 171.50000000000003 24.500000000000004 -1.0000000180025095e-35 27.500000000000004 171.50000000000003 10.500000000000002
decision_type=8 8 10 10 2 2 8 8 8 2 10
left_child=3 2 -2 9 -3 6 -6 -5 -7 -1 -9
right_child=1 4 -4 7 5 8 -8 10 -10 -11 -12
leaf_value=-0.041162538179739507 0.033165454406996399 -0.014294840544085105 0.013250467508425132 -0.020043015148799435 0.008915988721380122 -0.018376782046655306 0.056094837477242816 0.0047567141609023448 0.0034268581777260067 -0.032555087139412103 -0.015352044119713474
leaf_weight=35 57 37 39 34 61 115 35 44 129 49 65
leaf_count=35 57 37 39 34 61 115 35 44 129 49 65
internal_value=0 0.000921164 0.00558603 -0.00378964 -0.000266706 0.000197153 0.00372402 -0.00226566 -0.00119047 -0.00638403 -0.00112745
internal_weight=0 473 96 227 377 340 96 143 244 84 109
internal_count=700 473 96 227 377 340 96 143 244 84 109
is_linear=0
shrinkage=0.0111721


Tree=140
num_leaves=10
num_cat=2
split_feature=30 13 40 17 14 34 39 28 4
split_gain=27.1576 12.5794 11.0387 8.63409 7.43398 5.9538 4.62001 3.82348 3.47208
threshold=7.5000000000000009 0 -5.4999999999999991 5.5000000000000009 37.500000000000007 3.5000000000000004 0.77888888120651256 21.500000000000004 1
decision_type=8 9 8 8 10 10 10 8 9
left_child=5 7 -3 4 -4 8 -5 -2 -1
right_child=1 2 3 6 -6 -7 -8 -9 -10
leaf_value=-0.02501588141423958 0.0080956940585377359 0.025209127654518618 -0.024602522918218229 0.01151453468465463 0.0063154569687783558 -0.02770088358022757 -0.0094855753053695625 0.02965159372813686 -0.0055338391621835657
leaf_weight=38 43 36 60 294 33 40 34 60 33
leaf_count=38 43 36 60 294 33 40 34 60 33
internal_value=0 0.00111721 0.000263153 -0.000238832 -0.0032435 -0.00493181 0.0006131 0.00444905 -0.0029897
internal_weight=0 560 457 421 93 111 328 103 71
internal_count=671 560 457 421 93 111 328 103 71
cat_boundaries=0 1 2
cat_threshold=4456530 1
is_linear=0
shrinkage=0.0111721


Tree=141
num_leaves=13
num_cat=3
split_feature=13 22 10 20 48 25 14 8 32 21 16 15
split_gain=19.4512 16.9778 17.2258 12.21 9.0911 8.61949 7.78018 7.7484 6.25849 4.45613 2.28799 2.16718
threshold=0 19.500000000000004 1 277.50000000000006 0.53873431682586681 21.500000000000004 4.5000000000000009 2 0.45368783175945288 29.500000000000004 14.250000000000002 -7.7499999999999991
decision_type=9 10 9 2 8 8 8 9 8 2 8 10
left_child=3 2 6 4 -1 -5 -2 11 -9 -8 -6 -4
right_child=1 -3 7 5 10 -7 9 8 -10 -11 -12 -13
leaf_value=-0.0045726377997819265 0.040154221154354408 -0.046240600472031365 -0.03295162689234285 -0.030045849372570543 0.024960059371367971 0.012872738650278735 -0.0084446937009387928 0.034437787088402283 -0.011718459298955959 0.026743184088491807 0.045303289445673557 -0.014662030971954924
leaf_weight=33 33 62 72 44 62 39 37 34 133 45 41 55
leaf_count=33 33 62 72 44 62 39 37 34 133 45 41 55
internal_value=0 -0.00137038 -0.000573626 0.00258567 0.00476455 -0.000673012 0.00294942 -0.00198451 -0.000315593 0.00136244 0.00639953 -0.00399585
internal_weight=0 471 409 219 136 83 115 294 167 82 103 127
internal_count=690 471 409 219 136 83 115 294 167 82 103 127
cat_boundaries=0 1 2 3
cat_threshold=977541576 5836 39
is_linear=0
shrinkage=0.0111721


Tree=142
num_leaves=15
num_cat=3
split_feature=13 32 8 28 21 8 21 49 20 32 22 35 14 25
split_gain=25.1299 13.4533 8.98084 10.3219 10.1716 7.61826 9.81054 7.59957 6.93106 6.50246 5.18431 3.94502 3.76172 3.32314
threshold=0 0.97660738229751598 1 4.5000000000000009 29.500000000000004 2 31.500000000000004 3.5000000000000004 346.50000000000006 0.34134061634540563 1.1650000214576723 11.500000000000002 8.5000000000000018 20.500000000000004
decision_type=9 10 9 10 2 9 2 10 2 10 8 10 10 10
left_child=2 5 12 4 -4 9 11 -5 -8 -2 -6 -7 13 -1
right_child=1 -3 3 7 10 6 8 -9 -10 -11 -12 -13 -14 -15
leaf_value=0.018970331743447432 -0.0016357111956824581 -0.028045253092247584 0.05116549214594851 0.015161920196249207 0.022661485368128013 -0.027476309766292499 0.021501337347852079 -0.0088898000763200057 -0.017267798573847394 0.023495619434294988 -0.019101789558745613 -0.00097817431712696624 0.035427936519114536 0.041573972749764709
leaf_weight=38 64 53 49 33 38 124 61 56 60 36 40 33 34 34
leaf_count=38 64 53 49 33 38 124 61 56 60 36 40 33 34 34
internal_value=0 -0.00164668 0.00242286 0.000988677 0.00307891 -0.000945783 -0.00186201 -0.00188293 0.000461653 0.00162502 0.000572922 -0.00377146 0.00500816 0.00403435
internal_weight=0 431 322 216 127 378 278 89 121 100 78 157 106 72
internal_count=753 431 322 216 127 378 278 89 121 100 78 157 106 72
cat_boundaries=0 2 3 4
cat_threshold=176304009 2188 13992 936
is_linear=0
shrinkage=0.0111721


Tree=143
num_leaves=14
num_cat=1
split_feature=25 8 37 41 42 19 49 39 25 25 16 20 15
split_gain=23.2501 10.2633 10.2113 7.87329 7.84629 7.16075 6.97456 6.82826 3.20781 3.55296 3.03288 2.42499 1.96805
threshold=20.500000000000004 0 4.5000000000000009 1.0000000180025095e-35 2.5000000000000004 10.500000000000002 8.5000000000000018 0.088053796440362944 29.500000000000004 39.500000000000007 10.250000000000002 287.50000000000006 -5.7499999999999991
decision_type=8 9 10 8 10 10 8 10 10 10 10 2 10
left_child=1 3 4 -1 6 7 -3 11 -7 -10 -5 -2 -6
right_child=5 2 -4 10 12 8 -8 -9 9 -11 -12 -13 -14
leaf_value=0.020570864609770596 0.029542143490978452 -0.0073821730718612397 0.0040607067491620448 -0.011254286189855574 -0.035237574159779711 -0.0039204364049610025 -0.035279151171494827 -0.00012678355619469124 0.033733250759550956 0.0037847707109651056 0.008324595911100326 0.030290348100921696 -0.0061038987797210134
leaf_weight=37 47 117 56 55 34 64 63 33 37 52 39 52 35
leaf_count=37 47 117 56 55 34 64 63 33 37 52 39 52 35
internal_value=0 -0.00194742 -0.00301468 0.000713108 -0.00408296 0.00215601 -0.00285508 0.00406257 0.000511138 0.00188293 -0.000950811 0.0055296 -0.00728612
internal_weight=0 436 305 131 249 285 180 132 153 89 94 99 69
internal_count=721 436 305 131 249 285 180 132 153 89 94 99 69
cat_boundaries=0 1
cat_threshold=28196
is_linear=0
shrinkage=0.0111721


Tree=144
num_leaves=13
num_cat=2
split_feature=13 25 27 47 25 28 35 39 48 23 19 4
split_gain=17.5724 14.1111 10.1611 6.79278 6.1849 6.13886 6.08417 5.30175 5.24399 4.63905 3.06021 2.88139
threshold=0 7.5000000000000009 1.5000000000000002 1.5000000000000002 26.500000000000004 2.5000000000000004 9.5000000000000018 0.98726060986518871 0.34196458756923681 -4.7499999999999991 352.50000000000006 1
decision_type=9 8 8 8 8 10 10 8 10 8 8 9
left_child=2 9 6 -3 8 10 -1 -7 -4 -2 -5 -11
right_child=1 3 4 5 -6 7 -8 -9 -10 11 -12 -13
leaf_value=-0.0071322796282641456 0.015784448270225251 0.026819163806179332 -0.030324218606067477 0.027205246943797206 -0.0014201276730398877 0.012428630239842841 0.016755325500880869 -0.026704745872560904 -0.019573722462248588 -0.012154004193576554 0.017739224950281619 -0.038044771357413798
leaf_weight=36 33 33 58 145 54 91 40 40 48 33 50 36
leaf_count=36 33 33 58 145 54 91 40 40 48 33 50 36
internal_value=0 0.00187387 -0.0018166 0.0029564 -0.00349127 0.00246745 0.00147 0.000596978 -0.00505904 -0.00175248 0.00372402 -0.00340019
internal_weight=0 461 236 359 160 326 76 131 106 102 195 69
internal_count=697 461 236 359 160 326 76 131 106 102 195 69
cat_boundaries=0 2 3
cat_threshold=353800754 256 2
is_linear=0
shrinkage=0.0111721


Tree=145
num_leaves=13
num_cat=2
split_feature=25 13 8 17 20 27 19 32 42 24 17 15
split_gain=23.0246 16.1994 10.8727 8.07668 8.34028 4.53402 4.21804 4.05098 3.23812 4.64082 4.22919 3.03661
threshold=2.5000000000000004 0 1 5.5000000000000009 372.50000000000006 4.5000000000000009 6.5000000000000009 0.47634127736091619 5.5000000000000009 0.76500001549720775 6.5000000000000009 -2.7499999999999996
decision_type=8 9 9 8 2 8 10 10 10 10 10 8
left_child=-1 8 6 5 -5 -4 -3 -8 10 -10 11 -2
right_child=1 2 3 4 -6 -7 7 -9 9 -11 -12 -13
leaf_value=-0.047816150206021542 -0.0017537220856673327 0.032411782754437679 -0.032239935229041838 0.0032028932944731044 -0.030653857945937189 -0.02138524738111974 0.0094072088778300277 -0.004090813642317892 0.012448903594736846 -0.0070822210962730604 0.041567050615501047 0.017829904786185943
leaf_weight=45 38 34 33 155 92 50 36 35 45 37 33 68
leaf_count=45 38 34 33 155 92 50 36 35 45 37 33 68
internal_value=0 6.81219e-05 -0.00117997 -0.00216869 -0.00122124 -0.00524952 0.00184582 0.000472055 0.00246656 0.000817464 0.00361685 0.00252952
internal_weight=0 656 435 330 247 83 105 71 221 82 139 106
internal_count=701 656 435 330 247 83 105 71 221 82 139 106
cat_boundaries=0 1 2
cat_threshold=1618030960 16978
is_linear=0
shrinkage=0.0111721


Tree=146
num_leaves=13
num_cat=1
split_feature=25 40 10 15 21 33 25 22 48 19 21 49
split_gain=19.0858 10.8955 7.7497 6.73871 7.3892 5.62998 4.51265 9.03197 5.1671 2.31656 2.92958 2.18179
threshold=24.500000000000004 -5.4999999999999991 0 -1.2499999999999998 26.500000000000004 -9.4999999999999982 8.5000000000000018 3.1649999618530278 0.70678734779357921 101.00000000000001 32.500000000000007 4.5000000000000009
decision_type=8 8 9 10 2 10 10 10 8 10 2 10
left_child=1 -1 5 4 -2 11 8 -8 -4 10 -6 -3
right_child=3 2 6 -5 9 -7 7 -9 -10 -11 -12 -13
leaf_value=0.022297758493507416 -0.0028947426241976017 0.005911211299799231 -0.010043841249827276 0.058722607535958586 0.030287133441432346 0.01048254269884308 -0.0079379240553456524 0.019392465638399071 -0.039279426698215124 0.06612170924623853 -0.0058591996053115533 -0.0216201303578448
leaf_weight=39 51 33 68 43 53 34 166 50 79 59 40 33
leaf_count=39 51 33 68 43 53 34 166 50 79 59 40 33
internal_value=0 -0.000801184 -0.00127888 0.00299738 0.00214636 0.0014219 -0.00200678 -0.00103445 -0.00357202 0.00338102 0.00228246 -0.000338543
internal_weight=0 502 463 246 203 100 363 216 147 152 93 66
internal_count=748 502 463 246 203 100 363 216 147 152 93 66
cat_boundaries=0 1
cat_threshold=5740
is_linear=0
shrinkage=0.0111721


Tree=147
num_leaves=12
num_cat=2
split_feature=13 8 14 44 33 17 22 32 48 25 25
split_gain=19.1026 10.2244 6.50303 6.34173 5.92761 9.16008 4.58323 4.72919 4.13018 3.99078 2.83328
threshold=0 1 10.500000000000002 10.500000000000002 -7.4999999999999991 2.5000000000000004 7.2500000000000009 0.92899158596992504 0.61390480399131786 20.500000000000004 24.500000000000004
decision_type=9 9 10 8 10 10 8 8 10 10 10
left_child=3 2 -2 -1 8 -6 7 -5 9 -3 -9
right_child=1 4 -4 6 5 -7 -8 10 -10 -11 -12
leaf_value=-0.0099185629571823409 0.029060033048706944 -0.026263292174460842 -0.017971107559076858 0.019754591179452954 -0.040144159788119894 -0.022961852693416929 0.036522679843916689 -0.0065384314384553943 0.0014539394026529949 -0.0040260341715004869 0.024067312313228374
leaf_weight=46 61 106 41 63 33 44 55 48 45 100 37
leaf_count=46 61 106 41 63 33 44 55 48 45 100 37
internal_value=0 -0.00162503 0.00139651 0.0021999 -0.00257817 -0.00536839 0.00313698 0.00211363 -0.00182492 -0.00249473 0.000394305
internal_weight=0 430 102 249 328 77 203 148 251 206 85
internal_count=679 430 102 249 328 77 203 148 251 206 85
cat_boundaries=0 1 2
cat_threshold=151162348 4244
is_linear=0
shrinkage=0.0111721


Tree=148
num_leaves=12
num_cat=2
split_feature=17 13 24 2 19 19 14 49 17 33 32
split_gain=20.5773 17.7481 8.65732 6.57449 7.86804 7.40527 6.52288 5.87005 5.82391 4.47561 1.74391
threshold=10.500000000000002 0 1.5699999928474428 1 5.5000000000000009 11.500000000000002 17.500000000000004 3.5000000000000004 6.5000000000000009 -9.4999999999999982 0.56881311535835277
decision_type=10 9 10 9 10 8 10 8 10 10 8
left_child=1 6 3 4 -3 -5 8 -4 9 -1 -2
right_child=10 2 7 5 -6 -7 -8 -9 -10 -11 -12
leaf_value=0.0085925330657600548 0.043303059665506967 -0.01435256274125557 -0.024895169853094035 0.0061831329377435018 0.013823694941855142 -0.022363252189179172 0.029897741009737272 -0.023785351174328048 0.015607087722020513 -0.012559174282910722 0.040374288460770298
leaf_weight=100 39 47 65 50 88 129 38 37 35 38 33
leaf_count=100 39 47 65 50 88 129 38 37 35 38 33
internal_value=0 -0.00040982 -0.00173088 -0.000853915 0.00100163 -0.00218712 0.00217375 -0.00460026 0.00135615 0.000323826 0.00589636
internal_weight=0 627 416 314 135 179 211 102 173 138 72
internal_count=699 627 416 314 135 179 211 102 173 138 72
cat_boundaries=0 1 2
cat_threshold=680854558 403
is_linear=0
shrinkage=0.0111721


Tree=149
num_leaves=15
num_cat=2
split_feature=7 33 2 35 28 19 21 21 20 48 20 14 23 15
split_gain=28.0216 14.5088 8.5268 12.4252 9.94951 7.42369 8.63239 6.16833 6.18099 5.3946 5.29154 5.37558 4.70082 2.96965
threshold=0 -9.4999999999999982 1 9.5000000000000018 15.500000000000002 243.50000000000003 32.500000000000007 34.500000000000007 150.50000000000003 0.50981903076171886 297.50000000000006 4.5000000000000009 -1.0000000180025095e-35 -39.999999999999993
decision_type=9 10 9 10 8 8 2 2 2 8 2 8 10 10
left_child=1 10 4 5 9 6 -4 8 -6 -2 11 -1 -11 -13
right_child=2 -3 3 -5 7 -7 -8 -9 -10 12 -12 13 -14 -15
leaf_value=0.044759567850918752 -0.02793176164163173 -0.0051062110931572547 -0.014277442857015541 0.011139380814696793 0.023606469405917933 -0.0017394328644416864 -0.054934098304883494 0.026312762346143555 -0.0065621449805259467 0.010640766978107214 0.0093947865154943976 0.043885451845208465 -0.016130128254025582 0.014593670327414078
leaf_weight=46 44 59 67 37 50 44 55 40 74 39 33 33 33 33
leaf_count=46 44 59 67 37 50 44 55 40 74 39 33 33 33 33
internal_value=0 0.00355 -0.0012917 -0.00298971 0 -0.0044419 -0.00586075 0.00177118 0.000540581 -0.00250408 0.00562455 0.00678303 -0.000620666 0.00473965
internal_weight=0 204 483 203 280 166 122 164 124 116 145 112 72 66
internal_count=687 204 483 203 280 166 122 164 124 116 145 112 72 66
cat_boundaries=0 1 2
cat_threshold=14403620 40983
is_linear=0
shrinkage=0.0111721


Tree=150
num_leaves=14
num_cat=1
split_feature=2 24 17 37 32 19 32 17 25 48 46 21 20
split_gain=23.044 12.4306 7.91495 6.90058 6.27 7.25507 5.80427 5.5457 4.95093 4.6915 4.50532 3.68284 2.30944
threshold=0 0.76500001549720775 5.5000000000000009 9.5000000000000018 0.089776121079921736 91.500000000000014 0.97515434026718151 4.5000000000000009 22.500000000000004 0.58842146396636974 0.10620300844311716 29.500000000000004 320.50000000000006
decision_type=9 10 10 8 10 8 8 8 8 8 10 2 2
left_child=2 4 3 -1 5 -2 -3 -5 -9 -6 -4 -8 -7
right_child=1 6 10 7 9 12 11 8 -10 -11 -12 -13 -14
leaf_value=-0.012947885720055034 0.025239955961172154 -0.014091370770824382 0.028636883510191793 0.021830755724731928 -0.0055396935131856798 0.018089656286676779 -0.017527432312248896 -0.025787294919208319 0.026123949339555919 -0.019290648779480897 0.010268003008798675 -0.039139068724204751 -0.026608132214900427
leaf_weight=33 40 39 64 39 38 35 33 35 81 43 56 47 53
leaf_count=33 40 39 64 39 38 35 33 35 81 43 56 47 53
internal_value=0 -0.00257817 0.00161608 0.000237702 -0.00101564 0.000523688 -0.00553909 0.00122532 0 -0.00344816 0.00391022 -0.00726183 -0.00126955
internal_weight=0 328 308 188 209 128 119 155 116 81 120 80 88
internal_count=636 328 308 188 209 128 119 155 116 81 120 80 88
cat_boundaries=0 1
cat_threshold=25630
is_linear=0
shrinkage=0.0111721


Tree=151
num_leaves=12
num_cat=2
split_feature=7 25 7 20 25 23 48 17 40 49 25
split_gain=17.8012 15.7448 13.0809 10.4764 8.24411 7.28729 8.43402 3.63589 3.42073 3.95391 2.02699
threshold=0 27.500000000000004 1 186.50000000000003 64.500000000000014 -7.2499999999999991 0.58397436141967785 6.5000000000000009 -7.4999999999999991 10.500000000000002 27.500000000000004
decision_type=9 8 9 2 8 10 10 8 10 8 8
left_child=7 2 8 -3 -5 -4 -7 -1 9 -2 -9
right_child=1 3 5 4 -6 6 -8 10 -10 -11 -12
leaf_value=0.033049600602786916 -0.0057974512883654057 0.051377043086262383 -0.026863812916715676 0.029374690405830309 -0.024697894828903468 -0.0085977811147643791 0.013809788956675881 0.0056766906847640118 -0.032724874224745459 -0.020266520394657941 0.050742298492869368
leaf_weight=40 41 33 44 54 56 206 102 36 34 37 39
leaf_count=40 41 33 44 54 56 206 102 36 34 37 39
internal_value=0 -0.000959675 -0.00197437 0.00226566 0.000609383 -0.000802413 -0.000217637 0.00366443 -0.00512816 -0.00429694 0.00253233
internal_weight=0 607 464 143 110 352 308 115 112 78 75
internal_count=722 607 464 143 110 352 308 115 112 78 75
cat_boundaries=0 1 2
cat_threshold=37359632 294958
is_linear=0
shrinkage=0.0111721


Tree=152
num_leaves=13
num_cat=2
split_feature=13 28 48 32 32 49 20 25 49 46 2 20
split_gain=19.2094 12.3725 11.5725 7.57559 8.18186 8.75523 7.48895 9.24856 5.45218 4.47171 3.37791 2.55197
threshold=0 15.500000000000002 0.42947559058666235 1.0000000180025095e-35 0.92899158596992504 9.5000000000000018 501.50000000000006 22.500000000000004 5.5000000000000009 0.98058068752288829 1 135.50000000000003
decision_type=9 10 10 8 8 8 2 10 10 8 9 2
left_child=2 3 6 -2 5 -5 7 8 -1 -3 -6 -4
right_child=1 9 11 4 10 -7 -8 -9 -10 -11 -12 -13
leaf_value=0.037970856251550118 0.034605169064307884 0.035456727481525972 0.00044216001267984197 -0.0058265689436676179 0.00022951188639274938 -0.045794908822686851 -0.0024874026431270587 0.045748379550623788 0.002577400163979309 0.0024455249290487166 -0.013173715139170957 -0.0076287171852396658
leaf_weight=38 34 46 34 42 136 33 34 53 40 34 144 33
leaf_count=38 34 46 34 42 136 33 34 53 40 34 144 33
internal_value=0 -0.000909625 0.0029546 -0.00175192 -0.00223441 -0.00551154 0.00467195 0.00588452 0.00343755 0.00307231 -0.00135661 -0.000833731
internal_weight=0 469 232 389 355 75 165 131 78 80 280 67
internal_count=701 469 232 389 355 75 165 131 78 80 280 67
cat_boundaries=0 1 2
cat_threshold=771775252 27
is_linear=0
shrinkage=0.0111721


Tree=153
num_leaves=13
num_cat=2
split_feature=7 36 19 32 13 25 21 21 32 20 49 14
split_gain=17.761 13.2359 8.0707 7.23843 6.71382 9.03679 6.3505 10.2457 5.72553 5.70794 2.10235 1.99991
threshold=0 1.2500000000000002 10.500000000000002 0.5030120611190797 1 9.5000000000000018 35.500000000000007 26.500000000000004 0.096022129058837905 120.50000000000001 3.5000000000000004 2.2500000000000004
decision_type=9 8 10 10 9 10 2 2 10 2 8 10
left_child=1 2 11 -3 8 9 7 -7 -2 -6 -11 -1
right_child=4 3 -4 -5 5 6 -8 -9 -10 10 -12 -13
leaf_value=0.026896383007697353 -0.020899063004710262 0.034426136305303549 0.0098141685603419133 -0.019433229655601968 -0.03036005550585524 0.022522241855611462 0.020563243211727911 -0.0066486307655500123 -0.019834519102551778 0.0026574724462560847 -0.020791821610196173 0.027320654220832758
leaf_weight=36 65 62 46 45 47 44 42 125 44 37 52 36
leaf_count=36 65 62 46 45 47 44 42 125 44 37 52 36
internal_value=0 0.00242458 0.00511264 -0.000313233 -0.00134257 -0.000532002 0.000900118 -6.61052e-05 -0.00366143 -0.00279301 -0.00112976 0.00744803
internal_weight=0 225 118 107 456 347 211 169 109 136 89 72
internal_count=681 225 118 107 456 347 211 169 109 136 89 72
cat_boundaries=0 1 2
cat_threshold=6967609 337126208
is_linear=0
shrinkage=0.0111721


Tree=154
num_leaves=16
num_cat=2
split_feature=13 19 25 16 20 19 2 17 20 32 41 42 21 19 20
split_gain=15.5555 11.3379 10.3591 9.4724 8.43563 7.81052 6.60529 8.44997 7.16265 6.13894 4.04081 3.89644 3.219 3.91501 3.03274
threshold=0 11.500000000000002 3.5000000000000004 8.2500000000000018 453.50000000000006 8.5000000000000018 1 8.5000000000000018 447.50000000000006 0.67936623096466076 1.2500000000000002 4.5000000000000009 27.500000000000004 98.500000000000014 159.50000000000003
decision_type=9 8 8 8 2 10 9 8 2 10 8 10 2 8 2
left_child=2 9 -1 5 14 10 7 -3 -9 -2 -4 -7 -8 -14 -5
right_child=1 6 3 4 -6 11 12 8 -10 -11 -12 -13 13 -15 -16
leaf_value=-0.037571275360358057 0.026528394140142488 -0.0094705076966362257 0.011052280584863808 0.034141796818758487 -0.013411234591837575 -0.021249718971306005 -0.033512636740039917 0.055566298942432021 0.015285168211419117 0.014370935515105245 -0.0096894716244727962 -0.015324436663132816 0.0066475099133212643 -0.016328099808272843 0.013389465252582892
leaf_weight=35 40 64 40 34 51 43 40 45 35 61 33 39 49 44 54
leaf_count=35 40 64 40 34 51 43 40 45 35 61 33 39 49 44 54
internal_value=0 0.00172764 -0.00154893 -0.000912005 0.00120562 -0.00281103 0.000604985 0.00217637 0.00474812 0.00497765 -0.000153038 -0.00517729 -0.00117189 -0.000120127 0.00330083
internal_weight=0 378 329 294 139 155 277 144 80 101 73 82 133 93 88
internal_count=707 378 329 294 139 155 277 144 80 101 73 82 133 93 88
cat_boundaries=0 1 2
cat_threshold=621838137 285
is_linear=0
shrinkage=0.0111721


Tree=155
num_leaves=13
num_cat=3
split_feature=7 22 2 28 32 19 48 8 39 27 15 23
split_gain=17.5531 18.0295 10.9122 7.94121 10.5771 5.70175 5.50452 4.2556 4.85061 4.24583 3.23994 2.21865
threshold=0 25.750000000000004 1 5.5000000000000009 0.57392227649688732 68.500000000000014 0.57223114371299755 2 0.93798077106475841 6.5000000000000009 -5.7499999999999991 -1.0000000180025095e-35
decision_type=9 10 9 8 8 10 8 9 8 8 10 10
left_child=7 2 5 -4 -5 6 -2 10 -9 -10 11 -1
right_child=1 -3 3 4 -6 -7 -8 8 9 -11 -12 -13
leaf_value=-0.035198398033203952 -0.02735780090272056 -0.038300004703189783 0.044241438928783912 -0.018549860157635538 0.019238466167791662 0.012559012516423851 -0.0012944062575824863 -0.030323448930240627 -7.4628939303839778e-05 -0.03194310744051209 0.005839335007436699 -0.012143211929094993
leaf_weight=34 39 54 38 45 190 47 96 38 33 41 33 36
leaf_count=34 39 54 38 45 190 47 96 38 33 41 33 36
internal_value=0 0.000710362 0.00144869 0.00280289 0.00213933 -0.000698253 -0.00190339 -0.00302887 -0.00457871 -0.00332142 -0.00108754 -0.00255361
internal_weight=0 509 455 273 235 182 135 215 112 74 103 70
internal_count=724 509 455 273 235 182 135 215 112 74 103 70
cat_boundaries=0 1 2 3
cat_threshold=1310799 78897 1114
is_linear=0
shrinkage=0.0111721


Tree=156
num_leaves=11
num_cat=2
split_feature=17 13 2 21 35 19 17 21 46 28
split_gain=25.3093 18.7759 8.8878 6.80331 6.07502 6.03642 7.81176 5.4386 3.54776 2.02419
threshold=10.500000000000002 0 1 32.500000000000007 7.5000000000000009 15.500000000000002 3.5000000000000004 35.500000000000007 0.91734972596168529 7.5000000000000009
decision_type=10 9 9 2 10 10 10 2 8 10
left_child=1 4 3 9 -1 6 -4 -7 -2 -3
right_child=8 2 5 -5 -6 7 -8 -9 -10 -11
leaf_value=0.010109695321952465 0.035843985285208303 -0.035095832900571652 -0.012592074078796487 -0.010323773646043657 0.016632930471732713 -0.022047309324413608 0.013322572441044643 0.0091721760982584888 0.031995993044186842 -0.034419853368092813
leaf_weight=63 33 70 76 57 37 127 86 40 41 33
leaf_count=63 33 70 76 57 37 127 86 40 41 33
internal_value=0 -0.00119497 -0.00208217 -0.00420595 0.00304692 -0.000955722 0.000551705 -0.00247525 0.005737 -0.00618259
internal_weight=0 589 489 160 100 329 162 167 74 103
internal_count=663 589 489 160 100 329 162 167 74 103
cat_boundaries=0 1 2
cat_threshold=299336 6177
is_linear=0
shrinkage=0.0111721


Tree=157
num_leaves=12
num_cat=0
split_feature=39 42 42 49 26 20 48 48 25 48 20
split_gain=14.8326 13.932 9.673 10.7288 8.21598 7.871 5.82504 5.06532 5.29726 6.96169 3.10202
threshold=0.27475491166114813 10.500000000000002 11.500000000000002 3.5000000000000004 1.0000000180025095e-35 169.50000000000003 0.10172414034605028 0.73431372642517101 29.500000000000004 0.38522107899189001 359.50000000000006
decision_type=10 8 10 10 10 2 10 10 8 8 2
left_child=1 -1 3 4 -2 -4 -5 8 9 -3 -10
right_child=2 7 5 6 -6 -7 -8 -9 10 -11 -12
leaf_value=0.044417034440308416 0.015088471345423137 0.0068592620506468848 0.01087631831094053 -0.0067731884523559273 -0.052320211274721522 -0.012080204095698302 -0.041830608165220502 0.026584367798428637 0.029943632409098957 -0.0097319932260653674 0.0064939289659121414
leaf_weight=38 60 81 56 35 33 41 42 37 80 149 89
leaf_count=38 60 81 56 35 33 41 42 37 80 149 89
internal_value=0 0.00174416 -0.00154819 -0.00315446 -0.000600645 0.00126693 -0.00623894 0.0011787 0.000812004 -0.000291444 0.00231374
internal_weight=0 474 267 170 93 97 77 436 399 230 169
internal_count=741 474 267 170 93 97 77 436 399 230 169
is_linear=0
shrinkage=0.0111721


Tree=158
num_leaves=10
num_cat=2
split_feature=20 13 33 2 20 49 34 21 20
split_gain=16.0386 14.1488 10.3177 11.4477 5.59202 5.29392 4.63661 5.12531 4.32898
threshold=43.500000000000007 0 -1.4999999999999998 1 320.50000000000006 9.5000000000000018 2.2500000000000004 30.500000000000004 447.50000000000006
decision_type=2 9 10 9 2 10 8 2 2
left_child=-1 5 3 8 -5 6 -2 -8 -3
right_child=1 2 -4 4 -6 -7 7 -9 -10
leaf_value=-0.022193428707464137 -0.025232264486842737 -0.021533198028788853 -0.022538143457455733 0.017844438856441016 0.0031803879845308338 0.0037191641918134532 0.0039286388826818746 -0.018221939843507853 0.021375826726822582
leaf_weight=64 44 77 33 171 82 55 50 75 33
leaf_count=64 44 77 33 171 82 55 50 75 33
internal_value=0 0.000288311 0.00154097 0.00212362 0.00335587 -0.00190975 -0.00297481 -0.0018769 -0.000931003
internal_weight=0 620 396 363 253 224 169 125 110
internal_count=684 620 396 363 253 224 169 125 110
cat_boundaries=0 1 2
cat_threshold=161859084 2168
is_linear=0
shrinkage=0.0111721


Tree=159
num_leaves=11
num_cat=2
split_feature=1 13 30 39 19 20 24 20 32 39
split_gain=18.5001 14.5445 9.0358 8.59915 7.04424 6.56546 6.21347 5.94099 5.67682 1.49332
threshold=0 1 8.5000000000000018 0.92899158596992504 7.5000000000000009 275.50000000000006 0.34500001370906835 118.50000000000001 0.9533066749572755 0.36103448271751409
decision_type=9 9 10 10 10 2 8 2 8 10
left_child=4 5 3 8 -1 7 -7 -2 -3 -6
right_child=1 2 -4 -5 9 6 -8 -9 -10 -11
leaf_value=-0.016406522414318423 0.0064871146018020878 -0.010582212836300699 0.022195521749411841 -0.017620760609141868 -0.050626141844691191 -0.01049942401772298 0.021531330653796501 0.042388282915357171 0.0046399190047232454 -0.025058810505018497
leaf_weight=34 59 81 50 61 33 51 40 60 198 39
leaf_count=34 59 81 50 61 33 51 40 60 198 39
internal_value=0 0.000439556 -0.000837904 -0.00151151 -0.0044303 0.00274223 0.000613846 0.00460026 -0.000680734 -0.00682736
internal_weight=0 600 390 340 106 210 91 119 279 72
internal_count=706 600 390 340 106 210 91 119 279 72
cat_boundaries=0 1 3
cat_threshold=2055 307800482 2
is_linear=0
shrinkage=0.0111721


Tree=160
num_leaves=14
num_cat=2
split_feature=13 25 32 20 39 2 23 46 20 20 20 48 19
split_gain=26.5083 17.1233 11.0769 8.62562 6.66086 5.06961 11.4384 4.15644 3.95877 5.01588 3.24566 3.07358 1.90918
threshold=0 21.500000000000004 0.13899821788072589 100.50000000000001 0.36643192172050482 1 -0.43000000715255732 0.85814890265464794 395.50000000000006 229.50000000000003 288.50000000000006 0.30079366266727453 321.00000000000006
decision_type=9 8 8 2 8 9 8 8 2 2 2 8 8
left_child=2 4 -1 -4 -2 6 -6 -3 9 -5 -9 -7 -12
right_child=1 7 3 8 5 11 -8 10 -10 -11 12 -13 -14
leaf_value=0.017149018464323786 0.01329006815271392 0.040208879205767649 0.0020746246013987825 -0.027634713823900203 -0.010175983214673336 -0.016875448298290609 -0.015509627576265434 0.019295595212144818 -0.020069341520568829 -0.045741585580190362 0.025333826481387472 0.0068370886799316464 0.047517195423637242
leaf_weight=33 37 39 35 62 64 36 37 65 44 41 44 102 34
leaf_count=33 37 39 35 62 64 36 37 65 44 41 44 102 34
internal_value=0 0.00124134 -0.0034261 -0.00466526 -0.000485741 -0.00116863 -0.00291882 0.00392864 -0.00585203 -0.00705033 0.00304692 0.000301946 0.0045834
internal_weight=0 458 215 182 276 239 101 182 147 103 143 138 78
internal_count=673 458 215 182 276 239 101 182 147 103 143 138 78
cat_boundaries=0 1 2
cat_threshold=750825745 35
is_linear=0
shrinkage=0.0111721


Tree=161
num_leaves=15
num_cat=2
split_feature=13 22 20 8 20 41 14 20 40 44 32 19 21 20
split_gain=23.6786 13.6026 9.90562 7.5887 6.24929 6.16744 6.69005 6.0017 5.36779 5.04266 3.56567 3.12232 3.04252 2.47067
threshold=0 3.1649999618530278 74.500000000000014 1 346.50000000000006 3.5000000000000004 6.2500000000000009 453.50000000000006 -1.0000000180025095e-35 1.5000000000000002 0.81233519315719616 211.00000000000003 30.500000000000004 220.50000000000003
decision_type=9 10 2 9 2 8 8 2 8 10 10 10 2 2
left_child=2 3 -1 7 12 -4 -7 13 -3 10 -10 -8 -5 -2
right_child=1 8 5 4 -6 6 11 -9 9 -11 -12 -13 -14 -15
leaf_value=-0.01137125697589831 -0.010337924491376769 -0.024003648641750443 0.037317085251299419 0.022396815255155085 -0.015363480543677057 -0.004569705800106464 0.032777273238398609 0.010967188062077074 -0.018688436427814956 0.0089889495420512437 -0.01860478238445552 0.024535074806983272 0.0072461337696804028 -0.022535653965929006
leaf_weight=35 46 53 34 85 39 42 90 36 64 36 34 33 45 34
leaf_count=35 46 53 34 85 39 42 90 36 64 36 34 33 45 34
internal_value=0 -0.00115893 0.00311353 0.000352801 0.00181 0.00421058 0.00331776 -0.00177334 -0.00352487 -0.00233446 -0.00364802 0.00463232 0.0030938 -0.00363092
internal_weight=0 472 234 285 169 199 165 116 187 134 98 123 130 80
internal_count=706 472 234 285 169 199 165 116 187 134 98 123 130 80
cat_boundaries=0 1 2
cat_threshold=805653134 1047
is_linear=0
shrinkage=0.0111721


Tree=162
num_leaves=13
num_cat=2
split_feature=13 7 27 22 50 20 19 42 19 35 49 25
split_gain=17.801 10.7982 6.7433 7.08846 5.30702 6.69696 5.23812 5.53027 4.32529 4.20943 3.32559 3.26376
threshold=0 1 1.0000000180025095e-35 12.500000000000002 0.51666668057441723 56.500000000000007 26.500000000000004 10.500000000000002 13.500000000000002 11.500000000000002 3.5000000000000004 24.500000000000004
decision_type=9 9 10 10 8 2 10 8 10 8 10 10
left_child=4 8 3 9 -1 -6 7 -7 10 -3 -2 -8
right_child=1 2 -4 -5 5 6 11 -9 -10 -11 -12 -13
leaf_value=-0.015958130499062168 -0.0094142373005246284 -0.01784848161598649 -0.00050188833940177657 -0.047799054586556103 -0.01063134135700093 -0.00036564346140486551 -0.018258142290418996 0.024296939384374928 0.021638363798360684 -0.013757841498060705 0.0045201442106645512 0.011790070261303255
leaf_weight=33 34 33 61 42 33 37 46 126 37 167 33 43
leaf_count=33 34 33 61 42 33 37 46 126 37 167 33 43
internal_value=0 -0.00233086 -0.00339088 -0.00433956 0.00115808 0.00168561 0.00230535 0.00349555 0.000784002 -0.00346334 -0.000833731 0.000125525
internal_weight=0 407 303 242 318 285 252 163 104 200 67 89
internal_count=725 407 303 242 318 285 252 163 104 200 67 89
cat_boundaries=0 2 3
cat_threshold=3444199909 1 723592
is_linear=0
shrinkage=0.0111721


Tree=163
num_leaves=16
num_cat=1
split_feature=13 22 15 39 17 19 40 16 25 19 16 14 20 24 32
split_gain=22.014 13.8483 8.42906 8.2378 7.53609 7.0543 11.4883 5.47578 6.4771 3.54193 2.87961 4.37877 2.80572 2.48204 2.18179
threshold=0 2.5000000000000004 -1.0000000180025095e-35 0.95803990960121166 10.500000000000002 11.500000000000002 -16.499999999999996 1.2500000000000002 33.500000000000007 82.000000000000014 2.2500000000000004 32.500000000000007 433.50000000000006 3.5700000524520878 0.9533066749572755
decision_type=9 10 10 8 8 8 10 8 8 8 8 8 2 10 8
left_child=2 3 5 4 -2 6 -1 -7 -9 14 -3 -12 -11 -13 -5
right_child=1 10 -4 9 -6 7 -8 8 -10 12 11 13 -14 -15 -16
leaf_value=-0.023091741128111559 -0.0040265524296996848 -0.023656091412986038 0.021180777156690755 -0.0051598124177500886 0.024425707390974112 0.040998598341450782 0.016087168790495605 0.00068219037433655573 0.046924984316627526 -0.014439558653760433 -0.00010843908385928929 -0.029878135540180449 0.02218056836643461 -0.019434671462347126 -0.035029201676590085
leaf_weight=51 41 41 58 33 46 37 35 83 55 50 44 51 37 37 33
leaf_count=51 41 41 58 33 46 37 35 83 55 50 44 51 37 37 33
internal_value=0 -0.00124134 0.00261474 0.000465502 0.00321036 0.00184061 -0.000779443 0.00312818 0.00210488 -0.0010953 -0.00368097 -0.00287765 0.00038524 -0.00431647 -0.00304692
internal_weight=0 413 319 240 87 261 86 175 138 153 173 132 87 88 66
internal_count=732 413 319 240 87 261 86 175 138 153 173 132 87 88 66
cat_boundaries=0 2
cat_threshold=978657679 16
is_linear=0
shrinkage=0.0111721


Tree=164
num_leaves=16
num_cat=2
split_feature=7 13 14 25 20 39 39 40 19 19 19 16 48 19 15
split_gain=21.9279 9.78814 9.25479 8.53126 8.60114 5.02157 4.69256 4.69284 3.87401 8.87319 3.64065 3.43715 2.71769 1.82812 1.51509
threshold=0 1 22.500000000000004 15.500000000000002 138.50000000000003 0.10300619155168535 0.048809524625539787 -1.4999999999999998 17.500000000000004 8.5000000000000018 17.500000000000004 7.2500000000000009 0.83438816666603099 151.50000000000003 -0.74999999999999989
decision_type=9 9 10 8 2 10 10 8 8 10 10 8 8 10 8
left_child=2 3 8 4 -2 10 11 -8 9 14 -5 12 -3 -13 -1
right_child=1 6 -4 5 -6 -7 7 -9 -10 -11 -12 13 -14 -15 -16
leaf_value=0.019378882324521406 -0.024160965009130987 -0.017470610351663422 -0.015556635155055072 0.058492460902668873 0.0061701616228838976 -0.00061685877588202808 -0.014887585250583263 0.0033769189713322998 0.043659119372286705 0.00030998726762760325 0.010081196400899746 -0.021108887742169156 -0.030710199392580701 -0.010171865989130648 0.025124465973099534
leaf_weight=33 40 33 38 44 56 34 38 60 52 61 33 78 34 49 33
leaf_count=33 40 33 38 44 56 34 38 60 52 61 33 78 34 49 33
internal_value=0 -0.0010755 0.00310062 0.000772261 -0.00162926 0.00291882 -0.00236759 -0.000456 0.00430655 0.00325485 0.00449784 -0.00345528 -0.00550265 -0.00237516 0.00609384
internal_weight=0 499 217 207 96 111 292 98 179 127 77 194 67 127 66
internal_count=716 499 217 207 96 111 292 98 179 127 77 194 67 127 66
cat_boundaries=0 2 4
cat_threshold=2776161 2 160973168 6
is_linear=0
shrinkage=0.0111721


Tree=165
num_leaves=12
num_cat=2
split_feature=28 13 25 39 25 13 25 19 19 15 25
split_gain=18.744 16.4382 8.5495 7.89763 6.84244 6.67938 8.37828 6.62902 5.10521 4.65431 5.95305
threshold=1.0000000180025095e-35 0 11.500000000000002 0.95266106724739086 15.500000000000002 1 11.500000000000002 137.50000000000003 14.500000000000002 -4.4999999999999991 2.5000000000000004
decision_type=8 9 10 8 10 9 8 10 10 10 10
left_child=-1 2 9 4 -3 6 -5 -7 -4 10 -2
right_child=1 3 8 5 -6 7 -8 -9 -10 -11 -12
leaf_value=0.084694531809402729 -0.033685578950605394 0.024713578160438125 0.015583562968989101 -0.022443209502333743 -0.00038986873516039992 -0.0076349109810008343 0.023023044847848454 -0.020999098353863752 -0.020720190806152297 -0.03314644354025615 -0.0010513123313574009
leaf_weight=36 39 65 41 36 56 180 70 38 64 33 37
leaf_count=36 39 65 41 36 56 180 70 38 64 33 37
internal_value=0 -0.0008307 -0.00329177 0.000417417 0.00286226 -0.000482743 0.00173359 -0.00156801 -0.0011704 -0.00563728 -0.00411602
internal_weight=0 659 214 445 121 324 106 218 105 109 76
internal_count=695 659 214 445 121 324 106 218 105 109 76
cat_boundaries=0 2 3
cat_threshold=146546725 1025 335546562
is_linear=0
shrinkage=0.0111721


Tree=166
num_leaves=12
num_cat=3
split_feature=13 1 21 14 28 28 37 21 19 28 5
split_gain=14.5177 13.3421 8.26304 10.5582 7.57166 8.92608 7.23261 5.19456 3.78231 3.73605 1.18744
threshold=0 1 33.500000000000007 1.0000000180025095e-35 4.5000000000000009 10.500000000000002 8.5000000000000018 29.500000000000004 111.00000000000001 10.500000000000002 2
decision_type=9 9 2 10 8 8 8 2 8 8 9
left_child=2 6 3 7 -3 -6 -2 -1 -7 -5 -8
right_child=1 4 -4 9 5 8 10 -9 -10 -11 -12
leaf_value=-0.012245889154662159 -0.018095181152098821 0.023311115922641894 -0.015216025494242003 0.018857051407349938 -0.027398507841742952 0.0058128198031579129 -0.035185841796000025 0.042427758394444973 -0.011235882699550387 0.033498256898156616 -0.037190577314774903
leaf_weight=41 34 47 57 34 43 142 33 37 154 45 36
leaf_count=41 34 47 57 34 43 142 33 37 154 45 36
internal_value=0 -0.00163439 0.00179551 0.00320218 -0.00062067 -0.00121937 -0.00504226 0.000286459 -0.000528408 0.00608099 -0.00760995
internal_weight=0 489 214 157 386 339 103 78 296 79 69
internal_count=703 489 214 157 386 339 103 78 296 79 69
cat_boundaries=0 1 2 3
cat_threshold=59221792 4367 1
is_linear=0
shrinkage=0.0111721


Tree=167
num_leaves=12
num_cat=2
split_feature=13 32 7 33 35 46 35 23 21 48 24
split_gain=28.8266 19.033 12.0006 6.83338 6.44712 6.31217 5.38131 3.589 3.53303 3.34222 3.94239
threshold=0 0.90954548120498668 1 -5.4999999999999991 9.5000000000000018 0.64536544680595409 15.500000000000002 -0.93000000715255726 30.500000000000004 0.52786380052566539 1.0000000180025095e-35
decision_type=9 8 9 10 8 10 8 10 2 10 8
left_child=1 5 6 9 -3 -1 -2 -6 -8 10 -4
right_child=2 4 3 -5 7 -7 8 -9 -10 -11 -12
leaf_value=0.045951127737755344 -0.0042744639776739037 -0.027673896777788285 -0.017417283318938527 -0.032825156944531531 0.03543064292148583 0.019852034854211671 0.027385128542710264 0.00055822145630948089 0.0017042317034054292 -0.023949541179979324 0.0036214822140383236
leaf_weight=40 42 37 156 51 54 39 46 61 39 56 69
leaf_count=40 42 37 156 51 54 39 46 61 39 56 69
internal_value=0 0.0029205 -0.00183422 -0.00294002 0.000735002 0.00749517 0.00106012 0.00204011 0.00276015 -0.00234574 -0.00173788
internal_weight=0 231 459 332 152 79 127 115 85 281 225
internal_count=690 231 459 332 152 79 127 115 85 281 225
cat_boundaries=0 1 2
cat_threshold=1629690800 1074274819
is_linear=0
shrinkage=0.0111721


Tree=168
num_leaves=11
num_cat=2
split_feature=7 40 13 17 17 19 32 25 14 48
split_gain=17.5239 12.1262 11.1477 7.93461 5.93295 7.35032 5.80347 4.5188 4.43637 3.93783
threshold=0 -9.4999999999999982 1 2.5000000000000004 7.5000000000000009 205.00000000000003 0.98373878002166759 21.500000000000004 4.5000000000000009 0.52506268024444591
decision_type=9 10 9 8 8 8 8 8 8 8
left_child=1 8 7 -4 6 -6 -5 9 -1 -2
right_child=2 -3 3 4 5 -7 -8 -9 -10 -11
leaf_value=0.053921431888724856 -0.0063278314426454809 -0.0071394461959496643 -0.017685985794683241 0.029017891418289449 -0.012792067445688979 0.02122911312445102 -0.0069034166309131411 -0.005501466330029103 0.025446649288102832 -0.03807211580910895
leaf_weight=41 33 36 57 60 145 80 51 47 55 40
leaf_count=41 33 36 57 60 145 80 51 47 55 40
internal_value=0 0.00283235 -0.00160211 -0.000637611 0 -0.00104272 0.00211363 -0.00446882 0.00512052 -0.0065808
internal_weight=0 132 513 393 336 225 111 120 96 73
internal_count=645 132 513 393 336 225 111 120 96 73
cat_boundaries=0 1 3
cat_threshold=558121 8923332 256
is_linear=0
shrinkage=0.0111721


Tree=169
num_leaves=13
num_cat=3
split_feature=2 8 28 24 2 22 35 21 32 33 17 15
split_gain=14.3577 10.8176 6.3907 6.11855 5.38598 9.72926 8.13262 4.85003 4.48169 3.12818 2.73504 2.63144
threshold=0 1 15.500000000000002 8.2500000000000018 2 9.2500000000000018 10.500000000000002 30.500000000000004 0.98009902238845836 -1.4999999999999998 5.5000000000000009 -21.499999999999996
decision_type=9 9 10 8 9 8 8 2 8 8 8 10
left_child=9 2 3 7 6 11 -3 -2 -8 -1 -11 -6
right_child=1 4 -4 -5 5 -7 8 -9 -10 10 -12 -13
leaf_value=-0.0075973977384449611 0.013424587505388753 -0.012075808801523258 0.021773478243349142 0.039207348334592412 -0.033023303312435394 0.016034764286696968 0.01520571979743187 -0.011143236405533261 -0.0010229248149710435 -0.038184714365606921 -0.024357820420754434 -0.027597031354850598
leaf_weight=33 82 39 48 40 37 39 53 95 68 36 65 47
leaf_count=33 82 39 48 40 37 39 53 95 68 36 65 47
internal_value=0 0.000240259 0.00182816 0.00108117 -0.00125829 -0.00294001 0.000131434 0.000189355 0.00156963 -0.00372402 -0.00497765 -0.00532002
internal_weight=0 548 265 217 283 123 160 177 121 134 101 84
internal_count=682 548 265 217 283 123 160 177 121 134 101 84
cat_boundaries=0 1 2 3
cat_threshold=6212 8375 1155
is_linear=0
shrinkage=0.0111721


Tree=170
num_leaves=13
num_cat=2
split_feature=13 17 8 32 21 25 35 25 48 28 17 25
split_gain=21.2255 13.615 8.69696 9.61586 7.63362 6.84509 6.11621 5.05959 5.23332 3.43568 3.31554 1.66805
threshold=0 2.5000000000000004 1 0.6012820601463319 32.500000000000007 22.500000000000004 11.500000000000002 23.500000000000004 0.69309264421463024 7.5000000000000009 7.5000000000000009 76.500000000000014
decision_type=9 8 9 8 2 8 8 8 10 10 10 8
left_child=7 -2 4 10 5 -3 -5 8 9 -1 -4 -9
right_child=1 2 3 6 -6 -7 -8 11 -10 -11 -12 -13
leaf_value=-0.045728426019512554 -0.015868908056940079 0.00072246442718584564 0.014256168296131541 -0.0067414124795098021 0.021365119670565019 -0.026935268866230506 0.018646882261525267 0.0044360666630486661 -0.0044907217022881986 -0.0079792917121089598 0.025191454529764398 -0.036029110436581496
leaf_weight=61 64 39 37 53 37 34 200 47 38 44 42 36
leaf_count=61 64 39 37 53 37 34 200 47 38 44 42 36
internal_value=0 0.00129908 0.00202209 0.00287468 -0.000744802 -0.00290779 0.00189881 -0.00274568 -0.00414069 -0.00542643 0.00636383 -0.000673012
internal_weight=0 506 442 332 110 73 253 226 143 105 79 83
internal_count=732 506 442 332 110 73 253 226 143 105 79 83
cat_boundaries=0 2 3
cat_threshold=1446778886 64 16482
is_linear=0
shrinkage=0.0111721


Tree=171
num_leaves=12
num_cat=3
split_feature=13 39 1 2 21 17 21 35 23 19 42
split_gain=19.3486 12.453 11.5542 8.81746 16.6192 7.45814 7.41744 6.91445 4.26448 3.66452 2.52516
threshold=0 0.41137820482254034 1 2 30.500000000000004 10.500000000000002 30.500000000000004 18.500000000000004 -2.7499999999999996 75.500000000000014 13.500000000000002
decision_type=9 10 9 9 2 10 2 8 10 8 8
left_child=1 7 10 4 -4 8 -3 -1 -5 -9 -2
right_child=2 6 3 5 -6 -7 -8 9 -10 -11 -12
leaf_value=0.026154553500007952 -0.038574893976534755 0.015612537335407422 0.027045509111706289 -0.00053371260235774895 -0.022788732269857 0.021985323346649953 -0.020131409484635647 -0.0047753881286060861 -0.020331134511557693 0.029376385088964559 -0.027582203135404559
leaf_weight=36 46 34 65 54 51 37 40 34 160 64 54
leaf_count=36 46 34 65 54 51 37 40 34 160 64 54
internal_value=0 0.00235741 -0.00166293 -0.000681584 0.00177334 -0.00184061 -0.00120779 0.00450217 -0.00271471 0.00296401 -0.00487508
internal_weight=0 208 467 367 116 251 74 134 214 98 100
internal_count=675 208 467 367 116 251 74 134 214 98 100
cat_boundaries=0 1 2 3
cat_threshold=168909156 155 24737
is_linear=0
shrinkage=0.0111721


Tree=172
num_leaves=14
num_cat=2
split_feature=13 10 33 16 49 20 20 32 40 27 19 49 19
split_gain=19.1798 15.8317 10.0461 8.05118 6.85643 8.23486 6.7613 6.59236 6.25455 6.19259 4.22905 4.86236 2.7412
threshold=0 1 -5.4999999999999991 3.2500000000000004 6.5000000000000009 221.50000000000003 463.50000000000006 0.40129870176315313 1.5000000000000002 4.5000000000000009 7.5000000000000009 7.5000000000000009 48.500000000000007
decision_type=9 9 8 8 8 2 2 10 8 8 8 10 10
left_child=2 3 -1 -2 5 9 7 -6 -4 -3 -10 -12 -8
right_child=1 4 8 -5 6 -7 12 -9 10 -11 11 -13 -14
leaf_value=0.035596905619125742 -0.0095752333588814079 -0.018658115315189919 0.017714009693458193 -0.035782560531677519 0.026868298118463581 -0.040233424286766246 0.011653468603819075 -0.0036420705293659862 0.020447388046451034 0.019133327928170827 -0.013231961362980844 0.019060863223738456 -0.023073555444491873
leaf_weight=33 50 57 38 51 119 44 33 55 33 37 90 37 35
leaf_count=33 50 57 38 51 119 44 33 55 33 37 90 37 35
internal_value=0 -0.00120595 0.00264236 -0.00493181 -0.000114585 -0.00210488 0.00101564 0.00218305 0.00180559 -0.0002377 0.000837903 -8.79667e-05 -0.00197153
internal_weight=0 481 231 101 380 138 242 174 198 94 160 127 68
internal_count=712 481 231 101 380 138 242 174 198 94 160 127 68
cat_boundaries=0 2 3
cat_threshold=2151517218 1024 13074
is_linear=0
shrinkage=0.0111721


Tree=173
num_leaves=12
num_cat=2
split_feature=28 7 48 2 24 20 43 29 42 19 21
split_gain=22.5464 16.8444 9.44387 9.17446 7.92611 7.82486 9.85461 5.30065 4.50911 4.30604 2.69785
threshold=19.500000000000004 0 0.31267458200454717 1 0.76500001549720775 93.500000000000014 1.2500000000000002 3.0700000524520878 13.500000000000002 6.5000000000000009 28.500000000000004
decision_type=10 9 8 9 10 2 8 8 8 10 2
left_child=1 2 -1 5 10 -3 -7 -6 -4 -10 -5
right_child=-2 3 8 4 7 6 -8 -9 9 -11 -12
leaf_value=-0.018305984946790633 0.025695687648018831 -0.022965317167299666 0.031561510029094492 -0.019998596711055749 -0.016676872423881169 0.04689639087650152 -0.0043125148423118565 -0.04451728028576326 -0.0021856982850344494 0.026133535916800895 -0.0019859674924163975
leaf_weight=41 61 50 44 37 43 36 152 41 33 87 67
leaf_count=41 61 50 44 37 43 36 152 41 33 87 67
internal_value=0 -0.000336401 0.00223441 -0.00158869 -0.00338547 -9.00962e-05 0.000950813 -0.00611803 0.00354236 0.00242061 -0.00150393
internal_weight=0 631 205 426 188 238 188 84 164 120 104
internal_count=692 631 205 426 188 238 188 84 164 120 104
cat_boundaries=0 1 2
cat_threshold=69678729 43
is_linear=0
shrinkage=0.0111721


Tree=174
num_leaves=11
num_cat=3
split_feature=13 2 25 8 42 14 49 21 21 19
split_gain=20.5417 17.5062 9.74304 10.059 8.38069 6.86751 4.41436 3.69183 2.30657 5.06566
threshold=0 1 29.500000000000004 2 4.5000000000000009 3.5000000000000004 2.5000000000000004 31.500000000000004 27.500000000000004 6.5000000000000009
decision_type=9 9 8 9 10 10 8 2 2 10
left_child=4 5 3 6 -1 -2 -3 -5 -4 -10
right_child=1 2 8 7 -6 -7 -8 -9 9 -11
leaf_value=0.049752659704588968 -0.0036327862413759833 0.019048004706813386 0.0095717631609289009 -0.0013068269493619956 0.013653593964000182 -0.036451665661090343 0.0030204302117348711 -0.028592682395841555 0.066297298681760736 0.018353795226264832
leaf_weight=64 36 36 37 97 45 65 92 98 40 62
leaf_count=64 36 36 37 97 45 65 92 98 40 62
internal_value=0 -0.000136482 0.000804767 -0.000242118 0.00497579 -0.00412661 0.00210488 -0.00179843 0.00329535 0.00416214
internal_weight=0 563 462 323 109 101 128 195 139 102
internal_count=672 563 462 323 109 101 128 195 139 102
cat_boundaries=0 2 3 4
cat_threshold=65928 32 35376 5389
is_linear=0
shrinkage=0.0111721


Tree=175
num_leaves=11
num_cat=3
split_feature=1 7 27 13 20 35 16 35 46 25
split_gain=18.2081 12.1676 8.40879 8.9591 11.73 5.88003 5.04394 3.59845 2.77049 3.43666
threshold=0 1 3.5000000000000004 2 447.50000000000006 14.500000000000002 21.500000000000004 11.500000000000002 0.28436657786369329 27.500000000000004
decision_type=9 9 10 9 2 8 8 8 10 8
left_child=6 8 3 5 -5 -3 7 -1 9 -2
right_child=1 2 -4 4 -6 -7 -8 -9 -10 -11
leaf_value=-0.03340673077862337 0.038335519008474532 -0.036023571182073527 0.026752238867477136 0.011122131554229477 -0.025167902033865427 -0.0092254966174310938 -0.00057992613800089655 -0.011618264954077214 0.033503986269959631 0.068895980070978316
leaf_weight=34 43 33 37 233 65 94 34 44 33 34
leaf_count=34 43 33 37 233 65 94 34 44 33 34
internal_value=0 0.0014589 0.00061541 0.00018401 0.00123328 -0.00220179 -0.00329667 -0.00515633 0.00465502 0.00391747
internal_weight=0 572 462 425 298 127 112 78 110 77
internal_count=684 572 462 425 298 127 112 78 110 77
cat_boundaries=0 1 2 3
cat_threshold=2578 20128 2149538
is_linear=0
shrinkage=0.0111721


Tree=176
num_leaves=11
num_cat=1
split_feature=13 23 28 15 46 19 25 15 21 30
split_gain=19.8199 7.89458 11.4974 7.62595 7.08824 11.2319 6.1899 5.5632 5.08798 4.56004
threshold=0 -1.8199999928474424 2.5000000000000004 -7.7499999999999991 0.96178188920021068 8.5000000000000018 22.500000000000004 -0.74999999999999989 25.500000000000004 9.5000000000000018
decision_type=9 8 8 8 8 10 8 8 2 8
left_child=6 3 -3 -2 5 -4 7 9 -6 -1
right_child=1 2 4 -5 8 -7 -8 -9 -10 -11
leaf_value=0.0055365398493289354 0.0044505913335593965 0.051140562280587519 0.0088841026723101967 -0.0235895794023715 -0.0060182720870079571 -0.022032222103637096 -0.0071809040407181009 -0.038556449723984081 0.024362832104612219 -0.010847790453932468
leaf_weight=33 44 36 36 61 39 43 63 59 216 63
leaf_count=33 44 36 36 61 39 43 63 59 216 63
internal_value=0 0.00066802 0.00144935 -0.00202161 0.000802783 -0.00212127 -0.00333202 -0.00468506 0.00170867 -0.00302576
internal_weight=0 475 370 105 334 79 218 155 255 96
internal_count=693 475 370 105 334 79 218 155 255 96
cat_boundaries=0 1
cat_threshold=121049137
is_linear=0
shrinkage=0.0111721


Tree=177
num_leaves=13
num_cat=2
split_feature=2 48 35 8 25 19 39 20 19 21 22 20
split_gain=16.5651 14.0737 10.9264 7.14485 7.77313 7.61951 6.32453 5.09316 4.58892 3.61668 5.18455 3.36038
threshold=0 0.66563147306442272 18.500000000000004 1 19.500000000000004 8.5000000000000018 0.97058188915252697 379.50000000000006 3.5000000000000004 26.500000000000004 1.1650000214576723 175.50000000000003
decision_type=9 8 10 9 10 8 8 2 10 2 10 2
left_child=1 6 3 4 11 -5 -1 -7 -3 -10 -11 -2
right_child=2 8 -4 5 -6 7 -8 -9 9 10 -12 -13
leaf_value=-0.040661765014585349 -0.034650968565594797 0.056563154955673996 0.01889810077530454 0.011697496181616087 -0.0011013265195930386 -0.017456929180566579 0.0037808891437587284 0.0087820829630678287 0.037044121016440335 0.052357311810447428 -0.0091631197047863603 -0.034118686261948382
leaf_weight=35 36 45 49 59 33 153 59 56 34 84 45 41
leaf_count=35 36 45 49 59 33 153 59 56 34 84 45 41
internal_value=0 0.00186201 -0.00150836 -0.00218712 -0.00446882 -0.00104487 -0.00166392 -0.00208474 0.00354498 0.00267307 0.00181871 -0.0068193
internal_weight=0 302 427 378 110 268 94 209 208 163 129 77
internal_count=729 302 427 378 110 268 94 209 208 163 129 77
cat_boundaries=0 1 2
cat_threshold=174378 294
is_linear=0
shrinkage=0.0111721


Tree=178
num_leaves=10
num_cat=2
split_feature=39 2 35 13 19 17 25 25 25
split_gain=18.8105 12.7785 6.45242 5.92574 6.41044 5.47445 6.03088 3.95009 3.2569
threshold=0.027222222648561004 0 7.5000000000000009 1 28.500000000000004 2.5000000000000004 19.500000000000004 43.500000000000007 13.500000000000002
decision_type=8 9 8 9 10 10 8 8 10
left_child=-1 5 -3 7 -5 6 -2 -4 -7
right_child=1 2 3 4 -6 8 -8 -9 -10
leaf_value=0.033829321750792674 -0.02125611371376767 -0.016607658374644639 -0.014319522738615508 0.021842518387257606 -0.0018060386414360844 -0.011542069421270408 -0.014009332451334513 0.017595641534399787 0.00077819429339335037
leaf_weight=54 60 44 66 166 116 61 39 35 59
leaf_count=54 60 44 66 166 116 61 39 35 59
internal_value=0 -0.00065718 0.000485742 0.000962606 0.00175998 -0.00278082 -0.00485251 -0.00130844 -0.0013034
internal_weight=0 646 427 383 282 219 99 101 120
internal_count=700 646 427 383 282 219 99 101 120
cat_boundaries=0 1 2
cat_threshold=15204 1051718
is_linear=0
shrinkage=0.0111721


Tree=179
num_leaves=13
num_cat=2
split_feature=8 2 22 28 33 46 21 35 35 22 25 17
split_gain=16.8784 11.7111 8.04491 8.64842 8.82624 6.5449 6.0908 6.00404 4.04081 1.48501 1.9411 1.02416
threshold=0 1 34.250000000000007 15.500000000000002 -1.0000000180025095e-35 0.34821428358554846 32.500000000000007 14.500000000000002 11.500000000000002 3.1649999618530278 22.500000000000004 3.5000000000000004
decision_type=9 9 8 10 8 10 2 8 10 8 10 10
left_child=5 7 3 4 -3 6 9 -2 -7 10 -1 -9
right_child=1 2 -4 -5 -6 8 -8 11 -10 -11 -12 -13
leaf_value=0.01719089163604879 -0.0089500063463139566 -0.018942493728349791 0.015714538512399959 0.010540794597176767 -0.0055185701800028655 -0.010358084582119934 0.0066106118266468462 -0.032495534997188928 0.010385916339351145 0.032736146467998141 0.029675842358092452 -0.031980980466562788
leaf_weight=34 35 39 52 58 245 33 49 34 40 35 33 35
leaf_count=34 35 39 52 58 245 33 49 34 40 35 33 35
internal_value=0 -0.0011436 -0.000221228 -0.000849338 -0.00165221 0.00248268 0.00392132 -0.00431202 -0.000153038 0.0054765 0.00450217 -0.00663846
internal_weight=0 498 394 342 284 224 151 104 73 102 67 69
internal_count=722 498 394 342 284 224 151 104 73 102 67 69
cat_boundaries=0 1 2
cat_threshold=24730 6448
is_linear=0
shrinkage=0.0111721


Tree=180
num_leaves=13
num_cat=1
split_feature=13 35 19 40 19 28 41 28 19 49 39 19
split_gain=16.4959 9.98434 8.79577 8.63322 7.48235 5.52146 5.27112 4.73721 3.35942 4.91858 3.26285 2.92291
threshold=0 14.500000000000002 8.5000000000000018 -12.499999999999998 19.500000000000004 14.500000000000002 2.5000000000000004 9.5000000000000018 153.50000000000003 2.5000000000000004 0.78708335757255565 44.500000000000007
decision_type=9 10 8 10 10 10 8 8 8 10 10 10
left_child=3 2 6 5 7 8 -2 -4 9 -1 -3 -6
right_child=1 10 4 -5 11 -7 -8 -9 -10 -11 -12 -13
leaf_value=0.014411867533789018 0.003474983084912149 0.029424517597138662 0.0020539549529875059 -0.020848666952074098 -0.02632416029791558 0.027185544995243591 -0.021335300073441272 0.025108067781365637 -0.039262069480588156 -0.021912298090065001 0.010460255035856143 0.0060009367210938445
leaf_weight=40 42 34 35 44 34 33 60 96 52 59 39 143
leaf_count=40 42 34 35 44 34 33 60 96 52 59 39 143
internal_value=0 0.00151831 0.000871966 -0.00206542 0.00181365 -0.00109292 -0.00197154 0.00383773 -0.00199765 -0.000789941 0.00535646 0.000315593
internal_weight=0 483 410 228 308 184 102 131 151 99 73 177
internal_count=711 483 410 228 308 184 102 131 151 99 73 177
cat_boundaries=0 1
cat_threshold=1309328649
is_linear=0
shrinkage=0.0111721


Tree=181
num_leaves=13
num_cat=3
split_feature=13 32 39 8 42 7 17 19 15 15 35 49
split_gain=13.4216 11.6079 8.96938 7.52152 11.2001 9.6502 5.77459 4.66003 4.41389 3.88461 3.96303 1.86468
threshold=0 0.98373878002166759 0.2014492750167847 1 17.500000000000004 2 8.5000000000000018 95.500000000000014 -3.7499999999999996 -4.4999999999999991 9.5000000000000018 3.5000000000000004
decision_type=9 10 10 9 8 9 8 8 8 8 8 10
left_child=2 3 7 4 -2 6 -5 -1 -7 -3 -11 -6
right_child=1 9 -4 5 11 8 -8 -9 -10 10 -12 -13
leaf_value=0.067510169958204788 -0.015046481797862478 -0.0055812332428280854 -0.0033918661730927466 -0.042957309005189313 0.020796341923430925 0.0099788570577708392 -0.028145561511360589 0.012774506915400314 -0.0055204266811133135 -0.033295892818632392 -0.019084630025905609 0.031926613051371115
leaf_weight=42 43 34 47 38 39 63 70 33 197 39 33 35
leaf_count=42 43 34 47 38 39 63 70 33 197 39 33 35
internal_value=0 -0.00105958 0.00287765 -0.000345527 0.00202328 -0.00112312 -0.00378714 0.00551154 8.2755e-05 -0.00442666 -0.00589636 0.00483116
internal_weight=0 591 122 485 117 368 108 75 260 106 72 74
internal_count=713 591 122 485 117 368 108 75 260 106 72 74
cat_boundaries=0 1 2 3
cat_threshold=18355456 2512 524811
is_linear=0
shrinkage=0.0111721


Tree=182
num_leaves=12
num_cat=2
split_feature=13 20 8 32 32 22 15 48 19 28 43
split_gain=22.2836 11.8279 8.93669 8.91909 8.36647 7.4745 5.59907 5.0054 4.63122 4.24273 3.89814
threshold=0 42.500000000000007 1 0.96693986654281627 0.42280606925487524 0.75000000000000011 -2.7499999999999996 0.83438816666603099 18.500000000000004 18.500000000000004 2.5000000000000004
decision_type=9 2 9 8 10 10 8 8 8 8 8
left_child=3 -2 9 7 10 -6 -5 -1 -8 -3 -4
right_child=1 2 4 6 5 -7 8 -9 -10 -11 -12
leaf_value=0.023267671550011634 -0.040789854064344593 0.0011431255744720622 0.01325819545735093 0.017982414033273744 -0.020285164004185063 -0.012306269220180362 -0.024142151818177079 0.037723861503223238 0.017511851392175946 0.020741088470354184 -0.0073060222811364766
leaf_weight=36 40 58 33 41 38 91 35 39 50 47 191
leaf_count=36 40 58 33 41 38 91 35 39 50 47 191
internal_value=0 -0.0014075 -0.00092694 0.00291215 -0.00175429 -0.00407044 0.00124134 0.00610739 -0.000394305 0.00184582 -0.000498752
internal_weight=0 498 458 201 353 129 126 75 85 105 224
internal_count=699 498 458 201 353 129 126 75 85 105 224
cat_boundaries=0 2 3
cat_threshold=21564194 4 50248
is_linear=0
shrinkage=0.0111721


Tree=183
num_leaves=13
num_cat=2
split_feature=13 2 14 25 25 21 39 48 19 27 28 19
split_gain=19.6666 15.9681 15.9218 11.3912 5.2171 5.10467 4.6736 5.17949 4.84505 4.15119 6.19318 3.44679
threshold=0 1 11.250000000000002 25.500000000000004 25.500000000000004 33.500000000000007 0.98076212406158458 0.35781671106815344 6.5000000000000009 1.5000000000000002 5.5000000000000009 99.500000000000014
decision_type=9 9 8 10 10 2 8 10 10 8 10 8
left_child=4 2 -2 6 9 -5 7 -3 -8 -1 11 -11
right_child=1 3 -4 5 -6 -7 8 -9 -10 10 -12 -13
leaf_value=0.010879243466307505 0.031976021206903515 -0.022977460898697327 -0.018032792617152526 0.040471013576909916 0.056010171191361376 -0.02086984549908948 -0.0070232438957249042 -0.014593895460395532 -0.027949688011362148 0.015884097975974606 -0.01976180787840074 -9.6512530961340447e-05
leaf_weight=54 61 49 49 35 58 38 62 38 110 47 33 47
leaf_count=54 61 49 49 35 58 38 62 38 110 47 33 47
internal_value=0 -0.00153245 0.00204821 -0.00274402 0.00237799 0.00107129 -0.00392532 -0.00603548 -0.00285797 0.0015431 0.000439843 0.00190162
internal_weight=0 442 110 332 239 73 259 87 172 181 127 94
internal_count=681 442 110 332 239 73 259 87 172 181 127 94
cat_boundaries=0 2 3
cat_threshold=5069324 256 17026
is_linear=0
shrinkage=0.0111721


Tree=184
num_leaves=11
num_cat=1
split_feature=7 15 19 36 17 17 15 21 25 20
split_gain=21.2559 15.8289 10.0292 11.6161 8.49651 7.81393 5.00895 3.65162 1.63648 2.05708
threshold=0 -7.7499999999999991 290.50000000000006 1.2500000000000002 9.5000000000000018 4.5000000000000009 -2.2499999999999996 30.500000000000004 16.500000000000004 239.50000000000003
decision_type=9 8 8 10 8 10 10 2 10 2
left_child=4 -2 3 5 6 -3 7 -1 -6 -10
right_child=1 2 -4 -5 8 -7 -8 -9 9 -11
leaf_value=0.00077576012609016285 0.015829881975055349 -0.044144536543501992 0.021803393200252558 0.010461276658358764 0.019917395681093963 -0.0091480487606065176 -0.012464544621867423 0.018437749911679371 0.031851430492943728 0.029259727038400896
leaf_weight=38 65 147 64 45 33 158 41 36 35 35
leaf_count=38 65 147 64 45 33 158 41 36 35 35
internal_value=0 -0.00148504 -0.00232077 -0.00306434 0.00264601 -0.00384612 0.000680036 0.00241558 0.00509793 0.00606483
internal_weight=0 479 414 350 218 305 115 74 103 70
internal_count=697 479 414 350 218 305 115 74 103 70
cat_boundaries=0 1
cat_threshold=2498226
is_linear=0
shrinkage=0.0111721


Tree=185
num_leaves=16
num_cat=2
split_feature=25 2 25 27 47 14 48 8 21 25 46 48 33 16 20
split_gain=15.3676 8.86099 7.50495 7.48618 7.30903 8.12398 6.80548 6.65278 5.83251 6.06788 5.23154 5.37277 2.61524 2.82138 0.698459
threshold=24.500000000000004 0 39.500000000000007 8.5000000000000018 -6.4999999999999991 5.5000000000000009 0.21240601688623431 1 26.500000000000004 27.500000000000004 0.77220910787582409 0.16904762387275699 -10.499999999999998 3.2500000000000004 374.50000000000006
decision_type=8 9 10 8 10 10 10 9 2 10 10 10 10 8 2
left_child=1 7 8 4 5 -3 -5 12 -2 14 11 -9 13 -1 -10
right_child=2 3 -4 6 -6 -7 -8 10 9 -11 -12 -13 -14 -15 -16
leaf_value=-0.0031055869649120509 -0.00048486709427453451 0.0011844109554052338 -0.012789459878724693 0.010565085812158228 -0.013369425393789186 0.023567642848540384 -0.029109459762785759 -0.018460773398301468 0.015586213351638834 0.048643702100953562 0.013313272372642782 -0.00093370327825854568 -0.035611630079022703 -0.041974989673734558 0.022169131728184029
leaf_weight=37 47 46 46 40 38 52 51 46 41 52 42 48 35 34 35
leaf_count=37 47 46 46 40 38 52 51 46 41 52 42 48 35 34 35
internal_value=0 -0.00150073 0.00207264 0.000141417 0.00180724 0.00342002 -0.00233262 -0.00292602 0.00312818 0.00436408 -0.00107129 -0.00261473 -0.00500816 -0.00424852 0.00235201
internal_weight=0 469 221 227 136 98 91 242 175 128 136 94 106 71 76
internal_count=690 469 221 227 136 98 91 242 175 128 136 94 106 71 76
cat_boundaries=0 1 2
cat_threshold=24747 843
is_linear=0
shrinkage=0.0111721


Tree=186
num_leaves=12
num_cat=2
split_feature=7 13 28 46 50 39 19 39 49 20 21
split_gain=25.3764 9.8284 7.80065 14.9592 6.3564 5.84096 6.90516 3.88905 3.57707 2.80617 2.0571
threshold=0 1 17.500000000000004 0.58411949872970592 0.35416667163372045 0.51474359631538402 10.500000000000002 0.91314655542373668 2.5000000000000004 183.50000000000003 31.500000000000004
decision_type=9 9 10 8 8 8 10 8 10 2 2
left_child=7 5 3 -3 -5 -2 10 -1 -9 -8 -7
right_child=1 2 -4 4 -6 6 9 8 -10 -11 -12
leaf_value=0.048294284306346483 -0.013018345501117285 -0.047886638758880225 0.010632976177348114 0.0083357996820281263 -0.019986906640024924 0.024868384571614034 -0.0037414481099697578 0.03010531258607332 0.0022597371227187995 0.002480010589816839 0.018004147383998203
leaf_weight=34 33 35 42 41 270 35 33 40 34 84 35
leaf_count=34 33 35 42 41 270 35 33 40 34 84 35
internal_value=0 -0.0013016 -0.00235792 -0.00297061 -0.00219131 0.000582889 0.0013741 0.00435521 0.00332142 -0.000286461 0.00414962
internal_weight=0 608 388 346 311 220 187 108 74 117 70
internal_count=716 608 388 346 311 220 187 108 74 117 70
cat_boundaries=0 1 3
cat_threshold=1265696 612434412 128
is_linear=0
shrinkage=0.0111721


Tree=187
num_leaves=13
num_cat=1
split_feature=20 2 23 15 19 28 21 42 28 20 19 16
split_gain=17.4881 14.5446 11.8577 8.1876 7.49805 7.49232 7.0272 5.40326 5.99394 4.65562 9.46574 7.23552
threshold=104.50000000000001 0 -13.749999999999998 -4.4999999999999991 5.5000000000000009 15.500000000000002 34.500000000000007 6.5000000000000009 13.500000000000002 463.50000000000006 243.50000000000003 5.2500000000000009
decision_type=2 9 10 10 8 8 2 10 8 2 8 8
left_child=2 3 -1 5 -3 -2 -7 8 -4 11 -11 -6
right_child=1 4 7 -5 9 6 -8 -9 -10 10 -12 -13
leaf_value=-0.038405295376280575 -0.030236031388524116 -0.0039395284177737846 -0.027824404973669874 0.007108377300215892 0.0031402027447960364 -0.023981204467239357 0.010562953021889091 0.00059409480362588338 -0.0078399229852102337 -0.021815702533719977 0.042512365525576482 0.039811550365487634
leaf_weight=36 37 51 33 57 108 38 35 65 43 52 43 96
leaf_count=36 37 51 33 57 108 38 35 65 43 52 43 96
internal_value=0 0.00110208 -0.00296659 -0.00157797 0.00235855 -0.00345318 -0.00137737 -0.00150545 -0.00352801 0.00310128 0.0010584 0.00405261
internal_weight=0 517 177 167 350 110 73 141 76 299 95 204
internal_count=694 517 177 167 350 110 73 141 76 299 95 204
cat_boundaries=0 1
cat_threshold=13764
is_linear=0
shrinkage=0.0111721


Tree=188
num_leaves=11
num_cat=3
split_feature=7 1 13 27 22 32 14 36 22 19
split_gain=17.8914 9.57219 10.4407 6.24663 6.21028 4.25484 3.93001 5.62792 3.37782 1.54351
threshold=0 1 2 3.5000000000000004 1.0000000180025095e-35 0.14870093762874606 27.500000000000004 1.2500000000000002 5.5000000000000009 6.5000000000000009
decision_type=9 9 9 8 8 10 8 8 10 10
left_child=3 5 4 9 -3 -2 7 -4 -8 -1
right_child=1 2 6 -5 -6 -7 8 -9 -10 -11
leaf_value=0.020342959387519795 -0.024183504271410836 0.0014378788034725095 0.0046045231999924168 0.0040511701098191865 -0.035652226632888452 -0.012752373694947789 0.0090269953332097457 0.025327824268062651 -0.012402883696719746 0.023681326373742921
leaf_weight=49 40 50 83 38 61 61 134 78 38 34
leaf_count=49 40 50 83 38 61 61 134 78 38 34
internal_value=0 -0.000583765 0.000147648 0.0040083 -0.0026776 -0.00352272 0.00114001 0.00242871 0 0.00605714
internal_weight=0 545 444 121 111 101 333 161 172 83
internal_count=666 545 444 121 111 101 333 161 172 83
cat_boundaries=0 1 2 3
cat_threshold=2232736 591 202408324
is_linear=0
shrinkage=0.0111721


Tree=189
num_leaves=10
num_cat=2
split_feature=32 8 7 21 20 40 25 14 19
split_gain=14.4751 15.4252 13.6362 12.7631 10.1124 8.13002 7.51015 5.22362 4.20199
threshold=0.062019230797886855 0 1 34.500000000000007 475.50000000000006 -11.499999999999998 15.500000000000002 2.2500000000000004 12.500000000000002
decision_type=8 9 9 2 2 10 8 10 10
left_child=-1 5 7 4 -4 -2 -5 8 -3
right_child=1 2 3 6 -6 -7 -8 -9 -10
leaf_value=0.033197553906937016 -0.01363217582407175 -0.03126316355988755 0.0046953583639332266 0.034957134889496602 -0.031790667121177556 -0.042612264221433688 0.013807579352528503 -0.02005737084403262 0.01558176031914189
leaf_weight=59 65 39 250 48 38 35 44 51 33
leaf_count=59 65 39 250 48 38 35 44 51 33
internal_value=0 -0.000685516 0.000152445 0.00120315 7.75828e-05 -0.00446882 0.00485741 -0.00294001 -0.00124134
internal_weight=0 603 503 380 288 100 92 123 72
internal_count=662 603 503 380 288 100 92 123 72
cat_boundaries=0 1 2
cat_threshold=33440 66094
is_linear=0
shrinkage=0.0111721


Tree=190
num_leaves=14
num_cat=3
split_feature=7 13 41 32 2 28 24 19 20 20 19 48 17
split_gain=15.1198 13.1336 10.6878 10.4737 5.61293 5.49067 5.07014 6.08417 4.94895 5.1134 3.8905 2.57533 1.03835
threshold=0 1 2.5000000000000004 0.43308457732200628 2 12.500000000000002 0.76500001549720775 19.500000000000004 287.50000000000006 121.50000000000001 163.00000000000003 0.59317129850387584 7.5000000000000009
decision_type=9 9 10 8 9 8 10 10 2 2 8 8 10
left_child=5 4 3 -3 8 11 7 -6 9 -2 -5 -1 -7
right_child=1 2 -4 10 6 12 -8 -9 -10 -11 -12 -13 -14
leaf_value=-0.0088305046004707854 0.015104172998896112 0.010284542966568125 -0.03211303997746201 -0.021708745207352942 0.021982766089288317 0.040653201191950414 -0.017864018747271102 -0.0057970692871334717 0.0016954153466920249 0.040878853252571831 0.00061095579184926676 0.019050791205863352 0.029825032050509032
leaf_weight=34 33 47 34 186 40 35 38 36 35 34 65 33 34
leaf_count=34 33 47 34 186 40 35 38 36 35 34 65 33 34
internal_value=0 -0.000520562 -0.00189468 -0.00127466 0.00158188 0.00351996 -0.000180192 0.00147 0.00339152 0.00550265 -0.002181 0.00150072 0.00599081
internal_weight=0 548 332 298 216 136 114 76 102 67 251 67 69
internal_count=684 548 332 298 216 136 114 76 102 67 251 67 69
cat_boundaries=0 2 4 5
cat_threshold=706561 2 420041286 9 163
is_linear=0
shrinkage=0.0111721


Tree=191
num_leaves=12
num_cat=4
split_feature=1 7 50 22 23 7 49 48 8 16 32
split_gain=25.5938 11.4642 13.6714 10.2009 7.88476 6.40673 6.59775 5.71207 5.14277 3.52185 1.57406
threshold=0 1 0.68333333730697643 3.1649999618530278 -2.7499999999999996 2 3.5000000000000004 0.48749218881130224 3 5.2500000000000009 0.95683228969573986
decision_type=9 9 8 8 8 9 10 8 9 8 8
left_child=4 3 -3 10 -1 6 -4 -6 -7 -9 -2
right_child=1 2 5 -5 7 8 -8 9 -10 -11 -12
leaf_value=0.015281519813104556 0.043579973428160432 0.04061867641650873 0.01053400731449583 0.014453579515743878 -0.0075009223163146821 -0.011343214884084759 0.040268539426317106 -0.019774109092028216 0.0054058028171201349 -0.035990924696215065 0.040184561116581308
leaf_weight=58 33 34 82 34 62 103 36 57 205 35 34
leaf_count=58 33 34 82 34 62 103 36 57 205 35 34
internal_value=0 0.00185875 0.0010459 0.00513311 -0.00261688 0.00052451 0.00261845 -0.00406257 -0.000351322 -0.0058289 0.0081706
internal_weight=0 561 460 101 212 426 118 154 308 92 67
internal_count=773 561 460 101 212 426 118 154 308 92 67
cat_boundaries=0 1 2 3 4
cat_threshold=531223 4195748 2637905 143
is_linear=0
shrinkage=0.0111721


Tree=192
num_leaves=15
num_cat=1
split_feature=28 1 17 20 25 23 35 34 20 19 21 20 25 20
split_gain=17.8404 10.0609 10.7434 9.64945 9.0745 6.44315 4.77597 6.09008 4.22331 3.76056 3.6196 3.22769 2.611 9.18822
threshold=1.0000000180025095e-35 0 6.5000000000000009 327.50000000000006 25.500000000000004 -0.93000000715255726 5.5000000000000009 2.2500000000000004 165.50000000000003 148.00000000000003 28.500000000000004 159.50000000000003 10.500000000000002 475.50000000000006
decision_type=10 9 10 2 10 8 8 8 2 8 2 2 10 2
left_child=3 5 6 4 9 -2 -3 -8 10 11 -4 -1 -5 -14
right_child=1 2 8 12 -6 -7 7 -9 -10 -11 -12 -13 13 -15
leaf_value=0.016848843487481602 0.021853426315677972 -0.0073222984086090855 0.0002562750363104247 -0.01589367915227706 0.068742456297064325 -0.0025162901704431401 -0.010614463805025752 -0.035952967195569389 0.012016482011088509 0.058400367878016841 -0.016673340211287236 -0.026247949032697393 0.036052015557591577 -0.02073680068269761
leaf_weight=47 48 39 33 59 50 61 40 54 50 36 41 38 47 57
leaf_count=47 48 39 33 59 50 61 40 54 50 36 41 38 47 57
internal_value=0 -0.00183149 -0.00297085 0.00173936 0.00359335 0.00103271 -0.00529203 -0.00665569 -0.000720776 0.00193895 -0.00241558 0.000657176 -0.000205619 0.000859387
internal_weight=0 366 257 334 171 109 133 94 124 121 74 85 163 104
internal_count=700 366 257 334 171 109 133 94 124 121 74 85 163 104
cat_boundaries=0 1
cat_threshold=611
is_linear=0
shrinkage=0.0111721


Tree=193
num_leaves=15
num_cat=2
split_feature=9 2 32 25 39 20 20 35 19 24 20 34 25 35
split_gain=23.5006 13.8851 8.57655 7.99945 7.27773 12.3463 5.54687 4.42816 4.16318 5.21288 3.68527 3.30316 2.57476 1.37967
threshold=0 1 0.039480518549680717 12.500000000000002 0.20948986709117892 320.50000000000006 313.50000000000006 4.5000000000000009 10.500000000000002 1.1650000214576723 139.50000000000003 6.5000000000000009 68.500000000000014 10.500000000000002
decision_type=9 9 10 8 10 2 2 10 10 8 2 8 8 10
left_child=7 3 6 8 5 -5 -3 -1 -2 -10 -6 13 -8 -4
right_child=1 2 11 4 10 -7 12 -9 9 -11 -12 -13 -14 -15
leaf_value=0.026985255894765237 0.0013404255819665755 0.013279588205722682 -0.0070163041045579822 0.042529764488245823 -0.0094735959699936909 -0.0033608303912004067 -0.029086185123086347 0.003460963012148668 -0.010879732883888927 -0.034397138511329868 0.012987419102770948 -0.046110550658919704 -0.0075381889710282321 -0.021951885940826657
leaf_weight=62 59 58 38 84 35 50 61 48 33 34 33 40 33 35
leaf_count=62 59 58 38 84 35 50 61 48 33 34 33 40 33 35
internal_value=0 -0.000944901 -0.00280317 0.000594961 0.00199106 0.00350169 -0.001176 0.00446882 -0.00159601 -0.00350168 -0.000985765 -0.00523999 -0.00285244 -0.00382604
internal_weight=0 593 265 328 202 134 152 110 126 67 68 113 94 73
internal_count=703 593 265 328 202 134 152 110 126 67 68 113 94 73
cat_boundaries=0 1 2
cat_threshold=2630 535
is_linear=0
shrinkage=0.0111721


Tree=194
num_leaves=13
num_cat=2
split_feature=25 8 17 13 17 24 19 32 23 22 16 25
split_gain=19.8272 11.5521 16.0041 8.69658 7.06424 6.23662 5.95137 4.9679 3.31369 3.3109 3.15909 2.87993
threshold=6.5000000000000009 0 12.500000000000002 1 8.5000000000000018 0.76500001549720775 11.500000000000002 0.28187072277069097 -1.0000000180025095e-35 2.5000000000000004 4.5000000000000009 35.500000000000007
decision_type=8 9 8 9 10 10 10 10 8 8 10 8
left_child=6 2 4 9 7 8 -1 -2 -5 -3 -8 -4
right_child=1 3 11 5 -6 -7 10 -9 -10 -11 -12 -13
leaf_value=-0.031867297944611697 -0.0054578571653619758 -0.027940145665284227 0.058030452330736053 0.027235825886789009 -0.0044674563952690855 -0.0110955523672199 0.0039014644829582514 0.014426632364196671 0.0083130835099850843 -0.016872377884388886 -0.02579372505185587 0.026375799443801085
leaf_weight=57 35 60 50 33 44 43 38 59 145 43 40 40
leaf_count=57 35 60 50 33 44 43 38 59 145 43 40 40
internal_value=0 0.00105244 0.00291037 -0.000334492 0.000647654 0.000918913 -0.00372402 0.00237703 0.00188293 -0.00286716 -0.00171877 0.00670323
internal_weight=0 552 228 324 138 221 135 94 178 103 78 90
internal_count=687 552 228 324 138 221 135 94 178 103 78 90
cat_boundaries=0 1 2
cat_threshold=12950 1198373
is_linear=0
shrinkage=0.0111721


Tree=195
num_leaves=11
num_cat=2
split_feature=13 13 18 39 33 19 21 28 16 20
split_gain=19.4346 8.44684 7.57552 7.51995 8.5436 7.55649 4.27532 4.27956 4.08477 3.76222
threshold=0 1 1.5000000000000002 0.30210618674755102 -6.4999999999999991 10.500000000000002 30.500000000000004 9.5000000000000018 5.2500000000000009 407.50000000000006
decision_type=9 9 8 8 10 10 2 10 8 2
left_child=6 2 -2 -3 5 -5 8 9 -1 -8
right_child=1 3 -4 4 -6 -7 7 -9 -10 -11
leaf_value=0.024053101654675182 -0.019295497623345984 0.018101565730938241 -0.012362588071683415 0.012678628669281792 -0.012593242711188677 -0.0061401417242267194 -0.0095739433309671752 0.023963740713584172 0.030108924461063134 0.03051014548549395
leaf_weight=56 61 33 63 85 54 139 53 36 46 34
leaf_count=56 61 33 63 85 54 139 53 36 46 34
internal_value=0 -0.000979125 -0.00333494 3.48031e-05 -0.000562621 0.000399001 0.00299506 0.00172576 0.00481932 0.00038524
internal_weight=0 435 124 311 278 224 225 123 102 87
internal_count=660 435 124 311 278 224 225 123 102 87
cat_boundaries=0 2 3
cat_threshold=574696746 2 11534417
is_linear=0
shrinkage=0.0111721


Tree=196
num_leaves=14
num_cat=1
split_feature=13 17 20 20 25 50 20 39 48 28 20 21 32
split_gain=20.5121 16.7235 6.35901 8.21922 7.31187 5.50135 4.59278 4.51385 3.14139 3.79388 4.87615 1.95917 1.77954
threshold=0 5.5000000000000009 108.50000000000001 249.50000000000003 19.500000000000004 0.76388889551162731 137.50000000000003 0.68090909719467174 0.36687764525413519 11.500000000000002 482.50000000000006 36.500000000000007 0.97752526402473461
decision_type=9 8 2 2 8 8 2 8 8 8 2 2 8
left_child=7 5 12 4 -4 -2 -7 -1 -9 -10 -11 -5 -3
right_child=1 2 3 11 -6 6 -8 8 9 10 -12 -13 -14
leaf_value=0.023530913080062218 -0.011518598073027098 -0.017207405495806835 0.00045221870522606743 -0.016831644160733308 0.02688463988587849 -0.039640300658457708 -0.017244636101970027 -0.0075951280652960113 0.030291616137665914 -0.0013229691299530796 0.029301102328533543 0.00036977688049201501 -0.010486945707752361
leaf_weight=51 56 33 56 98 57 43 47 36 36 70 35 49 37
leaf_count=51 56 33 56 98 57 43 47 36 36 70 35 49 37
internal_value=0 -0.00156317 -0.000203128 0.000601572 0.00286716 -0.0047443 -0.00645496 0.00244095 0.00170421 0.00245627 0.0013832 -0.00114 -0.00319201
internal_weight=0 476 330 260 113 146 90 228 177 141 105 147 70
internal_count=704 476 330 260 113 146 90 228 177 141 105 147 70
cat_boundaries=0 2
cat_threshold=1116394002 8
is_linear=0
shrinkage=0.0111721


Tree=197
num_leaves=13
num_cat=2
split_feature=7 2 20 42 40 49 15 39 32 19 16 21
split_gain=21.6976 10.687 11.7995 10.1348 6.8709 7.87082 5.69212 5.2569 5.06962 4.87547 4.15215 2.07697
threshold=0 1 117.50000000000001 11.500000000000002 1.0000000180025095e-35 7.5000000000000009 -3.2499999999999996 0.98290473222732555 0.96178188920021068 13.500000000000002 2.2500000000000004 30.500000000000004
decision_type=9 9 2 8 8 8 8 8 10 10 8 2
left_child=3 2 -2 -1 -3 -6 -4 -8 9 11 -7 -5
right_child=1 4 6 8 5 10 7 -9 -10 -11 -12 -13
leaf_value=-0.0053470863581945366 0.0053029501520546404 0.011337472688400848 -0.035835986081873571 0.033090828337638059 -0.024550723924061168 0.023228409293825483 0.00021313828108095406 -0.032771658825108234 0.0042052343464384695 0.013088018910601141 -0.0041691761286513605 0.04583507236495709
leaf_weight=50 47 59 44 34 58 39 38 77 39 54 137 41
leaf_count=50 47 59 44 34 58 39 38 77 39 54 137 41
internal_value=0 -0.0012072 -0.00310335 0.00294002 0.000184357 -0.000668413 -0.00470772 -0.00340019 0.00438902 0.00545612 0.00050782 0.00729907
internal_weight=0 499 206 218 293 234 159 115 168 129 176 75
internal_count=717 499 206 218 293 234 159 115 168 129 176 75
cat_boundaries=0 1 2
cat_threshold=136893800 6598
is_linear=0
shrinkage=0.0111721


Tree=198
num_leaves=12
num_cat=2
split_feature=13 40 2 30 15 19 42 32 49 47 33
split_gain=28.787 15.0612 11.7514 7.60517 5.48056 5.70761 5.4638 4.45136 4.83862 3.61988 3.25987
threshold=0 -6.4999999999999991 1 9.5000000000000018 -4.4999999999999991 89.500000000000014 17.500000000000004 0.7838827669620515 3.5000000000000004 -1.0000000180025095e-35 -4.4999999999999991
decision_type=9 10 9 8 10 8 8 8 10 8 10
left_child=4 2 7 -4 5 -1 -5 -2 -9 -3 -11
right_child=1 9 3 6 -6 -7 -8 8 -10 10 -12
leaf_value=0.0012607935942682779 -0.0075161042850339964 -0.012110873535974901 0.013813254168110366 -0.028169450244465224 0.033500008527557246 0.043515118824243679 -0.0035644881032534069 0.013129203817765694 0.034043506274487718 -0.01374166222849801 -0.040438055225569397
leaf_weight=34 38 36 61 44 51 37 240 56 51 33 35
leaf_count=34 38 36 61 44 51 37 240 56 51 33 35
internal_value=0 -0.000850853 -4.55997e-05 -0.00116441 0.00490893 0.00330441 -0.00196691 0.00252272 0.00386323 -0.00472664 -0.0062432
internal_weight=0 594 490 345 122 71 284 145 107 104 68
internal_count=716 594 490 345 122 71 284 145 107 104 68
cat_boundaries=0 1 2
cat_threshold=4196387 49234
is_linear=0
shrinkage=0.0111721


Tree=199
num_leaves=14
num_cat=3
split_feature=13 25 2 48 27 35 8 25 28 19 25 41 48
split_gain=22.0671 13.6297 12.0559 7.0629 10.4792 5.98341 5.13398 6.04336 5.44579 5.152 4.41932 3.64098 2.40086
threshold=0 6.5000000000000009 1 0.50087109208107006 7.5000000000000009 20.500000000000004 2 31.500000000000004 8.5000000000000018 6.5000000000000009 18.500000000000004 1.0000000180025095e-35 0.70087718963623058
decision_type=9 8 9 8 8 8 9 8 10 10 10 8 8
left_child=1 -1 3 -2 -5 12 7 8 -4 -8 -7 -11 -3
right_child=2 5 6 4 -6 10 9 -9 -10 11 -12 -13 -14
leaf_value=-0.032864955710243234 -0.039276104498946543 -0.0079267908819469369 -0.029558361127187151 0.0027011480486701118 -0.040035079349450609 0.017981302046242664 -0.0024388663835837872 0.018603872600275097 -0.0096583372760369705 0.021116930282266438 0.051497349127617983 0.0037930252877918583 0.013658931489216413
leaf_weight=35 39 34 35 52 57 57 64 46 33 34 63 113 35
leaf_count=35 39 34 35 52 57 57 64 46 33 34 63 113 35
internal_value=0 0.00276914 -0.00141096 -0.00395972 -0.00276739 0.00407869 -0.000166746 -0.00198214 -0.00427166 0.000859388 0.00558603 0.00205201 0.00145722
internal_weight=0 224 473 148 109 189 325 114 68 211 120 147 69
internal_count=697 224 473 148 109 189 325 114 68 211 120 147 69
cat_boundaries=0 2 3 4
cat_threshold=288403624 128 50004 89
is_linear=0
shrinkage=0.0111721


Tree=200
num_leaves=12
num_cat=1
split_feature=27 20 7 48 23 14 25 39 28 21 49
split_gain=16.3973 12.9043 13.2037 7.32673 7.77081 5.4857 5.36237 4.49178 4.03942 3.77829 1.51513
threshold=1.0000000180025095e-35 83.500000000000014 0 0.35906465351581579 -0.23500000685453412 37.500000000000007 29.500000000000004 0.13529412448406222 9.5000000000000018 29.500000000000004 4.5000000000000009
decision_type=10 2 9 10 8 8 8 10 10 2 10
left_child=1 7 6 4 -4 8 10 -1 -2 -5 -3
right_child=5 2 3 9 -6 -7 -8 -9 -10 -11 -12
leaf_value=-0.033278589948578609 -0.026259783604577262 0.010917877494717367 -0.033323943459539047 0.036962781430619374 -0.002239104929308444 -0.0044358464465615345 0.07310224836434405 -0.0035175017750967131 -0.013171973794561984 0.0092468414437609347 0.043125216384535613
leaf_weight=43 55 33 48 33 236 35 36 33 50 38 33
leaf_count=43 55 33 48 33 236 35 36 33 50 38 33
internal_value=0 0.000146725 0.000855628 -0.000214258 -0.00102279 -0.00414962 0.00418952 -0.00411602 -0.00542643 0.0029897 0.00270837
internal_weight=0 533 457 355 284 140 102 76 105 71 66
internal_count=673 533 457 355 284 140 102 76 105 71 66
cat_boundaries=0 1
cat_threshold=1068578
is_linear=0
shrinkage=0.0111721


Tree=201
num_leaves=13
num_cat=2
split_feature=13 7 25 21 20 28 20 19 32 33 49 25
split_gain=19.4124 13.5428 13.4626 6.1377 5.10849 5.00865 4.01871 3.58302 3.48293 2.70405 2.4278 1.68811
threshold=0 1 7.5000000000000009 34.500000000000007 90.500000000000014 10.500000000000002 120.50000000000001 18.500000000000004 0.97515434026718151 -6.4999999999999991 8.5000000000000018 18.500000000000004
decision_type=9 9 8 2 2 8 2 10 8 10 8 10
left_child=3 10 9 6 -4 -6 -1 -5 -8 -3 -2 -12
right_child=1 2 4 7 5 -7 8 -9 -10 -11 11 -13
leaf_value=0.010871867220807038 -0.0089980829321246892 -0.028575774577930958 -0.0086508555223425848 0.0021766530905281008 0.027775575570393302 0.0021665243467267619 0.038366147020892395 -0.014944182266040296 0.025195803856132813 -0.005037754702300834 -0.033361363880095828 -0.022230088206027999
leaf_weight=59 39 40 52 37 34 199 42 35 56 36 33 36
leaf_count=59 39 40 52 37 34 199 42 35 56 36 33 36
internal_value=0 -0.00160934 -0.000511927 0.00229051 0.000588003 0.00129462 0.00362914 -0.000310331 0.00501602 -0.00470402 -0.00492328 -0.00663846
internal_weight=0 469 361 229 285 233 157 72 98 76 108 69
internal_count=698 469 361 229 285 233 157 72 98 76 108 69
cat_boundaries=0 1 2
cat_threshold=17535139 270985
is_linear=0
shrinkage=0.0111721


Tree=202
num_leaves=14
num_cat=3
split_feature=13 25 16 7 32 32 8 15 19 25 15 48 22
split_gain=22.2022 20.5153 9.75233 9.18825 6.33225 9.13349 6.26757 6.14648 5.99021 5.08395 2.97894 2.75434 2.25758
threshold=0 4.5000000000000009 31.500000000000004 1 0.94160273671150219 0.36088341474533087 2 -9.2499999999999982 13.500000000000002 36.500000000000007 -1.0000000180025095e-35 0.39433813095092779 1.0000000180025095e-35
decision_type=9 8 8 9 8 10 9 10 8 8 10 10 8
left_child=2 -2 4 8 5 -1 7 -5 -3 -4 -8 -6 -10
right_child=1 3 9 6 11 -7 10 -9 12 -11 -12 -13 -14
leaf_value=0.034366057828631315 -0.035289768778441172 0.0057450292570116182 0.037042952832926086 0.029485127559332837 0.032503425274639793 -0.023273941608765877 -0.00077456617579694999 0.0013396266848115209 -0.033565239242348915 0.032661158731605376 -0.021444505725925465 0.010706240335278162 -0.016762773600114942
leaf_weight=35 61 37 36 49 34 34 169 53 42 34 38 37 36
leaf_count=35 61 37 36 49 34 34 169 53 42 34 38 37 36
internal_value=0 -0.0014219 0.0028438 -0.000579682 0.00127681 -0.00113339 0.000455287 0.00259351 -0.00312818 0.00638403 -0.000669293 0.00361911 -0.00515633
internal_weight=0 485 210 424 140 69 309 102 115 70 207 71 78
internal_count=695 485 210 424 140 69 309 102 115 70 207 71 78
cat_boundaries=0 1 2 3
cat_threshold=13964586 9990 8390
is_linear=0
shrinkage=0.0111721


Tree=203
num_leaves=13
num_cat=1
split_feature=13 46 39 47 14 46 19 25 19 25 14 20
split_gain=15.1979 13.3256 6.96395 6.18682 8.37001 5.6097 4.50789 4.7199 4.3207 4.66811 4.37319 0.885873
threshold=0 0.63019943237304699 0.97484177350997936 1.0000000180025095e-35 18.500000000000004 0.96480908989906322 261.00000000000006 32.500000000000007 15.500000000000002 33.500000000000007 6.2500000000000009 382.50000000000006
decision_type=9 10 10 8 10 8 8 10 8 10 10 2
left_child=5 2 6 4 -3 -1 7 -2 -7 10 -10 -8
right_child=1 3 -4 -5 -6 8 11 -9 9 -11 -12 -13
leaf_value=0.024750832913021114 -0.00054251894795966798 -0.020073432113800263 0.01499280212198845 -0.040324768940550496 0.0071403383314509704 -0.0042482387364277344 -0.013057314045619391 0.02426871291878242 0.0037064346853024517 0.062266928697840104 0.028948220033445039 -0.035752286228457483
leaf_weight=35 203 64 33 35 34 65 49 45 69 34 36 34
leaf_count=35 203 64 33 35 34 65 49 45 69 34 36 34
internal_value=0 -0.000903461 0.000184154 -0.00394802 -0.00250801 0.00246772 -0.000303771 0.000450485 0.00186201 0.00297386 0.00180881 -0.00255746
internal_weight=0 497 364 133 98 239 331 248 204 139 105 83
internal_count=736 497 364 133 98 239 331 248 204 139 105 83
cat_boundaries=0 2
cat_threshold=1913677861 2
is_linear=0
shrinkage=0.0111721


Tree=204
num_leaves=15
num_cat=2
split_feature=2 20 8 19 49 21 35 32 25 14 48 20 25 20
split_gain=14.126 8.52703 8.48127 5.71597 5.88231 4.10552 11.4668 9.12869 6.62741 3.80487 3.74032 10.0599 2.90458 1.35247
threshold=0 74.500000000000014 1 8.5000000000000018 4.5000000000000009 31.500000000000004 3.5000000000000004 0.98726060986518871 21.500000000000004 5.5000000000000009 0.5308423936367036 339.50000000000006 21.500000000000004 40.500000000000007
decision_type=9 2 9 10 10 2 10 8 8 8 8 2 8 2
left_child=2 13 3 -1 -5 6 8 -7 -3 -4 -11 -12 -9 -2
right_child=1 5 9 4 -6 7 -8 12 -10 10 11 -13 -14 -15
leaf_value=0.008643112606656447 -0.017857064756983735 0.018770815615728458 0.020070622814018908 0.0018023757540179862 -0.018265907106586734 0.018417894048954792 -0.034380048498506462 -0.024267362348741939 -0.013484488885850276 -0.0040458381015268108 0.028134995631959401 -0.001984220951670685 0.0095768551895788687 -0.028258031497603236
leaf_weight=44 37 51 65 34 34 49 55 56 51 38 49 45 60 33
leaf_count=44 37 51 65 34 34 49 55 56 51 38 49 45 60 33
internal_value=0 -0.00122281 0.00192622 -0.000549443 -0.00262871 -0.000485741 -0.00177899 0.000744803 0.000438117 0.00329225 0.00236983 0.00356555 -0.000963106 -0.00478802
internal_weight=0 392 309 112 68 322 157 165 102 197 132 94 116 70
internal_count=701 392 309 112 68 322 157 165 102 197 132 94 116 70
cat_boundaries=0 1 2
cat_threshold=606595 2913
is_linear=0
shrinkage=0.0111721


Tree=205
num_leaves=14
num_cat=1
split_feature=25 15 2 16 15 36 15 19 16 19 20 19 28
split_gain=12.592 13.8549 13.3395 11.6537 4.86878 3.87941 3.66357 4.85644 2.9225 3.18658 2.15911 1.18034 1.16453
threshold=21.500000000000004 -93.999999999999986 0 4.5000000000000009 -2.2499999999999996 9.5000000000000018 -8.7499999999999982 7.5000000000000009 4.5000000000000009 20.500000000000004 484.50000000000006 283.00000000000006 17.500000000000004
decision_type=8 10 9 8 10 8 10 10 8 8 2 8 8
left_child=1 5 3 4 -3 -1 -4 -8 12 -10 11 -11 -2
right_child=8 2 6 -5 -6 -7 7 -9 9 10 -12 -13 -14
leaf_value=-0.012136687589396821 -0.0079519180940485282 -0.021507797195224294 0.045860031572977231 0.0049806850131618079 -0.031393327136905222 -0.032637703442349994 0.021573054035873663 -0.0021654641178887467 0.031042360188641083 -0.0065037504657241797 0.046870067507399971 0.015606261510183747 0.017905407465164475
leaf_weight=47 38 34 42 44 40 61 57 107 34 34 60 49 33
leaf_count=47 38 34 42 44 40 61 57 107 34 34 60 49 33
internal_value=0 -0.00108617 6.89625e-05 -0.00279301 -0.005737 -0.00455158 0.00175856 0.00108996 0.00207224 0.00284035 0.00210941 0.000942218 0.000157349
internal_weight=0 432 324 118 74 108 206 164 248 177 143 83 71
internal_count=680 432 324 118 74 108 206 164 248 177 143 83 71
cat_boundaries=0 1
cat_threshold=2593
is_linear=0
shrinkage=0.0111721


Tree=206
num_leaves=14
num_cat=1
split_feature=13 32 19 21 49 19 33 42 20 16 19 15 19
split_gain=14.2894 12.917 12.0924 10.143 6.40848 6.49482 4.30963 4.25281 4.64557 5.23872 3.83246 3.13685 2.7685
threshold=0 0.86078810691833507 254.50000000000003 27.500000000000004 4.5000000000000009 18.500000000000004 -7.4999999999999991 10.500000000000002 339.50000000000006 1.0000000180025095e-35 6.5000000000000009 -12.499999999999998 99.500000000000014
decision_type=9 8 8 2 10 10 8 8 2 8 10 10 8
left_child=4 7 6 -4 11 -6 -3 -2 9 -9 -8 12 -1
right_child=1 2 3 -5 5 -7 10 8 -10 -11 -12 -13 -14
leaf_value=0.030024632220438358 -0.011296978644528997 -0.00032648311049570273 -0.021779325641493132 0.030435073387571333 0.011867931155734177 0.04183595555110612 -0.020749760092038088 0.0045710822392479693 -0.00635522892072919 0.019303442993771 -0.022798385873254185 -0.009283931008250243 0.016029057270336339
leaf_weight=33 43 41 33 54 49 33 52 42 34 54 185 41 60
leaf_count=33 43 41 33 54 49 33 52 42 34 54 185 41 60
internal_value=0 -0.00126399 -0.00247928 0.00115573 0.00207622 0.00463231 -0.00361686 0.00122699 0.00223441 0.00349127 -0.00419542 0.000666987 0.00180194
internal_weight=0 538 365 87 216 82 278 173 130 96 237 134 93
internal_count=754 538 365 87 216 82 278 173 130 96 237 134 93
cat_boundaries=0 1
cat_threshold=2018003212
is_linear=0
shrinkage=0.0111721


Tree=207
num_leaves=10
num_cat=2
split_feature=9 7 34 26 32 35 35 17 32
split_gain=12.6297 12.8387 7.91871 7.81259 7.71287 5.78409 5.74106 4.18798 3.79896
threshold=0 1 3.5000000000000004 1.0000000180025095e-35 0.98726060986518871 8.5000000000000018 20.500000000000004 6.5000000000000009 0.41469003260135656
decision_type=9 9 10 10 8 8 8 8 10
left_child=6 5 3 4 -3 -2 -1 -7 -9
right_child=1 2 -4 -5 -6 7 -8 8 -10
leaf_value=0.029467685713658334 -0.019500907412463804 -0.014100070983015585 0.0097780381791666444 -0.036532766554947103 0.0021608345082992919 0.035714295486968965 0.012278627450571001 0.028978918654983365 -0.0086681574532347563
leaf_weight=60 43 133 43 47 183 45 46 84 33
leaf_count=60 43 133 43 47 183 45 46 84 33
internal_value=0 1.799e-05 -0.00112795 -0.00169274 -0.00106064 0.00223441 0.00404505 0.00331024 0.00219621
internal_weight=0 611 406 363 316 205 106 162 117
internal_count=717 611 406 363 316 205 106 162 117
cat_boundaries=0 1 3
cat_threshold=1589352 240689 128
is_linear=0
shrinkage=0.0111721


Tree=208
num_leaves=12
num_cat=2
split_feature=13 8 14 35 17 32 20 28 20 25 46
split_gain=19.3906 11.6644 10.4739 9.29532 6.67062 8.0915 5.74091 5.64528 4.31623 4.18685 3.5315
threshold=0 1 13.500000000000002 17.500000000000004 3.5000000000000004 0.95744466781616222 196.50000000000003 11.500000000000002 47.500000000000007 31.500000000000004 0.53984129428863536
decision_type=9 9 10 10 8 10 2 10 2 8 8
left_child=4 2 6 8 -1 7 -2 9 -3 -6 -10
right_child=1 3 -4 -5 5 -7 -8 -9 10 -11 -12
leaf_value=0.024617880075897186 0.035853019905830549 -0.01884199867360082 -0.018867832045853957 0.0078866873992034393 -0.0023818584934022728 -0.010713339176909956 0.0036141936391232551 0.023652009087648942 0.00061033335761850058 0.036253840179842012 -0.018488584526059195
leaf_weight=33 47 36 39 33 71 34 33 59 34 51 238
leaf_count=33 47 36 39 33 71 34 33 59 34 51 238
internal_value=0 -0.00147376 0.00147229 -0.00251451 0.00233834 0.00171478 0.00391022 0.00265414 -0.00319202 0.00128204 -0.00271087
internal_weight=0 460 119 341 248 215 80 181 308 122 272
internal_count=708 460 119 341 248 215 80 181 308 122 272
cat_boundaries=0 1 2
cat_threshold=337720878 8244
is_linear=0
shrinkage=0.0111721


Tree=209
num_leaves=15
num_cat=1
split_feature=13 28 14 20 20 30 42 15 18 23 42 35 19 19
split_gain=20.7559 11.8495 8.29181 7.14897 7.36816 6.10009 6.40376 5.96126 4.6113 3.07756 4.99868 6.55815 4.57448 0.821418
threshold=0 15.500000000000002 35.500000000000007 463.50000000000006 332.50000000000006 9.5000000000000018 11.500000000000002 -5.7499999999999991 2.5000000000000004 -1.4150000214576719 12.500000000000002 23.500000000000004 189.50000000000003 121.50000000000001
decision_type=9 8 10 2 2 8 8 10 8 8 8 8 8 10
left_child=9 2 5 4 8 6 -2 -7 -3 -1 -11 -12 -13 -5
right_child=1 3 -4 13 -6 7 -8 -9 -10 10 11 12 -14 -15
leaf_value=0.023112922809868697 -0.028630842666171333 0.0071057085075875541 0.0023358082541407896 -0.019900304622963494 0.03879962710445016 -0.039275421716595975 0.0072795699923695594 -0.01502291585635979 -0.015769374689581287 -0.012995072830684212 0.019721151344971911 -0.0078260606181022735 0.045373925403827842 -0.040413338038029524
leaf_weight=37 35 103 35 33 37 40 40 62 58 35 51 59 42 35
leaf_count=37 35 103 35 33 37 40 40 62 58 35 51 59 42 35
internal_value=0 -0.00137361 -0.0033727 0.000168 0.00124134 -0.00435521 -0.00193649 -0.00613368 0.000208173 0.00267366 0.00221051 0.00308702 0.00143799 -0.0029573
internal_weight=0 478 212 266 198 177 75 102 161 224 187 152 101 68
internal_count=702 478 212 266 198 177 75 102 161 224 187 152 101 68
cat_boundaries=0 2
cat_threshold=21381601 2
is_linear=0
shrinkage=0.0111721


Tree=210
num_leaves=13
num_cat=2
split_feature=1 13 42 20 20 28 20 40 21 19 17 48
split_gain=18.2143 12.1097 8.65761 7.56836 6.35912 8.26434 6.02907 5.39096 3.87259 2.87829 2.48254 2.16402
threshold=0 1 20.500000000000004 56.500000000000007 93.500000000000014 13.500000000000002 362.50000000000006 1.0000000180025095e-35 30.500000000000004 6.5000000000000009 4.5000000000000009 0.51974025368690502
decision_type=9 9 8 2 2 10 2 8 2 10 10 8
left_child=2 6 11 -3 -5 -6 7 -2 -8 -9 -4 -1
right_child=1 3 10 4 5 -7 8 9 -10 -11 -12 -13
leaf_value=-0.027092866125668358 0.012274597611484283 -0.022118366286279462 0.0049338704297631607 0.025870407212447613 0.0015421306236160699 -0.024243056692994678 0.032303933629699806 0.014240324097013406 -0.019360296981035922 0.069851961167045812 -0.022491476917489123 -0.016993358793843946
leaf_weight=36 36 41 33 36 217 59 34 33 47 61 34 35
leaf_count=36 36 41 33 36 217 59 34 33 47 61 34 35
internal_value=0 0.000622833 -0.00377434 -0.000646317 -7.16149e-05 -0.000647655 0.00267927 0.00429695 0.000413776 0.00570488 -0.00116723 -0.00676617
internal_weight=0 564 138 353 312 276 211 130 81 94 67 71
internal_count=702 564 138 353 312 276 211 130 81 94 67 71
cat_boundaries=0 1 2
cat_threshold=4197526 25177459
is_linear=0
shrinkage=0.0111721


Tree=211
num_leaves=15
num_cat=2
split_feature=7 42 19 2 21 19 15 20 21 46 19 37 20 22
split_gain=21.5985 15.2037 8.61601 11.0291 8.85546 8.73539 8.47988 6.77678 7.04394 6.5026 6.23072 5.63394 5.20602 3.63471
threshold=0 11.500000000000002 14.500000000000002 1 33.500000000000007 152.50000000000003 -9.2499999999999982 488.50000000000006 28.500000000000004 0.80259740352630626 196.50000000000003 12.500000000000002 212.50000000000003 10.164999961853029
decision_type=9 8 8 9 2 10 10 2 2 8 8 8 2 8
left_child=1 -1 4 5 9 13 10 8 -3 -2 -5 -11 -10 -4
right_child=2 7 3 6 -6 -7 -8 -9 12 11 -12 -13 -14 -15
leaf_value=-0.03592485931936832 0.0099819393974433061 -0.016655769530602646 0.036202133724678044 0.016462394187886632 -0.0048880211213802698 -0.00573918509965873 -0.028317523418805453 -0.042816534180708569 -0.0024955599682911257 0.036038309789272735 -0.023748763717775043 0.019522699317090258 0.024016409774236379 0.025365073431449021
leaf_weight=57 40 62 42 43 47 46 54 34 35 37 42 68 50 37
leaf_count=57 40 62 42 43 47 46 54 34 35 37 42 68 50 37
internal_value=0 -0.00288311 0.00119872 -8.46358e-05 0.00302577 0.00223441 -0.00217443 -0.00141965 -0.00038 0.00439177 -0.000131433 0.00585203 0.00170866 0.00466681
internal_weight=0 238 456 264 192 125 139 181 147 145 85 105 85 79
internal_count=694 238 456 264 192 125 139 181 147 145 85 105 85 79
cat_boundaries=0 2 3
cat_threshold=307308941 1 30
is_linear=0
shrinkage=0.0111721


Tree=212
num_leaves=10
num_cat=1
split_feature=7 20 25 32 30 20 25 28 19
split_gain=16.7043 12.3314 9.33195 8.63925 7.42977 5.51294 4.21131 3.15638 2.47737
threshold=0 32.500000000000007 29.500000000000004 0.14870093762874606 4.5000000000000009 258.50000000000006 24.500000000000004 15.500000000000002 656.50000000000011
decision_type=9 2 8 8 10 2 8 8 8
left_child=6 -2 3 -3 -5 -4 7 -1 -7
right_child=1 2 5 4 -6 8 -8 -9 -10
leaf_value=-0.0061307676696922067 -0.018859117682412954 0.017296784461980109 0.026682453315303688 -0.020988753352481609 0.0023069942278101394 -0.012093007273077085 0.073369599429028112 0.022820470914116899 0.0069448449566786421
leaf_weight=37 44 43 40 251 85 61 35 36 38
leaf_count=37 44 43 40 251 85 61 35 36 38
internal_value=0 -0.00140627 -0.000948978 -0.0018571 -0.00246051 0.00152711 0.00321907 0.00198954 0.000112846
internal_weight=0 562 518 379 336 139 108 73 99
internal_count=670 562 518 379 336 139 108 73 99
cat_boundaries=0 1
cat_threshold=2266632
is_linear=0
shrinkage=0.0111721


Tree=213
num_leaves=12
num_cat=2
split_feature=8 37 13 25 28 46 32 34 20 16 20
split_gain=13.8847 15.171 13.4921 12.7326 7.45646 6.34999 10.0408 6.06183 4.72175 2.77247 2.3652
threshold=0 14.500000000000002 1 5.5000000000000009 6.5000000000000009 0.77859479188919078 0.34891304373741155 2.2500000000000004 121.50000000000001 4.5000000000000009 221.50000000000003
decision_type=9 8 9 8 8 8 10 8 2 8 2
left_child=1 7 9 -4 -3 -5 -7 -1 -6 -2 -10
right_child=2 4 3 5 8 6 -8 -9 10 -11 -12
leaf_value=-0.022126953561186116 0.0056528431354503396 0.036926304437373443 -0.0343532036019671 -0.027332030779181688 -0.0026270032771305248 -0.0069425651541815689 0.014450357493169629 0.0078801046004542807 0.0296436667652764 0.031343958421014485 0.019420867603332195
leaf_weight=33 41 39 51 52 33 196 50 35 36 64 68
leaf_count=33 41 39 51 52 33 196 50 35 36 64 68
internal_value=0 0.00272704 -0.00052971 -0.00158712 0.00457039 -0.000749802 0 -0.00164294 0.00334346 0.0028173 0.00451179
internal_weight=0 244 454 349 176 298 246 68 137 105 104
internal_count=698 244 454 349 176 298 246 68 137 105 104
cat_boundaries=0 1 2
cat_threshold=27674 27361417
is_linear=0
shrinkage=0.0111721


Tree=214
num_leaves=11
num_cat=2
split_feature=7 13 32 17 22 35 33 17 32 19
split_gain=18.8254 7.47334 8.8208 7.37128 8.96093 6.42328 5.8286 9.31797 7.07637 4.75746
threshold=0 1 0.97241246700286876 3.5000000000000004 3.1649999618530278 2.5000000000000004 -5.4999999999999991 5.5000000000000009 0.04428104683756829 228.50000000000003
decision_type=9 9 8 8 8 10 10 8 10 10
left_child=3 2 -2 -1 5 -5 7 8 -3 -9
right_child=1 6 -4 4 -6 -7 -8 9 -10 -11
leaf_value=-0.0058429288482086924 -0.0074814998594448434 -0.0091447119493613879 -0.026813519906491185 0.031055862838617165 0.041728475232979928 -0.0088304575492290302 0.023937390942315704 0.0016953595601047239 -0.027495216728922797 -0.028919361535951052
leaf_weight=48 49 44 64 55 53 65 53 224 37 37
leaf_count=48 49 44 64 55 53 65 53 224 37 37
internal_value=0 -0.0014666 -0.00390568 0.00236983 0.00355181 0.00186201 -0.000689633 -0.00124134 -0.00455158 -0.000214023
internal_weight=0 508 113 221 173 120 395 342 81 261
internal_count=729 508 113 221 173 120 395 342 81 261
cat_boundaries=0 1 3
cat_threshold=11720748 210239760 1024
is_linear=0
shrinkage=0.0111721


Tree=215
num_leaves=12
num_cat=1
split_feature=32 28 13 42 25 39 22 25 14 21 22
split_gain=15.5169 12.5575 8.17924 5.35684 8.23891 8.23352 5.17755 5.22768 4.50728 3.69347 1.55425
threshold=1.0000000180025095e-35 19.500000000000004 0 14.500000000000002 12.500000000000002 0.1086406745016575 8.2500000000000018 28.500000000000004 54.250000000000007 32.500000000000007 4.0699999332427987
decision_type=8 8 9 10 8 10 10 10 8 2 8
left_child=-1 3 8 4 5 -2 7 -4 -3 -6 -10
right_child=1 2 6 -5 9 -7 -8 -9 10 -11 -12
leaf_value=0.024928728989053663 0.013975091307943154 0.017949275253564226 0.02109271928270327 0.0059259305492200803 -0.05003456287963292 -0.010227369602110358 -0.027812280629740865 0.001694367747964714 -0.021375592187235826 -0.027953477512795102 -0.0079116084733942757
leaf_weight=35 37 33 156 34 42 114 34 76 33 36 38
leaf_count=35 37 33 156 34 42 114 34 76 33 36 38
internal_value=0 -0.000300039 0.00102662 -0.00216645 -0.00278082 -0.00125778 0.00202392 0.0026967 -0.00156801 -0.00572926 -0.00330441
internal_weight=0 633 370 263 229 151 266 232 104 78 71
internal_count=668 633 370 263 229 151 266 232 104 78 71
cat_boundaries=0 2
cat_threshold=20972116 2
is_linear=0
shrinkage=0.0111721


Tree=216
num_leaves=14
num_cat=2
split_feature=7 2 19 20 21 19 22 48 21 32 48 25 14
split_gain=14.3237 10.9143 8.94322 9.2674 9.43176 6.73438 5.90655 6.4069 4.7319 5.99258 5.17169 1.90392 0.969671
threshold=0 1 190.50000000000003 249.50000000000003 30.500000000000004 16.500000000000004 1.0000000180025095e-35 0.57052442431449901 33.500000000000007 0.93798077106475841 0.61390480399131786 20.500000000000004 50.500000000000007
decision_type=9 9 8 2 2 10 8 10 2 10 8 10 8
left_child=8 6 3 4 -3 -5 -2 -8 9 10 -1 -4 -12
right_child=1 2 11 5 -6 -7 7 -9 -10 -11 12 -13 -14
leaf_value=-0.011590457221560033 -0.026925763407432607 -0.021860495674003357 0.017174577417396121 -0.034089749851807079 0.012645078602270746 -0.018540262773829447 0.0017466293786599532 -0.022578975906651054 -0.0022628836149800944 0.022155461504254678 0.017684667866355117 0.0027769241303121795 0.012948141512447199
leaf_weight=33 42 100 55 55 95 67 33 34 57 48 33 41 33
leaf_count=33 42 100 55 55 95 67 33 34 57 48 33 41 33
internal_value=0 -0.00176401 -0.000871579 -0.0017974 -0.000286462 -0.00421241 -0.00478802 -0.00316819 0.00167059 0.00281201 0.00124134 0.00209476 0.00304692
internal_weight=0 522 413 317 195 122 109 67 204 147 99 96 66
internal_count=726 522 413 317 195 122 109 67 204 147 99 96 66
cat_boundaries=0 1 2
cat_threshold=1074943377 69088
is_linear=0
shrinkage=0.0111721


Tree=217
num_leaves=10
num_cat=2
split_feature=7 10 19 20 15 23 20 21 20
split_gain=21.1383 9.3535 9.39324 9.00718 8.13995 7.29741 8.12231 6.35784 5.96091
threshold=0 1 352.50000000000006 275.50000000000006 -0.74999999999999989 -5.8350000381469718 549.50000000000011 32.500000000000007 115.50000000000001
decision_type=9 9 8 2 8 8 2 2 2
left_child=3 4 5 7 -2 -3 -7 8 -1
right_child=1 2 -4 -5 -6 6 -8 -9 -10
leaf_value=-0.0085243444229162139 0.0077867605365583969 -0.048582965114251371 0.036366484696758336 -0.035998934131866028 0.029358799049998663 0.0061037287076684639 -0.036484647830258128 -0.028084800523029987 0.016180353639408954
leaf_weight=45 56 33 59 62 52 301 44 43 51
leaf_count=45 56 33 59 62 52 301 44 43 51
internal_value=0 0.0013487 0.000574849 -0.00280625 0.00416585 -5.91107e-05 0.000420976 -0.00136637 0.000232748
internal_weight=0 545 437 201 108 378 345 139 96
internal_count=746 545 437 201 108 378 345 139 96
cat_boundaries=0 2 3
cat_threshold=5747204 1 3432
is_linear=0
shrinkage=0.0111721


Tree=218
num_leaves=13
num_cat=2
split_feature=13 33 7 17 30 23 20 21 48 28 22 32
split_gain=22.0527 17.6583 10.5736 7.92625 8.95498 6.13927 5.8298 5.64603 9.07731 4.96869 4.55861 1.55508
threshold=0 -3.4999999999999996 1 14.500000000000002 8.5000000000000018 -0.93000000715255726 476.50000000000006 30.500000000000004 0.86602565646171581 12.500000000000002 3.1649999618530278 0.61483517289161693
decision_type=9 10 9 8 8 8 2 2 8 8 8 8
left_child=3 2 10 4 -1 -3 -5 8 -4 -9 -2 -6
right_child=1 5 7 6 11 -7 -8 9 -10 -11 -12 -13
leaf_value=-0.00050510703356790602 0.023148103192393084 -0.010377537267222148 0.0085818445576554651 0.013370112295183948 -0.017571408573910971 -0.030272811854642215 -0.050775010113544849 -0.013192932574090752 -0.014140310608091167 0.022041939563020037 0.039568961890511858 -0.037367791274116741
leaf_weight=33 63 34 60 41 42 35 33 34 99 121 46 65
leaf_count=33 63 34 60 41 42 35 33 34 99 121 46 65
internal_value=0 0.000534122 0.00139981 -0.00369077 -0.00542643 -0.0046955 -0.000905838 0.000275853 -0.0011945 0.00180194 0.00422473 -0.00699559
internal_weight=0 492 423 214 140 69 74 314 159 155 109 107
internal_count=706 492 423 214 140 69 74 314 159 155 109 107
cat_boundaries=0 1 2
cat_threshold=96788872 198052
is_linear=0
shrinkage=0.0111721


Tree=219
num_leaves=13
num_cat=2
split_feature=13 13 48 43 22 20 28 37 48 25 17 17
split_gain=15.5923 7.56969 6.79585 5.66658 5.3203 7.58461 4.34275 4.28592 4.31258 2.96663 1.72422 1.47056
threshold=0 1 0.70087718963623058 1.0000000180025095e-35 3.1649999618530278 180.50000000000003 17.500000000000004 2.5000000000000004 0.17752101272344592 35.500000000000007 15.500000000000002 9.5000000000000018
decision_type=9 9 8 8 10 2 8 10 10 8 8 8
left_child=3 6 7 -1 9 -6 -2 8 -3 -4 -8 -5
right_child=1 2 4 11 5 -7 10 -9 -10 -11 -12 -13
leaf_value=0.043757973317281935 -0.00042939610409080338 -0.001383761498630832 -0.0027404027349168716 0.003858809777249202 0.030075359671197982 0.0088903483284863746 -0.02759109257608813 0.0067743882383839464 -0.022721144197576135 0.023105152386489452 -0.010767057623952865 0.021398156188568586
leaf_weight=34 56 48 147 34 37 60 33 34 66 104 35 34
leaf_count=34 56 48 147 34 37 60 33 34 66 104 35 34
internal_value=0 -0.000141867 0.000485742 0.00438902 0.00134835 0.00357045 -0.00250121 -0.00150974 -0.00254801 0.000489611 -0.00460025 0.0029573
internal_weight=0 620 496 102 348 97 124 148 114 251 68 68
internal_count=722 620 496 102 348 97 124 148 114 251 68 68
cat_boundaries=0 2 4
cat_threshold=1477050880 512 570523968 64
is_linear=0
shrinkage=0.0111721


Tree=220
num_leaves=14
num_cat=3
split_feature=1 13 21 49 8 27 35 20 20 28 21 21 50
split_gain=17.8691 13.5218 9.24264 8.40864 8.02434 7.36412 5.80548 5.55421 4.89002 4.65283 4.43383 4.32382 3.86206
threshold=0 1 26.500000000000004 3.5000000000000004 2 7.5000000000000009 22.500000000000004 195.50000000000003 327.50000000000006 7.5000000000000009 30.500000000000004 24.500000000000004 0.29285715520381933
decision_type=9 9 2 10 9 10 8 2 2 8 2 2 10
left_child=3 8 11 5 7 12 10 -4 -2 -6 -5 -3 -1
right_child=1 2 4 6 9 -7 -8 -9 -10 -11 -12 -13 -14
leaf_value=-0.0055576831613243036 0.044459824528021136 0.0013095846102894914 -0.0038179935628167433 -0.013317031620284863 -0.023442345190693978 -0.016612746653365474 -0.033532155234115915 -0.033278805137718567 0.0026370960885350818 0.0068847415873535406 -0.0044509908053153094 0.04424892176801843 0.018738333138224424
leaf_weight=52 59 39 37 40 35 35 34 69 45 177 34 46 35
leaf_count=52 59 39 37 40 35 35 34 69 45 177 34 46 35
internal_value=0 0.00071311 -0.000243458 -0.00297922 -0.00112423 -0.00109889 -0.00537914 -0.00346719 0.00411602 0.000201297 -0.00362337 0.00302302 0.000642069
internal_weight=0 507 403 230 318 122 108 106 104 212 74 85 87
internal_count=737 507 403 230 318 122 108 106 104 212 74 85 87
cat_boundaries=0 1 2 3
cat_threshold=19095 553723456 972
is_linear=0
shrinkage=0.0111721


Tree=221
num_leaves=16
num_cat=2
split_feature=13 7 21 32 28 17 48 48 20 20 35 36 19 24 21
split_gain=22.3774 11.7287 8.34826 7.56528 5.9881 5.96189 6.56172 6.18125 5.83999 7.75896 4.71488 4.55485 3.95117 3.24804 1.38887
threshold=0 1 28.500000000000004 0.17416666448116305 10.500000000000002 4.5000000000000009 0.4629120826721192 0.39433813095092779 138.50000000000003 303.50000000000006 11.500000000000002 3.5000000000000004 153.50000000000003 1.0000000180025095e-35 25.500000000000004
decision_type=9 9 2 10 10 10 10 10 2 2 10 8 8 8 2
left_child=4 3 11 13 8 6 -4 -7 -1 -10 -6 -3 -11 -2 -13
right_child=1 2 5 -5 10 7 -8 -9 9 12 -12 14 -14 -15 -16
leaf_value=-0.017666574922681921 0.054171473937479654 -0.011471824707008308 0.011278906990413434 0.012513960405547959 0.009598607460526468 0.0059783483828630838 -0.016724555503392212 0.0426909571603915 0.023144299137107961 -0.041634554452829341 -0.013196525987332734 -0.0095217415219357275 -0.038896554790696036 0.046341374671993972 0.010691428498892291
leaf_weight=37 36 53 125 42 38 56 33 35 36 41 48 36 41 33 36
leaf_count=37 36 53 125 42 38 56 33 35 36 41 48 36 41 33 36
internal_value=0 0.00182816 0.000814629 0.00489355 -0.00227002 0.00201905 0.000707091 0.00429694 -0.00367597 -0.00246164 0 -0.0015194 -0.00435982 0.00760995 0.000310331
internal_weight=0 485 374 111 241 249 158 91 155 118 86 125 82 69 72
internal_count=726 485 374 111 241 249 158 91 155 118 86 125 82 69 72
cat_boundaries=0 1 2
cat_threshold=10364233 140840
is_linear=0
shrinkage=0.0111721


Tree=222
num_leaves=14
num_cat=2
split_feature=13 7 46 20 19 15 20 17 16 19 25 19 25
split_gain=18.097 8.73746 7.85853 9.04351 12.8832 7.66691 6.06948 5.54076 5.27971 3.86911 5.37555 3.45751 0.545392
threshold=0 1 0.5891176462173463 247.50000000000003 248.50000000000003 -2.7499999999999996 340.50000000000006 16.500000000000004 1.0000000180025095e-35 190.50000000000003 9.5000000000000018 7.5000000000000009 18.500000000000004
decision_type=9 9 10 2 8 8 2 8 10 10 10 10 10
left_child=2 5 3 8 12 -2 7 11 -1 10 -8 -3 -5
right_child=1 6 -4 4 -6 -7 9 -9 -10 -11 -12 -13 -14
leaf_value=0.0290378761085173 -0.017727058386685448 0.0016015076495016611 -0.016620832627188355 -0.03071405713812464 0.034120173935701083 0.0047578413311858379 0.018082460533309374 0.06518804703437249 -0.0073679583802598453 0.021145098632877304 -0.029236029290289761 0.018405710585312093 -0.016804306184039532
leaf_weight=34 38 51 55 33 39 62 42 44 33 33 46 153 33
leaf_count=34 38 51 55 33 39 62 42 44 33 33 46 153 33
internal_value=0 0.00165598 -0.00212128 -0.00103926 -0.00308561 -0.00121877 0.00244665 0.00351379 0.00216771 0.000461653 -0.000761728 0.00273825 -0.00609384
internal_weight=0 469 227 172 105 100 369 248 67 121 88 204 66
internal_count=696 469 227 172 105 100 369 248 67 121 88 204 66
cat_boundaries=0 2 3
cat_threshold=75680785 40 4205124
is_linear=0
shrinkage=0.0111721


Tree=223
num_leaves=12
num_cat=2
split_feature=13 40 17 10 28 15 20 20 23 14 15
split_gain=18.4653 12.963 8.55569 7.78528 7.18125 6.26465 6.32191 5.80831 6.30119 4.42213 4.31199
threshold=0 -4.4999999999999991 10.500000000000002 1 9.5000000000000018 -8.7499999999999982 86.500000000000014 100.50000000000001 -3.2499999999999996 31.500000000000004 -1.2499999999999998
decision_type=9 8 10 9 10 8 2 2 10 8 10
left_child=1 -1 5 4 9 -3 -7 -5 -9 -2 -10
right_child=3 2 -4 7 -6 6 -8 8 10 -11 -12
leaf_value=0.017329129409633708 -0.010994078207497338 0.0089503860395317037 0.030897623672128362 -0.017930052456699888 0.018637219730815779 -0.018310318197292879 0.0017073330466440609 0.0055088637708437605 -0.035266478205124706 0.018383506305374709 -0.0075606075566924114
leaf_weight=39 33 36 43 52 35 41 164 42 111 42 58
leaf_count=39 33 36 43 52 35 41 164 42 111 42 58
internal_value=0 0.00164394 0.000865441 -0.00195438 0.000558601 4.63559e-05 -0.000708471 -0.0029874 -0.00227677 -0.00134064 -0.00323924
internal_weight=0 323 284 373 110 241 205 263 211 75 169
internal_count=696 323 284 373 110 241 205 263 211 75 169
cat_boundaries=0 1 2
cat_threshold=21672567 179
is_linear=0
shrinkage=0.0111721


Tree=224
num_leaves=10
num_cat=2
split_feature=28 13 7 35 25 25 17 15 17
split_gain=16.7432 10.6914 10.821 9.91083 6.85069 6.41891 6.35671 4.43439 4.46821
threshold=1.0000000180025095e-35 0 1 9.5000000000000018 15.500000000000002 17.500000000000004 2.5000000000000004 -3.7499999999999996 9.5000000000000018
decision_type=8 9 9 8 10 10 8 8 8
left_child=-1 6 4 -4 -3 -5 -2 -8 -9
right_child=1 2 3 5 -6 -7 7 8 -10
leaf_value=0.061829139648114789 -0.015698153804851147 0.013579143884548945 -0.029632265027270198 3.8170206518214465e-05 -0.0062240409904659299 -0.016902857322953227 -0.002487546279359776 0.019219437738068283 0.013748982766605527
leaf_weight=34 44 53 60 165 52 107 42 37 113
leaf_count=34 44 53 60 165 52 107 42 37 113
internal_value=0 -0.000149403 -0.00117469 -0.00215601 0.00184582 -0.00131436 0.00172577 0.00267664 0.00357506
internal_weight=0 673 437 332 105 272 236 192 150
internal_count=707 673 437 332 105 272 236 192 150
cat_boundaries=0 2 3
cat_threshold=138587748 2 67899012
is_linear=0
shrinkage=0.0111721


Tree=225
num_leaves=14
num_cat=1
split_feature=13 46 20 25 21 20 19 35 16 34 20 21 17
split_gain=22.4132 11.1528 10.3887 9.83313 7.11139 10.739 6.6667 5.54889 5.14878 5.91554 3.3226 1.62682 2.10711
threshold=0 0.21547619253396991 339.50000000000006 23.500000000000004 31.500000000000004 340.50000000000006 9.5000000000000018 4.5000000000000009 1.0000000180025095e-35 1.0000000180025095e-35 261.50000000000006 36.500000000000007 14.500000000000002
decision_type=9 8 2 8 2 2 8 10 8 10 2 2 8
left_child=1 -1 3 8 5 7 -6 -3 -2 -10 -8 12 -4
right_child=2 4 11 -5 6 -7 10 -9 9 -11 -12 -13 -14
leaf_value=0.037929223241311046 0.015892213594291698 0.020158545728648565 -0.050279333951749522 0.015359823496908833 -0.0073982189522139212 -0.031804364470931837 0.040311816428927144 -0.01848748253651071 -0.027564464246220159 0.0022894459941130616 0.024207343954706407 -0.037054383041269123 -0.022409336868017677
leaf_weight=33 40 62 37 61 47 38 34 54 100 44 62 34 48
leaf_count=33 40 62 37 61 47 38 34 54 100 44 62 34 48
internal_value=0 0.00157723 -0.00238975 -0.00114001 0.000940409 -0.000725457 0.00273442 0.000963106 -0.00242871 -0.00341368 0.00442227 -0.00516356 -0.00433738
internal_weight=0 330 364 245 297 154 143 116 184 144 96 119 85
internal_count=694 330 364 245 297 154 143 116 184 144 96 119 85
cat_boundaries=0 1
cat_threshold=3628787411
is_linear=0
shrinkage=0.0111721


Tree=226
num_leaves=10
num_cat=1
split_feature=7 20 47 42 21 29 19 28 21
split_gain=20.4503 10.8368 7.66128 9.26457 9.17002 6.19317 4.53458 6.8351 3.36755
threshold=0 70.500000000000014 -5.4999999999999991 14.500000000000002 27.500000000000004 1.0000000180025095e-35 12.500000000000002 20.500000000000004 29.500000000000004
decision_type=9 2 10 8 2 10 10 8 2
left_child=5 -2 3 -3 -5 6 7 -1 -8
right_child=1 2 -4 4 -6 -7 8 -9 -10
leaf_value=-0.010011225030186959 -0.0095929963988446443 0.041656628461966223 -0.0058603279076423279 -0.010435282591926115 0.016351506499836719 0.0091141780199986994 -0.023652065697785433 0.01941012761020534 -0.022130198068803189
leaf_weight=62 52 62 44 71 258 34 34 39 45
leaf_count=62 52 62 44 71 258 34 34 39 45
internal_value=0 0.00177584 0.00238851 0.00288588 0.00213933 -0.00229426 -0.00322748 -0.00165921 -0.00523248
internal_weight=0 487 435 391 329 214 180 101 79
internal_count=701 487 435 391 329 214 180 101 79
cat_boundaries=0 1
cat_threshold=216019860
is_linear=0
shrinkage=0.0111721


Tree=227
num_leaves=11
num_cat=1
split_feature=25 9 44 20 34 19 32 20 24 19
split_gain=19.116 16.0127 8.33926 7.50534 7.84727 4.85181 5.44865 4.07681 5.89924 2.24416
threshold=6.5000000000000009 0 10.500000000000002 498.50000000000006 1.2500000000000002 12.500000000000002 0.29616476595401769 116.50000000000001 3.5700000524520878 209.50000000000003
decision_type=8 9 8 2 10 10 10 2 10 8
left_child=7 5 -3 4 -4 6 -2 -1 -9 -5
right_child=1 2 3 9 -6 -7 -8 8 -10 -11
leaf_value=-0.041167769832779755 0.020737667824689509 -0.0082483897122157951 0.022983651389822581 -0.023624573852436673 -0.013099055145419841 -0.030951765756476044 -0.017638926920233628 -0.034138717806206399 0.0023484946666233251 0.026496925390090287
leaf_weight=38 34 47 293 37 34 43 33 48 33 44
leaf_count=38 34 47 293 37 34 43 33 48 33 44
internal_value=0 0.00088981 0.00180195 0.0023549 0.00310905 -0.00279301 -0.00116723 -0.00403696 -0.0026206 -0.00068963
internal_weight=0 565 455 408 327 110 67 119 81 81
internal_count=684 565 455 408 327 110 67 119 81 81
cat_boundaries=0 1
cat_threshold=2097239
is_linear=0
shrinkage=0.0111721


Tree=228
num_leaves=13
num_cat=2
split_feature=13 7 33 24 35 21 20 21 25 19 49 25
split_gain=19.838 13.8398 13.1917 7.14108 6.44735 6.1054 5.25331 4.56347 5.68953 4.2344 3.57387 1.94761
threshold=0 1 -5.4999999999999991 2.1649999618530278 11.500000000000002 31.500000000000004 186.50000000000003 28.500000000000004 15.500000000000002 18.500000000000004 2.5000000000000004 21.500000000000004
decision_type=9 9 10 10 10 2 2 2 10 8 10 8
left_child=2 6 4 7 5 10 -2 9 -9 -3 -1 -7
right_child=1 3 -4 -5 -6 11 -8 8 -10 -11 -12 -13
leaf_value=-0.011730139805335372 0.017579729890341064 -0.0011673740616635487 -0.032606210935529345 -0.036132133338326496 0.0053962938097701372 -0.014192790282640859 0.019545965006299279 0.018918442647253366 -0.0054794887367916011 -0.0271719323246205 -0.023600874937240793 0.00056568129762810452
leaf_weight=38 64 52 44 43 38 37 44 90 94 39 44 33
leaf_count=38 64 52 44 43 38 37 44 90 94 39 44 33
internal_value=0 0.00051248 -0.00347982 -0.000681223 -0.00235201 -0.00338102 0.00378714 -4.06246e-05 0.000971482 -0.00208708 -0.00544978 -0.000957601
internal_weight=0 426 234 318 190 152 108 275 184 91 82 70
internal_count=660 426 234 318 190 152 108 275 184 91 82 70
cat_boundaries=0 1 2
cat_threshold=875336273 6315009
is_linear=0
shrinkage=0.0111721


Tree=229
num_leaves=14
num_cat=2
split_feature=13 50 46 32 14 25 13 32 49 25 23 25 32
split_gain=26.7499 10.8242 7.84327 7.24265 5.12154 4.34861 4.30387 5.86792 4.06316 3.28612 2.90669 2.42423 1.76251
threshold=0 0.25833334028720861 0.11483516544103624 0.96273148059844982 6.2500000000000009 23.500000000000004 1 0.63828504085540783 8.5000000000000018 6.5000000000000009 -1.0000000180025095e-35 51.500000000000007 0.39408974349498754
decision_type=9 8 8 8 8 8 9 10 10 10 10 8 10
left_child=3 -2 -3 4 12 9 7 -4 -8 -5 -11 -7 -1
right_child=1 2 6 5 -6 11 8 -9 -10 10 -12 -13 -14
leaf_value=-0.0065954838813653419 -0.03700844764074817 0.022386673414628404 -0.017787197808058652 -0.028516509052145429 -0.018727549670023561 0.0011162253616275937 0.015763347442796671 0.012855375376900806 0.034860522273915763 -0.031929527110163176 -0.023041972290780505 -0.040939008758594068 0.017667826886350855
leaf_weight=33 44 35 69 53 36 40 170 35 42 34 38 48 34
leaf_count=33 44 35 69 53 36 40 170 35 42 34 38 48 34
internal_value=0 0.00162754 0.00232353 -0.00267307 -0.000325397 -0.00393383 0.00176773 -0.000195999 0.00261688 -0.00527321 -0.00682736 -0.00203128 0.00150072
internal_weight=0 395 351 316 103 213 316 104 212 125 72 88 67
internal_count=711 395 351 316 103 213 316 104 212 125 72 88 67
cat_boundaries=0 1 3
cat_threshold=389745990 287272 256
is_linear=0
shrinkage=0.0111721


Tree=230
num_leaves=11
num_cat=3
split_feature=9 8 25 15 2 20 49 35 48 48
split_gain=19.1714 17.397 11.6584 10.169 8.2783 8.56001 6.86423 5.86661 5.65285 5.31268
threshold=0 1 9.5000000000000018 -1.0000000180025095e-35 2 165.50000000000003 11.500000000000002 19.500000000000004 0.50087109208107006 0.56214886903762828
decision_type=9 9 8 10 9 2 8 8 10 8
left_child=2 6 -1 4 5 -3 8 -4 -2 -6
right_child=1 3 7 -5 9 -7 -8 -9 -10 -11
leaf_value=-0.011128284311726376 -0.025902012489392678 0.0223477519400288 0.0091073212386933357 0.0065734437273933383 -0.0053828753996993401 -0.012417902317353966 0.053073812174732914 0.058079442017006912 0.023097316793454264 -0.029481877308967987
leaf_weight=33 37 39 33 64 76 70 40 55 35 221
leaf_count=33 37 39 33 64 76 70 40 55 35 221
internal_value=0 -0.00105682 0.00366716 -0.00200166 -0.00269671 9.38804e-05 0.00274723 0.00609385 0.000931001 -0.00360272
internal_weight=0 582 121 470 406 109 112 88 72 297
internal_count=703 582 121 470 406 109 112 88 72 297
cat_boundaries=0 1 2 3
cat_threshold=2100108 25232 41122
is_linear=0
shrinkage=0.0111721


Tree=231
num_leaves=11
num_cat=2
split_feature=13 19 36 7 28 25 21 33 19 20
split_gain=16.7026 13.6868 10.9019 12.0422 9.16266 8.31839 6.19596 6.22051 4.06927 2.28451
threshold=0 5.5000000000000009 1.2500000000000002 1 1.0000000180025095e-35 30.500000000000004 36.500000000000007 1.0000000180025095e-35 106.50000000000001 139.50000000000003
decision_type=9 8 10 9 10 8 2 8 10 2
left_child=6 -2 3 5 -5 -3 7 -1 9 -9
right_child=1 2 -4 4 -6 -7 -8 8 -10 -11
leaf_value=0.00065466750578060408 -0.02342973966011213 -0.0015794455924534525 0.016349569913492009 -0.0082936120870276912 -0.027309273151478186 0.063881880446419098 -0.018511198987434974 0.022138662578203287 0.0079567901303347986 0.030688050341420584
leaf_weight=51 50 68 40 176 107 35 37 37 35 55
leaf_count=51 50 68 40 176 107 35 37 37 35 55
internal_value=0 -0.00114939 -0.00052451 -0.00109984 -0.00224966 0.00207622 0.00253233 0.00351481 0.00483829 0.00607177
internal_weight=0 476 426 386 283 103 215 178 127 92
internal_count=691 476 426 386 283 103 215 178 127 92
cat_boundaries=0 1 2
cat_threshold=151607601 140325
is_linear=0
shrinkage=0.0111721


Tree=232
num_leaves=13
num_cat=2
split_feature=13 7 42 17 20 20 14 39 14 14 21 16
split_gain=13.795 9.81875 9.61032 8.21113 6.32358 6.52707 6.42759 6.13446 4.78386 4.48317 3.3483 3.22202
threshold=0 1 7.5000000000000009 2.5000000000000004 93.500000000000014 496.50000000000006 3.5000000000000004 0.92899158596992504 52.500000000000007 6.2500000000000009 30.500000000000004 0.75000000000000011
decision_type=9 9 8 8 2 2 8 8 8 10 2 10
left_child=3 9 -3 -1 -5 6 -6 11 -9 10 -2 -4
right_child=1 2 7 4 5 -7 -8 8 -10 -11 -12 -13
leaf_value=-0.010444414206478644 0.0061057837258383027 0.011173116224404898 0.0070955741825845155 -0.0038734857959970546 0.01893862984699091 0.014815120244972077 0.039692185773216135 -0.018245747117926685 -0.015139092216781589 -0.0027851521791213219 0.045751150603930167 -0.028322742733632708
leaf_weight=36 33 57 41 35 39 42 75 101 94 34 38 39
leaf_count=36 33 57 41 35 39 42 75 101 94 34 38 39
internal_value=0 -0.00102473 -0.00196001 0.00230984 0.00333407 0.00429695 0.00568403 -0.00288442 -0.00395319 0.00184582 0.00361911 -0.000279298
internal_weight=0 437 332 227 191 156 114 275 195 105 71 80
internal_count=664 437 332 227 191 156 114 275 195 105 71 80
cat_boundaries=0 1 2
cat_threshold=1690707109 82536
is_linear=0
shrinkage=0.0111721


Tree=233
num_leaves=12
num_cat=2
split_feature=1 24 13 23 21 39 28 25 20 25 39
split_gain=24.2328 14.8512 10.8666 6.1714 5.79175 5.19751 4.99214 4.4357 4.39595 4.35514 3.21251
threshold=0 1.5699999928474428 1 -2.7499999999999996 32.500000000000007 0.94312667846679699 7.5000000000000009 13.500000000000002 372.50000000000006 17.500000000000004 0.15192308276891711
decision_type=9 10 9 8 2 10 8 10 2 10 10
left_child=6 2 8 -3 5 -4 -1 -6 9 -2 -8
right_child=1 3 4 -5 7 -7 10 -9 -10 -11 -12
leaf_value=-0.035269973079457485 0.004517769539977381 0.0013089290689035549 0.01744450415695923 -0.023601998558781374 0.0069555772156654622 -0.0065385714219183405 -0.017875873955972454 -0.027687505497018039 0.049411794098977981 0.025924864440645061 -0.0066038637184717454
leaf_weight=40 35 40 219 56 52 40 37 82 40 34 33
leaf_count=40 35 40 219 56 52 40 37 82 40 34 33
internal_value=0 0.00121276 0.00200296 -0.00279301 0.00102572 0.00202736 -0.00428262 -0.000833734 0.00497579 0.00372401 -0.00287281
internal_weight=0 598 502 96 393 259 110 134 109 69 70
internal_count=708 598 502 96 393 259 110 134 109 69 70
cat_boundaries=0 1 2
cat_threshold=4389 1074823724
is_linear=0
shrinkage=0.0111721


Tree=234
num_leaves=13
num_cat=3
split_feature=7 28 2 17 44 19 8 49 48 22 41 28
split_gain=14.9613 10.9941 9.27655 11.22 7.31805 6.93796 7.64578 7.7915 6.09774 4.26697 4.06866 4.3128
threshold=0 4.5000000000000009 1 3.5000000000000004 1.0000000180025095e-35 6.5000000000000009 2 7.5000000000000009 0.059411764144897468 1.7500000000000002 4.2500000000000009 22.500000000000004
decision_type=9 8 9 10 10 8 9 8 10 10 8 8
left_child=1 -1 3 -2 10 9 8 -8 -7 -4 -3 -12
right_child=2 4 5 -5 -6 6 7 -9 -10 -11 11 -13
leaf_value=0.035425730633631428 -0.046843902380809203 0.033786620321118087 -0.0055360358198706557 -0.00054059028609471755 -0.0079509089009848349 -0.018828489433084995 -0.0081988375465296692 0.023659551881164392 0.0049058873653633163 -0.016806793095944191 -0.0094201692083926598 0.01319479791130434
leaf_weight=45 64 46 42 49 33 83 77 120 40 33 47 64
leaf_count=45 64 46 42 49 33 83 77 120 40 33 47 64
internal_value=0 0.00214321 -0.00120779 -0.00390568 0.0010584 -0.000358609 0.000349126 0.00167311 -0.00176401 -0.00342609 0.00206363 0.00090584
internal_weight=0 235 508 113 190 395 320 197 123 75 157 111
internal_count=743 235 508 113 190 395 320 197 123 75 157 111
cat_boundaries=0 1 2 3
cat_threshold=2868517 6960 301
is_linear=0
shrinkage=0.0111721


Tree=235
num_leaves=11
num_cat=1
split_feature=40 7 28 19 40 19 42 20 20 20
split_gain=18.0132 15.5246 14.6596 13.4254 8.94703 8.4421 6.79044 6.56615 5.39813 4.53396
threshold=-1.0000000180025095e-35 0 17.500000000000004 249.50000000000003 -2.4999999999999996 4.5000000000000009 4.5000000000000009 198.50000000000003 338.50000000000006 116.50000000000001
decision_type=10 9 8 10 8 8 10 2 2 2
left_child=1 5 4 7 -3 -1 -6 -4 9 -7
right_child=-2 2 3 -5 6 8 -8 -9 -10 -11
leaf_value=-0.0077927381735050311 -0.037611251658969447 0.012214318926896176 0.016747116094189499 -0.027752521327286759 -0.028205138611736159 0.0046869642270977114 -0.0089714387332547416 0.004699550339789243 0.000543449614712557 0.032090602596780107
leaf_weight=36 33 34 94 35 78 43 58 142 34 114
leaf_count=36 33 34 94 35 78 43 58 142 34 114
internal_value=0 0.000668986 -0.00056975 0.00103063 -0.00315446 0.00296979 -0.00443596 0.00198825 0.00403598 0.00491001
internal_weight=0 668 441 271 170 227 136 236 191 157
internal_count=701 668 441 271 170 227 136 236 191 157
cat_boundaries=0 1
cat_threshold=36408993
is_linear=0
shrinkage=0.0111721


Tree=236
num_leaves=11
num_cat=2
split_feature=13 32 32 21 19 21 13 42 19 21
split_gain=16.8513 13.735 12.2872 8.20065 5.88472 3.42927 3.41856 4.65579 2.82347 2.35418
threshold=0 0.2340706139802933 0.12588027864694598 29.500000000000004 395.00000000000006 31.500000000000004 1 4.5000000000000009 8.5000000000000018 27.500000000000004
decision_type=9 10 8 2 8 2 9 10 10 2
left_child=1 5 -2 -3 6 9 8 -8 -4 -1
right_child=2 3 4 -5 -6 -7 7 -9 -10 -11
leaf_value=0.033548894590550951 0.030370674272444199 0.0070106545031980152 -0.027626464701771207 -0.017557038530663378 0.0065156801358105913 0.031508378883677739 -0.0089252874135226506 -0.010056769860113793 -0.016455623106253457 0.013233605951755333
leaf_weight=33 38 58 34 59 61 44 214 46 68 35
leaf_count=33 38 58 34 59 61 44 214 46 68 35
internal_value=0 0.00229051 -0.00135203 -0.000286461 -0.00192804 0.00518703 -0.00246896 -0.00157236 -0.00418952 0.00361448
internal_weight=0 229 461 117 423 112 362 260 102 68
internal_count=690 229 461 117 423 112 362 260 102 68
cat_boundaries=0 2 3
cat_threshold=2317554097 128 4195850
is_linear=0
shrinkage=0.0111721


Tree=237
num_leaves=13
num_cat=1
split_feature=13 39 46 24 21 17 46 20 23 48 27 48
split_gain=23.1476 11.5295 11.0355 7.13077 6.13038 5.91789 5.9105 4.50387 4.2194 5.21583 4.13937 1.80449
threshold=0 0.96026313304901134 0.77220910787582409 0.58500000834465038 36.500000000000007 12.500000000000002 0.98675438761711132 384.50000000000006 -1.8199999928474424 0.42776885628700262 2.5000000000000004 0.77020859718322765
decision_type=9 8 10 8 2 8 8 2 8 10 8 8
left_child=3 5 4 10 7 6 11 -3 -5 -10 -1 -2
right_child=1 2 -4 8 -6 -7 -8 -9 9 -11 -12 -13
leaf_value=-0.012971256824780834 -0.0081573960406784683 0.0019296862259178557 -0.030875218380049824 -0.017549111864975594 -0.012701793683448374 0.042525102613306477 0.020964606244000487 0.038965906392275013 -0.029359766947341562 0.0080454043572632892 -0.030707107742551674 0.0058648354393094756
leaf_weight=57 42 154 55 33 52 44 47 56 43 33 51 38
leaf_count=57 42 154 55 33 52 44 47 56 43 33 51 38
internal_value=0 0.000717883 -0.000528646 -0.00359278 0.000426414 0.00307068 0.00184735 0.00127681 -0.00174243 -0.000293998 -0.00579292 0
internal_weight=0 488 317 217 262 171 127 210 109 76 108 80
internal_count=705 488 317 217 262 171 127 210 109 76 108 80
cat_boundaries=0 2
cat_threshold=399857680 64
is_linear=0
shrinkage=0.0111721


Tree=238
num_leaves=14
num_cat=1
split_feature=13 49 39 49 27 39 21 24 48 24 21 32 32
split_gain=19.6811 12.2516 13.6276 8.05627 7.73569 7.95833 5.71231 5.58646 6.01508 7.94442 4.59479 4.28168 3.31288
threshold=0 12.500000000000002 0.92380261421203624 5.5000000000000009 1.0000000180025095e-35 0.98726060986518871 34.500000000000007 5.2500000000000009 0.64647898077964794 0.76500001549720775 30.500000000000004 0.94312667846679699 0.93387979269027721
decision_type=9 8 8 10 8 8 2 8 10 10 2 8 8
left_child=7 3 -3 4 -2 -6 10 8 9 12 -4 -5 -1
right_child=1 2 6 11 5 -7 -8 -9 -10 -11 -12 -13 -14
leaf_value=0.0050295007852299064 0.015130877798319026 0.022497799926739215 -0.0087578631783069693 -0.021612949905674597 -0.024765640034430464 -0.017900450374371605 -0.031164408951188629 0.043140585875388986 0.013518629854912709 -0.02063698355874315 0.049931347710211654 -0.0089135201912286834 0.018018195684303663
leaf_weight=49 65 42 82 48 37 84 54 42 35 40 37 41 66
leaf_count=49 65 42 82 48 37 84 54 42 35 40 37 41 66
internal_value=0 -0.00129596 0.000675519 -0.00288442 -0.00156169 -0.00323159 -0.000710361 0.00258527 0.00188161 0.00093701 0.000657178 -0.00564879 0.00242871
internal_weight=0 490 215 275 186 121 173 232 190 155 119 89 115
internal_count=722 490 215 275 186 121 173 232 190 155 119 89 115
cat_boundaries=0 2
cat_threshold=343212745 8
is_linear=0
shrinkage=0.0111721


Tree=239
num_leaves=12
num_cat=2
split_feature=13 1 14 34 15 25 41 17 42 16 20
split_gain=17.0317 11.4852 9.35253 6.37226 6.25769 6.25266 4.97666 4.66554 7.07892 6.17159 4.46467
threshold=0 1 17.500000000000004 1.0000000180025095e-35 -2.7499999999999996 29.500000000000004 14.500000000000002 7.5000000000000009 20.500000000000004 4.5000000000000009 162.50000000000003
decision_type=9 9 8 10 8 8 8 10 8 8 2
left_child=2 4 10 7 -2 6 -4 9 -9 -3 -1
right_child=1 3 5 -5 -6 -7 -8 8 -10 -11 -12
leaf_value=0.0094494727992143254 0.0037232249520778448 0.03416747626106028 -0.012564679932964609 -0.013122381945775519 -0.020497950671570165 -0.017190162193012334 -0.045167597821083753 0.021952350339757107 -0.010074697628246298 0.024143195915948958 -0.013253558397918216
leaf_weight=56 57 46 33 53 46 48 52 37 59 157 45
leaf_count=56 57 46 33 53 46 48 52 37 59 157 45
internal_value=0 0.00108117 -0.00256408 0.0020369 -0.00207622 -0.00462002 -0.00644036 0.00272763 0.000698251 0.00368733 -0.000110612
internal_weight=0 455 234 352 103 133 85 299 96 203 101
internal_count=689 455 234 352 103 133 85 299 96 203 101
cat_boundaries=0 2 3
cat_threshold=1082241171 16 20889
is_linear=0
shrinkage=0.0111721


Tree=240
num_leaves=14
num_cat=1
split_feature=13 15 25 25 15 15 19 48 28 18 39 39 15
split_gain=13.8077 18.3281 10.2262 9.82646 8.16 5.72203 6.8442 5.42322 5.7946 5.29374 4.82608 5.16875 1.92304
threshold=0 -1.2499999999999998 31.500000000000004 8.5000000000000018 -4.4999999999999991 -9.2499999999999982 2.5000000000000004 0.63680925965309154 12.500000000000002 1.0000000180025095e-35 0.048809524625539787 0.94935896992683422 -3.2499999999999996
decision_type=9 10 8 8 8 10 10 8 10 10 10 10 10
left_child=2 3 9 4 -2 6 -5 -3 -9 10 -1 -12 -7
right_child=1 7 -4 5 -6 12 -8 8 -10 -11 11 -13 -14
leaf_value=-0.015404551423998027 -0.0070478246653396899 0.014099732431473803 0.049361880656163579 -0.019805520329543445 -0.033081436849267377 -0.027648696322900661 0.010631689764698141 -0.0082953462739575635 0.013733344403031563 0.023305181708261853 0.022509699443432341 -0.014766634180922562 -0.0066431943825980312
leaf_weight=46 36 33 48 42 62 36 103 43 46 38 35 36 39
leaf_count=46 36 33 48 42 62 36 103 43 46 38 35 36 39
internal_value=0 -0.00109238 0.00236029 -0.00252952 -0.00547203 -0.00121877 7.70467e-05 0.00256408 0.00112976 0.00108117 -9.54852e-05 0.00173088 -0.00372401
internal_weight=0 440 203 318 98 220 145 122 89 155 117 71 75
internal_count=643 440 203 318 98 220 145 122 89 155 117 71 75
cat_boundaries=0 1
cat_threshold=2150239630
is_linear=0
shrinkage=0.0111721


Tree=241
num_leaves=17
num_cat=1
split_feature=13 32 27 16 25 20 33 16 21 35 25 42 14 41 17 22
split_gain=16.6957 10.2438 13.6981 16.7965 7.79009 5.80795 5.32478 5.28919 4.36894 5.06757 6.56368 4.15361 2.62001 2.18755 1.40105 1.08504
threshold=0 0.97752526402473461 1.5000000000000002 2.2500000000000004 13.500000000000002 363.50000000000006 -7.4999999999999991 5.2500000000000009 32.500000000000007 20.500000000000004 20.500000000000004 11.500000000000002 9.2500000000000018 1.0000000180025095e-35 14.500000000000002 1.0000000180025095e-35
decision_type=9 8 8 8 8 2 10 10 2 8 10 8 10 8 8 8
left_child=1 2 3 13 6 12 7 -2 9 -6 -11 -8 -3 -1 -10 -7
right_child=4 5 -4 -5 8 15 11 -9 14 10 -12 -13 -14 -15 -16 -17
leaf_value=0.0051999086466950045 -0.027004133750154841 0.035620375431296182 -0.029777470688399955 0.022833007586016169 -0.01785914814089011 0.0052185987952145544 -0.013986454205059855 -0.025376817876535906 0.00028756170197992117 0.017097684797491772 -0.015227059556314438 0.0050534426055265291 0.026307831274143805 -0.012850029039669491 0.021667623912667262 0.01665306666911465
leaf_weight=41 62 57 47 38 43 35 35 37 35 56 55 34 33 33 48 41
leaf_count=41 62 57 47 38 43 35 35 37 35 56 55 34 33 33 48 41
internal_value=0 0.00203432 7.02627e-05 0.00219451 -0.00131911 0.00403809 -0.00319202 -0.00485251 -4.71383e-05 -0.00116073 0.000100647 -0.000809565 0.00595843 -0.000905838 0.00201904 0.00176401
internal_weight=0 325 159 112 405 166 168 99 237 154 111 69 90 74 83 76
internal_count=730 325 159 112 405 166 168 99 237 154 111 69 90 74 83 76
cat_boundaries=0 2
cat_threshold=447011147 4096
is_linear=0
shrinkage=0.0111721


Tree=242
num_leaves=13
num_cat=2
split_feature=13 1 48 34 48 19 20 48 24 39 19 24
split_gain=10.8583 12.0917 9.26826 5.05617 4.46061 4.39994 6.12523 4.29166 4.2503 5.23571 4.43602 3.70027
threshold=0 1 0.44507937133312231 1.0000000180025095e-35 0.43513323366642004 19.500000000000004 407.50000000000006 0.66563147306442272 1.1650000214576723 0.94935896992683422 161.00000000000003 3.5700000524520878
decision_type=9 9 8 8 8 8 2 10 10 10 10 10
left_child=2 4 -1 -4 -2 -5 -7 -6 9 10 -3 -10
right_child=1 8 3 5 7 6 -8 -9 11 -11 -12 -13
leaf_value=-0.0094808031751532768 0.017987759569154917 -0.0027997457475189657 -0.00068180700087563028 0.020230727913315635 -0.010328129939967406 -0.0021293767089113386 0.034906910776785378 0.028497913852706492 -0.025347918134516732 -0.026392804727211783 -0.020364415125420678 -0.0093942498061647638
leaf_weight=55 38 210 50 40 33 38 50 34 41 33 50 39
leaf_count=55 38 210 50 40 33 38 50 34 41 33 50 39
internal_value=0 -0.00119047 0.0017011 0.00301269 0.00204011 0.00418952 0.00279301 0.000500237 -0.0021294 -0.00156333 -0.00103127 -0.00446882
internal_weight=0 478 233 178 105 128 88 67 373 293 260 80
internal_count=711 478 233 178 105 128 88 67 373 293 260 80
cat_boundaries=0 1 2
cat_threshold=1220807274 504
is_linear=0
shrinkage=0.0111721


Tree=243
num_leaves=13
num_cat=2
split_feature=8 7 14 41 19 28 32 19 32 35 28 18
split_gain=17.5946 7.66937 7.39349 6.43675 6.14 9.07337 7.71662 4.82855 4.23249 3.46151 3.38097 2.68808
threshold=0 1 37.500000000000007 2.5000000000000004 9.5000000000000018 15.500000000000002 0.96449580788612377 11.500000000000002 0.44136746227741247 17.500000000000004 13.500000000000002 1.0000000180025095e-35
decision_type=9 9 10 8 10 8 10 10 10 8 8 8
left_child=4 8 3 10 5 6 -1 -5 11 -6 -3 -2
right_child=1 2 -4 7 9 -7 -8 -9 -10 -11 -12 -13
leaf_value=-0.012286547055260723 -0.0016651663483652434 -0.014690437901175151 0.03101670454874737 0.0076434961492685746 -0.0072203443710806741 0.033116843205985208 0.025852203295320911 -0.017164455080829168 -0.028461284109650726 0.0068352172443735051 -0.023137290794384584 -0.028666919248357802
leaf_weight=35 33 43 40 84 40 53 34 126 36 64 37 45
leaf_count=35 33 43 40 84 40 53 34 126 36 64 37 45
internal_value=0 -0.00206708 -0.00111721 -0.00177212 0.00170421 0.00347982 0.000809565 -0.000744803 -0.00450486 -0.000214845 -0.00446882 -0.00343755
internal_weight=0 444 330 290 226 122 69 210 114 104 80 78
internal_count=670 444 330 290 226 122 69 210 114 104 80 78
cat_boundaries=0 1 2
cat_threshold=60056 33563526
is_linear=0
shrinkage=0.0111721


Tree=244
num_leaves=14
num_cat=3
split_feature=13 35 8 13 15 17 23 30 39 42 43 25 41
split_gain=21.7935 7.80853 7.60087 8.76747 6.28149 5.03303 4.82743 4.7706 4.07506 5.68674 3.23971 1.25528 1.24708
threshold=0 22.500000000000004 1 2 -7.7499999999999991 6.5000000000000009 -1.4150000214576719 4.5000000000000009 0.41137820482254034 6.5000000000000009 1.2500000000000002 24.500000000000004 6.5000000000000009
decision_type=9 8 9 9 10 8 10 10 8 10 8 10 8
left_child=1 7 5 4 -4 -2 -3 10 -5 -10 -1 -8 -7
right_child=2 6 3 8 -6 12 11 -9 9 -11 -12 -13 -14
leaf_value=-0.013701180455799513 -0.0063632608752114015 0.0058440193860253321 -0.023266029675224717 0.026757219528656354 -0.037526500246394132 0.022531713283913461 0.023225291936429148 0.014842495108447403 -0.01086009837296443 0.0068313412922585727 0.0074173006260713891 0.063894857613714023 0.0062973942672343687
leaf_weight=34 47 33 60 38 43 34 35 38 191 40 39 33 35
leaf_count=34 47 33 60 38 43 34 35 38 191 40 39 33 35
internal_value=0 0.00281818 -0.0013909 -0.00216422 -0.00484452 0.001064 0.00519888 0.00090584 -0.00100108 -0.00159601 -0.000765205 0.00690038 0.00307636
internal_weight=0 212 488 372 103 116 101 111 269 231 73 68 69
internal_count=700 212 488 372 103 116 101 111 269 231 73 68 69
cat_boundaries=0 1 2 3
cat_threshold=691022657 8904 76087346
is_linear=0
shrinkage=0.0111721


Tree=245
num_leaves=9
num_cat=2
split_feature=17 13 32 34 2 25 17 14
split_gain=25.984 23.4878 8.03053 6.791 8.57553 5.3555 2.04822 4.45347
threshold=12.500000000000002 0 0.29616476595401769 5.5000000000000009 1 24.500000000000004 7.5000000000000009 12.500000000000002
decision_type=10 9 8 10 9 10 10 8
left_child=1 5 -3 4 -4 6 7 -1
right_child=-2 2 3 -5 -6 -7 -8 -9
leaf_value=-0.008408244333144306 0.061737874395993 0.019115523607140288 0.018347991222643925 -0.017564433939169004 -0.0056310611468806939 -0.010305578384526302 -0.022629157089708876 -0.0303358213342662
leaf_weight=46 46 40 102 33 247 50 44 112
leaf_count=46 46 40 102 33 247 50 44 112
internal_value=0 -0.00139236 0.000258612 -0.000233969 0.000224081 -0.0040083 -0.00497765 -0.00438397
internal_weight=0 674 422 382 349 252 202 158
internal_count=720 674 422 382 349 252 202 158
cat_boundaries=0 2 3
cat_threshold=61892995 2 70
is_linear=0
shrinkage=0.0111721


Tree=246
num_leaves=11
num_cat=2
split_feature=20 13 8 46 20 25 19 21 25 15
split_gain=17.6031 9.60335 7.72774 7.64226 4.46569 4.40967 3.39223 6.27726 3.16982 2.52872
threshold=55.500000000000007 0 1 0.96238207817077648 198.50000000000003 28.500000000000004 2.5000000000000004 34.500000000000007 21.500000000000004 -14.749999999999998
decision_type=2 9 9 10 2 8 10 2 10 10
left_child=-1 6 4 5 -3 -4 -2 8 -8 -6
right_child=1 2 3 -5 9 -7 7 -9 -10 -11
leaf_value=-0.01347750078983906 -0.0019814184897390119 0.024532965492102349 -0.016330775835284778 -0.029572037606953351 -0.023934440181583035 0.009246391616438452 0.016747939207077782 -0.00067789725990259619 0.037229666564836443 0.019525511195586532
leaf_weight=61 45 45 148 34 34 69 82 54 43 33
leaf_count=61 45 45 148 34 34 69 82 54 43 33
internal_value=0 0.000628072 -0.000509182 -0.00158378 0.00183148 -0.00087523 0.00238719 0.0031831 0.0045582 0.000166743
internal_weight=0 587 363 251 112 217 224 179 125 67
internal_count=648 587 363 251 112 217 224 179 125 67
cat_boundaries=0 1 2
cat_threshold=566311993 17457
is_linear=0
shrinkage=0.0111721


Tree=247
num_leaves=13
num_cat=2
split_feature=13 2 20 25 46 14 28 21 20 35 35 23
split_gain=14.245 14.2116 7.41246 7.08585 6.4673 5.17786 4.87763 4.14693 3.71429 3.60309 3.55923 2.42638
threshold=0 1 230.50000000000003 12.500000000000002 0.96638417243957531 1.5000000000000002 17.500000000000004 31.500000000000004 379.50000000000006 7.5000000000000009 16.500000000000004 -0.93000000715255726
decision_type=9 9 2 8 10 8 8 2 2 10 8 10
left_child=2 7 6 4 10 -5 9 -2 -7 -1 -3 -4
right_child=1 3 11 5 -6 8 -8 -9 -10 -11 -12 -13
leaf_value=0.010464041979671903 -0.033029292190437966 -0.01781603684377988 -0.028542928306258486 0.0083537654257068005 0.01132349109097173 0.022828794473800779 0.017797461458323754 0.00057720441441490875 0.02985754915149106 -0.015649792683845743 0.0054539096970886384 -0.0098850404842499365
leaf_weight=42 49 52 37 62 36 101 44 51 54 33 47 55
leaf_count=42 49 52 37 62 36 101 44 51 54 33 47 55
internal_value=0 0.00178947 -0.00166823 0.00283931 0.000910314 0.00417022 9.38804e-05 -0.00182815 0.00526168 -0.00163856 -0.000564243 -0.0041288
internal_weight=0 452 211 352 135 217 119 100 155 75 99 92
internal_count=663 452 211 352 135 217 119 100 155 75 99 92
cat_boundaries=0 1 2
cat_threshold=678643458 16488
is_linear=0
shrinkage=0.0111721


Tree=248
num_leaves=16
num_cat=2
split_feature=13 7 15 48 28 27 34 24 22 39 39 24 21 20 25
split_gain=15.0776 16.6948 9.22433 8.95809 7.16784 6.72682 5.6766 4.22079 3.98573 3.81045 10.265 2.45848 3.84201 2.06095 1.90068
threshold=0 1 -0.74999999999999989 0.95070043206214916 20.500000000000004 2.5000000000000004 1.0000000180025095e-35 1.0000000180025095e-35 12.500000000000002 0.16064515709877017 0.95861870050430309 0.58500000834465038 28.500000000000004 320.50000000000006 34.500000000000007
decision_type=9 9 8 8 8 10 10 8 8 10 10 8 2 2 8
left_child=4 2 -2 6 5 9 7 -3 13 -1 -11 12 -5 -6 -13
right_child=1 3 -4 11 8 -7 -8 -9 -10 10 -12 14 -14 -15 -16
leaf_value=-0.016438726544282235 -0.017629424687768652 -0.0012918721401909568 0.020776633068849096 -0.018470453637643762 0.034804157734208148 0.0066206212822410787 -0.021695219398279356 0.019691573217471326 0.0067106708001062141 0.0087514053983189614 -0.016716490097896115 -0.012096094828580001 -0.033295732969208118 0.022930789259867877 -0.04739741470571119
leaf_weight=40 41 37 61 35 52 62 36 34 46 33 38 34 71 57 33
leaf_count=40 41 37 61 35 52 62 36 34 46 33 38 34 71 57 33
internal_value=0 -0.00176701 0.00199501 -0.003159 0.00145435 -6.45767e-05 -0.00073088 0.00110147 0.0032435 -0.00171103 -0.000157349 -0.00484338 -0.00590222 0.00440732 -0.00316819
internal_weight=0 382 102 280 328 173 107 71 155 111 71 173 106 109 67
internal_count=710 382 102 280 328 173 107 71 155 111 71 173 106 109 67
cat_boundaries=0 1 2
cat_threshold=202102877 1201186
is_linear=0
shrinkage=0.0111721


Tree=249
num_leaves=12
num_cat=2
split_feature=7 32 14 2 49 28 36 25 21 42 25
split_gain=12.5669 9.95444 9.03193 8.77804 6.15584 5.74462 4.98424 4.43915 3.09185 3.2889 1.93578
threshold=0 0.014389234129339458 22.500000000000004 1 9.5000000000000018 8.5000000000000018 1.2500000000000002 14.500000000000002 33.500000000000007 13.500000000000002 14.500000000000002
decision_type=9 8 10 9 10 8 8 10 2 8 8
left_child=4 -2 3 6 8 -4 -3 -5 9 -1 -11
right_child=1 2 5 7 -6 -7 -8 -9 -10 10 -12
leaf_value=-0.023531183596553651 0.037405091561323975 -0.010815218352057893 -0.0011836578453438594 0.021135427390803093 -0.014419730870567561 -0.042761960286128387 0.0088700436377709812 0.0044541223669143579 0.018171688009357156 0.0039291367345913458 -0.013413299748741845
leaf_weight=35 33 35 44 134 54 35 78 155 40 36 45
leaf_count=35 33 35 44 134 54 35 78 155 40 36 45
internal_value=0 0.00115132 0.000766482 0.00144514 -0.00203128 -0.00268695 -0.00118078 0.00242871 -0.00100262 -0.00192622 -0.00068963
internal_weight=0 514 481 402 210 79 113 289 156 116 81
internal_count=724 514 481 402 210 79 113 289 156 116 81
cat_boundaries=0 1 2
cat_threshold=4232835 3416
is_linear=0
shrinkage=0.0111721


Tree=250
num_leaves=14
num_cat=3
split_feature=13 39 22 2 8 46 43 19 25 17 34 16 49
split_gain=11.872 9.08888 9.47504 7.93941 9.83751 8.40063 8.39013 5.23896 5.08128 7.20979 5.00462 3.61262 2.38589
threshold=0 0.38972043991088873 3.1649999618530278 1 2 0.92907443642616283 1.0000000180025095e-35 13.500000000000002 33.500000000000007 7.5000000000000009 1.0000000180025095e-35 14.250000000000002 9.5000000000000018
decision_type=9 10 10 9 9 8 8 8 8 8 8 8 8
left_child=1 2 11 6 8 12 -2 -8 9 -5 -7 -1 -6
right_child=3 -3 -4 4 5 10 7 -9 -10 -11 -12 -13 -14
leaf_value=0.021471753750854711 0.020567534213102361 -0.010696044865868448 -0.0036923778769237725 0.0096451448883667131 -0.0045097525724468752 -0.035685763787133139 -0.026761620552432471 0.019905437912301076 0.02714167375176248 -0.011466116572058585 -0.024287200955035032 0.013340630503786036 0.009036965970504145
leaf_weight=50 39 50 41 49 35 34 35 63 35 42 158 64 36
leaf_count=50 39 50 41 49 35 34 35 63 35 42 158 64 36
internal_value=0 0.00181871 0.0032435 -0.00129229 -0.00210001 -0.00331479 0.000988004 -0.000684001 0.000492883 -0.000859386 -0.00465503 0.00490002 -0.000157349
internal_weight=0 205 155 526 389 263 137 98 126 91 192 114 71
internal_count=731 205 155 526 389 263 137 98 126 91 192 114 71
cat_boundaries=0 2 3 4
cat_threshold=285476068 3 10856 33811
is_linear=0
shrinkage=0.0111721


Tree=251
num_leaves=15
num_cat=1
split_feature=13 28 19 15 22 39 23 32 17 18 36 23 26 19
split_gain=20.1023 13.6549 14.3541 12.3063 8.30591 6.04912 5.85177 6.64736 4.57663 4.13729 3.84496 2.92498 2.23073 1.23216
threshold=0 1.0000000180025095e-35 20.500000000000004 -5.7499999999999991 3.1649999618530278 0.27475491166114813 -1.0000000180025095e-35 0.52230513095855724 11.500000000000002 1.0000000180025095e-35 4.2500000000000009 -1.0000000180025095e-35 1.5000000000000002 137.50000000000003
decision_type=9 10 8 10 10 10 10 8 8 10 8 10 8 10
left_child=6 2 -2 9 5 -5 10 -8 -9 -3 -1 12 -4 -13
right_child=1 3 11 4 -6 -7 7 8 -10 -11 -12 13 -14 -15
leaf_value=0.0056486666025475024 0.028186542780514762 -0.042588953090490204 -0.031470459130198164 0.0011960254655331672 0.018978097245856206 -0.010936793132545381 0.020954652598310058 -0.012242373930925785 0.011971436536513974 -0.016853063265608616 0.019444548086415735 -0.014038162309645632 -0.0046376590069781079 0.0096815778912562028
leaf_weight=47 40 38 38 36 37 55 38 50 41 43 49 42 56 40
leaf_count=47 40 38 38 36 37 55 38 50 41 43 49 42 56 40
internal_value=0 -0.00182349 0.000103444 -0.0039022 -0.00174563 -0.00356032 0.00223441 0.000779444 -0.000859386 -0.00731011 0.00442227 -0.00126955 -0.00261473 0.000272486
internal_weight=0 425 216 209 128 91 225 129 91 81 96 176 94 82
internal_count=650 425 216 209 128 91 225 129 91 81 96 176 94 82
cat_boundaries=0 2
cat_threshold=36084132 96
is_linear=0
shrinkage=0.0111721


Tree=252
num_leaves=13
num_cat=2
split_feature=13 50 2 25 48 21 25 28 47 25 21 42
split_gain=14.3614 14.6632 10.9772 10.1612 6.75557 6.39334 7.68624 4.01457 3.73783 3.56143 2.92578 2.60123
threshold=0 0.80909091234207164 1 33.500000000000007 0.51356607675552379 29.500000000000004 10.500000000000002 4.5000000000000009 1.0000000180025095e-35 41.500000000000007 30.500000000000004 22.500000000000004
decision_type=9 10 9 8 8 2 8 10 8 8 2 8
left_child=3 2 7 4 -1 6 -4 9 -7 -2 11 -6
right_child=1 -3 5 -5 10 8 -8 -9 -10 -11 -12 -13
leaf_value=-0.006867448049310651 0.03377001800370965 -0.023636152645275382 -0.013844483500093114 0.02301776428551161 -0.012423476420304131 0.016171753913671403 0.014581125395474187 0.0078535368314428516 -0.019181003750002326 0.033413233900812057 -0.030054494748903843 -0.018346658860710432
leaf_weight=48 54 35 34 46 33 34 102 44 127 35 49 35
leaf_count=48 54 35 34 46 33 34 102 44 127 35 49 35
internal_value=0 0.000870245 0.00145497 -0.00257817 -0.00399486 0.000181955 0.00197154 0.00398444 -0.00131844 0.00564879 -0.0054428 -0.00394307
internal_weight=0 465 430 211 165 297 136 133 161 89 117 68
internal_count=676 465 430 211 165 297 136 133 161 89 117 68
cat_boundaries=0 2 3
cat_threshold=808158756 8 42
is_linear=0
shrinkage=0.0111721


Tree=253
num_leaves=13
num_cat=2
split_feature=13 8 15 20 42 28 19 19 40 17 48 35
split_gain=20.9066 16.2561 9.21011 8.06099 7.94082 9.79702 7.66102 7.25766 5.35114 6.3561 5.28144 2.23296
threshold=0 1 -1.7499999999999998 205.50000000000003 9.5000000000000018 9.5000000000000018 15.500000000000002 68.500000000000014 -13.499999999999998 10.500000000000002 0.58397436141967785 2.5000000000000004
decision_type=9 9 8 2 8 8 8 8 10 8 8 10
left_child=1 3 10 -1 -4 -6 -7 8 9 -3 11 -2
right_child=2 7 4 -5 5 6 -8 -9 -10 -11 -12 -13
leaf_value=-0.012483411123825248 -0.038325395733279768 -0.0043443158765658768 0.021598444635871534 0.0028783702772267553 -0.028890903150682348 0.01248751568842095 -0.020199959868794335 0.041665842462537413 0.019183044452961026 0.022560723597928326 -0.0096923142386365208 -0.016934844515358153
leaf_weight=61 36 49 42 49 36 58 149 65 52 43 63 47
leaf_count=61 36 49 42 49 36 58 149 65 52 43 63 47
internal_value=0 0.00132435 -0.00240668 -0.00204821 -0.00129361 -0.0020689 -0.0011334 0.00311185 0.00186201 0.000242868 -0.0047443 -0.00659555
internal_weight=0 319 431 110 285 243 207 209 144 92 146 83
internal_count=750 319 431 110 285 243 207 209 144 92 146 83
cat_boundaries=0 2 3
cat_threshold=21852849 1036 6151
is_linear=0
shrinkage=0.0111721


Tree=254
num_leaves=10
num_cat=1
split_feature=13 24 25 20 14 21 15 28 46
split_gain=15.687 15.4556 10.4688 9.82868 8.68715 6.693 5.17586 4.73704 2.77839
threshold=0 15.500000000000002 33.500000000000007 48.500000000000007 18.500000000000004 26.500000000000004 -4.4999999999999991 2.5000000000000004 0.95571896433830272
decision_type=9 8 8 2 10 2 10 10 8
left_child=2 3 4 -2 6 -5 -1 -7 -8
right_child=1 -3 -4 5 -6 7 8 -9 -10
leaf_value=-0.034991514933195522 -0.010617266164244205 -0.030363331105465134 0.034520019227419589 -0.004854043204996856 0.0019072446060521464 0.021921940030503829 -0.026573904733909408 0.0076633517458911818 -0.000388315392360373
leaf_weight=63 50 53 42 64 45 160 37 151 39
leaf_count=63 50 53 42 64 45 160 37 151 39
internal_value=0 0.00123625 -0.00227228 0.00197154 -0.00352163 0.00259192 -0.00490285 0.003269 -0.00294001
internal_weight=0 478 226 425 184 375 139 311 76
internal_count=704 478 226 425 184 375 139 311 76
cat_boundaries=0 2
cat_threshold=1083676712 64
is_linear=0
shrinkage=0.0111721


Tree=255
num_leaves=14
num_cat=4
split_feature=2 13 8 39 33 28 32 42 49 16 35 19 5
split_gain=19.0712 9.62953 9.43595 11.7532 6.90478 6.71399 5.42192 5.21923 9.5005 4.12632 3.33764 2.89014 2.4203
threshold=0 1 2 0.067424245178699507 -2.4999999999999996 13.500000000000002 0.97022315859794628 20.500000000000004 6.5000000000000009 3.7500000000000004 10.500000000000002 12.500000000000002 3
decision_type=9 9 9 10 8 8 8 8 8 10 8 8 9
left_child=1 6 3 -2 -4 12 -1 10 -9 -7 -3 -10 -6
right_child=2 7 4 -5 5 9 -8 8 11 -11 -12 -13 -14
leaf_value=0.019734993015016654 0.040190342079031313 0.036420590056778369 0.0089116100661929525 -0.0086409493825288959 -0.026425528939722481 -0.007142677951307486 -0.02021919795623725 -0.010217177209063217 0.0041325485824871928 -0.029083717778579612 0.006117159282434519 0.032770487304669756 -0.036125990553311151
leaf_weight=36 37 33 39 65 35 108 65 54 33 33 35 102 33
leaf_count=36 37 33 39 65 35 108 65 54 33 33 35 102 33
internal_value=0 0.00200369 -0.00161374 0.001197 -0.00277136 -0.00368838 -0.00090584 0.00313822 0.00230535 -0.0022978 0.00591461 0.00388953 -0.00657179
internal_weight=0 358 350 102 248 209 101 257 189 141 68 135 68
internal_count=708 358 350 102 248 209 101 257 189 141 68 135 68
cat_boundaries=0 1 2 3 4
cat_threshold=18699 3162445 3984 1
is_linear=0
shrinkage=0.0111721


Tree=256
num_leaves=12
num_cat=1
split_feature=13 32 48 22 14 25 32 48 19 21 19
split_gain=15.5212 12.3132 9.05465 9.04285 7.50106 8.89255 5.98333 5.88231 4.68222 3.68385 2.83675
threshold=0 0.027973395772278312 0.4629120826721192 1.1650000214576723 7.2500000000000009 10.500000000000002 0.86078810691833507 0.77913278341293346 8.5000000000000018 30.500000000000004 7.5000000000000009
decision_type=9 8 10 8 8 8 10 10 10 2 10
left_child=3 -2 4 9 8 -6 -4 -8 -3 -1 -5
right_child=1 2 6 10 5 -7 7 -9 -10 -11 -12
leaf_value=-0.0049405859138013158 0.035742285165480621 -0.0011993362378246719 0.024633452465754865 -0.029389812301715858 -0.032658181155482767 0.012145336386196474 0.02317550812356934 -0.01297272138929473 -0.023422551378254684 0.0070630778689405767 -0.030409794532937261
leaf_weight=44 33 35 44 50 36 180 34 34 42 57 61
leaf_count=44 33 35 44 50 36 180 34 34 42 57 61
internal_value=0 0.00119701 0.000689633 -0.00241558 -0.000343168 0.000724114 0.00339152 0.00131436 -0.0033371 -0.000110612 -0.00473051
internal_weight=0 438 405 212 293 216 112 68 77 101 111
internal_count=650 438 405 212 293 216 112 68 77 101 111
cat_boundaries=0 1
cat_threshold=675425224
is_linear=0
shrinkage=0.0111721


Tree=257
num_leaves=14
num_cat=4
split_feature=13 8 33 42 48 2 28 48 20 32 19 4 25
split_gain=19.1499 8.58335 10.8788 9.55312 7.50235 9.97645 9.01108 6.11145 5.84704 5.62131 4.76029 4.33153 3.79839
threshold=0 1 1.0000000180025095e-35 17.500000000000004 0.38522107899189001 2 18.500000000000004 0.57052442431449901 222.50000000000003 0.97836256027221691 11.500000000000002 3 9.5000000000000018
decision_type=9 9 8 8 8 9 8 10 2 8 10 9 10
left_child=8 2 -2 -4 10 7 -7 -6 9 -1 -3 -10 -13
right_child=1 4 3 -5 5 6 -8 -9 11 -11 -12 12 -14
leaf_value=0.012109590328511098 -0.021872064155046628 0.014027631919515844 0.021037947388405198 -0.018999616721696009 -0.014525308163597943 -0.000698751591199312 0.021574619451958096 0.013323010997411846 -0.054854919190945442 -0.028485217568779496 0.01490050909219744 -0.00048981974049490179 -0.045584263220254176
leaf_weight=64 33 36 33 41 92 74 120 34 39 47 46 33 36
leaf_count=64 33 36 33 41 92 74 120 34 39 47 46 33 36
internal_value=0 0.00109783 -0.00162329 0.000603891 0.00184393 0.00111721 0.00262872 -0.00131436 -0.00278082 -0.00110714 0.0049048 -0.00475847 -0.00307636
internal_weight=0 509 107 74 402 320 194 126 219 111 82 108 69
internal_count=728 509 107 74 402 320 194 126 219 111 82 108 69
cat_boundaries=0 2 3 4 5
cat_threshold=277377178 64 37154 5212 1
is_linear=0
shrinkage=0.0111721


Tree=258
num_leaves=11
num_cat=2
split_feature=7 2 25 23 22 39 25 32 20 28
split_gain=12.2055 13.4873 8.49066 4.89492 6.32683 4.39404 4.58984 6.32086 3.75073 1.47054
threshold=0 1 32.500000000000007 -3.8350000381469722 11.414999961853029 0.49038106203079229 54.500000000000007 0.67242920398712169 340.50000000000006 8.5000000000000018
decision_type=9 9 10 8 10 8 8 10 2 10
left_child=8 5 3 -3 -5 -2 7 -7 9 -1
right_child=1 2 -4 4 -6 6 -8 -9 -10 -11
leaf_value=0.023020275927759494 -0.0045289022974579467 0.0036498695204996872 0.030733271083130908 -0.016746376173564597 -0.044241310906658782 0.027838814785650635 -0.035571542594086375 -0.00053275916916433494 0.0027023938506335848 0.022994914294999218
leaf_weight=34 38 44 43 228 46 118 34 55 33 34
leaf_count=34 38 44 43 228 46 118 34 55 33 34
internal_value=0 -0.000906823 -0.0022585 -0.00295111 -0.00350656 0.0010953 0.00178105 0.00251856 0.00312012 0.00492884
internal_weight=0 606 361 318 274 245 207 173 101 68
internal_count=707 606 361 318 274 245 207 173 101 68
cat_boundaries=0 1 2
cat_threshold=3293320 189194
is_linear=0
shrinkage=0.0111721


Tree=259
num_leaves=11
num_cat=2
split_feature=7 33 13 23 28 25 21 20 35 21
split_gain=15.368 12.4682 16.026 7.26266 9.07104 5.97415 4.61246 4.43012 4.26727 3.73661
threshold=0 -4.4999999999999991 1 -2.2499999999999996 19.500000000000004 23.500000000000004 34.500000000000007 139.50000000000003 6.5000000000000009 29.500000000000004
decision_type=9 10 9 10 10 8 2 2 10 2
left_child=6 2 5 7 -5 -2 9 -4 -3 -1
right_child=1 8 3 4 -6 -7 -8 -9 -10 -11
leaf_value=-0.014972140149467511 -0.027354948422553448 -0.031268191540575849 -0.013320960572325735 0.024285103767818391 -0.0075898387305731408 0.0055826180670323763 0.0042984261954891389 0.0079544232238576776 0.0026576484522642259 -0.02397684753880867
leaf_weight=55 59 52 33 235 43 50 33 41 35 39
leaf_count=55 59 52 33 235 43 50 33 41 35 39
internal_value=0 0.00116125 0.00191452 0.00302448 0.00393835 -0.00178377 -0.00301727 0 -0.0026967 -0.00451636
internal_weight=0 548 461 352 278 109 127 74 87 94
internal_count=675 548 461 352 278 109 127 74 87 94
cat_boundaries=0 1 2
cat_threshold=68420618 8916038
is_linear=0
shrinkage=0.0111721


Tree=260
num_leaves=13
num_cat=3
split_feature=7 17 8 7 26 39 32 25 24 48 49 41
split_gain=19.4307 11.9372 8.47391 9.23957 6.94194 6.56914 7.01534 5.37645 4.86864 4.41082 4.13442 1.44558
threshold=0 13.500000000000002 1 2 1.0000000180025095e-35 0.98581486940383922 0.93062433600425731 13.500000000000002 1.1650000214576723 0.60232558846473705 7.5000000000000009 10.500000000000002
decision_type=9 8 9 9 10 8 10 8 8 8 8 8
left_child=1 5 10 8 7 6 -1 -5 11 -7 -2 -4
right_child=2 -3 3 4 -6 9 -8 -9 -10 -11 -12 -13
leaf_value=0.020633300297296899 -0.010512068376113277 0.049542528352875287 -0.0028512604772088809 0.013298804783440589 -0.035549067075630755 -0.033451626100738527 -0.0018017568510849573 -0.0072596935350323546 -0.037463208191704289 0.020783836815569012 0.021317919057238136 -0.020828687687861357
leaf_weight=40 36 64 33 76 35 37 38 160 34 33 64 39
leaf_count=40 36 64 33 76 35 37 38 160 34 33 64 39
internal_value=0 0.00281818 -0.00116997 -0.00193418 -0.000755406 0.00120779 0.00343755 -9.46773e-05 -0.00462292 -0.0012768 0.00162502 -0.00341368
internal_weight=0 212 477 377 271 148 78 236 106 70 100 72
internal_count=689 212 477 377 271 148 78 236 106 70 100 72
cat_boundaries=0 1 2 3
cat_threshold=9160329 33880 134226226
is_linear=0
shrinkage=0.0111721


Tree=261
num_leaves=11
num_cat=2
split_feature=13 28 47 2 22 39 28 17 15 20
split_gain=11.5341 15.8529 7.45487 6.75576 9.58256 9.3711 5.53912 7.13471 4.63953 2.11762
threshold=0 2.5000000000000004 -1.4999999999999998 1 2.5000000000000004 0.25918047130107885 11.500000000000002 8.5000000000000018 -0.74999999999999989 222.50000000000003
decision_type=9 8 8 9 8 10 8 10 8 2
left_child=3 -2 -3 4 -1 9 8 -8 -4 -5
right_child=1 2 6 5 -6 -7 7 -9 -10 -11
leaf_value=0.0064641436904046504 0.03015114444970983 0.012181514156728551 -0.019954231446742601 0.029836828967103358 0.038224242888992767 -0.01227396973458782 -0.010988433754851215 0.019671860236535627 -0.025740842180702262 0.034331743983091474
leaf_weight=52 44 52 55 34 56 43 226 52 37 34
leaf_count=52 44 52 55 34 56 43 226 52 37 34
internal_value=0 -0.000281648 -0.000953067 0.00278082 0.00473392 0.000646315 -0.00150974 -0.00072337 -0.00388593 0.00328589
internal_weight=0 466 422 219 108 111 370 278 92 68
internal_count=685 466 422 219 108 111 370 278 92 68
cat_boundaries=0 1 2
cat_threshold=55055980 7
is_linear=0
shrinkage=0.0111721


Tree=262
num_leaves=12
num_cat=3
split_feature=13 46 7 14 27 41 19 48 13 39 15
split_gain=19.5371 8.85563 8.43633 9.12422 7.87771 7.36442 6.34265 6.0621 4.97827 5.26439 4.62897
threshold=0 0.10620300844311716 1 26.750000000000004 3.5000000000000004 1.0000000180025095e-35 3.5000000000000004 0.72783389687538158 2 0.91734972596168529 -20.499999999999996
decision_type=9 8 9 10 10 8 10 8 9 10 10
left_child=1 -1 7 5 8 -4 -7 -2 10 -10 -3
right_child=2 4 3 -5 -6 6 -8 -9 9 -11 -12
leaf_value=0.03800221498901462 -0.030377956135651814 0.018110967655575901 -0.03680799516207299 0.0092580816779062047 -0.015788230434798538 0.0042191495045821089 -0.020672261991823211 0.0092599464585838981 -0.0029772941417294642 0.023369791172732243 0.036421340378322384
leaf_weight=33 44 55 38 52 41 33 130 62 139 33 56
leaf_count=33 44 55 38 52 41 33 130 62 139 33 56
internal_value=0 0.00155252 -0.00208909 -0.00318595 0.00103445 -0.00439101 -0.00335847 0.000577863 0.00169752 0.000368308 0.00341625
internal_weight=0 357 359 253 324 201 163 106 283 172 111
internal_count=716 357 359 253 324 201 163 106 283 172 111
cat_boundaries=0 1 2 3
cat_threshold=189151839 68244481 155195464
is_linear=0
shrinkage=0.0111721


Tree=263
num_leaves=14
num_cat=3
split_feature=13 7 15 26 2 32 28 16 39 43 32 19 21
split_gain=19.9435 11.6795 9.40882 6.35248 6.10815 9.15507 8.23148 7.35575 5.70089 3.99241 3.75614 3.45767 0.896216
threshold=0 1 -4.4999999999999991 1.0000000180025095e-35 2 0.90703704953193676 9.5000000000000018 1.0000000180025095e-35 0.97419247031211864 4.2500000000000009 0.94494947791099559 70.500000000000014 33.500000000000007
decision_type=9 9 10 8 9 8 8 8 8 8 8 10 2
left_child=2 8 3 12 5 -3 9 -8 -2 -6 -4 -7 -1
right_child=1 4 10 -5 6 11 7 -9 -10 -11 -12 -13 -14
leaf_value=-0.026999120551049763 0.034169838495192457 -0.024735305779473332 0.0065151154963452949 -0.0090036351746523493 0.002696792445032372 0.011016099605491858 -0.011498235747173327 0.019966545547113482 0.012827932486608115 -0.0255225567210795 -0.0096572648737352218 -0.033779812778654404 -0.030949121584149711
leaf_weight=54 40 36 44 44 38 50 37 145 64 40 35 37 36
leaf_count=54 40 36 44 44 38 50 37 145 64 40 35 37 36
internal_value=0 0.000966597 -0.00305604 -0.00500241 2.84269e-05 -0.00193201 0.000993072 0.00233263 0.00411602 -0.00200524 -0.000141415 -0.000128411 -0.00670323
internal_weight=0 487 213 134 383 123 260 182 104 78 79 87 90
internal_count=700 487 213 134 383 123 260 182 104 78 79 87 90
cat_boundaries=0 2 3 4
cat_threshold=613452309 256 656433 42
is_linear=0
shrinkage=0.0111721


Tree=264
num_leaves=12
num_cat=3
split_feature=9 8 13 25 22 28 46 23 25 39 25
split_gain=14.8258 17.0058 10.4212 8.84272 7.53364 5.82979 5.24086 4.26765 4.13019 3.13464 2.80516
threshold=0 1 2 13.500000000000002 8.2500000000000018 19.500000000000004 0.26813118159770971 -4.7499999999999991 23.500000000000004 0.72338056564331066 23.500000000000004
decision_type=9 9 9 8 8 8 10 10 8 10 8
left_child=5 3 10 -2 6 9 -4 -6 -5 -1 -3
right_child=1 2 4 8 7 -7 -8 -9 -10 -11 -12
leaf_value=0.0080506334085041313 -0.037242024614517012 0.015758993276753574 -0.0024431185026767641 0.0043603720888917979 0.0059667842871608152 0.033063466399995814 -0.026044478464964639 0.023110114217016187 -0.018846940509605743 0.021336227463070137 0.014451639036959245
leaf_weight=38 62 55 200 37 70 33 42 41 44 34 50
leaf_count=38 62 55 200 37 70 33 42 41 44 34 50
internal_value=0 -0.000201133 0.000859389 -0.00343194 -9.23304e-05 0.00417738 -0.0012003 0.00231493 -0.00124134 0.00279301 0.00378878
internal_weight=0 601 458 143 353 105 242 111 81 72 105
internal_count=706 601 458 143 353 105 242 111 81 72 105
cat_boundaries=0 1 2 4
cat_threshold=150792 34088 134227552 128
is_linear=0
shrinkage=0.0111721


Tree=265
num_leaves=10
num_cat=2
split_feature=13 39 15 48 19 28 39 8 20
split_gain=17.3942 13.4559 9.03243 8.40424 6.99086 9.18371 11.3021 6.3562 1.35371
threshold=0 0.2128073796629906 -9.7499999999999982 0.76339712738990795 89.500000000000014 2.5000000000000004 0.62258651852607738 1 297.50000000000006
decision_type=9 8 8 10 10 10 10 9 2
left_child=4 -2 -3 7 5 8 -7 -4 -1
right_child=1 2 3 -5 -6 6 -8 -9 -10
leaf_value=0.082615876104513722 0.021214941553897245 0.011479927007744003 0.0024438764883922357 -0.018876978825937869 -0.0026991922337151115 -0.011342326046443344 0.013581648585941929 -0.017331631932848052 0.031655135607414113
leaf_weight=39 43 55 120 42 48 51 45 236 34
leaf_count=39 43 55 120 42 48 51 45 236 34
internal_value=0 -0.00101564 -0.00160306 -0.0021895 0.00270689 0.00390031 0.00162926 -0.00163187 0.00688688
internal_weight=0 496 453 398 217 169 96 356 73
internal_count=713 496 453 398 217 169 96 356 73
cat_boundaries=0 1 2
cat_threshold=119867602 10254
is_linear=0
shrinkage=0.0111721


Tree=266
num_leaves=13
num_cat=1
split_feature=28 13 25 20 17 20 20 25 28 20 19 21
split_gain=16.2073 16.0242 10.4417 8.41955 7.42634 5.87799 5.06954 3.92403 5.45599 3.5493 2.58162 1.62949
threshold=1.0000000180025095e-35 0 24.500000000000004 287.50000000000006 11.500000000000002 64.500000000000014 426.50000000000006 7.5000000000000009 16.500000000000004 231.50000000000003 136.50000000000003 32.500000000000007
decision_type=8 9 8 2 8 2 2 10 8 2 10 2
left_child=-1 3 4 7 5 -3 -5 -2 -9 -4 -11 -6
right_child=1 2 9 6 11 -7 -8 8 -10 10 -12 -13
leaf_value=0.049114876573947648 0.021361286029396638 -0.016467009021754783 0.029128499318110204 -0.0088558832248599173 -0.029336116765322426 -0.0098300951270330322 0.014169050957124146 -0.0027637386027162306 0.024378907004746042 -0.016414112006679128 0.027244576021958056 -0.023496630722454774
leaf_weight=35 38 47 48 38 34 183 59 39 40 54 40 33
leaf_count=35 38 47 48 38 34 183 59 39 40 54 40 33
internal_value=0 -0.000461938 -0.0016671 0.00199501 -0.00289646 -0.00194297 -0.000345525 0.00410597 0.00268695 0.000786763 -0.000475404 -0.00616964
internal_weight=0 653 439 214 297 230 97 117 79 142 94 67
internal_count=688 653 439 214 297 230 97 117 79 142 94 67
cat_boundaries=0 1
cat_threshold=749614
is_linear=0
shrinkage=0.0111721


Tree=267
num_leaves=15
num_cat=2
split_feature=13 21 19 7 19 42 42 19 33 19 14 32 15 19
split_gain=20.551 9.23861 11.6859 7.27584 10.7412 7.94525 6.13626 5.01955 4.38276 4.61541 3.15074 2.52346 1.54192 1.41
threshold=0 35.500000000000007 212.50000000000003 1 118.50000000000001 24.500000000000004 10.500000000000002 10.500000000000002 -5.4999999999999991 48.500000000000007 3.5000000000000004 0.46225070953369146 -19.499999999999996 129.50000000000003
decision_type=9 2 8 9 10 8 10 8 10 8 10 8 10 10
left_child=6 3 10 7 5 -5 8 -2 9 11 -3 -1 -9 -11
right_child=1 2 -4 4 -6 -7 -8 12 -10 13 -12 -13 -14 -15
leaf_value=-0.014095015526285726 0.029169781213696497 -0.017228900869042468 0.056184568411776784 -0.0093425041496921369 -0.033413399768799888 0.010511961548512864 -0.020114187321506185 -0.00081976520694447097 -0.01939483105199984 -0.046083086226300356 0.020786764013327151 0.0084344449222500169 0.014403261591724668 -0.0062629959780993189
leaf_weight=38 34 39 39 119 39 167 45 35 33 38 36 33 33 35
leaf_count=38 34 39 39 119 39 167 45 35 33 38 36 33 33 35
internal_value=0 0.00107463 0.00392002 0.000340133 -0.000500241 0.000234378 -0.00288933 0.00279301 -0.00208293 -0.00124134 0.00134064 0.00078676 0.00131436 -0.00321388
internal_weight=0 541 114 427 325 286 222 102 177 144 75 71 68 73
internal_count=763 541 114 427 325 286 222 102 177 144 75 71 68 73
cat_boundaries=0 1 2
cat_threshold=1368712464 1577
is_linear=0
shrinkage=0.0111721


Tree=268
num_leaves=12
num_cat=2
split_feature=13 25 8 35 21 32 23 25 23 27 19
split_gain=19.2489 9.21289 7.83486 7.22058 7.63332 6.18447 6.0622 5.06648 4.33355 2.22219 2.58585
threshold=0 27.500000000000004 1 10.500000000000002 27.500000000000004 0.61200717091560375 -0.93000000715255726 5.5000000000000009 -0.43000000715255732 1.5000000000000002 101.00000000000001
decision_type=9 10 9 8 2 8 8 10 8 8 8
left_child=5 2 8 -4 -5 -1 7 -7 -2 -8 -11
right_child=1 -3 3 4 -6 6 9 -9 -10 10 -12
leaf_value=-0.0042991960404574906 0.016095334090775192 0.012282102074079001 -0.026620941892118413 -0.022455399341778672 -0.0051017352641725237 0.0086214378597626231 0.015615543206492688 0.030677971989004304 -0.0074695826530470936 -0.0067333671027364067 0.026769477797304875
leaf_weight=55 46 62 55 38 90 40 36 59 63 44 100
leaf_count=55 46 62 55 38 90 40 36 59 63 44 100
internal_value=0 -0.00135047 -0.00221911 -0.00353107 -0.00226932 0.00233834 0.00308333 0.0053039 0.000281646 0.00186201 0.00124134
internal_weight=0 354 292 183 128 334 279 99 109 180 144
internal_count=688 354 292 183 128 334 279 99 109 180 144
cat_boundaries=0 2 3
cat_threshold=323004663 132 1167
is_linear=0
shrinkage=0.0111721


Tree=269
num_leaves=13
num_cat=2
split_feature=13 10 44 32 19 14 18 17 14 17 19 20
split_gain=15.7072 10.1527 6.99196 7.59266 9.82695 6.22623 5.44534 4.77016 3.86994 3.78666 3.91822 0.753496
threshold=0 1 3.5000000000000004 0.96128869056701671 8.5000000000000018 3.5000000000000004 1.0000000180025095e-35 10.500000000000002 7.2500000000000009 12.500000000000002 115.00000000000001 318.50000000000006
decision_type=9 9 10 10 8 10 10 8 10 8 10 2
left_child=5 7 3 4 -3 9 -7 -2 -5 -1 11 -11
right_child=1 2 -4 8 -6 6 -8 -9 -10 10 -12 -13
leaf_value=-0.022022526994306908 -0.019500879192708293 0.023985006332214714 0.023714063816987648 -0.016510471690921041 0.010095450600198319 0.0082127928093670213 -0.028184478463281096 0.008713070878265082 0.0045802767800383372 -0.0074826777197184897 -0.033643895795476067 0.0011345516909092319
leaf_weight=41 63 53 44 34 219 50 35 41 38 33 40 34
leaf_count=41 63 53 44 34 219 50 35 41 38 33 40 34
internal_value=0 0.00102373 0.00185265 0.00136403 0.00221798 -0.0024367 -0.000131433 -0.00196001 -0.00186201 -0.00392532 -0.00281912 -0.00116723
internal_weight=0 492 388 344 272 233 85 104 72 148 107 67
internal_count=725 492 388 344 272 233 85 104 72 148 107 67
cat_boundaries=0 1 2
cat_threshold=1544924228 8649
is_linear=0
shrinkage=0.0111721


Tree=270
num_leaves=17
num_cat=1
split_feature=2 17 23 28 35 36 35 49 21 25 20 20 17 19 33 19
split_gain=21.3846 9.91632 11.6132 6.85913 5.4277 4.69167 4.3759 4.23246 4.14777 3.612 3.43042 3.22677 2.72575 2.49729 2.42253 1.86068
threshold=0 5.5000000000000009 -5.2499999999999991 1.0000000180025095e-35 11.500000000000002 4.2500000000000009 12.500000000000002 7.5000000000000009 32.500000000000007 12.500000000000002 212.50000000000003 186.50000000000003 9.5000000000000018 72.500000000000014 -9.4999999999999982 8.5000000000000018
decision_type=9 10 10 10 10 8 8 8 2 10 2 2 10 10 10 10
left_child=3 2 11 8 12 7 -4 14 9 -1 -8 -2 -3 -10 -5 -6
right_child=1 4 6 5 15 -7 10 -9 13 -11 -12 -13 -14 -15 -16 -17
leaf_value=-0.018030768445765035 0.031370963969297658 0.036793976699371511 -0.015040113925795373 -0.011081353466236642 -0.0059807897608929426 -0.033793563403381237 -0.023796736399878903 -0.021944636058357305 -0.051137102679244345 0.021321958509918471 0.0078379630396604155 0.01310735453118103 0.04067156675397697 -0.010173769344715458 0.005647790768562041 0.014653334430966057
leaf_weight=49 38 46 47 35 34 42 33 45 37 50 83 33 34 49 34 33
leaf_count=49 38 46 47 35 34 42 33 45 37 50 83 33 34 49 34 33
internal_value=0 0.00185725 0.000477438 -0.00194158 0.00418002 -0.00372402 -0.00116518 -0.00254801 -0.000543504 0.00101564 0 0.00424852 0.00614463 -0.00233833 -0.000809565 0.00183421
internal_weight=0 381 234 341 147 156 163 114 185 99 116 71 80 86 69 67
internal_count=722 381 234 341 147 156 163 114 185 99 116 71 80 86 69 67
cat_boundaries=0 1
cat_threshold=398633
is_linear=0
shrinkage=0.0111721


Tree=271
num_leaves=13
num_cat=3
split_feature=13 20 16 28 8 2 32 35 32 35 28 19
split_gain=20.1714 12.3119 11.1317 6.6507 6.20596 9.14829 4.84038 4.76256 4.38613 3.84418 2.84978 2.17417
threshold=0 55.500000000000007 1.7500000000000002 7.5000000000000009 1 2 0.42928571999073034 4.5000000000000009 0.46225070953369146 10.500000000000002 1.0000000180025095e-35 54.000000000000007
decision_type=9 2 10 10 9 9 10 10 8 10 10 8
left_child=2 -2 3 11 9 6 -6 -4 -7 10 -3 -1
right_child=1 4 7 -5 5 8 -8 -9 -10 -11 -12 -13
leaf_value=0.043522640944382865 -0.030948078210235003 -0.017643322471588171 -0.025539710347102992 0.0052818191808509185 0.031425619038507449 -0.030091247355793493 -0.0078346889593647277 0.0030488128629319079 -0.0077935789317816083 -0.0096909534913449755 -0.016943750513921309 0.04254323195865832
leaf_weight=47 54 54 38 46 67 38 35 35 150 35 45 50
leaf_count=47 54 54 38 46 67 38 35 35 150 35 45 50
internal_value=0 -0.00196885 0.00207622 0.00398444 -0.00137016 -0.000372401 0.00219451 -0.00137737 -0.00180559 -0.00325852 -0.00462681 0.00564361
internal_weight=0 478 216 143 424 290 102 73 188 134 99 97
internal_count=694 478 216 143 424 290 102 73 188 134 99 97
cat_boundaries=0 1 2 3
cat_threshold=169364904 2161 8714
is_linear=0
shrinkage=0.0111721


Tree=272
num_leaves=16
num_cat=2
split_feature=13 42 39 23 15 19 13 28 49 34 40 19 32 15 15
split_gain=23.0549 10.7154 10.2704 9.12656 8.12743 5.59925 7.13867 4.97334 4.46997 3.80676 3.77841 3.43286 2.82681 1.79924 0.969671
threshold=0 12.500000000000002 0.39713065326213842 -1.8199999928474424 -15.749999999999998 11.500000000000002 1 8.5000000000000018 7.5000000000000009 1.0000000180025095e-35 -1.4999999999999998 6.5000000000000009 0.98709622025489818 -44.499999999999993 -3.7499999999999996
decision_type=9 10 10 8 10 10 9 8 8 8 8 8 8 10 8
left_child=1 2 4 7 -1 9 8 -2 -7 11 -4 -5 -11 -8 -9
right_child=3 -3 10 5 -6 6 13 14 -10 12 -12 -13 -14 -15 -16
leaf_value=-0.02981080990356974 0.0200513413201494 0.013655842209469056 -0.017410421834486843 -0.0013371992209604906 0.015014520704552526 0.0052207085209645737 0.018654007025676291 -0.01724639698617144 -0.008111962849325376 0.045554117277258485 -0.031688164944381862 0.018468568139121663 0.021306921038937388 0.018500143155674262 -0.025709168033243135
leaf_weight=56 41 45 35 34 35 39 68 33 64 34 43 33 85 88 33
leaf_count=56 41 45 35 34 35 39 68 33 64 34 43 33 85 88 33
internal_value=0 -0.00249376 -0.00390031 0.00174936 -0.00135047 0.00248547 0.00142347 -0.00114853 -0.000889808 0.00396428 -0.00687511 0.00183421 0.00516356 0.00282667 -0.00304692
internal_weight=0 214 169 552 91 445 259 107 103 186 78 67 119 156 66
internal_count=766 214 169 552 91 445 259 107 103 186 78 67 119 156 66
cat_boundaries=0 2 3
cat_threshold=140750896 16 33556684
is_linear=0
shrinkage=0.0111721


Tree=273
num_leaves=13
num_cat=2
split_feature=7 2 19 46 27 28 48 32 25 20 21 32
split_gain=21.512 10.1022 9.6777 7.30717 6.02891 5.34219 5.279 5.51467 7.52938 4.31337 3.43926 3.32413
threshold=0 1 10.500000000000002 0.6569296419620515 1.0000000180025095e-35 15.500000000000002 0.67681795358657848 0.033060109242796905 26.500000000000004 327.50000000000006 30.500000000000004 0.59517836570739757
decision_type=9 9 10 8 10 8 10 10 8 2 2 10
left_child=3 2 -2 -1 5 -5 7 8 -3 -4 -7 -9
right_child=1 6 9 4 -6 10 -8 11 -10 -11 -12 -13
leaf_value=0.02371700048083266 0.017809288193349211 0.0038340060816881762 0.0047368384948149409 0.022281180344457349 -0.013233032494411526 -0.015952531951259449 -0.002989124010561295 -0.044393680543878641 -0.029365093668360286 -0.026505450759343491 0.020324438281810051 -0.023519020681032239
leaf_weight=49 48 68 50 38 35 49 61 34 68 51 47 86
leaf_count=49 48 68 50 38 35 49 61 34 68 51 47 86
internal_value=0 -0.0019246 0.00049185 0.00225401 0.00125603 0.00233446 -0.00304072 -0.0038404 -0.00230013 -0.00143799 0.000931002 -0.00558603
internal_weight=0 466 149 218 169 134 317 256 136 101 96 120
internal_count=684 466 149 218 169 134 317 256 136 101 96 120
cat_boundaries=0 1 2
cat_threshold=31118476 49930
is_linear=0
shrinkage=0.0111721


Tree=274
num_leaves=16
num_cat=1
split_feature=7 20 20 17 18 32 21 33 23 25 32 39 49 19 20
split_gain=21.778 9.91665 9.07514 8.99761 8.36682 6.78642 8.35604 6.70434 7.32778 6.36513 6.17036 5.79867 4.04414 2.36378 1.78193
threshold=0 305.50000000000006 181.50000000000003 4.5000000000000009 1.0000000180025095e-35 0.95683228969573986 30.500000000000004 -9.4999999999999982 -0.93000000715255726 31.500000000000004 0.36088341474533087 0.98229950666427623 5.5000000000000009 72.500000000000014 558.50000000000011
decision_type=9 2 2 8 8 8 2 10 8 8 10 8 10 10 2
left_child=3 2 7 -1 11 10 -7 8 -2 12 -5 -4 13 -3 -11
right_child=1 9 4 5 -6 6 -8 -9 -10 14 -12 -13 -14 -15 -16
leaf_value=-0.0080575244856288235 2.6062012334472506e-05 -0.026986267300505535 0.022830970145742389 0.0084796449395127815 0.019507688913957984 -0.0038222069669350449 0.031443445428200538 0.0060223442569614155 -0.020693626549099932 0.0093978274596452239 0.033788673670227261 -0.018687793983553871 -0.01121527818739099 -0.038270194845317691 -0.028596420778683854
leaf_weight=46 62 42 37 33 49 47 44 34 81 33 41 33 34 36 34
leaf_count=46 62 42 37 33 49 47 44 34 81 33 41 33 34 36 34
internal_value=0 -0.00145122 -0.00022646 0.00278038 0.0021593 0.00413028 0.00208708 -0.00183045 -0.00289067 -0.00355758 0.00664284 -0.000319197 -0.00518703 -0.00658865 -0.000833731
internal_weight=0 475 296 211 119 165 91 177 143 179 74 70 112 78 67
internal_count=686 475 296 211 119 165 91 177 143 179 74 70 112 78 67
cat_boundaries=0 1
cat_threshold=4363724
is_linear=0
shrinkage=0.0111721


Tree=275
num_leaves=10
num_cat=2
split_feature=1 8 32 48 14 25 19 20 35
split_gain=22.9624 11.8099 9.62859 7.76982 4.93846 4.74971 5.41168 4.57164 5.78454
threshold=0 1 0.98648402094841015 0.38688170909881597 10.500000000000002 25.500000000000004 9.5000000000000018 83.500000000000014 13.500000000000002
decision_type=9 9 10 10 10 10 8 2 8
left_child=3 4 7 -1 5 6 -2 -3 -9
right_child=1 2 -4 -5 -6 -7 -8 8 -10
leaf_value=-0.027419932184209794 0.0219642002287012 -0.020546900177053098 0.026203958026483728 -0.012985060590847825 0.02362800082930936 0.049281172531483751 -0.0018944872677956871 0.023679942691186819 -0.0012217067473748982
leaf_weight=43 48 49 37 57 40 50 75 34 273
leaf_count=43 48 49 37 57 40 50 75 34 273
internal_value=0 0.00148719 0.000304944 -0.00406257 0.00355702 0.00290603 0.00172576 -0.000251057 0.000254737
internal_weight=0 606 393 100 213 173 123 356 307
internal_count=706 606 393 100 213 173 123 356 307
cat_boundaries=0 1 2
cat_threshold=10258 2994
is_linear=0
shrinkage=0.0111721


Tree=276
num_leaves=12
num_cat=1
split_feature=7 21 50 28 25 32 41 28 15 21 25
split_gain=21.3132 7.85056 9.90271 9.49495 8.6481 5.1563 6.22675 4.50882 3.58665 3.10799 5.05245
threshold=0 39.500000000000007 0.86607143282890331 8.5000000000000018 21.500000000000004 0.57853618264198314 2.5000000000000004 8.5000000000000018 -3.2499999999999996 31.500000000000004 28.500000000000004
decision_type=9 2 8 8 8 10 8 8 10 2 8
left_child=5 2 7 8 -5 9 -7 -2 -4 10 -1
right_child=1 -3 3 4 -6 6 -8 -9 -10 -11 -12
leaf_value=0.0012882534445575636 -0.018983199865204105 -0.016662079843858642 0.016487162378225971 -0.010395736832771138 0.0096288003498938655 -0.018129835839495873 0.010025031633424783 -0.027627026527359235 0.014326746459478935 0.020541297900579174 0.052880448466951405
leaf_weight=53 37 43 37 178 163 34 55 42 34 58 34
leaf_count=53 37 43 37 178 163 34 55 42 34 58 34
internal_value=0 -0.000862549 -0.000477827 0.000216933 -0.000556964 0.00311353 0.00112976 -0.00410113 0.00393382 0.00454587 0.00321036
internal_weight=0 534 491 412 341 234 89 79 71 145 87
internal_count=768 534 491 412 341 234 89 79 71 145 87
cat_boundaries=0 1
cat_threshold=1157662636
is_linear=0
shrinkage=0.0111721


Tree=277
num_leaves=12
num_cat=1
split_feature=13 20 20 25 19 42 16 35 25 14 20
split_gain=16.4972 10.6734 10.9945 6.67972 9.33535 6.11171 10.1607 3.88301 2.63911 2.04993 2.30001
threshold=0 68.500000000000014 275.50000000000006 27.500000000000004 5.5000000000000009 11.500000000000002 15.250000000000002 11.500000000000002 26.500000000000004 11.250000000000002 374.50000000000006
decision_type=9 2 2 10 8 10 8 8 8 10 2
left_child=5 -2 3 4 -3 6 7 -1 -8 10 -4
right_child=1 2 9 -5 -6 -7 8 -9 -10 -11 -12
leaf_value=0.035788285521238701 -0.014563801312524457 -0.020686062077350242 -0.024788024126944065 0.033944673573650927 0.012460883309022718 -0.0020676613195399012 -0.0239856729069409 0.021512326389023895 0.047752950451165233 -0.0058606406660150602 -0.028001358512919558
leaf_weight=33 60 36 38 38 159 37 37 59 51 43 72
leaf_count=33 60 36 38 38 159 37 37 59 51 43 72
internal_value=0 -0.00117601 -0.000520977 0.00100692 0.000171876 0.00251002 0.00347575 0.00607177 0.000761728 -0.00284778 -0.00365631
internal_weight=0 446 386 233 195 217 180 92 88 153 110
internal_count=663 446 386 233 195 217 180 92 88 153 110
cat_boundaries=0 1
cat_threshold=1006651725
is_linear=0
shrinkage=0.0111721


Tree=278
num_leaves=12
num_cat=2
split_feature=13 32 19 26 7 19 17 25 19 48 33
split_gain=15.6736 11.3128 9.73842 10.3773 7.57301 10.1157 9.10395 4.88256 3.30798 4.98644 3.16785
threshold=0 0.29616476595401769 168.50000000000003 1.0000000180025095e-35 1 88.000000000000014 11.500000000000002 10.500000000000002 75.500000000000014 0.32719972729682928 -3.4999999999999996
decision_type=9 10 10 10 9 10 8 10 8 10 10
left_child=1 8 3 4 6 -6 -2 -3 -1 -10 -5
right_child=2 7 -4 10 5 -7 -8 -9 9 -11 -12
leaf_value=0.045164882794340638 0.021993799283369544 -0.016984971323157405 -0.036498100302771556 -0.034612023758073103 -0.0064373260663940024 0.019406417088772662 -0.022394842486318248 0.010709756133345653 0.011154932824653699 0.038255176696081784 -0.015040760164043035
leaf_weight=45 59 33 42 34 260 39 41 37 65 37 33
leaf_count=45 59 33 42 34 260 39 41 37 65 37 33
internal_value=0 0.00231316 -0.00120779 -0.00076718 -8.39998e-05 -0.000976199 0.00243754 -0.0012768 0.00418002 0.00306684 -0.00483566
internal_weight=0 217 508 466 399 299 100 70 147 102 67
internal_count=725 217 508 466 399 299 100 70 147 102 67
cat_boundaries=0 2 3
cat_threshold=259260553 130 3162249
is_linear=0
shrinkage=0.0111721


Tree=279
num_leaves=15
num_cat=2
split_feature=13 28 27 2 19 43 14 14 48 16 25 25 32 25
split_gain=12.7424 12.5045 8.43182 7.93626 9.38042 6.2917 7.44866 5.84782 5.69356 5.43028 5.33647 3.22742 4.49997 2.54542
threshold=0 16.500000000000004 10.500000000000002 1 94.000000000000014 5.5000000000000009 21.500000000000004 3.5000000000000004 0.69920635223388683 1.2500000000000002 13.500000000000002 28.500000000000004 0.1155870445072651 41.500000000000007
decision_type=9 10 8 9 8 8 8 10 8 8 10 8 10 8
left_child=1 2 8 9 5 6 -5 -7 -1 -2 -6 12 -11 -4
right_child=3 -3 13 4 10 7 -8 -9 -10 11 -12 -13 -14 -15
leaf_value=-0.035484054621472354 0.015502718266330824 0.017018900998659835 0.00088695341650419149 -0.0096662691827668519 0.02475480413608901 -0.020716676685190488 0.0086531955816388749 -0.038785381137242184 0.010092010302520625 -0.028802055353204566 -0.020743786061389782 0.016606965628404666 0.0017360647908098346 0.0310588203927766
leaf_weight=41 56 44 63 50 48 48 33 68 35 40 42 64 50 36
leaf_count=41 56 44 63 50 48 48 33 68 35 40 42 64 50 36
internal_value=0 0.00170752 0.000446881 -0.00147059 -0.0026529 -0.00409829 -0.00174984 -0.00577865 -0.00235201 0.000203127 0.000248265 -0.000870549 -0.00223441 0.00259553
internal_weight=0 219 175 499 289 199 83 116 76 210 90 154 90 99
internal_count=718 219 175 499 289 199 83 116 76 210 90 154 90 99
cat_boundaries=0 1 2
cat_threshold=85377858 16570
is_linear=0
shrinkage=0.0111721


Tree=280
num_leaves=13
num_cat=2
split_feature=7 15 28 13 28 15 25 25 28 16 16 24
split_gain=16.6774 13.8693 10.3208 8.57933 8.03428 6.53889 5.30192 4.16659 4.10748 4.55977 3.02495 2.72219
threshold=0 -5.7499999999999991 13.500000000000002 1 1.5000000000000002 -8.7499999999999982 38.500000000000007 24.500000000000004 9.5000000000000018 2.7500000000000004 1.2500000000000002 0.76500001549720775
decision_type=9 8 10 9 10 8 8 8 10 10 8 10
left_child=1 -1 4 7 6 -5 -3 11 9 -7 -10 -2
right_child=3 2 -4 5 -6 8 -8 -9 10 -11 -12 -13
leaf_value=-0.019739511419224136 0.019290985664252865 0.023135614849466662 0.013037424537162581 -0.01773862062546603 -0.021556875320125051 0.016219927130354736 -0.038640376486127503 0.043757271924181697 -0.023196346113603602 -0.0011444802041089208 0.0069826471603491253 0.019322366899278316
leaf_weight=55 36 51 50 44 48 164 34 36 44 45 38 36
leaf_count=55 36 51 50 44 48 164 34 36 44 45 38 36
internal_value=0 -0.00171185 -0.000305246 0.001899 -0.00193201 0.000939101 0.000131433 0.00454457 0.00157407 0.00240547 -0.000544975 0.00341368
internal_weight=0 238 183 443 133 335 85 108 291 209 82 72
internal_count=681 238 183 443 133 335 85 108 291 209 82 72
cat_boundaries=0 1 2
cat_threshold=39598371 809501986
is_linear=0
shrinkage=0.0111721


Tree=281
num_leaves=13
num_cat=2
split_feature=7 37 28 8 27 21 16 48 48 19 20 21
split_gain=23.464 11.4246 8.29503 7.33934 6.85698 5.75825 5.5084 3.74176 3.51177 3.45096 3.87875 3.17578
threshold=0 4.5000000000000009 1.0000000180025095e-35 1 4.5000000000000009 27.500000000000004 3.7500000000000004 0.49735587835311895 0.50087109208107006 25.000000000000004 218.50000000000003 29.500000000000004
decision_type=9 10 10 9 10 2 8 10 8 10 2 2
left_child=2 3 11 9 7 -5 -7 -4 -3 10 -2 -1
right_child=1 8 4 5 -6 6 -8 -9 -10 -11 -12 -13
leaf_value=0.050055428428027599 0.0061119467159756989 -0.028081327407422866 -0.0053114701228947998 -0.0070370093267607464 0.018473849755991426 0.0075604971360598476 -0.011192427887196141 0.0047555772314405425 -0.011816044512036683 -0.011335144420291527 0.022950132577386262 0.037265413853898123
leaf_weight=35 33 33 64 55 33 66 117 37 56 34 33 65
leaf_count=35 33 33 64 55 33 66 117 37 56 34 33 65
internal_value=0 -0.00130383 0.00302195 -0.000396641 0.00133398 -0.00144156 -0.000549444 -0.000110612 -0.00489562 0.00203128 0.00372401 0.00558603
internal_weight=0 427 234 338 134 238 183 101 89 100 66 100
internal_count=661 427 234 338 134 238 183 101 89 100 66 100
cat_boundaries=0 1 2
cat_threshold=4887674 1620
is_linear=0
shrinkage=0.0111721


Tree=282
num_leaves=12
num_cat=2
split_feature=13 7 35 42 44 39 17 46 20 23 49
split_gain=24.4602 12.5115 9.61796 6.42302 5.67462 5.57488 6.30283 5.55055 5.16777 2.66361 2.51279
threshold=0 1 5.5000000000000009 15.500000000000002 2.5000000000000004 0.11278963834047319 6.5000000000000009 0.53984129428863536 277.50000000000006 -1.0000000180025095e-35 5.5000000000000009
decision_type=9 9 8 8 10 10 10 10 2 10 10
left_child=4 7 -3 -4 5 6 9 10 -5 -1 -2
right_child=1 2 3 8 -6 -7 -8 -9 -10 -11 -12
leaf_value=0.020160392397096341 0.067549047519821742 0.013957781751727927 -0.030483971833272613 -0.004742228675340715 0.023064133625344971 -0.0018833629575630549 0.042217153187825512 -0.0029059433301810186 -0.029139437145662174 0.010334118825839409 0.012085563607680228
leaf_weight=44 39 45 52 145 34 59 33 34 123 47 39
leaf_count=44 39 45 52 145 34 59 33 34 123 47 39
internal_value=0 -0.00153702 -0.00253233 -0.00328179 0.00290375 0.00225883 0.00360389 0.00164833 -0.00258458 0.00208708 0.00343755
internal_weight=0 477 365 320 217 183 124 112 268 91 78
internal_count=694 477 365 320 217 183 124 112 268 91 78
cat_boundaries=0 2 3
cat_threshold=2162756133 96 3369
is_linear=0
shrinkage=0.0111721


Tree=283
num_leaves=13
num_cat=2
split_feature=7 14 28 22 46 2 28 46 34 16 25 20
split_gain=11.6523 7.96779 6.54764 6.43298 6.06064 5.63253 5.4306 5.42577 6.72806 5.18619 4.74043 0.242418
threshold=0 4.5000000000000009 6.5000000000000009 22.250000000000004 0.11483516544103624 1 18.500000000000004 0.047845978289842613 4.2500000000000009 1.7500000000000002 22.500000000000004 144.50000000000003
decision_type=9 8 10 10 10 9 8 10 8 10 8 2
left_child=7 6 3 5 -4 -3 11 8 -1 -9 -10 -2
right_child=1 2 4 -5 -6 -7 -8 9 10 -11 -12 -13
leaf_value=0.017852967231228853 0.0078867791412041369 0.02282048479469698 -0.02756210848393191 -0.02805505578108285 -0.0010289435050864206 -0.0027178140861316784 0.026512446220072389 -0.013058522302279846 -0.018614419967280575 -0.0058063103693117004 -0.0091505764920516274 0.00020926706397494504
leaf_weight=38 33 137 34 34 43 117 54 42 34 55 41 33
leaf_count=38 33 137 34 34 43 117 54 42 34 55 41 33
internal_value=0 0.000654525 -0.000153041 0.000620669 -0.00304692 0.00123157 0.00316542 -0.00243754 -0.000889808 -0.00449186 -0.00283025 0.00101564
internal_weight=0 485 365 288 77 254 120 210 113 97 75 66
internal_count=695 485 365 288 77 254 120 210 113 97 75 66
cat_boundaries=0 1 2
cat_threshold=6622124 13
is_linear=0
shrinkage=0.0111721


Tree=284
num_leaves=13
num_cat=2
split_feature=13 7 20 22 16 21 33 19 23 23 35 20
split_gain=21.2107 13.4725 7.63898 8.80786 7.35843 6.36288 4.53018 6.51485 3.40452 3.73027 5.17961 2.90746
threshold=0 1 327.50000000000006 1.1650000214576723 2.7500000000000004 30.500000000000004 -1.0000000180025095e-35 16.500000000000004 -4.7499999999999991 -1.0000000180025095e-35 17.500000000000004 218.50000000000003
decision_type=9 9 2 8 10 2 8 8 10 10 8 2
left_child=2 11 8 -4 6 -6 -3 -8 -1 -10 -11 -2
right_child=1 4 3 -5 5 -7 7 -9 9 10 -12 -13
leaf_value=0.0028357885891458802 0.002218895887508059 0.0090209227734315937 -0.0095281139772431505 0.02057919685849564 -0.0074318026901742697 -0.035881024006652822 -0.019156591801919236 -0.0077291678785976255 0.028685587692827724 0.0065842661949112773 0.035489250387594838 0.022199360251996418
leaf_weight=33 59 34 47 35 39 53 55 161 41 33 34 45
leaf_count=33 59 34 47 35 39 53 55 161 41 33 34 45
internal_value=0 -0.00102901 0.00311667 0.000544975 -0.00209476 -0.00485741 -0.00116189 -0.00175856 0.0048333 0.00579292 0.00416867 0.00235201
internal_weight=0 446 223 82 342 92 250 216 141 108 67 104
internal_count=669 446 223 82 342 92 250 216 141 108 67 104
cat_boundaries=0 1 2
cat_threshold=1245939890 2120225
is_linear=0
shrinkage=0.0111721


Tree=285
num_leaves=13
num_cat=2
split_feature=13 21 2 21 46 32 42 22 16 20 32 24
split_gain=14.9176 10.7312 8.46391 9.37258 9.38192 7.00241 6.51936 5.5079 5.4718 5.19287 5.0507 4.75591
threshold=0 28.500000000000004 1 31.500000000000004 0.92619824409484874 0.98726060986518871 4.5000000000000009 1.1650000214576723 15.250000000000002 292.50000000000006 0.95488464832305919 1.1650000214576723
decision_type=9 2 9 2 8 8 10 8 8 2 8 8
left_child=1 8 5 4 -4 -2 7 -5 -1 -6 -3 -12
right_child=2 10 3 6 9 -7 -8 -9 -10 -11 11 -13
leaf_value=-0.022154251343703159 0.017531312679022578 -0.026073547676692364 0.020306723234044526 0.036320404501462927 0.0038851629177306373 -0.021578973629686676 0.0018583729502156432 0.023886205104845671 -0.0096049697281263349 -0.015916505719952158 0.02100493056833478 -0.016902244533370751
leaf_weight=44 49 39 56 67 88 60 43 62 41 61 60 37
leaf_count=44 49 39 56 67 88 60 43 62 41 61 60 37
internal_value=0 -0.00217638 0.00126136 0.00204966 0.00049048 -0.00140824 0.00402714 0.00528291 -0.00538887 -0.000974742 -0.000328588 0.00103658
internal_weight=0 221 486 377 205 109 172 129 85 149 136 97
internal_count=707 221 486 377 205 109 172 129 85 149 136 97
cat_boundaries=0 2 3
cat_threshold=74745477 8 13616
is_linear=0
shrinkage=0.0111721


Tree=286
num_leaves=14
num_cat=3
split_feature=13 16 2 21 20 20 39 48 2 49 25 32 14
split_gain=26.1788 13.3824 7.64044 6.60542 5.50966 5.41949 5.60978 5.31454 6.28126 7.3812 4.64923 4.27734 0.969604
threshold=0 4.5000000000000009 1 31.500000000000004 104.50000000000001 436.50000000000006 0.97530490159988414 0.22902098298072818 2 1.5000000000000002 15.500000000000002 1.0000000180025095e-35 18.500000000000004
decision_type=9 10 9 2 2 2 8 8 9 10 10 10 8
left_child=1 5 3 4 -2 6 10 -4 9 -9 -1 -10 -8
right_child=2 -3 7 -5 -6 -7 12 8 11 -11 -12 -13 -14
leaf_value=0.00028658083777577663 -0.024765620646385583 -0.010252721612042477 -0.014537795484419464 -0.031884731350013976 -0.0022639453843434198 0.00010544847105452366 0.023217799601755247 -0.021202561845552446 0.028173818089244407 0.0048557118019435519 0.016735912042279383 -0.0022896450168169943 0.034782709666835436
leaf_weight=35 37 55 35 37 48 33 33 89 95 70 52 45 33
leaf_count=35 37 55 35 37 48 33 33 89 95 70 52 45 33
internal_value=0 0.00289316 -0.00158231 -0.00389329 -0.00249728 0.0044448 0.00533046 -0.000649538 -0.000186823 -0.00165267 0.00346719 0.00148961 0.00778658
internal_weight=0 241 456 122 85 186 153 334 299 159 87 140 66
internal_count=697 241 456 122 85 186 153 334 299 159 87 140 66
cat_boundaries=0 2 3 4
cat_threshold=402821946 1 17218 4117
is_linear=0
shrinkage=0.0111721


Tree=287
num_leaves=8
num_cat=1
split_feature=39 14 2 20 48 46 24
split_gain=16.85 12.6785 10.2573 8.82474 9.99654 3.8654 2.93164
threshold=0.048809524625539787 61.500000000000007 0 498.50000000000006 0.097167581319808974 0.43232700228691107 0.34500001370906835
decision_type=8 10 9 2 8 10 10
left_child=-1 2 5 4 -4 6 -2
right_child=1 -3 3 -5 -6 -7 -8
leaf_value=0.056764230070104178 -0.00079526717452018932 -0.030368491158107955 -0.0058139825189030703 -0.027782157030214517 0.013218201700238656 -0.011616136919456788 -0.022393154597313104
leaf_weight=43 121 38 48 52 293 45 51
leaf_count=43 121 38 48 52 293 45 51
internal_value=0 -0.00020689 0.000183148 0.0012475 0.001933 -0.00172256 -0.00103926
internal_weight=0 648 610 393 341 217 172
internal_count=691 648 610 393 341 217 172
cat_boundaries=0 1
cat_threshold=40248
is_linear=0
shrinkage=0.0111721


Tree=288
num_leaves=12
num_cat=1
split_feature=13 17 35 22 25 49 34 19 43 17 21
split_gain=13.0859 9.15398 7.93449 12.486 7.70794 6.25439 4.39403 6.60762 3.97945 3.21643 2.42543
threshold=0 2.5000000000000004 14.500000000000002 10.164999961853029 24.500000000000004 9.5000000000000018 3.5000000000000004 20.500000000000004 2.5000000000000004 4.5000000000000009 30.500000000000004
decision_type=9 8 10 8 10 10 8 8 8 10 2
left_child=2 -2 3 4 9 6 8 -8 -3 -1 -7
right_child=1 5 -4 -5 -6 10 7 -9 -10 -11 -12
leaf_value=-0.031499880737327512 -0.013175372771698949 -0.0084563829814454927 0.005653314838972346 0.017447162062049566 -0.0090861590945262964 0.027774413790298602 0.016111801834932379 0.014868852324057803 0.0055761271546584702 -0.03679158879789534 0.012241559399912753
leaf_weight=35 56 73 41 53 43 44 59 160 45 39 34
leaf_count=35 56 73 41 53 43 44 59 160 45 39 34
internal_value=0 0.00141683 -0.00187044 -0.00302303 -0.00506085 0.00201905 0.00135921 0.00229563 -0.000378712 -0.00724674 0.00486987
internal_weight=0 471 211 170 117 415 337 219 118 74 78
internal_count=682 471 211 170 117 415 337 219 118 74 78
cat_boundaries=0 2
cat_threshold=292586122 1025
is_linear=0
shrinkage=0.0111721


Tree=289
num_leaves=10
num_cat=3
split_feature=7 9 13 17 25 36 28 39 22
split_gain=16.9435 16.0157 10.7133 12.2296 10.4166 8.21666 7.16609 5.80442 0.972771
threshold=0 1 2 2.5000000000000004 21.500000000000004 1.0000000180025095e-35 4.5000000000000009 0.41137820482254034 6.1649999618530282
decision_type=9 9 9 8 8 8 10 8 8
left_child=4 6 5 -4 -1 -3 -2 -5 -7
right_child=1 2 3 7 -6 8 -8 -9 -10
leaf_value=0.0011259616183986151 -0.020564885308109813 -0.013002701165522204 -0.030043394482009791 0.014642713612102091 0.067069532527744891 0.033340673410337217 -0.013272788359348319 -0.013609322749073992 0.031894232154747751
leaf_weight=60 45 33 61 43 48 42 61 299 33
leaf_count=60 45 33 61 43 48 42 61 299 33
internal_value=0 -0.00179965 -0.000922071 -0.00175832 0.00284035 0.00208292 -0.00558603 -0.000980005 0.00431986
internal_weight=0 617 511 403 108 108 106 342 75
internal_count=725 617 511 403 108 108 106 342 75
cat_boundaries=0 1 2 4
cat_threshold=214160 17171477 67118598 64
is_linear=0
shrinkage=0.0111721


Tree=290
num_leaves=12
num_cat=2
split_feature=7 8 48 39 30 17 20 32 42 22 23
split_gain=15.5048 13.2438 11.0696 10.9383 8.76969 6.25961 5.57134 4.68589 4.13575 2.48392 1.93806
threshold=0 1 0.93788579106330883 0.33882540464401251 2.5000000000000004 7.5000000000000009 221.50000000000003 0.34134061634540563 4.5000000000000009 1.1650000214576723 -0.43000000715255732
decision_type=9 9 10 8 10 10 2 8 10 8 8
left_child=5 4 3 -3 6 8 -2 -5 9 -1 -11
right_child=1 2 -4 7 -6 -7 -8 -9 -10 10 -12
leaf_value=-0.02940027081161279 0.037283772146504558 0.023247580022632996 0.0233571455036647 0.0094232844885528064 -0.00051451799502154393 0.0067791870723517321 0.023144219258497283 -0.014319645650275015 -0.020902111508055363 -0.018460001705667171 0.0045004968619502964
leaf_weight=47 39 41 37 35 35 41 52 228 43 34 45
leaf_count=47 39 41 37 35 35 41 52 228 43 34 45
internal_value=0 0.00114765 -3.18284e-05 -0.000735004 0.00410737 -0.00243754 0.00626126 -0.00157173 -0.00350366 -0.00248268 -0.00127276
internal_weight=0 467 341 304 126 210 91 263 169 126 79
internal_count=677 467 341 304 126 210 91 263 169 126 79
cat_boundaries=0 1 2
cat_threshold=5317779 10561
is_linear=0
shrinkage=0.0111721


Tree=291
num_leaves=11
num_cat=2
split_feature=28 7 8 20 21 33 33 20 19 48
split_gain=16.8377 11.3535 11.6879 9.03589 7.28761 6.96967 5.36689 4.67835 5.75997 4.26308
threshold=1.0000000180025095e-35 0 1 363.50000000000006 29.500000000000004 -2.4999999999999996 -3.4999999999999996 313.50000000000006 8.5000000000000018 0.059411764144897468
decision_type=8 9 9 2 2 8 8 2 8 10
left_child=-1 3 7 9 6 -6 -4 8 -3 -2
right_child=1 2 4 -5 5 -7 -8 -9 -10 -11
leaf_value=0.037985344342544573 -0.031420836169724305 0.020597153864959951 0.0069933393132246731 0.00077631416439233325 -0.022798877838085468 0.0055048290892644952 -0.022134389627215555 0.028870253349267187 -0.0077089490195450363 -0.0078502097959909905
leaf_weight=38 38 37 34 36 35 194 131 38 51 38
leaf_count=38 38 37 34 36 35 194 131 38 51 38
internal_value=0 -0.000601029 0.000126476 -0.00366297 -0.000829608 0.000439076 -0.00264067 0.00295731 0.00177737 -0.00617403
internal_weight=0 632 520 112 394 229 165 126 88 76
internal_count=670 632 520 112 394 229 165 126 88 76
cat_boundaries=0 1 2
cat_threshold=282952 16774
is_linear=0
shrinkage=0.0111721


Tree=292
num_leaves=13
num_cat=2
split_feature=13 48 19 42 27 24 19 8 24 21 19 19
split_gain=11.144 6.57111 9.34285 6.91147 5.29887 7.00467 5.45272 5.02494 6.35591 4.54494 4.25331 3.45994
threshold=0 0.56214886903762828 13.500000000000002 10.500000000000002 5.5000000000000009 0.76500001549720775 18.500000000000004 1 2.1649999618530278 31.500000000000004 128.50000000000003 115.00000000000001
decision_type=9 8 10 10 8 10 8 9 10 2 10 10
left_child=4 2 3 -2 5 -1 -6 9 10 -3 -9 -8
right_child=1 7 -4 -5 6 -7 11 8 -10 -11 -12 -13
leaf_value=-0.0078000468693504889 -0.021311838954864222 -0.027546729831464327 0.029947238030369198 0.016173394133725007 0.011295778548527653 -0.033168171840791093 -0.037963159869922491 0.012457282187288147 -0.016376324986874774 0.00067904219164945003 -0.010290253584503089 -0.0059049785623088834
leaf_weight=60 45 62 57 34 33 58 33 180 36 49 47 34
leaf_count=60 45 62 57 34 33 58 33 180 36 49 47 34
internal_value=0 0.000515633 0.00262872 0.000141415 -0.00245001 -0.00416585 -0.000670321 -0.000238974 0.000613849 -0.00212361 0.00132883 -0.0025012
internal_weight=0 510 136 79 218 118 100 374 263 111 227 67
internal_count=728 510 136 79 218 118 100 374 263 111 227 67
cat_boundaries=0 2 3
cat_threshold=413451416 8 1285
is_linear=0
shrinkage=0.0111721


Tree=293
num_leaves=12
num_cat=1
split_feature=13 23 21 39 37 19 20 17 17 48 20
split_gain=15.6419 14.1036 13.5682 9.23315 6.1185 7.3558 5.82359 8.04596 5.52997 5.35342 1.50568
threshold=0 -0.93000000715255726 33.500000000000007 0.4171940833330155 11.500000000000002 33.500000000000007 579.50000000000011 10.500000000000002 3.5000000000000004 0.31899476051330572 320.50000000000006
decision_type=9 8 2 8 8 8 2 10 8 10 2
left_child=3 2 8 -1 -5 -6 7 9 -2 -3 -7
right_child=1 6 -4 4 5 10 -8 -9 -10 -11 -12
leaf_value=0.025558486123751958 -0.0083663306944180109 -3.4727022209203573e-05 0.013677271892329076 0.0021211985920566198 -0.016823697584525794 -0.0029689122552827426 0.026282899134871949 0.017826602134707985 -0.010415901357363833 0.015178297411454534 -0.03416806798757839
leaf_weight=36 44 184 39 42 56 35 41 53 59 48 44
leaf_count=36 44 184 39 42 56 35 41 53 59 48 44
internal_value=0 0.00102839 -0.00188823 -0.00255505 -0.00372402 -0.0048826 0.00233037 0.00176401 -0.00401326 0.000866797 -0.00268695
internal_weight=0 468 142 213 177 135 326 285 103 232 79
internal_count=681 468 142 213 177 135 326 285 103 232 79
cat_boundaries=0 2
cat_threshold=539444993 2
is_linear=0
shrinkage=0.0111721


Tree=294
num_leaves=15
num_cat=2
split_feature=7 2 15 15 19 22 32 49 21 25 16 16 39 20
split_gain=19.1335 12.7851 10.7715 9.22023 11.0656 7.42881 6.59138 6.54121 5.43582 5.27056 4.06541 3.5 2.00253 0.235261
threshold=0 1 -1.2499999999999998 -1.7499999999999998 17.500000000000004 12.500000000000002 0.77303028106689464 17.500000000000004 31.500000000000004 5.5000000000000009 3.7500000000000004 1.2500000000000002 0.93798077106475841 275.50000000000006
decision_type=9 9 10 8 10 8 10 8 2 10 10 8 8 2
left_child=2 7 5 4 -3 6 8 10 -1 13 -2 -11 -4 -5
right_child=1 3 12 9 -6 -7 -8 -9 -10 11 -12 -13 -14 -15
leaf_value=-0.0041478201894865133 -0.028458535460489293 -0.0037395350915874295 0.036502417459969648 -0.017387769042682463 0.038785443317496129 0.036772841442831335 -0.014843528823935671 -0.018867089119118739 0.023861840415612203 -0.005438745431810328 -0.020115808377056656 0.0079726886504630379 0.040274887424519991 -0.01837769102646471
leaf_weight=36 41 62 34 34 43 62 34 45 41 59 33 111 33 34
leaf_count=36 41 62 34 34 43 62 34 45 41 59 33 111 33 34
internal_value=0 -0.00123082 0.00259192 -9.49459e-05 0.00266001 0.00122699 -0.000503243 -0.00424365 0.00130582 -0.00131436 -0.00664284 -0.00026287 0.00650313 -0.00394307
internal_weight=0 462 240 343 105 173 111 119 77 238 74 170 67 68
internal_count=702 462 240 343 105 173 111 119 77 238 74 170 67 68
cat_boundaries=0 1 2
cat_threshold=2168675843 97
is_linear=0
shrinkage=0.0111721


Tree=295
num_leaves=11
num_cat=1
split_feature=13 20 30 25 39 46 48 19 48 25
split_gain=25.9142 14.8032 12.3904 12.6029 10.8148 7.66808 7.26313 6.4572 5.94484 3.90776
threshold=0 93.500000000000014 8.5000000000000018 5.5000000000000009 0.49253065884113317 0.75162336230278026 1.0000000180025095e-35 228.50000000000003 0.19625350087881091 20.500000000000004
decision_type=9 2 10 8 8 10 8 8 10 10
left_child=4 5 3 -3 -1 -2 -5 8 9 -6
right_child=1 2 -4 6 7 -7 -8 -9 -10 -11
leaf_value=0.011466208798927631 -0.022774266779222542 -0.027168561416910878 0.034741611814814617 -0.016668842962971869 -0.035891838942303238 0.0053346693569449677 0.017501021396253171 -0.003679537332920819 -0.017895775719049711 -0.028066247264684433
leaf_weight=41 46 47 35 35 41 35 244 50 59 37
leaf_count=41 46 47 35 35 41 35 244 50 59 37
internal_value=0 0.00192792 0.00294002 0.00226183 -0.00262872 -0.00234475 0.00316342 -0.00388334 -0.00513752 -0.00716157
internal_weight=0 442 361 326 228 81 279 187 137 78
internal_count=670 442 361 326 228 81 279 187 137 78
cat_boundaries=0 2
cat_threshold=215025687 2
is_linear=0
shrinkage=0.0111721


Tree=296
num_leaves=12
num_cat=1
split_feature=13 39 30 25 14 16 32 24 39 25 42
split_gain=14.9197 7.84834 6.52907 5.3196 6.64296 9.02309 7.15727 4.28142 6.13138 5.69378 3.87876
threshold=0 0.29449473321437841 8.5000000000000018 38.500000000000007 1.0000000180025095e-35 3.7500000000000004 0.039480518549680717 11.500000000000002 0.41137820482254034 19.500000000000004 6.5000000000000009
decision_type=9 8 8 10 10 10 10 8 10 10 10
left_child=2 -2 -1 4 6 -6 -3 8 9 -4 -10
right_child=1 3 7 -5 5 -7 -8 -9 10 -11 -12
leaf_value=0.02225415366128243 0.019226937727023476 -0.025071051032623675 -0.031895090653924485 0.037197248208536461 0.0038327226860205691 -0.016281210564797387 -0.032904912953422454 0.039827823962185309 -0.0012411218382194853 0.015793050001206035 0.022642364581353127
leaf_weight=56 47 108 33 38 121 80 52 33 33 38 33
leaf_count=56 47 108 33 38 121 80 52 33 33 38 33
internal_value=0 -0.00166601 0.00179889 -0.00221201 -0.00263054 -0.00127839 -0.00432917 0.000788615 -8.15458e-05 -0.00236029 0.00236983
internal_weight=0 446 226 399 361 201 160 170 137 71 66
internal_count=672 446 226 399 361 201 160 170 137 71 66
cat_boundaries=0 1
cat_threshold=1241708752
is_linear=0
shrinkage=0.0111721


Tree=297
num_leaves=15
num_cat=2
split_feature=13 7 47 14 19 20 17 20 22 17 30 17 28 14
split_gain=28.8243 10.2304 7.84071 14.6889 6.87356 7.07287 5.94808 5.42112 3.52947 3.2404 3.2322 4.77959 2.46492 2.37928
threshold=0 1 -1.0000000180025095e-35 9.2500000000000018 787.50000000000011 108.50000000000001 12.500000000000002 56.500000000000007 0.75000000000000011 7.5000000000000009 1.5000000000000002 13.500000000000002 5.5000000000000009 30.500000000000004
decision_type=9 9 8 10 8 2 8 2 10 10 10 8 10 10
left_child=2 10 -1 8 5 7 -7 -3 9 -4 11 -2 -10 -5
right_child=1 4 3 13 -6 6 -8 -9 12 -11 -12 -13 -14 -15
leaf_value=0.031597880913868462 -0.023845418258902878 -0.0066338430096337334 0.019437988997953098 -0.024415005397133253 0.018056012277478384 -0.021823241830636896 0.0036107187682076262 0.018950837671207199 0.01071036892414232 0.020408752117103659 -0.0078709002864078871 -0.02511583157182307 0.029495969376503499 -0.00098209867736630198
leaf_weight=39 37 33 107 35 38 119 67 48 33 49 33 39 35 34
leaf_count=39 37 33 107 35 38 119 67 48 33 49 33 39 35 34
internal_value=0 -0.00142286 0.00294002 0.00240218 -0.000319201 -0.000962387 -0.00216233 0.00179304 0.00379052 0.00286463 -0.00422473 -0.00588003 0.00591461 -0.00210488
internal_weight=0 414 332 293 305 267 186 81 224 156 109 76 68 69
internal_count=746 414 332 293 305 267 186 81 224 156 109 76 68 69
cat_boundaries=0 2 3
cat_threshold=1135675253 513 8509
is_linear=0
shrinkage=0.0111721


Tree=298
num_leaves=12
num_cat=1
split_feature=13 27 14 19 19 41 16 20 49 49 25
split_gain=22.092 7.82787 7.76826 7.78234 7.3354 7.93581 4.70592 2.98382 5.12865 10.8229 2.66674
threshold=0 3.5000000000000004 30.500000000000004 5.5000000000000009 7.5000000000000009 6.5000000000000009 3.7500000000000004 447.50000000000006 6.5000000000000009 4.5000000000000009 13.500000000000002
decision_type=9 10 10 10 10 8 10 2 10 8 10
left_child=4 2 3 10 5 -1 -5 8 9 -6 -2
right_child=1 -3 -4 6 7 -7 -8 -9 -10 -11 -12
leaf_value=0.020013713520779377 0.0089694054573981746 -0.02417222086670779 0.018523955377922022 -0.0191934477701984 0.015414226259048629 -0.011969819358546295 -0.032882367092234341 0.039554464848062652 0.030014659929769028 -0.01121392855721451 -0.0031024489588521442
leaf_weight=38 56 57 47 182 34 53 34 34 45 33 34
leaf_count=38 56 57 47 182 34 53 34 34 45 33 34
internal_value=0 -0.00218121 -0.00161409 -0.00226362 0.0020354 -0.000368306 -0.00341369 0.00367301 0.00279301 0.000833731 0.000496533
internal_weight=0 410 353 306 237 91 216 146 112 67 90
internal_count=647 410 353 306 237 91 216 146 112 67 90
cat_boundaries=0 1
cat_threshold=2684552103
is_linear=0
shrinkage=0.0111721


Tree=299
num_leaves=13
num_cat=2
split_feature=13 7 46 39 15 17 21 20 14 25 25 19
split_gain=14.0814 14.5345 10.4974 8.71732 6.64056 4.94686 4.14865 4.95001 4.13624 3.22796 3.05675 1.9891
threshold=0 1 0.96480908989906322 0.90300178527832042 -2.7499999999999996 4.5000000000000009 26.500000000000004 327.50000000000006 1.5000000000000002 29.500000000000004 20.500000000000004 28.500000000000004
decision_type=9 9 8 8 8 8 2 2 8 10 8 10
left_child=5 10 3 -3 11 -1 -7 8 -8 -6 -2 -4
right_child=1 2 4 -5 9 6 7 -9 -10 -11 -12 -13
leaf_value=-0.0019834437865491753 0.001457509575793382 0.019811042631085428 -0.0059621056958943826 -0.010229244683959349 -0.023902167059431958 0.0030643335841749951 0.022504948305900049 0.009987894430402787 0.03542573518759401 -0.019196472860487875 0.020621414059835318 0.0040390186745725481
leaf_weight=55 57 50 33 39 153 40 34 39 48 41 55 45
leaf_count=55 57 50 33 39 153 40 34 39 48 41 55 45
internal_value=0 -0.00080957 -0.00189714 0.00138081 -0.00303946 0.00257056 0.00367776 0.00470888 0.00626725 -0.00414633 0.00256408 -0.000286459
internal_weight=0 473 361 89 272 216 161 121 82 194 112 78
internal_count=689 473 361 89 272 216 161 121 82 194 112 78
cat_boundaries=0 1 2
cat_threshold=438006148 1573446
is_linear=0
shrinkage=0.0111721


Tree=300
num_leaves=10
num_cat=1
split_feature=7 20 33 44 19 32 34 20 19
split_gain=23.0749 9.9575 7.52331 6.41237 7.01959 5.78972 9.30268 4.51193 4.1467
threshold=0 56.500000000000007 -3.4999999999999996 4.5000000000000009 252.00000000000003 0.065800867974758162 1.0000000180025095e-35 292.50000000000006 7.5000000000000009
decision_type=9 2 10 10 8 8 8 2 10
left_child=3 -2 5 4 7 -3 -7 8 -1
right_child=1 2 -4 -5 -6 6 -8 -9 -10
leaf_value=-0.0077957510754111401 -0.014539285398432061 0.040750532950276933 -0.022785489033435479 -0.025557447758790992 -0.041223776880392506 -0.0076513024792020752 0.013666000496502576 -0.016291397208424267 0.005689130921334949
leaf_weight=38 48 34 53 33 46 68 290 53 66
leaf_count=38 48 34 53 33 46 68 290 53 66
internal_value=0 0.00108833 0.00163187 -0.00308821 -0.00247657 0.00216601 0.00174759 -0.00135203 0
internal_weight=0 493 445 236 203 392 358 157 104
internal_count=729 493 445 236 203 392 358 157 104
cat_boundaries=0 1
cat_threshold=1084529165
is_linear=0
shrinkage=0.0111721


Tree=301
num_leaves=13
num_cat=2
split_feature=13 2 35 46 14 46 32 32 42 15 21 19
split_gain=16.5964 8.95404 13.2084 8.79442 7.53343 6.26553 5.74248 4.93223 4.02394 3.7499 2.93385 2.10148
threshold=0 1 11.500000000000002 0.48064434528350836 8.5000000000000018 0.94543650746345531 0.35505092144012457 0.9860132932662965 22.500000000000004 -18.749999999999996 30.500000000000004 228.50000000000003
decision_type=9 9 10 8 8 8 10 8 8 10 2 8
left_child=3 2 5 -1 -4 -2 -7 -3 -5 11 -9 -10
right_child=1 7 4 8 -6 6 -8 10 9 -11 -12 -13
leaf_value=0.026751899427195861 0.00035511485704663311 -0.0047784754461129876 -0.0022544964520169507 -0.0074837725457215006 0.036006386288548013 -0.018437559051478689 -0.029876982039393509 0.015792574133348156 -0.008273174666979256 0.014048192189340352 0.015724203191770779 0.032707363923260187
leaf_weight=34 38 61 51 56 33 139 58 51 33 60 40 40
leaf_count=34 38 61 51 56 33 139 58 51 33 60 40 40
internal_value=0 -0.00109166 -0.00213933 0.00254128 0.001596 -0.00356555 -0.00436675 0.00110341 0.00171423 0.00277201 0.0028237 0.00107129
internal_weight=0 471 319 223 84 235 197 152 189 133 91 73
internal_count=694 471 319 223 84 235 197 152 189 133 91 73
cat_boundaries=0 2 3
cat_threshold=34686247 1 4383
is_linear=0
shrinkage=0.0111721


Tree=302
num_leaves=10
num_cat=1
split_feature=48 2 28 48 19 15 50 48 27
split_gain=14.4879 16.9718 8.43431 8.15953 7.98257 7.88221 4.42041 6.38015 3.67059
threshold=0.28637567162513738 0 18.500000000000004 0.58160674571990978 7.5000000000000009 -1.0000000180025095e-35 0.94999998807907116 0.76095238327980053 2.5000000000000004
decision_type=8 9 10 8 8 10 8 8 8
left_child=8 3 6 -2 -5 -6 -3 -8 -1
right_child=1 2 -4 4 5 -7 7 -9 -10
leaf_value=0.012116718497213821 -0.014651024217180678 -0.04108101666393843 0.0051024942742847121 0.0122224146745749 0.020238923741082947 -0.0093207840744504028 0.0040294392996449348 -0.021427728954645012 0.043908913820292085
leaf_weight=63 42 33 34 52 139 42 37 188 48
leaf_count=63 42 33 34 52 139 42 37 188 48
internal_value=0 -0.000689633 -0.00251556 0.00129361 0.00215769 0.00104931 -0.003291 -0.00273095 0.00372402
internal_weight=0 567 292 275 233 181 258 225 111
internal_count=678 567 292 275 233 181 258 225 111
cat_boundaries=0 1
cat_threshold=26254
is_linear=0
shrinkage=0.0111721


Tree=303
num_leaves=11
num_cat=1
split_feature=8 20 40 19 20 49 21 32 15 42
split_gain=24.3111 10.3637 8.46258 8.65395 11.3652 9.87266 6.99664 6.19536 3.75088 1.681
threshold=0 339.50000000000006 -1.4999999999999998 254.50000000000003 479.50000000000006 5.5000000000000009 29.500000000000004 0.45368783175945288 -2.7499999999999996 16.500000000000004
decision_type=9 2 8 8 2 8 2 10 8 8
left_child=1 7 -2 4 5 -4 -5 9 -9 -1
right_child=2 -3 3 6 -6 -7 -8 8 -10 -11
leaf_value=0.025505981464310462 0.01274819017739222 -0.0060139491156252093 -0.024698318854690472 -0.016297872516991652 -0.038608583806779083 0.0018840331534704933 0.037517018912978095 0.018758052861248851 0.0040529794686511569 0.043211242145141625
leaf_weight=35 52 56 131 33 59 147 46 39 52 38
leaf_count=35 52 56 131 33 59 147 46 39 52 38
internal_value=0 0.0032059 -0.00121537 -0.00177249 -0.00255267 -0.00160749 0.0015556 0.00476856 0.0028237 0.00719296
internal_weight=0 220 468 416 337 278 79 164 91 73
internal_count=688 220 468 416 337 278 79 164 91 73
cat_boundaries=0 1
cat_threshold=28898
is_linear=0
shrinkage=0.0111721


Tree=304
num_leaves=12
num_cat=2
split_feature=13 7 23 21 20 25 25 46 42 19 14
split_gain=14.6262 11.9285 11.6568 9.03209 11.7814 8.16984 8.10525 6.44843 3.84196 6.01919 3.05701
threshold=0 1 -3.2499999999999996 33.500000000000007 345.50000000000006 14.500000000000002 4.5000000000000009 0.83457711338996898 4.5000000000000009 26.500000000000004 5.5000000000000009
decision_type=9 9 8 2 2 10 8 10 10 10 10
left_child=6 5 -3 7 -5 -2 -1 -4 9 -8 -10
right_child=1 2 3 4 -6 -7 8 -9 10 -11 -12
leaf_value=-0.031808274189512965 0.0060710691852776015 -0.030107445221173181 0.0061535619650845107 0.032778367213811506 0.016322191269966882 -0.031554489250910783 0.0063319217054955707 0.029677873272445237 -0.0047698442283896835 -0.011937383858214787 -0.013743118645595595
leaf_weight=34 63 41 231 62 53 48 65 35 41 42 47
leaf_count=34 63 41 231 62 53 48 65 35 41 42 47
internal_value=0 0.00121391 0.0020689 0.00272704 0.00534316 -0.00193895 -0.00210353 0.00159601 -0.00131773 0.000104409 -0.00304692
internal_weight=0 533 422 381 115 111 229 266 195 107 88
internal_count=762 533 422 381 115 111 229 266 195 107 88
cat_boundaries=0 1 2
cat_threshold=2281888516 12820
is_linear=0
shrinkage=0.0111721


Tree=305
num_leaves=14
num_cat=2
split_feature=2 20 8 49 25 46 32 29 49 19 35 16 19
split_gain=11.8849 12.8093 9.78137 5.37887 5.0526 5.03091 5.06589 4.17857 3.91867 2.53819 2.2191 3.38883 1.84609
threshold=0 231.50000000000003 1 10.500000000000002 12.500000000000002 0.26332546770572668 0.64194816350936901 1.0000000180025095e-35 6.5000000000000009 77.500000000000014 9.5000000000000018 1.2500000000000002 10.500000000000002
decision_type=9 2 9 8 8 10 10 8 10 10 8 8 10
left_child=2 3 7 10 -3 6 8 -1 -4 -6 -2 -12 -5
right_child=1 4 5 12 9 -7 -8 -9 -10 -11 11 -13 -14
leaf_value=-0.0023636607881967983 0.00037316182024364812 -0.031418171949432208 -0.019872271787905006 0.014532047140242253 -0.006869253579906886 -0.024368508477288636 0.0064324871638108605 0.03016674988373869 0.0034030748542712287 0.024355218677174301 0.0051916901926306672 0.021769580682324617 0.034920911657228652
leaf_weight=58 38 38 88 39 65 64 33 50 34 49 40 34 39
leaf_count=58 38 38 88 39 65 64 33 50 34 49 40 34 39
internal_value=0 0.00177737 -0.0011603 0.00376322 -0.000588001 -0.0024881 -0.00151363 0.00151485 -0.00256408 0.000588001 0.00219451 0.00332142 0.00601572
internal_weight=0 342 327 190 152 219 155 108 122 114 112 74 78
internal_count=669 342 327 190 152 219 155 108 122 114 112 74 78
cat_boundaries=0 1 2
cat_threshold=11029 1178
is_linear=0
shrinkage=0.0111721


Tree=306
num_leaves=12
num_cat=2
split_feature=7 37 20 8 35 14 35 48 49 25 20
split_gain=18.6454 12.5206 8.97967 9.4588 7.38345 6.08917 5.9555 5.76026 3.88892 4.50075 3.64812
threshold=0 7.5000000000000009 43.500000000000007 1 7.5000000000000009 28.500000000000004 19.500000000000004 0.55694445967674266 13.500000000000002 49.500000000000007 186.50000000000003
decision_type=9 8 2 9 8 8 8 8 8 8 2
left_child=4 5 -3 6 -1 -2 -4 -6 -9 -10 -5
right_child=1 2 3 10 7 -7 -8 8 9 -11 -12
leaf_value=0.0020169291929856038 -0.021314746352469702 -0.03142782384030135 0.014616341034714705 0.033581893205738567 -0.0049997018789030836 0.00087525942700280028 -0.019461047294223287 -0.024776519066296521 -0.0098671624401743402 -0.049517477513029075 0.016216582363477949
leaf_weight=44 40 33 53 80 34 33 47 62 33 42 163
leaf_count=44 40 33 53 80 34 33 47 62 33 42 163
internal_value=0 0.00099794 0.0018422 0.00237773 -0.00292956 -0.00321388 -0.000609383 -0.00411602 -0.00513752 -0.00342609 0.00348851
internal_weight=0 449 376 343 215 73 100 171 137 75 243
internal_count=664 449 376 343 215 73 100 171 137 75 243
cat_boundaries=0 1 2
cat_threshold=848206 27360
is_linear=0
shrinkage=0.0111721


Tree=307
num_leaves=12
num_cat=2
split_feature=7 13 48 32 21 15 19 39 49 27 49
split_gain=19.969 15.5366 15.8183 7.06224 6.00633 5.24592 5.98384 5.14982 5.57869 4.31605 4.90901
threshold=0 1 0.90121948719024669 0.62163743376731884 38.500000000000007 -1.0000000180025095e-35 5.5000000000000009 0.4171940833330155 1.5000000000000002 2.5000000000000004 26.500000000000004
decision_type=9 9 8 10 2 10 8 10 10 8 8
left_child=9 2 3 -2 5 6 -3 8 -4 -1 -11
right_child=1 4 7 -5 -6 -7 -8 -9 -10 10 -12
leaf_value=0.0040176449878363907 -0.024867453205608653 -0.030810100360336313 0.018078617743758681 0.0056156857268837117 0.012007757604970908 0.0011216644716891013 -0.01895856609913131 0.00033058207471422233 0.038029819593373287 0.028094798476023686 0.029935310273366156
leaf_weight=47 40 38 54 53 40 57 248 33 33 33 33
leaf_count=47 40 38 54 53 40 57 248 33 33 33 33
internal_value=0 -0.0010324 0.00135267 -0.0020422 -0.00235949 -0.00289887 -0.00351568 0.00409642 0.00552182 0.00390568 0.00609384
internal_weight=0 596 213 93 383 343 286 120 87 113 66
internal_count=709 596 213 93 383 343 286 120 87 113 66
cat_boundaries=0 1 3
cat_threshold=3673092 2002792 256
is_linear=0
shrinkage=0.0111721


Tree=308
num_leaves=11
num_cat=2
split_feature=7 2 29 14 39 48 35 35 42 20
split_gain=14.6525 16.8947 13.4594 11.7783 7.13744 6.41837 6.31604 6.01057 5.74853 2.61219
threshold=0 1 3.0700000524520878 4.5000000000000009 0.94935896992683422 0.22295321524143222 6.5000000000000009 17.500000000000004 3.5000000000000004 120.50000000000001
decision_type=9 9 8 8 8 8 8 8 10 2
left_child=2 3 9 -2 -5 -3 -7 -8 -6 -1
right_child=1 5 -4 4 8 6 7 -9 -10 -11
leaf_value=0.020510911601658882 -0.013757144909800312 0.0060757949752844103 -0.0035498064468894772 0.024641791206493235 0.019109382054077896 0.0072808358468470936 -0.033740711077493914 -0.018079500137991582 -0.0073995147895981293 0.059970254843876962
leaf_weight=39 62 35 44 54 162 38 39 143 33 33
leaf_count=39 62 35 44 54 162 38 39 143 33 33
internal_value=0 -0.000659462 0.00354668 0.00107892 0.00219852 -0.00274032 -0.00355475 -0.00441972 0.00120314 0.00682736
internal_weight=0 566 116 311 249 255 220 182 195 72
internal_count=682 566 116 311 249 255 220 182 195 72
cat_boundaries=0 1 2
cat_threshold=49921 10829
is_linear=0
shrinkage=0.0111721


Tree=309
num_leaves=13
num_cat=2
split_feature=7 10 42 19 49 15 20 20 25 16 28 19
split_gain=11.1372 13.535 10.5857 9.70713 9.11793 7.78978 6.61118 6.0223 4.98717 11.8486 3.93639 1.44721
threshold=0 1 10.500000000000002 85.500000000000014 14.500000000000002 -1.7499999999999998 135.50000000000003 198.50000000000003 15.500000000000002 4.5000000000000009 8.5000000000000018 118.50000000000001
decision_type=9 9 10 10 8 8 2 2 8 8 8 10
left_child=2 6 8 5 -5 10 -2 -7 9 -1 -3 -10
right_child=1 3 -4 4 -6 7 -8 -9 11 -11 -12 -13
leaf_value=0.013073796523256867 0.02439161988164476 -0.0099080194257312893 0.022956502937770046 0.028288807176221595 -0.017925251663910846 0.014712510563640615 0.0022937186569750565 -0.026479295040424754 0.028175269498511072 -0.016652320753697145 -0.037354358367469184 0.016523091557738484
leaf_weight=35 36 37 51 46 47 65 65 113 65 39 54 51
leaf_count=35 36 37 51 46 47 65 65 113 65 39 54 51
internal_value=0 -0.000732207 0.002181 -0.00174188 0.00132142 -0.0028657 0.00271753 -0.00150634 0.0010584 -0.00120779 -0.00552464 0.00250408
internal_weight=0 463 241 362 93 269 101 178 190 74 91 116
internal_count=704 463 241 362 93 269 101 178 190 74 91 116
cat_boundaries=0 1 2
cat_threshold=4872350 14504
is_linear=0
shrinkage=0.0111721


Tree=310
num_leaves=15
num_cat=2
split_feature=13 16 24 20 8 28 21 25 35 33 32 48 14 19
split_gain=15.4153 10.8043 9.11965 12.9192 7.38772 6.1871 10.7366 7.50692 4.7706 4.55039 4.3495 4.31007 4.81244 3.40001
threshold=0 10.250000000000002 10.335000038146974 346.50000000000006 1 1.0000000180025095e-35 33.500000000000007 16.500000000000004 1.5000000000000002 -1.4999999999999998 0.34134061634540563 0.12613636255264285 3.5000000000000004 190.50000000000003
decision_type=9 8 8 2 9 10 2 10 10 8 10 8 8 10
left_child=5 4 8 -4 10 6 7 -1 13 -7 -2 -6 -13 -3
right_child=1 2 3 -5 11 9 -8 -9 -10 -11 -12 12 -14 -15
leaf_value=-0.0076419853638918719 -0.0041811998419055514 0.007879692984566769 0.016712478805011172 -0.028381772430564521 -0.013694772478479377 -0.009055849360876533 -0.02647508186294259 0.04881291181970656 0.02819873518114422 -0.0249563293680795 0.016866208398824491 -0.01889495406210211 0.0058040540618215924 0.031891367299114216
leaf_weight=37 52 59 50 37 33 45 37 42 47 65 51 42 79 43
leaf_count=37 52 59 50 37 33 45 37 42 47 65 51 42 79 43
internal_value=0 0.000999489 0.00274568 -0.000128411 -0.000565123 -0.00246164 -0.000770485 0.0015556 0.00442384 -0.00446882 0.00168075 -0.00204367 -0.0012003 0.00306684
internal_weight=0 493 236 87 257 226 116 79 149 110 103 154 121 102
internal_count=719 493 236 87 257 226 116 79 149 110 103 154 121 102
cat_boundaries=0 2 3
cat_threshold=29493909 133 1493
is_linear=0
shrinkage=0.0111721


Tree=311
num_leaves=16
num_cat=1
split_feature=13 25 15 21 20 19 21 20 24 15 49 28 39 21 48
split_gain=13.5274 10.9536 10.1423 6.48371 7.55448 6.99379 5.87502 4.7166 3.95319 3.84342 5.32564 3.40108 2.94554 5.66664 4.69102
threshold=0 6.5000000000000009 -47.999999999999993 34.500000000000007 456.50000000000006 137.50000000000003 34.500000000000007 231.50000000000003 6.2500000000000009 -2.7499999999999996 13.500000000000002 6.5000000000000009 0.12294197082519533 32.500000000000007 0.57052442431449901
decision_type=9 8 10 2 2 8 2 2 8 8 8 10 10 2 8
left_child=1 -1 3 4 8 -5 9 12 -2 -3 -11 -9 14 -14 -4
right_child=2 6 7 5 -6 -7 -8 11 -10 10 -12 -13 13 -15 -16
leaf_value=-0.027051881875960363 0.010699268577539296 0.016323972860222066 0.017343893279224459 -0.012846745656357452 -0.044009657628419761 0.044334649752262707 -0.0006610772088153393 -0.010308778329270412 -0.020174926572469366 0.0021789968462290928 0.032269502809924702 -0.021715695812878282 -0.012852634309633054 0.00017116638540861409 -0.0066487547421516142
leaf_weight=45 53 38 33 40 43 46 39 39 43 42 44 44 68 34 53
leaf_count=45 53 38 33 40 43 46 39 39 43 42 44 44 68 34 53
internal_value=0 0.00204992 -0.00128059 0.000446881 -0.00104487 0.00285797 0.00349555 -0.0027621 0.000698251 0.00468506 0.0033776 -0.00498031 -0.00178277 -0.00306684 -0.000259812
internal_weight=0 208 496 225 139 86 163 271 96 124 86 83 188 102 86
internal_count=704 208 496 225 139 86 163 271 96 124 86 83 188 102 86
cat_boundaries=0 1
cat_threshold=942035841
is_linear=0
shrinkage=0.0111721


Tree=312
num_leaves=13
num_cat=3
split_feature=13 8 49 22 32 13 21 37 25 36 19 48
split_gain=16.1143 9.79882 8.1505 5.89865 6.11481 4.99297 6.98938 5.25782 5.35259 4.30318 3.70492 2.71825
threshold=0 1 5.5000000000000009 7.2500000000000009 0.53390806913375866 2 32.500000000000007 2.5000000000000004 23.500000000000004 3.5000000000000004 148.00000000000003 0.36882591247558599
decision_type=9 9 10 8 10 9 2 10 8 8 8 8
left_child=2 3 9 4 -2 6 -3 8 -7 -1 -11 -4
right_child=1 5 11 -5 -6 7 -8 -9 -10 10 -12 -13
leaf_value=0.007937648802111218 0.016644177406453877 -0.0094629718270485708 -0.014330584519269019 -0.019422618896333094 -0.0035207770309059541 0.010435167028490636 0.031346165883714854 0.023185577004580994 0.041667058250624125 -0.03404059778926085 0.0072196923253706668 -0.02396921313678773
leaf_weight=37 61 63 35 38 47 131 38 40 81 47 57 39
leaf_count=37 61 63 35 38 47 131 38 40 81 47 57 39
internal_value=0 0.00155838 -0.0020358 -0.000859388 0.000413777 0.00255449 0.000301945 0.00341132 0.00284571 -0.000554639 -0.00171878 -0.0051331
internal_weight=0 499 215 146 108 353 101 252 212 141 104 74
internal_count=714 499 215 146 108 353 101 252 212 141 104 74
cat_boundaries=0 2 3 4
cat_threshold=545486860 2 33121 1343751234
is_linear=0
shrinkage=0.0111721


Tree=313
num_leaves=12
num_cat=3
split_feature=7 30 10 32 20 2 48 49 49 22 42
split_gain=12.0483 13.32 9.61309 9.47693 6.46647 6.10159 8.16124 5.77559 5.18784 4.11222 0.900706
threshold=0 10.500000000000002 1 0.93062433600425731 63.500000000000007 2 0.50981903076171886 10.500000000000002 13.500000000000002 9.2500000000000018 24.500000000000004
decision_type=9 8 9 8 2 9 10 8 8 10 8
left_child=1 -1 3 -2 9 8 -7 -5 -6 -4 -3
right_child=2 10 4 7 5 6 -8 -9 -10 -11 -12
leaf_value=-0.0093391899821517414 0.02772246108773797 0.038974223729097424 -0.021235583771382481 -0.01104754027196868 -0.021117860839368546 -0.0063978762720942996 0.011589092760240071 0.025358460988164074 -0.018223643527745706 -0.015230199872700195 0.026676798385322924
leaf_weight=36 43 33 34 41 38 204 63 59 63 33 42
leaf_count=36 43 33 34 41 38 204 63 59 63 33 42
internal_value=0 0.00341625 -0.000456002 0.00197154 -0.00128039 -0.000728612 0.000201661 0.000223438 -0.00291882 -0.00450217 0.00640531
internal_weight=0 111 578 143 435 368 267 100 101 67 75
internal_count=689 111 578 143 435 368 267 100 101 67 75
cat_boundaries=0 1 2 3
cat_threshold=537280580 9769 37032
is_linear=0
shrinkage=0.0111721


Tree=314
num_leaves=15
num_cat=2
split_feature=7 2 46 39 16 40 28 35 49 37 25 25 15 21
split_gain=13.0945 11.6476 7.34993 7.22844 10.587 5.95614 10.747 5.81521 5.99842 5.76369 4.97704 4.16686 2.35307 1.62536
threshold=0 1 0.5745370388031007 0.048809524625539787 15.750000000000002 3.5000000000000004 17.500000000000004 11.500000000000002 7.5000000000000009 15.500000000000002 29.500000000000004 33.500000000000007 -4.4999999999999991 29.500000000000004
decision_type=9 9 8 10 8 8 8 8 8 8 10 8 10 2
left_child=2 5 -1 4 12 -2 -7 -4 -9 -5 -6 -10 -3 -8
right_child=1 3 7 9 10 6 13 8 11 -11 -12 -13 -14 -15
leaf_value=0.02490835056350843 0.031167079115089761 0.0017735787099479019 -0.0039799344288952527 -0.0088964518692744056 -0.0055333546875989967 -0.010860659462139882 0.045514819501890333 0.018646160170860397 -0.002284565487936823 -0.035232055908018367 -0.034925938376249195 0.022254489637260125 0.027366955235839797 0.0061879159752554124
leaf_weight=48 38 34 53 62 74 57 42 60 44 34 38 35 41 63
leaf_count=48 38 34 53 62 74 57 42 60 44 34 38 35 41 63
internal_value=0 -0.000203952 0.00294942 -0.00163959 -0.000418204 0.00180881 0.000965485 0.00209476 0.00329535 -0.00418952 -0.00259351 0.00127276 0.00283025 0.00308561
internal_weight=0 483 240 283 187 200 162 192 139 96 112 79 75 105
internal_count=723 483 240 283 187 200 162 192 139 96 112 79 75 105
cat_boundaries=0 1 2
cat_threshold=2151905953 9027
is_linear=0
shrinkage=0.0111721


Tree=315
num_leaves=15
num_cat=2
split_feature=7 20 46 10 42 20 20 15 48 48 41 19 20 14
split_gain=15.1306 10.2735 9.36351 9.07335 10.2492 6.71485 9.11546 6.44712 3.86486 3.70563 2.62199 2.33533 2.27219 1.48361
threshold=0 180.50000000000003 0.11483516544103624 1 1.5000000000000002 228.50000000000003 577.50000000000011 -3.2499999999999996 0.71611723303794872 0.77913278341293346 3.5000000000000004 6.5000000000000009 205.50000000000003 40.500000000000007
decision_type=9 2 10 9 10 2 2 10 8 8 8 10 2 8
left_child=1 2 -1 8 5 9 -7 10 -2 -5 -6 -4 -10 -3
right_child=3 13 11 4 7 6 -8 -9 12 -11 -12 -13 -14 -15
leaf_value=0.022189943934910594 -0.015293106402492294 -0.01303124102986726 0.012065510043951613 0.01141932444678887 -0.03168904920148416 -0.013564452263872441 0.025614977004234145 0.0003623762049114876 -0.0073885796622768394 0.024408852147757173 -0.011359587094408395 0.00093578576706875906 -0.025994187022710228 0.010105834781113791
leaf_weight=49 37 33 36 40 34 118 35 51 33 49 35 44 42 43
leaf_count=49 37 33 36 40 34 118 35 51 33 49 35 44 42 43
internal_value=0 0.00254619 0.00459007 -0.00101564 -0.000120129 0.0012003 -0.000219058 -0.00279301 -0.00366297 0.00364033 -0.00501932 0.00223441 -0.00253233 -0.000587999
internal_weight=0 205 129 474 362 242 153 120 112 89 69 80 75 76
internal_count=679 205 129 474 362 242 153 120 112 89 69 80 75 76
cat_boundaries=0 1 2
cat_threshold=582054 6201
is_linear=0
shrinkage=0.0111721


Tree=316
num_leaves=16
num_cat=1
split_feature=13 40 20 49 48 20 27 35 23 19 25 15 49 20 19
split_gain=21.398 7.9564 7.28925 11.3623 6.96876 6.65008 6.35392 5.51216 6.43743 5.16703 4.55371 6.00209 5.48978 3.1028 2.65851
threshold=0 -2.4999999999999996 223.50000000000003 3.5000000000000004 0.54653680324554454 86.500000000000014 3.5000000000000004 13.500000000000002 -0.93000000715255726 48.500000000000007 17.500000000000004 -0.74999999999999989 9.5000000000000018 501.50000000000006 12.500000000000002
decision_type=9 8 2 10 8 2 8 10 8 10 8 8 10 2 8
left_child=1 -1 4 9 6 -3 -2 8 -6 14 11 -7 -12 -11 -4
right_child=2 5 3 -5 7 10 -8 -9 -10 13 12 -13 -14 -15 -16
leaf_value=0.019062236771044256 0.014390435508651572 -0.01536076192793734 -0.013455431120761193 -0.031932310121004219 -0.0058017779135717748 -0.01205890596935966 -0.0025371281178647878 0.0063484857769513046 -0.028156999184685023 -0.036843980692510131 0.019474715495960949 0.018016220172297315 0.032404595627115271 -0.026835735311936521 0.020753842709287287
leaf_weight=35 49 39 33 52 46 43 48 38 63 33 73 34 33 46 54
leaf_count=35 49 39 33 52 46 43 48 38 63 33 73 34 33 46 54
internal_value=0 0.00230136 -0.00165687 -0.00317738 -0.000366296 0.00161039 0.00195799 -0.00190001 -0.00317737 -0.00174984 0.00250303 0.000435271 0.00400508 -0.00381829 0.000128411
internal_weight=0 257 462 218 244 222 97 147 109 166 183 77 106 79 87
internal_count=719 257 462 218 244 222 97 147 109 166 183 77 106 79 87
cat_boundaries=0 1
cat_threshold=541925028
is_linear=0
shrinkage=0.0111721


Tree=317
num_leaves=14
num_cat=3
split_feature=13 48 41 7 48 8 22 28 14 35 19 25 19
split_gain=18.9178 9.08131 7.91244 6.1454 7.04595 5.51918 8.89582 6.03152 3.5069 2.94269 3.49937 2.88228 2.18179
threshold=0 0.77913278341293346 3.5000000000000004 1 0.2674796879291535 2 12.500000000000002 20.500000000000004 11.250000000000002 19.500000000000004 153.50000000000003 25.500000000000004 68.500000000000014
decision_type=9 10 8 9 10 9 10 8 8 8 8 8 10
left_child=1 2 -1 4 11 8 7 -7 -5 -4 -11 -2 -10
right_child=3 -3 9 5 -6 6 -8 -9 12 10 -12 -13 -14
leaf_value=0.0061199722689189596 0.026800901627210726 -0.036021672504376448 -0.026317710189433772 0.0037828443701574182 0.0022280773332762839 -0.0059186142512916333 0.033261319237923595 0.012710508728222009 -0.034864554895628175 0.00048933107318469124 -0.024393809493445717 0.019247259356146015 -0.0089668811984832762
leaf_weight=40 34 34 33 46 39 87 36 111 33 56 53 34 33
leaf_count=40 34 34 33 46 39 87 36 111 33 56 53 34 33
internal_value=0 -0.0024717 -0.00159601 0.00147191 0.00372402 0.000690408 0.00164834 0.000789943 -0.00128204 -0.00283235 -0.00194742 0.0062432 -0.00304692
internal_weight=0 216 182 453 107 346 234 198 112 142 109 68 66
internal_count=669 216 182 453 107 346 234 198 112 142 109 68 66
cat_boundaries=0 2 3 4
cat_threshold=3966245 128 165216 4629
is_linear=0
shrinkage=0.0111721


Tree=318
num_leaves=14
num_cat=3
split_feature=13 7 25 2 40 19 39 19 16 15 19 34 19
split_gain=12.6252 10.5538 10.4138 8.67925 8.59896 7.08189 7.05326 6.43558 5.90947 5.88473 4.61855 8.51216 3.53279
threshold=0 1 17.500000000000004 2 -3.4999999999999996 92.500000000000014 0.2276190519332886 38.500000000000007 4.5000000000000009 -5.7499999999999991 25.000000000000004 1.2500000000000002 103.00000000000001
decision_type=9 9 10 9 8 10 10 10 8 8 8 8 10
left_child=9 2 8 6 -5 -6 7 -3 -2 -1 11 -11 -12
right_child=1 3 -4 4 5 -7 -8 -9 -10 10 12 -13 -14
leaf_value=0.016096258816659131 0.025419922730686263 0.015215436816224051 -0.01504309088688904 0.015079708314335364 -0.020892551030811432 0.01134775020640405 -0.021014585447055589 -0.035377775886180358 0.0030849538018006537 -0.0031693382432040648 -0.023352556240797299 0.029762319554017813 0.0082976658738975421
leaf_weight=35 33 35 40 33 175 47 50 65 36 52 42 45 33
leaf_count=35 33 35 40 33 175 47 50 65 36 52 42 45 33
internal_value=0 -0.00140717 0.00159601 -0.00223441 -0.000885333 -0.00171104 -0.00432917 -0.00290473 0.00437167 0.00180194 0.00103926 0.00264904 -0.00104272
internal_weight=0 514 109 405 255 222 150 100 69 207 172 97 75
internal_count=721 514 109 405 255 222 150 100 69 207 172 97 75
cat_boundaries=0 2 3 4
cat_threshold=639584264 4 24159296 4746
is_linear=0
shrinkage=0.0111721


Tree=319
num_leaves=17
num_cat=2
split_feature=13 14 30 16 15 2 20 20 22 19 19 19 25 23 19 20
split_gain=11.9497 10.1572 6.75373 7.32231 7.51559 5.94435 8.9762 7.38228 6.4299 5.52309 4.46931 4.29795 3.98091 9.17945 3.34397 1.16539
threshold=0 22.500000000000004 6.5000000000000009 0.75000000000000011 -3.2499999999999996 1 136.50000000000003 424.50000000000006 2.5000000000000004 11.500000000000002 321.00000000000006 15.500000000000002 13.500000000000002 -2.2499999999999996 136.50000000000003 453.50000000000006
decision_type=9 8 10 8 10 9 2 2 10 10 8 8 10 10 10 2
left_child=5 2 3 -2 -5 11 8 9 -7 -8 12 -1 13 -3 -13 -14
right_child=1 10 -4 4 -6 6 7 -9 -10 -11 -12 14 15 -15 -16 -17
leaf_value=0.016327015546190034 -0.023476528205904131 -0.03097522572921612 0.016147436055836455 -0.014936293041724008 0.010497989411916778 -0.020046572691977512 0.041051625593685623 0.0090141010673582406 0.016679614911813356 0.045403559224385062 0.018065562422239084 -0.030777530141610929 -0.021686420669737604 0.020967766011330578 0.017869194109621088 -0.050369635508820045
leaf_weight=52 43 58 46 42 66 33 45 33 36 46 36 34 36 37 35 34
leaf_count=52 43 58 46 42 66 33 45 33 36 46 36 34 36 37 35 34
internal_value=0 -0.00115007 0.000623819 -0.000517908 0.00103445 0.00172408 0.00291684 0.00486525 -0.00016191 0.0065068 -0.00294587 -0.000255847 -0.00372402 -0.00223441 -0.00210488 -0.00574562
internal_weight=0 398 197 151 108 314 193 124 69 91 201 121 165 95 69 70
internal_count=712 398 197 151 108 314 193 124 69 91 201 121 165 95 69 70
cat_boundaries=0 2 3
cat_threshold=2688556526 128 137
is_linear=0
shrinkage=0.0111721


Tree=320
num_leaves=15
num_cat=2
split_feature=13 21 8 28 22 21 25 25 19 34 23 14 19 17
split_gain=14.4165 10.9155 7.44546 6.82285 6.15829 6.73713 7.01707 5.59864 4.56445 4.50286 4.49945 3.90773 3.28593 3.04676
threshold=0 33.500000000000007 1 10.500000000000002 3.1649999618530278 31.500000000000004 39.500000000000007 6.5000000000000009 4.5000000000000009 1.0000000180025095e-35 -0.93000000715255726 14.500000000000002 12.500000000000002 10.500000000000002
decision_type=9 2 9 8 10 2 8 10 10 10 8 10 8 8
left_child=1 9 3 -2 5 8 -7 -6 -4 10 -1 -9 -5 -12
right_child=2 -3 4 12 7 6 -8 11 -10 -11 13 -13 -14 -15
leaf_value=0.035225948371326296 -0.02408081580730697 0.017114765698108655 -0.033690686594990263 0.020305873832273589 -0.020453141890700282 -0.024596769601894549 0.027047817630119264 -0.011221794897287165 -0.023948574094452446 -0.009277861330187695 -0.009682566664055009 0.023163530096542369 0.0034392164341953361 0.010839568629425877
leaf_weight=35 45 63 41 45 58 60 34 35 76 36 38 33 39 59
leaf_count=35 45 63 41 45 58 60 34 35 76 36 38 33 39 59
internal_value=0 0.00180793 -0.00154907 0.000723369 -0.00241471 -0.00365342 -0.00142622 -0.000532001 -0.0054428 0.000399001 0.00135419 0.00164294 0.00266001 0.000115173
internal_weight=0 231 466 129 337 211 94 126 117 168 132 68 84 97
internal_count=697 231 466 129 337 211 94 126 117 168 132 68 84 97
cat_boundaries=0 2 3
cat_threshold=2298636388 4 39064
is_linear=0
shrinkage=0.0111721


Tree=321
num_leaves=13
num_cat=2
split_feature=2 41 39 19 21 20 8 30 19 49 19 14
split_gain=17.7654 9.80248 13.8626 8.32635 8.13939 7.94014 8.4042 5.54537 3.67764 6.48282 3.4099 3.12638
threshold=0 1.0000000180025095e-35 0.94312667846679699 85.500000000000014 27.500000000000004 447.50000000000006 1 4.5000000000000009 7.5000000000000009 2.5000000000000004 243.50000000000003 11.250000000000002
decision_type=9 10 10 10 2 2 9 10 10 10 8 10
left_child=1 2 3 4 -1 6 8 11 -2 -10 -7 -8
right_child=5 -3 -4 -5 -6 10 7 -9 9 -11 -12 -13
leaf_value=-0.0032348398094417404 -0.016760858036159537 0.029132294724668984 -0.016907523610138323 -0.012826567427042289 0.020745081836862803 -0.010917909088008208 -0.025752762997421977 -0.0012291217111246508 0.015037002901050301 -0.015922881605423114 0.016021632093530091 -0.026642834712148646
leaf_weight=42 44 34 36 61 123 47 105 33 41 40 42 53
leaf_count=42 44 34 36 61 123 47 105 33 41 40 42 53
internal_value=0 0.00153342 0.000852829 0.00187849 0.00318234 -0.00201905 -0.00289908 -0.00427984 -0.000413778 0.000965483 0.000878698 -0.0053739
internal_weight=0 296 262 226 165 405 316 191 125 81 89 158
internal_count=701 296 262 226 165 405 316 191 125 81 89 158
cat_boundaries=0 1 2
cat_threshold=181670 374
is_linear=0
shrinkage=0.0111721


Tree=322
num_leaves=13
num_cat=1
split_feature=13 40 48 39 17 25 49 35 19 14 20 20
split_gain=20.559 15.291 14.9513 8.67204 6.44768 6.35475 8.55736 4.75616 8.00019 4.36515 3.97382 3.50139
threshold=0 -3.4999999999999996 0.34045454859733587 0.85523810982704174 8.5000000000000018 29.500000000000004 7.5000000000000009 17.500000000000004 54.000000000000007 15.500000000000002 165.50000000000003 138.50000000000003
decision_type=9 8 8 10 8 10 10 8 10 10 2 2
left_child=1 -1 10 5 9 6 -4 -6 -9 -3 -2 -5
right_child=2 4 3 11 7 -7 -8 8 -10 -11 -12 -13
leaf_value=0.015865034436739405 -0.00098996722244670365 0.003299873277633418 0.011592951134824817 0.035744041124969816 -0.047581540180834381 0.037908408436624103 -0.015344649717251774 -0.0079268555698928066 -0.027105520622727183 -0.014960337494394094 -0.039838979418574103 0.02087215486939922
leaf_weight=35 38 33 205 33 33 65 42 45 39 39 34 46
leaf_count=35 38 33 205 33 33 65 42 45 39 39 34 46
internal_value=0 -0.00190975 0.00214938 0.00305732 -0.00325113 0.00222009 0.00140216 -0.00486987 -0.00345801 -0.000620666 -0.00248268 0.00636383
internal_weight=0 224 463 391 189 312 247 117 84 72 72 79
internal_count=687 224 463 391 189 312 247 117 84 72 72 79
cat_boundaries=0 2
cat_threshold=17293706 256
is_linear=0
shrinkage=0.0111721


Tree=323
num_leaves=13
num_cat=3
split_feature=9 25 32 2 20 29 2 28 21 34 25 20
split_gain=11.625 11.6497 14.6593 8.93043 7.65679 4.83252 4.63117 5.37052 4.48029 4.1806 1.8866 1.8761
threshold=0 19.500000000000004 0.29198718070983892 1 109.50000000000001 1.2500000000000002 2 21.500000000000004 27.500000000000004 1.0000000180025095e-35 29.500000000000004 496.50000000000006
decision_type=9 8 8 9 2 8 9 8 2 8 10 2
left_child=4 2 -2 5 -1 -4 7 -3 -8 -5 -9 -10
right_child=1 6 3 9 -6 -7 8 10 11 -11 -12 -13
leaf_value=0.011003154740876743 -0.020708635312133832 0.00045686183809798443 -0.0028550894744731087 -0.017930503446532589 0.017990784174478851 0.014388516216381113 0.015596550002945993 0.029160609490618446 -0.021513794215729121 -0.0074984681314022653 0.023340670584187827 0.013302938499194209
leaf_weight=42 43 50 43 36 62 63 47 48 65 124 33 41
leaf_count=42 43 50 43 36 62 63 47 48 65 124 33 41
internal_value=0 1.8527e-05 -0.00148238 -0.000504002 0.00392002 0.00192622 0.00165221 0.00309014 0.000205619 -0.00210298 0.00510328 -0.00105397
internal_weight=0 593 309 266 104 106 284 131 153 160 81 106
internal_count=697 593 309 266 104 106 284 131 153 160 81 106
cat_boundaries=0 1 2 3
cat_threshold=2456 570 7
is_linear=0
shrinkage=0.0111721


Tree=324
num_leaves=13
num_cat=2
split_feature=7 2 44 42 39 48 42 20 22 20 19 15
split_gain=12.2444 7.80799 7.02364 4.91546 6.0343 4.77435 4.94069 4.1303 4.57582 2.94879 4.02753 1.61735
threshold=0 1 4.5000000000000009 11.500000000000002 0.5853099822998048 0.66563147306442272 2.5000000000000004 76.500000000000014 3.1649999618530278 135.50000000000003 243.50000000000003 -8.2499999999999982
decision_type=9 9 10 10 8 10 10 2 8 2 8 10
left_child=3 2 7 4 -1 6 11 -2 -9 -6 -11 -3
right_child=1 5 -4 -5 9 -7 -8 8 -10 10 -12 -13
leaf_value=-0.0099528897865732938 -0.01448134916828701 -0.010596348242762978 0.018234074558957328 0.024384671131675879 0.012826455034517846 0.0033136777665200728 -0.025406530686369826 -0.0079041272820295858 0.022920366067691281 0.00031452712992384056 0.043814159152470541 -0.018473236560646235
leaf_weight=34 48 76 36 42 35 37 38 115 86 71 35 36
leaf_count=34 48 76 36 42 35 37 38 115 86 71 35 36
internal_value=0 -0.000834428 0.000340842 0.00231316 0.00159601 -0.00255199 -0.00357506 -0.000314073 0.000389076 0.00261474 0.00168635 -0.00239401
internal_weight=0 472 285 217 175 187 150 249 201 141 106 112
internal_count=689 472 285 217 175 187 150 249 201 141 106 112
cat_boundaries=0 1 2
cat_threshold=6412366 20583
is_linear=0
shrinkage=0.0111721


Tree=325
num_leaves=12
num_cat=2
split_feature=1 7 20 20 24 25 25 14 25 37 14
split_gain=31.0106 13.3179 9.60207 6.02606 6.89074 4.88221 7.43922 4.49222 3.79626 2.6284 0.969616
threshold=0 1 488.50000000000006 369.50000000000006 1.0000000180025095e-35 30.500000000000004 22.500000000000004 20.500000000000004 13.500000000000002 11.500000000000002 14.500000000000002
decision_type=9 9 2 2 8 10 8 8 10 8 10
left_child=9 5 3 4 -3 6 7 -2 -4 -1 -11
right_child=1 2 8 -5 -6 -7 -8 -9 -10 10 -12
leaf_value=-0.025603797649730507 0.0046863606673025835 -0.0080708775457698622 -0.014299605126307124 0.030119652458152318 0.016092093484960567 0.059971096442810755 -0.004277058604557616 0.032119721875346237 -0.034743764497656406 -0.015466702155123871 -0.027705014587420612
leaf_weight=34 81 153 40 52 106 39 48 33 39 33 33
leaf_count=34 81 153 40 52 106 39 48 33 39 33 33
internal_value=0 0.00117112 -5.58596e-05 0.000826229 0.000129405 0.00344163 0.00275853 0.00431202 -0.00353546 -0.00528134 -0.00710948
internal_weight=0 591 390 311 259 201 162 114 79 100 66
internal_count=691 591 390 311 259 201 162 114 79 100 66
cat_boundaries=0 1 2
cat_threshold=40995 711962
is_linear=0
shrinkage=0.0111721


Tree=326
num_leaves=14
num_cat=3
split_feature=13 7 2 19 40 19 19 48 35 20 32 19 19
split_gain=21.5896 8.34036 6.67809 6.45899 6.28646 6.02767 5.43216 4.55656 4.5146 3.67711 3.78074 2.19407 0.242357
threshold=0 1 2 103.00000000000001 -2.4999999999999996 11.500000000000002 205.00000000000003 0.48452951014041906 4.5000000000000009 109.50000000000001 0.94160273671150219 89.500000000000014 118.50000000000001
decision_type=9 9 9 10 8 8 10 8 10 2 8 8 8
left_child=7 5 8 4 -4 -2 -7 -1 12 -9 -11 -12 -3
right_child=1 2 3 -5 -6 6 -8 9 -10 10 11 -13 -14
leaf_value=0.0047274272573946336 -0.011620014467077187 -0.047158554123448257 0.0062855522644277339 0.033904712369299497 -0.01107936223769568 0.01864598779257973 0.00012079241667584456 0.023216066199824231 -0.0028515418735467527 0.033994749090374338 -0.0049529479705616893 0.028058987425354728 -0.045965734252065717
leaf_weight=61 33 33 45 35 230 43 34 35 40 36 40 39 33
leaf_count=61 33 33 45 35 230 43 34 35 40 36 40 39 33
internal_value=0 -0.00116723 -0.00188824 -0.000977555 -0.0015844 0.00148961 0.0033371 0.00298259 -0.00423768 0.0041709 0.00320589 0.00183844 -0.00643239
internal_weight=0 526 416 310 275 110 77 211 106 150 115 79 66
internal_count=737 526 416 310 275 110 77 211 106 150 115 79 66
cat_boundaries=0 2 3 4
cat_threshold=16074912 9 17490 17496
is_linear=0
shrinkage=0.0111721


Tree=327
num_leaves=13
num_cat=2
split_feature=7 25 7 37 32 39 14 27 14 20 22 19
split_gain=19.9778 7.57304 7.90543 7.54206 6.75812 6.48211 7.71265 5.51958 4.92688 4.46572 6.41388 2.26663
threshold=0 5.5000000000000009 1 2.5000000000000004 0.36980056762695318 0.4794366210699082 2.2500000000000004 7.5000000000000009 19.500000000000004 103.50000000000001 1.1650000214576723 8.5000000000000018
decision_type=9 8 9 10 8 8 8 8 8 2 10 10
left_child=4 7 3 8 -1 -4 -7 -2 -3 -6 11 -11
right_child=1 2 5 -5 9 6 -8 -9 -10 10 -12 -13
leaf_value=0.035370498245785316 -0.011374263830741499 -0.03434425064786794 0.021477992928905586 0.0096568195882397803 0.011550852497541952 -0.013572559233265826 0.0067018096632725909 -0.0301654529113938 -0.010707321869843698 0.028434923380836627 -0.029326535611773324 0.020101632298940367
leaf_weight=54 40 34 50 33 33 35 152 42 48 34 49 51
leaf_count=54 40 34 50 33 33 35 152 42 48 34 49 51
internal_value=0 -0.00100649 -0.000317388 -0.00259192 0.00304693 0.000859389 -5.97421e-05 -0.00408733 -0.00463231 0.00207385 0.00116723 0.00302302
internal_weight=0 434 352 115 221 237 187 82 82 167 134 85
internal_count=655 434 352 115 221 237 187 82 82 167 134 85
cat_boundaries=0 1 2
cat_threshold=9656978 4489285
is_linear=0
shrinkage=0.0111721


Tree=328
num_leaves=13
num_cat=1
split_feature=46 13 32 39 28 25 20 27 47 15 20 19
split_gain=19.0953 14.6294 8.38827 7.84014 11.1455 6.7291 5.75324 8.8856 5.23831 4.6283 4.6095 3.54183
threshold=0.94258242845535289 0 0.96961539983749401 0.97530490159988414 4.5000000000000009 24.500000000000004 478.50000000000006 5.5000000000000009 -12.499999999999998 -1.2499999999999998 104.50000000000001 151.50000000000003
decision_type=8 9 10 8 10 10 2 8 10 10 2 10
left_child=2 3 9 -2 5 -5 7 8 -3 -1 -9 -8
right_child=1 6 -4 4 -6 -7 11 10 -10 -11 -12 -13
leaf_value=0.017360245104938086 -0.0099555123912841575 -0.0083994069464752557 -0.0031520351923459609 -0.0083818761811545028 0.027162167418810043 0.043607073896084723 -0.03129446609843569 -0.012878668806971196 -0.018835842574783105 0.02399514396565066 0.011969549659094409 -0.032277150927866587
leaf_weight=50 61 70 39 71 42 34 42 35 47 43 105 46
leaf_count=50 61 70 39 71 42 34 42 35 47 43 105 46
internal_value=0 -0.000666687 0.00406257 0.00163994 0.00311602 0.0011704 -0.00204559 -0.00126066 -0.00353304 0.00588635 0.000638402 -0.00457038
internal_weight=0 553 132 208 147 105 345 257 117 93 140 88
internal_count=685 553 132 208 147 105 345 257 117 93 140 88
cat_boundaries=0 1
cat_threshold=181301000
is_linear=0
shrinkage=0.0111721


Tree=329
num_leaves=13
num_cat=2
split_feature=7 13 14 39 46 25 39 20 21 27 19 21
split_gain=19.049 12.7766 9.49391 12.4681 9.11389 6.97428 9.07687 5.81515 5.26405 5.0757 4.07161 2.09757
threshold=0 1 3.5000000000000004 0.98346996307373058 0.98229950666427623 35.500000000000007 0.53410854935646068 157.50000000000003 28.500000000000004 3.5000000000000004 8.5000000000000018 30.500000000000004
decision_type=9 9 10 8 8 8 8 2 2 10 10 2
left_child=7 4 5 -4 -2 6 -3 -1 -6 -5 -10 -7
right_child=1 2 3 9 8 11 -8 -9 10 -11 -12 -13
leaf_value=0.011584847529594034 0.0037507372280815112 0.023202188201594941 -0.0063009024904642323 0.025375807127319454 -0.0045710131315521143 0.020427805543420281 -0.019354170313028603 0.038459095073853818 -0.019668255890114065 0.0055230334768605017 -0.032593672388421278 -0.0010260691965764176
leaf_weight=56 51 33 64 69 59 35 96 55 35 37 63 54
leaf_count=56 51 33 64 69 59 35 96 55 35 37 63 54
internal_value=0 -0.000700558 0.000505269 0.00249728 -0.00286989 -0.00102496 -0.00268476 0.0041549 -0.00434074 0.00484825 -0.00592803 0.00138081
internal_weight=0 596 388 170 208 218 129 111 157 106 98 89
internal_count=707 596 388 170 208 218 129 111 157 106 98 89
cat_boundaries=0 1 3
cat_threshold=175392 840345 514
is_linear=0
shrinkage=0.0111721


Tree=330
num_leaves=14
num_cat=1
split_feature=13 20 15 50 42 49 48 46 32 16 20 25 19
split_gain=14.6168 10.5432 10.2071 7.95768 7.02334 6.71728 8.78488 6.0571 6.0182 4.29203 1.83918 2.6526 1.10332
threshold=0 275.50000000000006 -1.0000000180025095e-35 0.84523808956146251 12.500000000000002 2.5000000000000004 0.48957881331443792 0.051956815645098693 0.97515434026718151 10.250000000000002 369.50000000000006 14.500000000000002 194.50000000000003
decision_type=9 2 10 8 8 10 10 10 8 8 2 10 10
left_child=2 5 3 -1 -5 9 7 -7 -6 -2 -3 -12 -13
right_child=1 10 -4 4 8 6 -8 -9 -10 -11 11 12 -14
leaf_value=0.016487288248620516 0.023520435599248435 -0.030787768459171787 0.025306938215557052 -0.018562213490598844 0.009706411948507113 -0.0091524501921192609 -0.010521901283115169 0.014821540868355635 -0.0017464838027103464 0.00023200224561182166 -0.01914445715033157 -0.041234957369430114 -0.022997645528595453
leaf_weight=33 42 51 45 44 36 70 40 36 74 63 61 34 33
leaf_count=33 42 51 45 44 36 70 40 36 74 63 61 34 33
internal_value=0 -0.00157425 0.00184662 0.000776666 -0.000290182 -0.00013353 -0.00168346 0 0.00121877 0.00202161 -0.00368241 -0.00296758 -0.00450217
internal_weight=0 430 232 187 154 251 146 106 110 105 179 128 67
internal_count=662 430 232 187 154 251 146 106 110 105 179 128 67
cat_boundaries=0 1
cat_threshold=302471536
is_linear=0
shrinkage=0.0111721


Tree=331
num_leaves=14
num_cat=3
split_feature=13 8 46 47 35 2 32 14 20 15 20 17 20
split_gain=24.3719 11.5203 7.73193 11.6315 7.17577 5.54645 8.61644 5.54689 5.43169 5.56235 5.09086 3.93676 1.11517
threshold=0 1 0.42163743078708654 -1.0000000180025095e-35 13.500000000000002 2 0.36088341474533087 12.500000000000002 332.50000000000006 -2.7499999999999996 279.50000000000006 2.5000000000000004 359.50000000000006
decision_type=9 9 10 8 8 9 10 10 2 8 2 10 2
left_child=2 8 4 -4 -1 6 -3 10 9 -2 -7 12 -6
right_child=1 5 3 -5 11 7 -8 -9 -10 -11 -12 -13 -14
leaf_value=0.023979286959802591 -0.014396849682632036 0.019745729908462933 0.017258253434766651 -0.036336946656394302 0.050824947758546409 -0.018026428256857987 -0.012290931014646112 0.00459876465745489 0.030607978790398286 0.0111582056829623 -0.030473397527013817 0.0067688085829699009 0.040259593534031073
leaf_weight=36 34 65 43 33 38 77 62 44 41 54 77 41 36
leaf_count=36 34 65 43 33 38 77 62 44 41 54 77 41 36
internal_value=0 -0.00105942 0.00334691 0.000587999 0.00495714 -0.00216771 -0.000244642 -0.00333013 0.00168786 0.000253907 -0.00449784 0.00359449 0.0051331
internal_weight=0 454 227 76 151 325 127 198 129 88 154 115 74
internal_count=681 454 227 76 151 325 127 198 129 88 154 115 74
cat_boundaries=0 1 2 3
cat_threshold=14096208 2124 547
is_linear=0
shrinkage=0.0111721


Tree=332
num_leaves=13
num_cat=2
split_feature=8 39 13 24 42 49 15 35 32 21 21 16
split_gain=14.2448 10.1607 10.0254 8.83807 8.12797 5.52552 5.16108 6.17393 3.41622 3.39512 4.84186 2.35418
threshold=0 0.15192308276891711 1 1.5699999928474428 16.500000000000004 14.500000000000002 -2.7499999999999996 17.500000000000004 0.97484177350997936 33.500000000000007 29.500000000000004 8.7500000000000018
decision_type=9 8 9 10 10 10 8 8 8 2 2 10
left_child=1 -1 9 4 5 -4 -3 -8 -9 10 -2 -5
right_child=2 6 3 11 -6 -7 7 8 -10 -11 -12 -13
leaf_value=0.031365841385624302 -0.02533602314016721 0.015563458265516757 0.0057184789724277494 -0.036541257613163514 -0.017578484945674638 0.063131720407423139 -0.0068632493767534601 0.016844493073871435 0.0044652631872200907 -0.040652526319196906 0.00054180830785586175 -0.014463943311449061
leaf_weight=36 36 51 241 33 33 33 50 33 50 33 33 35
leaf_count=36 36 51 241 33 33 33 50 33 50 33 33 35
internal_value=0 0.00252586 -0.000848801 2.90176e-05 0.000836994 0.00146786 0.00157866 0.00042 0.00228825 -0.00379052 -0.00275253 -0.00361448
internal_weight=0 220 477 375 307 274 184 133 83 102 69 68
internal_count=697 220 477 375 307 274 184 133 83 102 69 68
cat_boundaries=0 1 3
cat_threshold=45458 4194659 2
is_linear=0
shrinkage=0.0111721


Tree=333
num_leaves=13
num_cat=4
split_feature=13 20 13 8 20 25 39 19 5 49 25 14
split_gain=20.9042 14.1594 8.50826 10.115 6.96262 4.77975 3.80832 3.2216 4.58724 2.92343 5.79914 1.72521
threshold=0 577.50000000000011 1 2 126.50000000000001 19.500000000000004 0.96580946445465099 22.500000000000004 3 5.5000000000000009 18.500000000000004 52.500000000000007
decision_type=9 2 9 9 2 10 10 10 9 8 10 8
left_child=4 2 9 5 -1 -4 -5 8 -6 -2 -11 -9
right_child=1 -3 3 6 7 -7 -8 11 -10 10 -12 -13
leaf_value=0.0013014184301686079 -0.014084304185411258 -0.047262397391260189 -0.0029258269489898779 0.0096474478689795029 0.011952950542320491 -0.031803868937738934 0.020915777439575432 0.017850840768096655 0.032988398122449587 0.0058350183758509363 -0.01587488548608568 0.019935969484266187
leaf_weight=61 42 46 72 169 36 33 44 37 48 37 38 33
leaf_count=61 42 46 72 169 36 33 44 37 48 37 38 33
internal_value=0 -0.000887394 -0.000282511 0.000681223 0.00322748 -0.00204011 0.00205406 0.00464293 0.00611803 -0.00272704 -0.00163856 0.00287281
internal_weight=0 481 435 318 215 105 213 154 84 117 75 70
internal_count=696 481 435 318 215 105 213 154 84 117 75 70
cat_boundaries=0 2 3 4 5
cat_threshold=64497220 256 67453072 18024 1
is_linear=0
shrinkage=0.0111721


Tree=334
num_leaves=12
num_cat=2
split_feature=7 42 8 46 16 25 25 23 29 21 32
split_gain=14.2234 8.72047 7.50132 7.87588 7.54653 7.07722 5.09391 8.16288 5.60193 4.7643 4.15382
threshold=0 8.5000000000000018 1 0.38548950850963598 4.5000000000000009 10.500000000000002 27.500000000000004 -1.0000000180025095e-35 4.0699999332427987 31.500000000000004 0.84475743770599376
decision_type=9 10 9 10 10 10 10 10 8 2 8
left_child=6 2 9 4 -4 -3 7 8 -1 -2 -7
right_child=1 5 3 -5 -6 10 -8 -9 -10 -11 -12
leaf_value=0.022905071044602651 -0.025571291487645951 -0.022898460366866467 0.010362330150346839 0.020354106409783395 -0.024600700278322847 0.0022321515374834353 0.030581441808504709 -0.011554903684647327 0.0015306745782477339 -0.0011757875341292601 -0.025748992844231714
leaf_weight=46 60 33 162 43 36 39 63 58 57 41 39
leaf_count=46 60 33 162 43 36 39 63 58 57 41 39
internal_value=0 -0.00137539 -0.000522669 0.000578632 -0.000338546 -0.00412661 0.00200524 0.00104087 0.0029286 -0.00291882 -0.0022917
internal_weight=0 453 342 241 198 111 224 161 103 101 78
internal_count=677 453 342 241 198 111 224 161 103 101 78
cat_boundaries=0 1 2
cat_threshold=6317914 16721
is_linear=0
shrinkage=0.0111721


Tree=335
num_leaves=14
num_cat=3
split_feature=13 8 22 24 6 39 27 22 20 17 17 24 28
split_gain=27.9726 12.2117 8.5716 8.31979 7.41759 6.33814 5.73985 5.34682 5.41237 3.31423 2.5847 2.05276 1.88888
threshold=0 1 1.7500000000000002 1.0000000180025095e-35 2 0.33882540464401251 17.000000000000004 9.2500000000000018 120.50000000000001 10.500000000000002 4.5000000000000009 4.2500000000000009 23.500000000000004
decision_type=9 9 10 8 9 8 8 10 2 8 10 8 8
left_child=3 6 5 9 -5 -3 -2 10 -9 -1 -4 -6 -7
right_child=1 2 7 4 11 12 -8 8 -10 -11 -12 -13 -14
leaf_value=0.012221983519603706 -0.0048122663074291333 0.012228069728573144 -0.012697486862837299 0.024211895914590345 -0.013915439890485441 -0.019634036916724912 0.016536337002927937 -0.032417865135675371 0.0036599334130935296 0.028668366742797068 -0.026496094321182339 0.0093355706770633286 -0.019512683194615247
leaf_weight=46 50 43 36 33 34 46 61 33 43 64 41 42 112
leaf_count=46 50 43 36 33 34 46 61 33 43 64 41 42 112
internal_value=0 -0.00138769 -0.00239401 0.00336625 0.00133245 -0.0009449 0.00175429 -0.00445422 -0.00235201 0.00568759 -0.00652912 -0.000587999 -0.00197986
internal_weight=0 465 354 219 109 201 111 153 76 110 77 76 158
internal_count=684 465 354 219 109 201 111 153 76 110 77 76 158
cat_boundaries=0 1 2 3
cat_threshold=405461254 396 1
is_linear=0
shrinkage=0.0111721


Tree=336
num_leaves=11
num_cat=3
split_feature=13 48 13 40 7 49 15 36 48 25
split_gain=18.8973 12.1036 8.2442 8.7074 8.0454 5.19102 4.90222 4.88402 2.62614 2.37033
threshold=0 0.63582888245582592 1 -1.4999999999999998 2 9.5000000000000018 -2.2499999999999996 1.0000000180025095e-35 0.11932203173637392 11.500000000000002
decision_type=9 10 9 10 9 10 10 8 10 10
left_child=1 6 7 4 8 -6 9 -2 -4 -1
right_child=2 -3 3 -5 5 -7 -8 -9 -10 -11
leaf_value=0.015052652453284203 -0.00091908279046574917 -0.017669816381077084 -0.018288489722490676 -0.020202842843302673 0.015266774605635124 -0.0016047990399896 0.031343498620965173 -0.03157029713371394 0.0035837801468982943 0.02640575505386053
leaf_weight=54 49 37 67 34 231 78 59 55 33 54
leaf_count=54 49 37 67 34 231 78 59 55 33 54
internal_value=0 0.00407206 0.000140403 0.000813859 0.00128383 0.00213635 0.00555258 -0.00254801 -0.0014219 0.0041378
internal_weight=0 204 547 443 409 309 167 104 100 108
internal_count=751 204 547 443 409 309 167 104 100 108
cat_boundaries=0 2 3 4
cat_threshold=4274310 2 337773312 270016522
is_linear=0
shrinkage=0.0111721


Tree=337
num_leaves=13
num_cat=2
split_feature=13 25 48 20 7 24 17 15 39 22 19 21
split_gain=15.0961 8.90595 11.52 6.82097 5.42264 10.9918 7.29369 4.92113 4.77659 4.31093 4.56197 3.90506
threshold=0 33.500000000000007 0.67681795358657848 190.50000000000003 1 1.1650000214576723 6.5000000000000009 -1.0000000180025095e-35 0.5032467544078828 9.2500000000000018 26.500000000000004 31.500000000000004
decision_type=9 8 10 2 9 8 10 10 10 8 10 2
left_child=1 2 3 8 5 6 -2 9 -1 10 -6 -11
right_child=4 -3 -4 -5 7 -7 -8 -9 -10 11 -12 -13
leaf_value=-0.0047816369728899766 -0.040560422246840554 0.051453542355582839 0.021475589983293845 0.0087043965284553902 -0.0019669880592807923 0.026855416146863872 0.0010391288343102713 -0.024355162613664629 -0.023710438418790791 -0.015859916978370647 -0.020373647322482868 -0.028552574894381715
leaf_weight=42 44 53 37 59 85 41 38 55 34 51 74 42
leaf_count=42 44 53 37 59 85 41 38 55 34 51 74 42
internal_value=0 0.000808191 -0.000389722 -0.00190339 -0.00274223 -0.000588001 -0.00299738 -0.00355955 -0.00411602 -0.00301468 -0.00189714 -0.00492531
internal_weight=0 225 172 135 430 123 82 307 76 252 159 93
internal_count=655 225 172 135 430 123 82 307 76 252 159 93
cat_boundaries=0 2 3
cat_threshold=560288344 2 1107728
is_linear=0
shrinkage=0.0111721


Tree=338
num_leaves=13
num_cat=4
split_feature=13 2 24 16 8 17 35 21 20 4 19 50
split_gain=9.79473 8.10564 8.47257 10.9412 5.78149 4.98531 4.97826 4.97968 4.31557 2.72096 4.34503 2.29002
threshold=0 1 0.76500001549720775 4.5000000000000009 2 5.5000000000000009 16.500000000000004 34.500000000000007 247.50000000000003 3 67.500000000000014 0.80909091234207164
decision_type=9 9 10 8 9 8 10 2 2 9 10 8
left_child=4 8 6 -4 5 -1 7 -3 -2 -6 -11 -5
right_child=1 2 3 11 9 -7 -8 -9 -10 10 -12 -13
leaf_value=-0.012120459432697241 -0.023703028454129471 0.0082720646090371289 -0.027928285411045865 0.013474573313656632 0.019892515529450351 0.0048219235945648623 0.013386718230058539 -0.012732754949663078 -0.022540537016327772 -0.0066200713509876755 0.021452340153076309 -0.018518082791575588
leaf_weight=37 59 124 59 33 63 63 35 57 50 34 41 44
leaf_count=37 59 124 59 33 63 63 35 57 50 34 41 44
internal_value=0 -0.00130459 -0.000432068 -0.00262872 0.00144156 -0.000609383 0.000931004 0.000185171 -0.0038492 0.0028685 0.00163856 0.000145088
internal_weight=0 461 352 136 238 100 216 181 109 138 75 77
internal_count=699 461 352 136 238 100 216 181 109 138 75 77
cat_boundaries=0 1 2 3 4
cat_threshold=822430361 216 107 1
is_linear=0
shrinkage=0.0111721


Tree=339
num_leaves=13
num_cat=3
split_feature=13 7 28 21 2 33 29 21 20 42 21 22
split_gain=13.1033 10.4889 9.18052 8.15248 7.67788 8.51219 5.66663 4.41233 4.80164 4.37665 3.10501 2.88233
threshold=0 1 4.5000000000000009 31.500000000000004 2 -1.0000000180025095e-35 1.2500000000000002 29.500000000000004 330.50000000000006 1.5000000000000002 26.500000000000004 4.0699999332427987
decision_type=9 9 10 2 9 8 8 2 2 10 2 8
left_child=7 2 -2 -4 6 -6 -3 10 -9 -7 -1 -8
right_child=1 4 3 -5 5 9 11 8 -10 -11 -12 -13
leaf_value=0.02213024005367871 0.038172068230635861 0.020254057565509229 -0.018508655317189152 0.012180143383775819 -0.015083797740115803 -0.003332520464524519 0.0094856321634093545 0.024301337008118245 0.013344969554042799 -0.015015928542803475 -0.016683099880252385 -0.0098223427752201012
leaf_weight=48 45 34 43 34 46 125 34 58 53 43 59 34
leaf_count=48 45 34 43 34 46 125 34 58 53 43 59 34
internal_value=0 -0.000648378 0.00203128 -0.000145088 -0.00171351 -0.00289277 0.000798002 0.00264601 0.00432791 -0.00186201 0.00114853 -0.000985765
internal_weight=0 438 122 77 316 214 102 218 111 168 107 68
internal_count=656 438 122 77 316 214 102 218 111 168 107 68
cat_boundaries=0 2 3 4
cat_threshold=4739293 2 9060869 8218
is_linear=0
shrinkage=0.0111721


Tree=340
num_leaves=13
num_cat=2
split_feature=7 2 48 25 20 32 42 23 20 25 30 16
split_gain=12.1379 12.7606 10.2086 9.83857 8.03424 7.47559 5.49171 4.68161 3.64739 2.42683 2.06427 1.68527
threshold=0 1 0.70678734779357921 26.500000000000004 165.50000000000003 0.42280606925487524 8.5000000000000018 -1.8199999928474424 103.50000000000001 20.500000000000004 14.500000000000002 3.2500000000000004
decision_type=9 9 8 8 2 8 10 8 2 8 8 8
left_child=3 2 -2 11 6 -6 8 -7 -3 -4 -8 -1
right_child=1 4 9 -5 5 7 10 -9 -10 -11 -12 -13
leaf_value=-0.026722831201082001 0.0069570702640616815 0.013387692744232748 -0.022728748982332164 0.018129907690007746 0.026787650402738464 0.012707588171982432 0.0085487461359704305 -0.008823044583120004 0.045504015807130059 -0.023711954951504577 -0.0047792354197680473 -0.0250085284472122
leaf_weight=36 37 64 34 33 40 44 35 194 37 36 45 34
leaf_count=36 37 64 34 33 40 44 35 194 37 36 45 34
internal_value=0 0.000349127 -0.00296012 -0.00365811 0.00116723 0 0.00302448 -0.000751062 0.00475642 -0.00574562 0.000837901 -0.00638403
internal_weight=0 566 107 103 459 278 181 238 101 70 80 70
internal_count=669 566 107 103 459 278 181 238 101 70 80 70
cat_boundaries=0 1 2
cat_threshold=1867844 22176
is_linear=0
shrinkage=0.0111721


Tree=341
num_leaves=13
num_cat=2
split_feature=13 8 47 32 25 19 49 19 39 20 15 20
split_gain=26.7867 10.9097 6.60784 6.44878 6.09341 8.55042 5.41341 10.2684 6.11762 3.33821 2.69053 2.50557
threshold=0 1 -3.4999999999999996 0.7902592420578004 26.500000000000004 31.000000000000004 11.500000000000002 12.500000000000002 0.96799793839454662 424.50000000000006 -7.7499999999999991 345.50000000000006
decision_type=9 9 8 10 10 10 8 10 8 2 10 2
left_child=6 3 -3 10 5 -4 7 -1 -8 -10 -2 -6
right_child=1 2 4 -5 11 -7 8 -9 9 -11 -12 -13
leaf_value=-0.010832137737832656 0.0068282862422404259 0.018003511184393712 -0.024196635464669346 0.025455749196250044 0.0093805393945094219 -0.0099917711214296944 0.031897429690338187 0.018276385201566391 0.019398693503151463 0.036657149978180328 -0.014019738871876268 -0.029932011874294704
leaf_weight=59 43 37 182 34 33 62 34 52 43 35 35 34
leaf_count=59 43 37 182 34 33 62 34 52 43 35 35 34
internal_value=0 -0.00190163 -0.00287103 0.00109889 -0.00348453 -0.00430399 0.00273308 0.00110714 0.00458852 0.00286463 -0.000572922 -0.000500237
internal_weight=0 460 348 112 311 244 223 111 112 78 78 67
internal_count=683 460 348 112 311 244 223 111 112 78 78 67
cat_boundaries=0 1 2
cat_threshold=201615268 27140
is_linear=0
shrinkage=0.0111721


Tree=342
num_leaves=13
num_cat=3
split_feature=13 8 21 27 16 27 23 13 23 32 21 25
split_gain=21.0384 9.64838 5.19371 6.34115 5.31053 5.27961 4.77076 4.7063 6.30282 3.91415 3.32943 4.76004
threshold=0 1 31.500000000000004 1.0000000180025095e-35 3.2500000000000004 4.5000000000000009 -0.43000000715255732 2 -1.0000000180025095e-35 0.90703704953193676 36.500000000000007 20.500000000000004
decision_type=9 9 2 10 8 8 8 9 10 8 2 8
left_child=2 6 3 4 -1 -4 -2 8 -3 -8 11 -9
right_child=1 7 5 -5 -6 -7 9 10 -10 -11 -12 -13
leaf_value=0.0011978153544314645 0.018587308470696867 -0.038140086398003682 0.039054745164834564 -0.012281284018812145 0.028038028298241358 0.011443023939395744 0.0058130430420085914 0.0021542683767850151 -0.0088663026652949992 -0.015717365461847706 -0.024952215508108472 -0.015302378293326839
leaf_weight=48 42 48 39 47 39 53 39 119 59 36 43 92
leaf_count=48 42 48 39 47 39 53 39 119 59 36 43 92
internal_value=0 -0.00160255 0.00246164 0.00116723 0.00295353 0.00461454 0.00114359 -0.00249941 -0.00448792 -0.000446878 -0.00152346 -0.00100601
internal_weight=0 478 226 134 87 92 117 361 107 75 254 211
internal_count=704 478 226 134 87 92 117 361 107 75 254 211
cat_boundaries=0 2 3 5
cat_threshold=719359584 16 9112 139287 4
is_linear=0
shrinkage=0.0111721


Tree=343
num_leaves=11
num_cat=2
split_feature=1 7 24 21 32 20 20 22 39 32
split_gain=14.0544 13.5114 9.612 7.81289 10.9851 7.33328 5.61653 5.44016 3.5717 2.34034
threshold=0 1 -1.0000000180025095e-35 32.500000000000007 0.56881311535835277 403.50000000000006 153.00000000000003 6.7500000000000009 0.31881313025951391 0.29616476595401769
decision_type=9 9 10 2 8 2 2 10 10 10
left_child=8 6 5 4 -4 -3 -2 -5 -1 -8
right_child=1 2 3 7 -6 -7 9 -9 -10 -11
leaf_value=0.021963089801575329 0.027680660465886908 0.023303405954034573 -0.028867373835269411 -0.017584471862450071 0.0022087407416823261 -0.0038312004087789142 0.036477277443894979 -0.028302695849937217 0.01712332633822293 -0.010412731237822329
leaf_weight=61 45 33 55 127 204 33 36 44 59 33
leaf_count=61 45 33 55 127 204 33 36 44 59 33
internal_value=0 -0.000432467 -0.00123643 -0.00187067 -0.00064703 0.00270837 0.00288311 -0.00372402 0.00360943 0.00113339
internal_weight=0 610 496 430 259 66 114 171 120 69
internal_count=730 610 496 430 259 66 114 171 120 69
cat_boundaries=0 1 2
cat_threshold=1058328 3392768
is_linear=0
shrinkage=0.0111721


Tree=344
num_leaves=13
num_cat=2
split_feature=7 13 14 28 25 41 15 24 24 42 49 21
split_gain=14.4221 18.003 10.5299 6.95214 6.12251 5.56814 3.97056 3.63068 3.02448 3.30785 2.63718 1.54195
threshold=0 1 14.500000000000002 7.5000000000000009 27.500000000000004 2.5000000000000004 -8.7499999999999982 2.7500000000000004 20.500000000000004 14.500000000000002 10.500000000000002 31.500000000000004
decision_type=9 9 10 10 8 8 8 10 8 8 8 2
left_child=3 8 4 -1 5 -3 -4 -8 9 -2 -11 -6
right_child=1 2 6 -5 11 -7 7 -9 -10 10 -12 -13
leaf_value=0.0013770902012623307 0.01187463430802828 -0.012557472833030058 0.022048962724838091 0.014664768332460172 -0.027340627674549735 -0.029963665524991526 -0.023289274022511589 0.015156285075737559 0.018145056563929212 -0.0055162227976002986 0.011879696510916016 -0.001759468523776171
leaf_weight=62 36 68 40 47 52 99 35 33 33 68 69 36
leaf_count=62 36 68 40 47 52 99 35 33 33 68 69 36
internal_value=0 -0.00136998 -0.00284543 0.00291037 -0.00416214 -0.00541878 0 -0.00164294 0.00124134 0.000710361 -8.15458e-05 -0.00177737
internal_weight=0 569 363 109 255 167 108 68 206 173 137 88
internal_count=678 569 363 109 255 167 108 68 206 173 137 88
cat_boundaries=0 1 3
cat_threshold=538051808 25839812 128
is_linear=0
shrinkage=0.0111721


Tree=345
num_leaves=13
num_cat=2
split_feature=7 13 32 30 39 21 27 20 35 32 48 25
split_gain=19.0471 15.1375 8.474 7.94316 6.71088 6.62311 6.18528 5.79867 5.19842 2.92394 2.48738 2.29002
threshold=0 1 0.95024752616882335 3.5000000000000004 0.4794366210699082 29.500000000000004 2.5000000000000004 183.50000000000003 14.500000000000002 0.38819444179534918 0.49735587835311895 24.500000000000004
decision_type=9 9 10 10 8 2 10 2 10 10 10 8
left_child=2 9 4 6 -1 -6 8 -5 -3 -2 -4 -7
right_child=1 3 10 7 5 11 -8 -9 -10 -11 -12 -13
leaf_value=-0.012556400450730181 0.020052219560734288 -0.019666856061628893 0.016224035478516273 -0.0075336441464129008 0.026065763859577266 -0.020116542637856359 -0.03451003089042181 0.032198004952138599 -0.024356640746414585 0.00071039368389951257 0.018803741137753481 0.010337383387448785
leaf_weight=39 59 185 33 37 47 44 37 33 34 54 35 33
leaf_count=39 59 185 33 37 47 44 37 33 34 54 35 33
internal_value=0 -0.00171687 0.00217878 -0.00292602 0.000891022 0.00216233 -0.00392768 0.000319197 -0.00321388 0.00172576 0.00558602 0.000145088
internal_weight=0 439 231 326 163 124 256 70 219 113 68 77
internal_count=670 439 231 326 163 124 256 70 219 113 68 77
cat_boundaries=0 1 2
cat_threshold=15331353 537924227
is_linear=0
shrinkage=0.0111721


Tree=346
num_leaves=11
num_cat=1
split_feature=13 20 20 22 24 25 19 39 28 21
split_gain=16.6444 8.56134 5.9927 5.48594 6.79098 6.69071 5.20716 5.70466 9.70172 3.46743
threshold=0 68.500000000000014 98.500000000000014 2.5000000000000004 1.1650000214576723 28.500000000000004 4.5000000000000009 0.55396828055381786 8.5000000000000018 31.500000000000004
decision_type=9 2 2 8 8 10 10 10 10 2
left_child=6 -2 -3 5 -5 -4 -1 8 9 -8
right_child=1 2 3 4 -6 -7 7 -9 -10 -11
leaf_value=-0.032940410030459208 -0.012699791875713061 0.036849563935387498 -0.010500687303322669 0.025425245154370987 0.012130520083568398 0.022223040477140504 6.7339828081908654e-05 -0.018655370743308496 0.01821055905941437 -0.019310210436585019
leaf_weight=58 43 33 123 57 94 66 35 51 35 43
leaf_count=58 43 33 123 57 94 66 35 51 35 43
internal_value=0 0.00131128 0.00188697 0.0014458 0.00303347 0.000177333 -0.00240777 -0.00149869 -9.88652e-05 -0.0022917
internal_weight=0 416 373 340 151 189 222 164 113 78
internal_count=638 416 373 340 151 189 222 164 113 78
cat_boundaries=0 2
cat_threshold=35800284 16
is_linear=0
shrinkage=0.0111721


Tree=347
num_leaves=15
num_cat=3
split_feature=13 2 46 16 13 25 48 23 49 14 41 39 20 18
split_gain=10.3777 10.0987 6.93467 6.82546 5.70108 5.18086 4.55308 7.08339 5.32373 4.47847 4.32322 3.0777 2.61813 1.27698
threshold=0 1 0.4524731189012528 17.250000000000004 2 32.500000000000007 0.31622806191444403 -2.2499999999999996 11.500000000000002 1.5000000000000002 5.5000000000000009 0.73375529050827037 385.50000000000006 1.5000000000000002
decision_type=9 9 8 8 9 8 10 10 10 10 8 10 2 8
left_child=2 3 -1 9 11 10 8 -8 12 -2 -6 13 -4 -3
right_child=1 4 6 -5 5 -7 7 -9 -10 -11 -12 -13 -14 -15
leaf_value=0.030014157009263142 0.00037509967211801467 -0.011541128091612387 -0.025847254347005272 -0.01774495150465117 0.0014307510848152525 0.01224880977665645 -0.0042428127515808812 0.01843479561994503 0.011864735392805817 0.025030233161009403 -0.022669232787163422 -0.0042433483293229258 0.0024272798459459015 -0.061572717517455626
leaf_weight=34 34 36 51 40 61 62 33 36 35 62 132 33 38 35
leaf_count=34 34 36 51 40 61 62 33 36 35 62 132 33 38 35
internal_value=0 -0.00099553 0.00183844 0.00153042 -0.00196798 -0.00096965 0.00109984 0.00340019 -0.000180192 0.00325851 -0.00191025 -0.00411602 -0.00163187 -0.00582205
internal_weight=0 495 227 136 359 255 193 69 124 96 193 104 89 71
internal_count=722 495 227 136 359 255 193 69 124 96 193 104 89 71
cat_boundaries=0 2 3 4
cat_threshold=281106224 2 3714 821257
is_linear=0
shrinkage=0.0111721


Tree=348
num_leaves=15
num_cat=3
split_feature=13 10 8 33 49 35 49 25 20 29 19 21 22 15
split_gain=18.8323 13.4293 9.39675 8.04959 7.93599 6.39289 6.14849 5.94989 4.741 4.65183 9.01376 6.97365 2.72699 1.51511
threshold=0 1 2 -9.4999999999999982 17.500000000000004 8.5000000000000018 10.500000000000002 46.500000000000007 277.50000000000006 2.5000000000000004 118.50000000000001 31.500000000000004 2.5000000000000004 -13.749999999999998
decision_type=9 9 9 10 8 10 10 8 2 8 8 2 10 10
left_child=2 3 8 13 5 12 9 -6 -1 11 -11 -3 -4 -2
right_child=1 6 4 -5 7 -7 -8 -9 -10 10 -12 -13 -14 -15
leaf_value=0.0089598407650855368 -0.03579721900309879 0.020107761033246175 -0.029411300153175876 0.0092298772855010976 0.0034168720891043945 -0.0091103105157302171 0.03655807653771357 -0.018680478743084036 -0.0038082736356366284 0.031598929998192186 0.0060774653326472342 -0.0055937785511086871 -0.027578883516277089 -0.014701915310176998
leaf_weight=65 33 46 35 34 58 56 50 33 39 77 68 43 44 33
leaf_count=65 33 46 35 34 58 56 50 33 39 77 68 43 44 33
internal_value=0 0.00181475 -0.00177439 -0.00162502 -0.00302971 -0.0048826 0.00304002 -0.000613846 0.000980003 0.00238719 0.00362129 0.000376583 -0.0069295 -0.00406256
internal_weight=0 384 330 100 226 135 284 91 104 234 145 89 79 66
internal_count=714 384 330 100 226 135 284 91 104 234 145 89 79 66
cat_boundaries=0 1 2 3
cat_threshold=607350087 12626 10920
is_linear=0
shrinkage=0.0111721


Tree=349
num_leaves=13
num_cat=2
split_feature=13 35 8 20 42 35 28 46 35 32 25 21
split_gain=17.9353 12.7134 6.49546 6.99795 6.51425 8.36813 6.38224 5.7911 6.28546 5.61252 3.7303 5.19692
threshold=0 19.500000000000004 1 221.50000000000003 2.5000000000000004 10.500000000000002 11.500000000000002 0.9745212495326997 13.500000000000002 0.42928571999073034 58.500000000000007 32.500000000000007
decision_type=9 10 9 2 10 8 8 8 8 10 8 2
left_child=7 2 3 -2 5 -4 -6 9 -9 -1 11 -10
right_child=1 -3 4 -5 6 -7 -8 8 10 -11 -12 -13
leaf_value=0.052832630084350095 -0.0039238688798953272 0.016840287748390859 0.023527723306255677 0.030172948845161428 -0.030578209526302757 -0.015772292637382525 -0.012688356421392131 -0.0043879909285006423 0.005486489834393064 0.020504481325227447 -0.0069433121421845611 0.030421488880912916
leaf_weight=33 56 34 34 46 34 173 39 59 84 43 45 44
leaf_count=33 56 34 34 46 34 173 39 59 84 43 45 44
internal_value=0 -0.00125882 -0.00187176 0.000598501 -0.00269671 -0.00178105 -0.00566254 0.00224847 0.00144466 0.00499802 0.00251856 0.00349127
internal_weight=0 416 382 102 280 207 73 308 232 76 173 128
internal_count=724 416 382 102 280 207 73 308 232 76 173 128
cat_boundaries=0 1 2
cat_threshold=3057669918 24906
is_linear=0
shrinkage=0.0111721


Tree=350
num_leaves=9
num_cat=2
split_feature=13 1 46 20 15 19 39 36
split_gain=19.1404 21.8946 11.9569 7.19912 7.48259 5.64062 4.82851 4.39196
threshold=0 1 0.96362435817718517 609.50000000000011 -5.7499999999999991 19.500000000000004 0.85523810982704174 3.5000000000000004
decision_type=9 9 8 2 8 10 8 8
left_child=5 7 6 4 -4 -1 -3 -2
right_child=1 2 3 -5 -6 -7 -8 -9
leaf_value=-0.010678531055104074 -0.019052244554958474 0.047976063523238174 0.018562496400866227 0.029168642900432671 -0.0059249153099888933 -0.03516183354346724 0.01563836088746285 -0.012922607106856965
leaf_weight=63 56 42 50 35 252 40 48 53
leaf_count=63 56 42 50 35 252 40 48 53
internal_value=0 0.000409233 0.00155949 0.000629878 7.39863e-05 -0.00464678 0.00521362 -0.0038492
internal_weight=0 536 427 337 302 103 90 109
internal_count=639 536 427 337 302 103 90 109
cat_boundaries=0 1 2
cat_threshold=269912192 271
is_linear=0
shrinkage=0.0111721


Tree=351
num_leaves=11
num_cat=1
split_feature=13 27 33 37 21 39 19 25 48 20
split_gain=15.6664 10.4207 7.59958 7.24402 7.81862 5.39351 7.55025 3.30817 5.03715 0.242413
threshold=0 5.5000000000000009 -5.4999999999999991 6.5000000000000009 36.500000000000007 0.28973683714866644 8.5000000000000018 18.500000000000004 0.72783389687538158 340.50000000000006
decision_type=9 10 8 10 2 8 8 8 8 2
left_child=5 2 -2 4 -4 -1 -7 8 -8 -9
right_child=1 -3 3 -5 -6 6 7 9 -10 -11
leaf_value=0.040958256673441371 -0.01425599495043395 0.024598310601384354 -0.015641932159591473 0.020363344010941243 0.022978727957486896 -0.0084827630561084815 0.0052299730820811532 0.021029391974583478 0.033061986664176528 0.0096963957985885009
leaf_weight=33 36 36 278 39 48 47 34 33 40 33
leaf_count=33 36 36 278 39 48 47 34 33 40 33
internal_value=0 -0.000774796 -0.00130944 -0.000826426 -0.00137081 0.0028173 0.00221051 0.00351122 0.0051331 0.00169273
internal_weight=0 437 401 365 326 220 187 140 74 66
internal_count=657 437 401 365 326 220 187 140 74 66
cat_boundaries=0 1
cat_threshold=39541952
is_linear=0
shrinkage=0.0111721


Tree=352
num_leaves=14
num_cat=3
split_feature=13 13 2 28 49 14 20 46 17 15 21 20 20
split_gain=21.0457 9.13777 8.74282 9.61367 6.76257 5.41147 4.61628 4.53587 7.7962 4.14845 3.60965 1.48764 2.26665
threshold=0 1 2 13.500000000000002 1.0000000180025095e-35 6.2500000000000009 221.50000000000003 1.0000000180025095e-35 4.5000000000000009 -12.499999999999998 31.500000000000004 177.50000000000003 407.50000000000006
decision_type=9 9 9 8 10 8 2 10 8 10 2 2 2
left_child=7 5 4 9 -3 -2 -5 8 -1 -4 -7 -10 -13
right_child=1 2 3 6 -6 10 -8 -9 11 -11 -12 12 -14
leaf_value=-0.033568553457558659 -0.030883341415811151 -0.0044219111456267673 -0.0037900438944231292 0.0099098688162128964 0.016962861288631899 -0.013034991233617768 -0.0091814997741474624 0.023068379123889652 0.031072829080698236 -0.021437764318347832 -0.011639071481691798 0.0045476138497473392 0.019968929426296661
leaf_weight=33 37 55 33 64 51 38 104 52 39 55 35 34 51
leaf_count=33 37 55 33 64 51 38 104 52 39 55 35 34 51
internal_value=0 -0.00157614 -0.000660713 -0.00176401 0.00192622 -0.00428262 -0.000266 0.00260171 0.00177899 -0.00482429 -0.00290779 0.00306331 0.00223441
internal_weight=0 472 362 256 106 110 168 209 157 88 73 124 85
internal_count=681 472 362 256 106 110 168 209 157 88 73 124 85
cat_boundaries=0 2 3 4
cat_threshold=325063880 64 538658816 161
is_linear=0
shrinkage=0.0111721


Tree=353
num_leaves=12
num_cat=3
split_feature=1 13 32 8 48 19 34 32 23 49 19
split_gain=21.4018 14.2817 7.86908 7.42351 9.66089 10.6667 7.26673 4.57335 6.11207 3.37141 2.72917
threshold=0 1 0.62593284249305736 2 0.58842146396636974 254.50000000000003 1.2500000000000002 0.70589742064476024 -1.0000000180025095e-35 9.5000000000000018 9.5000000000000018
decision_type=9 9 10 9 8 8 10 10 10 10 8
left_child=2 6 -1 7 -5 -6 9 8 -3 10 -2
right_child=1 3 -4 4 5 -7 -8 -9 -10 -11 -12
leaf_value=-0.035564023231519901 0.0027417287589339978 0.030556315837927363 -0.0043099459394081224 0.0086960517994701999 -0.018019051454299297 0.02060008725063622 -0.0074664099298020811 0.020140342411815237 -0.006711660859559803 0.028484471201794048 0.024318001285005157
leaf_weight=49 36 42 60 58 135 39 33 33 61 38 102
leaf_count=49 36 42 60 58 135 39 33 33 61 38 102
internal_value=0 0.00135131 -0.0038492 0 -0.0012003 -0.00256829 0.00362199 0.00198954 0.000976197 0.00469734 0.00388593
internal_weight=0 577 109 368 232 174 209 136 103 176 138
internal_count=686 577 109 368 232 174 209 136 103 176 138
cat_boundaries=0 1 2 3
cat_threshold=2116034 2399446 10356
is_linear=0
shrinkage=0.0111721


Tree=354
num_leaves=13
num_cat=2
split_feature=13 24 49 8 39 40 19 23 22 22 20 32
split_gain=19.4079 9.41403 8.97179 5.86959 6.20398 5.63615 10.5558 5.30187 4.94568 2.9137 2.77889 2.12178
threshold=0 2.7500000000000004 7.5000000000000009 1 0.4171940833330155 -2.4999999999999996 9.5000000000000018 -1.0000000180025095e-35 8.2500000000000018 10.750000000000002 94.500000000000014 0.31914252042770391
decision_type=9 10 10 9 8 8 8 10 8 10 2 10
left_child=2 3 5 4 -2 -1 -7 -6 10 -8 -5 -4
right_child=1 -3 11 8 7 6 9 -9 -10 -11 -12 -13
leaf_value=0.014405601418189687 0.015861324990162764 -0.028230626681043425 0.031495118980534635 -0.015856224542081947 0.0091717632967170341 -0.02903865237569642 0.015805453263758637 -0.019514065525544258 0.0086704639151746008 -0.023255862417049918 -0.014555020443333115 0.023913896270792535
leaf_weight=47 41 57 52 37 40 33 126 43 59 37 139 34
leaf_count=47 41 57 52 37 40 33 126 43 59 37 139 34
internal_value=0 -0.00104902 0.00253761 -0.000404559 0.00150072 0.00151719 0.000684003 -0.0001346 -0.00141361 0.00185059 -0.00241215 0.00571593
internal_weight=0 416 329 359 124 243 196 83 235 163 176 86
internal_count=745 416 329 359 124 243 196 83 235 163 176 86
cat_boundaries=0 2 3
cat_threshold=117704669 72 35634
is_linear=0
shrinkage=0.0111721


Tree=355
num_leaves=14
num_cat=2
split_feature=13 39 2 25 16 49 16 35 20 19 15 21 19
split_gain=22.873 9.13411 8.41309 8.13793 7.68412 9.58692 6.12187 7.32546 4.99965 3.88494 3.75464 3.26302 2.09873
threshold=0 0.41137820482254034 1 17.500000000000004 5.2500000000000009 13.500000000000002 14.250000000000002 10.500000000000002 400.50000000000006 72.500000000000014 -0.74999999999999989 31.500000000000004 10.500000000000002
decision_type=9 8 9 8 10 8 8 10 2 10 8 2 10
left_child=6 3 8 -2 5 -4 7 11 10 -10 -3 -1 -8
right_child=1 2 4 -5 -6 -7 12 -9 9 -11 -12 -13 -14
leaf_value=-0.028351020203200183 0.0055517663471456001 0.021284531145765541 0.0074476248117146728 0.051501435626550109 -0.040376707885711988 -0.014312864414241143 0.0063035110863743204 -0.013421195382149143 0.038728556373139593 0.033588169364195924 -0.015459149350766132 -0.030889145579041696 -0.017572636783063342
leaf_weight=48 37 38 92 33 48 92 33 59 33 39 45 41 35
leaf_count=48 37 38 92 33 48 92 33 59 33 39 45 41 35
internal_value=0 0.00136361 0.000721709 0.00510722 -0.000646317 0.000364305 -0.00296603 -0.00437824 0.00264067 0.00496535 0.000942218 -0.00640196 -0.000328586
internal_weight=0 457 387 70 232 184 216 148 155 72 83 89 68
internal_count=673 457 387 70 232 184 216 148 155 72 83 89 68
cat_boundaries=0 2 3
cat_threshold=420502040 4352 32969
is_linear=0
shrinkage=0.0111721


Tree=356
num_leaves=13
num_cat=2
split_feature=14 13 23 40 42 2 28 25 49 21 39 32
split_gain=14.4786 14.0362 9.42923 9.1379 8.1661 5.35452 5.31112 4.31913 5.3205 3.93589 3.38854 3.89843
threshold=10.500000000000002 0 -4.7499999999999991 -1.0000000180025095e-35 21.500000000000004 1 10.500000000000002 30.500000000000004 6.5000000000000009 29.500000000000004 0.61326980590820324 0.29616476595401769
decision_type=10 9 8 8 8 9 8 10 10 2 10 10
left_child=1 4 -2 -4 -1 6 -3 8 -7 -8 11 -5
right_child=2 5 3 10 -6 7 9 -9 -10 -11 -12 -13
leaf_value=0.004344562333439001 0.0073109918480820674 0.0069747795224254479 -0.030575083897404608 -0.009747129516083303 0.024249760200383986 0.01629247515867939 -0.024001637768005443 -0.019477646214739741 -0.014783001336608438 -0.0073040355554993743 0.00097181195004626924 -0.014839786462567558
leaf_weight=52 54 37 51 51 63 120 65 40 57 69 33 41
leaf_count=52 54 37 51 51 63 120 65 40 57 69 33 41
internal_value=0 0.000955067 -0.00242871 -0.0036817 0.00420069 -0.000112281 -0.0015431 0.00103354 0.00183045 -0.00266795 -0.00205566 -0.00315732
internal_weight=0 503 230 176 115 388 171 217 177 134 125 92
internal_count=733 503 230 176 115 388 171 217 177 134 125 92
cat_boundaries=0 1 2
cat_threshold=1107431722 51
is_linear=0
shrinkage=0.0111721


Tree=357
num_leaves=13
num_cat=2
split_feature=13 2 28 21 25 46 15 14 25 49 19 48
split_gain=20.059 10.9258 6.43097 6.20078 7.40893 5.11131 11.576 10.9874 11.0683 4.9977 4.95764 4.3214
threshold=0 1 13.500000000000002 29.500000000000004 21.500000000000004 0.18795289844274524 -4.4999999999999991 26.750000000000004 32.500000000000007 13.500000000000002 68.500000000000014 0.32719972729682928
decision_type=9 9 8 2 8 10 10 10 8 8 8 10
left_child=3 2 -2 9 11 7 -7 8 -3 -1 -4 -5
right_child=1 5 10 4 -6 6 -8 -9 -10 -11 -12 -13
leaf_value=0.016977269826366128 -0.026719128492453958 -0.017241531888565368 0.0020281278155313883 -0.015388031885903496 0.036389827862787216 -0.014666942131300492 0.023015435535578471 0.011333556163903247 0.0092718922010159906 0.025125650712438188 -0.019741483796617595 0.0099656163171332884
leaf_weight=59 55 148 35 36 51 40 47 33 79 44 33 48
leaf_count=59 55 148 35 36 51 40 47 33 79 44 33 48
internal_value=0 -0.00121031 -0.00394802 0.00270292 0.00124134 -0.000156471 0.00218304 -0.000945328 -0.001821 0.00488099 -0.00197153 -0.000798001
internal_weight=0 470 123 238 135 347 87 260 227 103 68 84
internal_count=708 470 123 238 135 347 87 260 227 103 68 84
cat_boundaries=0 1 2
cat_threshold=155337997 8788
is_linear=0
shrinkage=0.0111721


Tree=358
num_leaves=10
num_cat=2
split_feature=13 29 2 14 19 28 39 14 23
split_gain=14.0257 11.0699 10.4916 9.71103 8.13041 6.72355 4.50991 4.00946 3.33281
threshold=0 1.0000000180025095e-35 1 36.250000000000007 75.500000000000014 17.500000000000004 0.95861870050430309 14.500000000000002 -1.4150000214576719
decision_type=9 10 9 10 10 10 10 8 8
left_child=7 2 4 -3 6 8 -2 -1 -4
right_child=1 3 5 -5 -6 -7 -8 -9 -10
leaf_value=-0.005247429289835067 0.010453044859211915 0.022192001219030595 0.011487200924322899 -0.0040329685072261262 -0.021335259060504101 -0.022791475766670049 -0.0031078554061150804 -0.035032790478914139 -0.016916910148049143
leaf_weight=51 136 64 42 37 39 34 39 59 190
leaf_count=51 136 64 42 37 39 34 39 59 190
internal_value=0 0.000283555 -0.000418952 0.00365027 0.00139651 -0.00186201 0.00248977 -0.00391022 -0.00125204
internal_weight=0 581 480 101 214 266 175 110 232
internal_count=691 581 480 101 214 266 175 110 232
cat_boundaries=0 2 3
cat_threshold=2242 256 24982
is_linear=0
shrinkage=0.0111721


Tree=359
num_leaves=11
num_cat=1
split_feature=10 28 21 15 39 28 20 16 16 36
split_gain=12.3469 9.02648 7.51003 6.94465 5.52778 10.6834 7.03926 3.37985 5.83253 3.23971
threshold=0 5.5000000000000009 31.500000000000004 -9.7499999999999982 0.97888889908790599 11.500000000000002 279.50000000000006 13.250000000000002 2.7500000000000004 2.5000000000000004
decision_type=9 10 2 8 10 10 2 10 10 8
left_child=2 3 9 -2 5 -3 -7 8 -5 -1
right_child=1 4 -4 7 -6 6 -8 -9 -10 -11
leaf_value=0.010197153664900854 0.032269138893491874 -0.03070310625661038 0.029110637902400011 -0.00033042781978644858 0.0056397988038350225 -0.00017986632392059831 -0.023937731553696776 0.015493713360187882 -0.016931266560051745 -0.015608461434456468
leaf_weight=34 38 56 51 252 51 98 35 33 41 39
leaf_count=34 38 56 51 252 51 98 35 33 41 39
internal_value=0 -0.000909777 0.0028347 0.000184154 -0.00260681 -0.00348757 -0.00176401 -0.000342701 -0.000724468 0.000765205
internal_weight=0 604 124 364 240 189 133 326 293 73
internal_count=728 604 124 364 240 189 133 326 293 73
cat_boundaries=0 1
cat_threshold=1256
is_linear=0
shrinkage=0.0111721


Tree=360
num_leaves=14
num_cat=2
split_feature=13 2 21 15 48 30 43 25 30 21 46 20 25
split_gain=19.2957 13.5564 6.84246 8.47027 6.01412 6.74969 6.00345 5.88904 4.94325 4.41671 4.08237 2.44279 2.17668
threshold=0 1 36.500000000000007 -3.7499999999999996 0.54446640610694896 7.5000000000000009 1.2500000000000002 23.500000000000004 3.5000000000000004 29.500000000000004 0.59677821397781383 346.50000000000006 16.500000000000004
decision_type=9 9 2 8 8 8 8 10 10 2 10 2 10
left_child=4 7 3 -3 6 -6 -1 8 11 -5 12 -2 -7
right_child=1 2 -4 9 5 10 -8 -9 -10 -11 -12 -13 -14
leaf_value=0.033493767486410163 -0.020101142044152604 -0.027534992677897933 -0.029325098427152679 0.0189929490646778 -0.015418854135864617 0.0084032785395638313 0.013006713391937517 -0.00074098635302223591 -0.014698998127821553 0.0043534131378349878 0.031425463745923837 -0.05160686715468641 -0.0012846950618536858
leaf_weight=35 91 38 33 77 33 76 51 43 39 61 34 34 82
leaf_count=35 91 38 33 77 33 76 51 43 39 61 34 34 82
internal_value=0 -0.00178333 0.000255069 0.0011426 0.00184461 0.000943418 0.00441686 -0.00375834 -0.00490481 0.00242871 0.00174563 -0.00598822 0.000989928
internal_weight=0 416 209 176 311 225 86 207 164 138 192 125 158
internal_count=727 416 209 176 311 225 86 207 164 138 192 125 158
cat_boundaries=0 2 3
cat_threshold=57258724 5 739
is_linear=0
shrinkage=0.0111721


Tree=361
num_leaves=11
num_cat=2
split_feature=22 13 2 49 32 46 17 32 32 20
split_gain=14.439 11.9582 11.4098 10.7132 6.26171 6.14123 5.59389 4.6157 5.0413 3.97912
threshold=22.250000000000004 0 1 3.5000000000000004 0.36980056762695318 0.67673784494400036 9.5000000000000018 0.97660738229751598 0.83438816666603099 275.50000000000006
decision_type=10 9 9 8 8 10 10 10 8 2
left_child=1 6 5 -4 -5 9 7 8 -1 -3
right_child=-2 2 3 4 -6 -7 -8 -9 -10 -11
leaf_value=-0.028203341231299906 -0.034657518924352378 0.023425867586955248 0.02338460235845161 0.014793456218894902 -0.014434142834301111 -0.010559884402603309 0.0067709459030296923 -0.021190126589620731 -0.0063909821584005209 0.019571813996922975
leaf_weight=41 51 79 34 46 129 33 37 33 112 89
leaf_count=41 51 79 34 46 129 33 37 33 112 89
internal_value=0 0.000264741 0.00138321 -0.000459125 -0.00159601 0.00322984 -0.0017741 -0.00264285 -0.0018255 0.00425602
internal_weight=0 633 410 209 175 201 223 186 153 168
internal_count=684 633 410 209 175 201 223 186 153 168
cat_boundaries=0 1 2
cat_threshold=145394332 333
is_linear=0
shrinkage=0.0111721


Tree=362
num_leaves=11
num_cat=1
split_feature=39 8 49 21 39 22 42 21 28 14
split_gain=16.1662 13.9128 10.4315 6.5672 5.80917 5.79698 5.56576 6.59728 2.74084 0.969638
threshold=0.98692753911018383 0 2.5000000000000004 33.500000000000007 0.35410216450691229 21.500000000000004 14.500000000000002 35.500000000000007 2.5000000000000004 34.500000000000007
decision_type=10 9 8 2 8 8 8 2 10 8
left_child=1 2 -1 4 -3 -6 -4 -8 -5 -2
right_child=9 3 6 8 5 -7 7 -9 -10 -11
leaf_value=0.027348875985163768 -0.031995370279922115 -0.015109257209316411 0.01860490839465434 -0.036969230392851674 0.0056061737981066423 -0.021504512483139331 -0.0088267349750439598 0.03383761673043701 -0.010966369205664503 -0.017278958987230548
leaf_weight=36 33 33 57 36 146 44 157 46 33 33
leaf_count=36 33 33 57 36 146 44 157 46 33 33
internal_value=0 7.6e-05 0.00175248 -0.00162772 -0.000751483 0 0.00103127 0.000165103 -0.0046955 -0.0057553
internal_weight=0 588 296 292 223 190 260 203 69 66
internal_count=654 588 296 292 223 190 260 203 69 66
cat_boundaries=0 1
cat_threshold=25143
is_linear=0
shrinkage=0.0111721


Tree=363
num_leaves=12
num_cat=3
split_feature=13 2 23 19 46 35 19 39 2 46 22
split_gain=22.0659 9.21862 8.33387 7.59839 6.98566 6.97527 5.15744 9.59813 4.62122 4.45449 3.02347
threshold=0 1 -0.43000000715255732 161.00000000000003 0.96178188920021068 10.500000000000002 137.50000000000003 1.0000000180025095e-35 2 0.68703359365463268 1.7500000000000002
decision_type=9 9 8 10 8 8 8 10 9 10 10
left_child=2 10 9 4 5 -3 7 -4 -6 -1 -2
right_child=1 3 6 -5 8 -7 -8 -9 -10 -11 -12
leaf_value=-0.032710982478933358 0.034075277714329215 0.013503752239231658 0.0151144863164949 -0.028930074183407511 -0.003042021675551944 -0.015838600398810059 -0.031828845375317001 -0.009032387375503402 0.017887935055823718 -0.015077285158613476 0.014620730363652263
leaf_weight=48 62 35 40 35 102 47 40 54 165 33 38
leaf_count=48 62 35 40 35 102 47 40 54 165 33 38
internal_value=0 0.000995083 -0.00322748 0.000170132 0.000672244 -0.00217991 -0.00166747 -0.0002377 0.00154819 -0.0062067 0.00385944
internal_weight=0 484 215 384 349 82 134 94 267 81 100
internal_count=699 484 215 384 349 82 134 94 267 81 100
cat_boundaries=0 1 2 3
cat_threshold=160312856 296 5249
is_linear=0
shrinkage=0.0111721


Tree=364
num_leaves=13
num_cat=2
split_feature=13 1 39 49 34 39 48 32 21 46 21 25
split_gain=19.8667 15.9016 8.37032 8.20365 7.71948 6.77784 5.51124 13.5946 8.40661 3.96306 2.82344 2.1176
threshold=0 1 0.13529412448406222 2.5000000000000004 1.0000000180025095e-35 0.98399898409843456 0.07275132462382318 0.98346996307373058 35.500000000000007 0.46709956228733068 27.500000000000004 25.500000000000004
decision_type=9 9 8 10 8 8 10 8 2 10 2 8
left_child=6 3 -3 -2 9 -6 8 -8 10 -4 -1 -12
right_child=1 2 4 -5 5 -7 7 -9 -10 -11 11 -13
leaf_value=-0.040516883284830413 0.0054184072937210606 0.024518641351476259 0.0040601489855279374 -0.023157006587436507 0.020570603451754436 0.012654364241712462 0.0069982039687418703 -0.03861537913640592 0.009684170968247318 -0.014032507584699113 -0.017811557482472217 -0.017300778672576941
leaf_weight=34 43 39 39 57 34 236 49 55 37 33 34 34
leaf_count=34 43 39 39 57 34 236 49 55 37 33 34 34
internal_value=0 0.00116044 0.00220013 -0.00264067 0.00169868 0.00256544 -0.00269366 -0.000859387 -0.00425985 -0.00155167 -0.00591462 -0.00460025
internal_weight=0 481 381 100 342 270 243 104 139 72 102 68
internal_count=724 481 381 100 342 270 243 104 139 72 102 68
cat_boundaries=0 2 3
cat_threshold=108298339 1040 2819
is_linear=0
shrinkage=0.0111721


Tree=365
num_leaves=11
num_cat=3
split_feature=1 10 28 24 8 19 22 23 46 22
split_gain=10.9408 13.5769 7.51866 7.37765 6.97754 6.32618 4.74848 8.77994 4.39167 3.74206
threshold=0 1 14.500000000000002 1.5699999928474428 2 76.500000000000014 0.75000000000000011 -3.2499999999999996 0.37756814062595373 3.1649999618530278
decision_type=9 9 8 10 9 10 10 10 10 10
left_child=6 2 -2 4 5 -3 -1 -8 -9 -6
right_child=1 3 -4 -5 9 -7 7 8 -10 -11
leaf_value=-0.011981017822291537 -0.018256741736536523 0.023787977432590646 -0.0069096704145712824 -0.0336512233290873 -0.0065023033189713555 -0.0036483151699769731 -0.0019768344111611926 0.028606277665195853 0.017977842683943059 0.015562357336241723
leaf_weight=39 47 68 55 56 221 44 33 36 33 43
leaf_count=39 47 68 55 56 221 44 33 36 33 43
internal_value=0 -0.00110899 -0.00458852 -0.000202209 0.000356555 0.00256408 0.0022936 0.00372402 0.00599081 -0.000652382
internal_weight=0 534 102 432 376 112 141 102 69 264
internal_count=675 534 102 432 376 112 141 102 69 264
cat_boundaries=0 1 2 3
cat_threshold=262301 11200 16924
is_linear=0
shrinkage=0.0111721


Tree=366
num_leaves=15
num_cat=3
split_feature=13 37 2 48 35 17 8 28 19 25 42 19 19 16
split_gain=25.8827 10.9154 7.87664 6.28926 5.99664 6.11786 5.52354 5.39855 4.61392 4.02533 3.46463 2.91567 2.78301 2.96967
threshold=0 7.5000000000000009 1 0.64647898077964794 12.500000000000002 3.5000000000000004 2 15.500000000000002 16.500000000000004 27.500000000000004 16.500000000000004 22.500000000000004 14.500000000000002 18.250000000000004
decision_type=9 10 9 10 8 10 9 10 8 10 8 10 10 8
left_child=3 2 4 6 -2 -6 12 9 10 -4 -8 -10 13 -1
right_child=1 -3 7 -5 5 -7 8 -9 11 -11 -12 -13 -14 -15
leaf_value=-0.021764788057248144 -0.0086680629841507685 0.021103614126084795 -0.028889913522075161 0.013396147391842807 -0.0062083470764009614 0.01756824651197372 0.020694686098993265 -0.0067727329194365747 0.039794329896321479 -0.018445963068752715 -0.024888479918899944 0.028874848333369778 0.018715478880321872 0.0021743011327275625
leaf_weight=33 45 40 140 53 51 33 42 37 34 44 39 46 38 33
leaf_count=33 45 40 140 53 51 33 42 37 34 44 39 46 38 33
internal_value=0 -0.00212269 -0.00280898 0.00211179 -0.000401871 0.00133 0.00147556 -0.0040142 0.00267868 -0.00497885 0.000965483 0.00474812 -0.000588001 -0.00203128
internal_weight=0 390 350 318 129 84 265 221 161 184 81 80 104 66
internal_count=708 390 350 318 129 84 265 221 161 184 81 80 104 66
cat_boundaries=0 2 3 4
cat_threshold=713164523 129 197 11
is_linear=0
shrinkage=0.0111721


Tree=367
num_leaves=13
num_cat=5
split_feature=13 2 8 19 4 7 40 49 20 19 49 19
split_gain=18.4215 11.6262 7.16931 11.2899 8.61998 6.46866 8.79141 8.2873 7.79412 4.93263 4.56913 2.92133
threshold=0 1 2 15.500000000000002 3 4 -8.4999999999999982 17.500000000000004 98.500000000000014 12.500000000000002 5.5000000000000009 37.000000000000007
decision_type=9 9 9 10 9 9 10 8 2 10 10 10
left_child=2 9 3 10 -4 7 8 -3 -7 -2 -1 -6
right_child=1 5 4 -5 11 6 -8 -9 -10 -11 -12 -13
leaf_value=0.018155016749666665 0.05034915818747461 0.0099358420845303691 -0.027069706152077651 -0.015063963756862699 -0.016998179711590577 0.02046620297584258 -0.015884607185558754 -0.0014353586076116562 -0.0040939912026809197 0.029812257269178417 -0.0045683911181726936 0.027859928361408687
leaf_weight=33 43 61 65 36 38 37 41 41 176 61 36 33
leaf_count=33 43 61 65 36 38 37 41 41 176 61 36 33
internal_value=0 0.00156884 -0.002181 9.71458e-05 -0.00382605 0.000549445 -0.000423183 0.00279301 0.000472058 0.00470402 0.00275253 -0.00141617
internal_weight=0 460 241 105 136 356 254 102 213 104 69 71
internal_count=701 460 241 105 136 356 254 102 213 104 69 71
cat_boundaries=0 1 2 3 4 5
cat_threshold=679874874 20872 2602 1 41229
is_linear=0
shrinkage=0.0111721


Tree=368
num_leaves=14
num_cat=1
split_feature=13 39 32 21 19 41 21 42 15 14 18 21 28
split_gain=12.8498 13.181 16.271 8.71107 6.99252 6.09306 4.89607 5.65277 4.70064 4.2603 6.54852 4.47519 3.87233
threshold=0 0.98581486940383922 0.95571896433830272 31.500000000000004 161.00000000000003 1.2500000000000002 27.500000000000004 20.500000000000004 -7.7499999999999991 23.500000000000004 4.5000000000000009 34.500000000000007 12.500000000000002
decision_type=9 8 8 2 10 10 2 8 10 8 8 2 8
left_child=4 2 3 -2 5 6 -1 -8 -4 12 -11 -12 -3
right_child=1 9 8 -5 -6 -7 7 -9 -10 10 11 -13 -14
leaf_value=0.021958070827416694 -0.019708367419135113 0.0018792072550992106 0.027121823945515176 0.013059016426750076 0.074149883025666635 0.009233694805892579 -0.023050904865492782 0.0033878245356145451 0.0075681300106228058 -0.031391432639643162 -0.026273967933956078 0.01209577411934426 -0.012671268224280659
leaf_weight=60 63 33 33 35 33 34 38 80 43 35 88 33 61
leaf_count=60 63 33 33 35 33 34 38 80 43 35 88 33 61
internal_value=0 -0.000926715 0.00141256 -0.00159601 0.00223441 0.00158095 0.000753171 -0.000568069 0.00529202 -0.00259192 -0.00372402 -0.00249294 -0.000713107
internal_weight=0 424 174 98 245 212 178 118 76 250 156 121 94
internal_count=669 424 174 98 245 212 178 118 76 250 156 121 94
cat_boundaries=0 1
cat_threshold=272786094
is_linear=0
shrinkage=0.0111721


Tree=369
num_leaves=11
num_cat=1
split_feature=7 46 46 39 22 48 16 32 20 35
split_gain=12.9638 9.38298 7.79599 4.70782 3.93464 7.0471 3.87316 4.04209 3.43712 6.69517
threshold=0 0.94816389679908764 0.98581486940383922 0.97202658653259288 16.250000000000004 0.47269116342067724 3.7500000000000004 0.96019801497459423 150.50000000000003 30.000000000000004
decision_type=9 8 8 8 10 10 10 10 2 8
left_child=6 3 -3 -2 5 -4 7 8 -1 -10
right_child=1 2 4 -5 -6 -7 -8 -9 9 -11
leaf_value=-0.024895365960313384 0.030138420313203271 -0.011552455654737314 0.0089732659625073406 0.020261469176033827 -0.0091067817248182917 0.018993187898715781 0.0015250929014412264 -0.014583769063714894 0.013494132922506953 -0.022414548515651857
leaf_weight=35 43 33 223 34 43 40 46 35 34 62
leaf_count=35 43 33 223 34 43 40 46 35 34 62
internal_value=0 0.00152108 0.000757986 0.0050782 0.00131436 0.00182661 -0.00181169 -0.00269206 -0.00179094 -0.000698251
internal_weight=0 416 339 77 306 263 212 166 131 96
internal_count=628 416 339 77 306 263 212 166 131 96
cat_boundaries=0 1
cat_threshold=1420108
is_linear=0
shrinkage=0.0111721


Tree=370
num_leaves=13
num_cat=2
split_feature=7 8 49 33 19 28 17 19 25 46 48 39
split_gain=25.8525 12.8622 10.645 7.66047 7.42624 8.38631 5.76707 7.9105 4.81287 4.16903 5.28387 3.6586
threshold=0 1 8.5000000000000018 1.0000000180025095e-35 4.5000000000000009 6.5000000000000009 7.5000000000000009 120.50000000000001 2.5000000000000004 0.96693986654281627 0.36417113244533544 0.70926907658576976
decision_type=9 9 10 8 10 8 10 8 10 8 10 10
left_child=2 3 8 -2 -3 -6 7 -5 -1 -10 -11 -7
right_child=1 4 -4 6 5 11 -8 -9 9 10 -12 -13
leaf_value=-0.027468498406998075 0.02959805214396407 -0.038184260589324295 0.019469798461174418 -0.0015631821664829832 0.019881367170125251 0.0010324819462145267 0.018869417609062494 0.030186255537118449 -0.032228980837039942 -0.029177234330935341 0.016026797509260719 -0.02181365023878146
leaf_weight=33 52 46 55 52 33 138 39 58 37 69 35 40
leaf_count=33 52 46 55 52 33 138 39 58 37 69 35 40
internal_value=0 0.00138457 -0.00313192 0.00344163 -0.0002929 0.000582429 0.00232439 0.00101564 -0.00462292 -0.00372402 -0.00257817 -0.000376585
internal_weight=0 458 229 201 257 211 149 110 174 141 104 178
internal_count=687 458 229 201 257 211 149 110 174 141 104 178
cat_boundaries=0 1 2
cat_threshold=148226676 1742
is_linear=0
shrinkage=0.0111721


Tree=371
num_leaves=13
num_cat=3
split_feature=7 17 13 16 19 16 2 23 28 14 49 25
split_gain=14.7285 9.55527 7.65555 6.0346 5.87113 5.42827 5.13408 6.58438 2.87705 2.76702 1.61992 3.7161
threshold=0 12.500000000000002 1 6.5000000000000009 13.500000000000002 2.7500000000000004 2 -0.58500000834465016 7.5000000000000009 6.2500000000000009 -1.0000000180025095e-35 50.500000000000007
decision_type=9 10 9 8 10 10 9 10 8 8 10 8
left_child=3 2 5 4 -1 9 7 -4 -8 -2 11 -5
right_child=1 -3 6 10 -6 -7 8 -9 -10 -11 -12 -13
leaf_value=-0.0098357676474594338 0.0061222645208910773 0.036354151761137481 -0.0016760421240775703 -0.02196702421114001 -0.018966746339083771 -0.0022133013166737046 -0.037207717351530958 0.041687118069524021 -0.0037895219635854229 0.035207842146848897 0.00693829584183596 0.00033961928970470986
leaf_weight=62 34 38 66 48 43 35 40 42 197 42 38 45
leaf_count=62 34 38 66 48 43 35 40 42 197 42 38 45
internal_value=0 0.00106401 0.000637003 -0.00227074 -0.00436242 0.00304692 -0.000220294 0.00170421 -0.00113077 0.00499802 -0.000767544 -0.00156168
internal_weight=0 494 456 236 105 111 345 108 237 76 131 93
internal_count=730 494 456 236 105 111 345 108 237 76 131 93
cat_boundaries=0 1 2 3
cat_threshold=8660638 34607658 337
is_linear=0
shrinkage=0.0111721


Tree=372
num_leaves=13
num_cat=2
split_feature=13 40 13 33 48 32 14 15 19 20 25 49
split_gain=19.7783 8.75218 7.24573 5.80268 5.36507 6.03852 4.44007 3.52805 3.32304 2.66339 4.66929 2.88093
threshold=0 -5.4999999999999991 1 -14.499999999999998 0.54446640610694896 0.69052496552467357 12.500000000000002 -1.7499999999999998 11.500000000000002 292.50000000000006 24.500000000000004 1.5000000000000002
decision_type=9 10 9 10 10 10 10 8 10 2 8 10
left_child=3 2 8 7 5 -4 -5 -1 -2 11 -11 -9
right_child=1 -3 4 6 -6 -7 -8 9 -10 10 -12 -13
leaf_value=-0.035321539639576509 0.029843036575248054 -0.013271387738239236 0.0078305832723124837 0.004001608738470607 0.020163072514870581 -0.022189874351777578 -0.0095993013425106216 -0.018976637265579709 0.0051514254389754318 -0.029346309952948454 -0.01033544998578092 0.0049690714011974514
leaf_weight=46 65 60 130 41 44 41 40 40 39 39 74 35
leaf_count=46 65 60 130 41 44 41 40 40 39 39 74 35
internal_value=0 0.00163704 0.00241653 -0.00209691 0.00104272 0.000195999 0.000413776 -0.00305561 0.00470402 -0.00237703 -0.00346037 -0.0007448
internal_weight=0 379 319 315 215 171 81 234 104 188 113 75
internal_count=694 379 319 315 215 171 81 234 104 188 113 75
cat_boundaries=0 1 2
cat_threshold=337143133 42113056
is_linear=0
shrinkage=0.0111721


Tree=373
num_leaves=13
num_cat=2
split_feature=7 22 2 46 22 25 20 22 32 34 28 14
split_gain=20.0625 10.8711 9.30465 7.03543 6.67696 8.17369 6.61166 6.31551 7.59683 5.76302 4.45765 2.87846
threshold=0 3.1649999618530278 1 0.65960046648979198 1.7500000000000002 36.500000000000007 210.50000000000003 15.500000000000002 0.96961539983749401 1.0000000180025095e-35 14.500000000000002 1.0000000180025095e-35
decision_type=9 10 9 8 8 10 2 10 10 8 8 8
left_child=1 6 3 -2 5 -5 11 8 9 -4 -6 -1
right_child=2 -3 7 4 10 -7 -8 -9 -10 -11 -12 -13
leaf_value=0.007727365019757554 0.016446864880912151 -0.0019901109693869152 -0.01403431850968565 -0.019659126924913853 -0.0011886658212990353 0.024271486531706573 0.051277611747577459 -0.023357627752660728 0.010330668623534251 -0.0018899621246452601 0.044176196350425141 0.024315604289502097
leaf_weight=44 36 61 69 55 33 35 65 34 49 137 60 47
leaf_count=44 36 61 69 55 33 35 65 34 49 137 60 47
internal_value=0 0.00329748 -0.000690166 0.00102451 0.000183147 -0.00198614 0.0050131 -0.00198033 -0.0014458 -0.00238627 0.00228246 0.00306924
internal_weight=0 217 508 219 183 90 156 289 255 206 93 91
internal_count=725 217 508 219 183 90 156 289 255 206 93 91
cat_boundaries=0 1 2
cat_threshold=2749768 425
is_linear=0
shrinkage=0.0111721


Tree=374
num_leaves=15
num_cat=2
split_feature=13 2 25 42 49 39 19 16 43 14 48 20 14 20
split_gain=17.6844 8.7141 12.0494 5.84411 6.54775 5.55971 5.11182 6.62117 5.37183 4.3092 3.99782 3.40094 3.39389 2.38133
threshold=0 1 27.500000000000004 14.500000000000002 3.5000000000000004 0.37602458894252783 2.5000000000000004 19.500000000000004 1.2500000000000002 34.500000000000007 0.36417113244533544 456.50000000000006 8.5000000000000018 287.50000000000006
decision_type=9 9 10 10 10 8 10 8 8 8 8 2 10 2
left_child=6 5 3 4 -3 -2 -1 8 -8 10 -7 -9 -10 -11
right_child=1 2 -4 -5 -6 9 7 11 12 13 -12 -13 -14 -15
leaf_value=0.043809133035031506 -0.024052708424619467 0.018822600983003649 -0.022756303723642405 0.016852556921379235 -0.019438407901337326 -0.021371924110693278 0.0033596336584383662 -0.014929780116648507 0.0047664423589443084 -0.020698267753468547 0.0025000784072185533 0.016563543758737326 0.024688948538264165 -0.034483912431209178
leaf_weight=33 34 78 46 36 54 33 64 33 33 50 60 36 44 49
leaf_count=33 34 78 46 36 54 33 64 33 33 50 60 36 44 49
internal_value=0 -0.00143996 0.0001995 0.00159601 0.000507819 -0.00293503 0.00225208 0.00170241 0.00309014 -0.00232751 -0.000600645 -0.00113339 0.0050782 -0.00394972
internal_weight=0 440 214 168 132 226 243 210 141 192 93 69 77 99
internal_count=683 440 214 168 132 226 243 210 141 192 93 69 77 99
cat_boundaries=0 2 3
cat_threshold=2154093094 4 45109
is_linear=0
shrinkage=0.0111721


Tree=375
num_leaves=11
num_cat=2
split_feature=7 1 44 16 32 20 48 29 17 20
split_gain=13.298 13.0777 13.6422 8.05834 6.16314 5.8769 5.82508 4.62631 4.49849 2.18176
threshold=0 1 11.500000000000002 1.0000000180025095e-35 0.9745212495326997 597.50000000000011 0.57223114371299755 2.5000000000000004 12.500000000000002 157.50000000000003
decision_type=9 9 8 10 8 2 8 8 8 2
left_child=6 7 9 5 -5 -4 -1 -2 -8 -3
right_child=1 2 3 4 -6 -7 8 -9 -10 -11
leaf_value=-0.00032871329399984542 -0.019600388947565064 0.010400628157590672 0.017699516849930683 -0.021026140541363904 -0.00045298999020394152 -0.019758192233126689 -0.021645768123876457 -0.0075127920872542038 -0.032651783790548845 0.037750975238388711
leaf_weight=33 54 33 212 46 75 37 37 46 40 33
leaf_count=33 54 33 212 46 75 37 37 46 40 33
internal_value=0 0.000204616 0.00105208 0.000241557 -0.00212361 0.0013909 -0.00391022 -0.00325005 -0.00594875 0.0057553
internal_weight=0 536 436 370 121 249 110 100 77 66
internal_count=646 536 436 370 121 249 110 100 77 66
cat_boundaries=0 1 2
cat_threshold=4468748 902
is_linear=0
shrinkage=0.0111721


Tree=376
num_leaves=13
num_cat=3
split_feature=8 22 48 13 8 39 29 35 20 20 17 19
split_gain=13.1806 9.40076 6.75357 6.30584 6.79375 6.03587 12.6128 5.73086 4.51018 4.36615 2.71418 2.30398
threshold=0 13.250000000000002 0.15549451112747195 1 2 0.96238207817077648 1.0000000180025095e-35 9.5000000000000018 116.50000000000001 218.50000000000003 12.500000000000002 19.500000000000004
decision_type=9 8 8 9 9 8 8 10 2 2 8 8
left_child=1 5 -2 9 7 -1 -7 -5 -6 -4 -8 -11
right_child=2 -3 3 4 8 6 10 -9 -10 11 -12 -13
leaf_value=0.038305127957876731 0.015020772712421342 -0.00867804620801612 -0.033679070438762809 -0.0010131751772688592 -0.019416632031022597 -0.011967568226277911 0.024625179487623487 0.0083775210049981726 -0.0075881218055105608 -0.030701473671521116 0.030759387439129163 -0.0021666657441677143
leaf_weight=55 58 60 34 103 42 55 43 42 103 36 41 35
leaf_count=55 58 60 34 103 42 55 43 42 103 36 41 35
internal_value=0 0.00228519 -0.00084454 -0.0013859 -0.000446882 0.00357045 0.00233086 0.00122532 -0.00209026 -0.00359449 0.00505402 -0.00236029
internal_weight=0 254 453 395 290 194 139 145 145 105 84 71
internal_count=707 254 453 395 290 194 139 145 145 105 84 71
cat_boundaries=0 1 3 4
cat_threshold=41148 5538 32 3139
is_linear=0
shrinkage=0.0111721


Tree=377
num_leaves=17
num_cat=2
split_feature=13 2 34 28 37 21 16 39 21 25 49 39 19 15 28 22
split_gain=23.3232 7.57646 9.28048 6.14529 5.36158 5.2054 6.89521 5.45585 5.07228 4.25897 3.96534 2.87832 2.79273 2.484 1.68586 1.11548
threshold=0 1 3.5000000000000004 6.5000000000000009 10.500000000000002 30.500000000000004 2.2500000000000004 0.97202658653259288 34.500000000000007 22.500000000000004 5.5000000000000009 0.38688170909881597 11.500000000000002 -18.749999999999996 11.500000000000002 5.5000000000000009
decision_type=9 9 8 10 8 2 8 8 2 10 10 10 8 10 10 8
left_child=5 3 14 10 -5 7 -7 -1 -8 13 12 -6 -2 -4 -3 -9
right_child=1 2 9 4 11 6 8 15 -10 -11 -12 -13 -14 -15 -16 -17
leaf_value=0.010057212897060791 -0.030037922113866456 0.01989177739105305 -0.010135354297653878 -0.011317320295174096 -0.010325991189732603 -0.021502581995300921 0.0023273244066930039 0.035499770064093765 0.029217354340142478 0.012712142172365043 0.023078482570860117 -0.024140549102638881 -0.011932044380648852 -0.027433425940907925 0.012368925740172039 0.019101306193604846
leaf_weight=33 34 34 43 34 37 33 38 35 48 45 44 33 100 35 33 33
leaf_count=33 34 34 43 34 37 33 38 35 48 45 44 33 100 35 33 33
internal_value=0 -0.000927142 0.000782043 -0.00206607 -0.00429694 0.00340019 0.00197154 0.00542011 0.00363741 -0.000999125 -0.0008787 -0.00606483 -0.00183422 -0.00257816 0.00416867 0.00722897
internal_weight=0 472 190 282 104 220 119 101 86 123 178 70 134 78 67 68
internal_count=692 472 190 282 104 220 119 101 86 123 178 70 134 78 67 68
cat_boundaries=0 1 2
cat_threshold=46426123 1255
is_linear=0
shrinkage=0.0111721


Tree=378
num_leaves=11
num_cat=1
split_feature=13 16 21 44 17 17 20 20 28 16
split_gain=11.8351 14.3061 7.39579 7.13672 8.23537 4.57148 4.55674 3.81452 7.68177 2.87417
threshold=0 1.2500000000000002 37.500000000000007 4.5000000000000009 2.5000000000000004 4.5000000000000009 70.500000000000014 511.50000000000006 8.5000000000000018 7.2500000000000009
decision_type=9 8 2 10 10 10 2 2 8 8
left_child=1 -1 3 4 9 7 -6 8 -3 -2
right_child=2 5 -4 -5 6 -7 -8 -9 -10 -11
leaf_value=-0.01974417298845009 -0.004924361288765792 0.0076133109789488012 -0.012325958635371304 -0.0061782287335480279 0.010378287604731341 0.004544446548053329 0.024861026153328119 0.022646522888712814 -0.027594246533925223 0.017129804391054531
leaf_weight=59 35 44 51 39 35 42 159 34 44 141
leaf_count=59 35 44 51 39 35 42 159 34 44 141
internal_value=0 -0.00110282 0.00199671 0.00254035 0.00301948 0.000544977 0.00460704 -0.000549443 -0.00177737 0.00126955
internal_weight=0 223 460 409 370 164 194 122 88 176
internal_count=683 223 460 409 370 164 194 122 88 176
cat_boundaries=0 1
cat_threshold=10650395
is_linear=0
shrinkage=0.0111721


Tree=379
num_leaves=12
num_cat=1
split_feature=8 32 32 17 21 41 22 21 49 15 21
split_gain=27.1974 6.68592 6.32299 5.64749 4.89804 5.48399 4.87199 7.08576 4.36997 3.06816 2.96487
threshold=0 0.068968798965215697 0.82025641202926647 10.500000000000002 32.500000000000007 1.0000000180025095e-35 11.164999961853029 29.500000000000004 5.5000000000000009 -20.499999999999996 36.500000000000007
decision_type=9 8 8 10 2 8 8 2 8 10 2
left_child=3 -2 8 6 5 -4 7 -1 -3 -6 -9
right_child=1 2 4 -5 9 -7 -8 10 -10 -11 -12
leaf_value=-0.00045206212487902008 0.030163869304134793 0.0091455443816447178 0.0016508511215124688 0.0053158961953523416 -0.013172676441250914 0.025184157844886267 -0.002933245950153267 -0.026547001549880614 -0.021041770252658083 0.022923218584007012 -0.019783415473727507
leaf_weight=60 40 33 40 34 48 154 61 76 51 40 38
leaf_count=60 40 33 40 34 48 154 61 76 51 40 38
internal_value=0 0.00230961 0.00189254 -0.00220238 0.00269397 0.00368563 -0.00289998 -0.00385243 -0.000798001 0.000507818 -0.00548803
internal_weight=0 406 366 269 282 194 235 174 84 88 114
internal_count=675 406 366 269 282 194 235 174 84 88 114
cat_boundaries=0 1
cat_threshold=3117
is_linear=0
shrinkage=0.0111721


Tree=380
num_leaves=13
num_cat=2
split_feature=13 28 10 16 27 35 32 39 23 42 39 20
split_gain=12.6284 8.774 8.02339 5.75931 9.02238 5.14453 5.76004 5.2749 3.66993 3.0425 3.03075 0.752092
threshold=0 19.500000000000004 1 1.2500000000000002 3.5000000000000004 4.5000000000000009 0.93257576227188121 0.9881652593612672 -1.0000000180025095e-35 10.500000000000002 0.98290473222732555 369.50000000000006
decision_type=9 8 9 8 8 8 8 8 10 10 8 2
left_child=1 3 10 -1 -5 -4 9 -8 -3 -7 -2 -12
right_child=2 8 5 4 -6 6 7 -9 -10 -11 11 -13
leaf_value=-0.0084866141617080271 -0.00074258954229568805 0.021993930112380284 0.02521973500963454 0.019593762408410525 -0.0098590281145703364 -0.028676613351911073 0.02418611370219087 -0.0060612723116548898 0.044279095312848654 -0.0097641208050501822 -0.016313927976866323 -0.035038848977508683
leaf_weight=53 35 40 42 40 37 41 55 164 63 34 33 39
leaf_count=53 35 40 42 40 37 41 55 164 63 34 33 39
internal_value=0 0.00234475 -0.000813859 0.000515631 0.00246655 6.45776e-05 -0.000456002 0.000459125 0.00488099 -0.00312817 -0.00334207 -0.00496535
internal_weight=0 233 443 130 77 336 294 219 103 75 107 72
internal_count=676 233 443 130 77 336 294 219 103 75 107 72
cat_boundaries=0 1 2
cat_threshold=288515242 6689
is_linear=0
shrinkage=0.0111721


Tree=381
num_leaves=15
num_cat=3
split_feature=13 37 1 22 8 17 22 16 39 15 20 14 27 39
split_gain=19.9073 9.22203 7.99959 7.60505 6.06556 4.87956 4.41215 4.12775 3.81294 3.70113 3.5746 8.22123 7.33328 2.09087
threshold=0 4.5000000000000009 1 9.2500000000000018 2 7.5000000000000009 7.8199999332427987 6.5000000000000009 0.46201923489570623 -17.749999999999996 199.50000000000003 24.500000000000004 1.0000000180025095e-35 0.90070420503616344
decision_type=9 10 9 8 9 10 10 8 10 10 2 8 8 8
left_child=1 3 6 10 8 7 -2 -6 9 -4 12 -12 -1 -7
right_child=2 -3 4 -5 5 13 -8 -9 -10 -11 11 -13 -14 -15
leaf_value=0.021500807215541162 -0.015006885964345714 -0.02022002135964757 0.039255920636519108 0.014194585929400622 -0.006347518430446889 0.023915904683147915 0.0094971801192734791 0.0055180686836553364 0.023913160114518269 0.0080159153364649204 -0.036617168787314323 -0.023650835549044628 -0.018104265036788601 0.015953224952278348
leaf_weight=33 50 43 50 51 47 33 51 122 45 46 33 47 33 36
leaf_count=33 50 43 50 51 47 33 51 122 45 46 33 47 33 36
internal_value=0 -0.00223441 0.00164161 -0.00130435 0.00238376 0.00117126 -0.00110714 0.000198319 0.00421727 0.00325851 -0.00260171 -0.00418952 -0.00067709 0.00372401
internal_weight=0 240 480 197 379 238 101 169 141 96 146 80 66 69
internal_count=720 240 480 197 379 238 101 169 141 96 146 80 66 69
cat_boundaries=0 1 2 3
cat_threshold=203693236 4427 9350
is_linear=0
shrinkage=0.0111721


Tree=382
num_leaves=15
num_cat=2
split_feature=8 2 48 40 21 35 32 16 39 32 49 20 15 25
split_gain=14.7623 12.4874 9.40905 7.4701 6.6647 8.92312 5.31465 5.0193 4.93234 3.87876 3.43314 2.68677 2.37019 1.77864
threshold=0 1 0.69030851125717174 -1.4999999999999998 28.500000000000004 9.5000000000000018 0.77303028106689464 9.2500000000000018 0.31881313025951391 0.97515434026718151 13.500000000000002 426.50000000000006 -1.7499999999999998 28.500000000000004
decision_type=9 9 10 8 2 8 8 8 10 8 8 2 8 8
left_child=3 2 7 -1 12 -6 -5 9 -7 -2 -8 -12 -3 -14
right_child=1 4 -4 6 5 8 10 -9 -10 -11 11 -13 13 -15
leaf_value=0.012131769006829511 0.046364507565669531 0.028533278328172925 -0.025030125145658628 -0.03049356622793219 -0.029071854466791724 0.016371029003115291 0.0011744392088283086 -0.0050529892199026663 0.012528012922107055 -0.00097382263752114097 -0.038371759367986931 -0.0061167217456113213 0.0042539719868582484 0.042853295944005047
leaf_weight=47 33 38 42 48 42 143 47 57 33 33 40 34 33 41
leaf_count=47 33 38 42 48 42 143 47 57 33 33 40 34 33 41
internal_value=0 0.00126101 -0.00121297 -0.00217509 0.00249729 0.00143494 -0.00337145 0.000272487 0.0025391 0.00236983 -0.00212361 -0.00362337 0.00478802 0.00362337
internal_weight=0 495 165 216 330 218 169 123 176 66 121 74 112 74
internal_count=711 495 165 216 330 218 169 123 176 66 121 74 112 74
cat_boundaries=0 1 2
cat_threshold=19905 3409
is_linear=0
shrinkage=0.0111721


Tree=383
num_leaves=11
num_cat=2
split_feature=13 25 25 18 8 28 21 20 21 19
split_gain=24.458 9.39586 8.2727 8.06109 8.53824 5.83748 5.3096 4.92375 4.35935 2.89002
threshold=0 31.500000000000004 41.500000000000007 5.5000000000000009 1 7.5000000000000009 29.500000000000004 476.50000000000006 28.500000000000004 17.500000000000004
decision_type=9 8 10 8 9 10 2 2 2 10
left_child=9 3 8 4 5 -2 -6 -5 -3 -1
right_child=1 2 -4 7 6 -7 -8 -9 -10 -11
leaf_value=-0.012826296184097186 0.020779842953874778 0.019131266768448209 -0.0098261849361955048 -0.020355975943622064 0.0026486994289168868 0.0079370042893119573 -0.010539791299947893 0.0077632987224298946 0.048800789958527713 -0.041177147499713407
leaf_weight=57 45 37 33 49 131 67 128 33 47 53
leaf_count=57 45 37 33 49 131 67 128 33 47 53
internal_value=0 0.00088606 0.00372402 0.000172636 0.000873288 0.00329667 -0.000290722 -0.00299738 0.00558603 -0.00465502
internal_weight=0 570 117 453 371 112 259 82 84 110
internal_count=680 570 117 453 371 112 259 82 84 110
cat_boundaries=0 1 2
cat_threshold=261120000 7448
is_linear=0
shrinkage=0.0111721


Tree=384
num_leaves=14
num_cat=2
split_feature=13 39 8 23 20 17 32 39 25 48 20 25 17
split_gain=20.7504 7.89813 9.02149 14.4917 5.8423 5.54412 4.75365 4.29663 3.99902 9.98615 2.09095 1.59029 1.5151
threshold=0 0.35873246192932134 1 -1.0000000180025095e-35 98.500000000000014 9.5000000000000018 0.97660738229751598 0.65108695626258861 28.500000000000004 0.38688170909881597 439.50000000000006 29.500000000000004 10.500000000000002
decision_type=9 8 9 10 2 8 10 10 8 10 2 8 8
left_child=4 12 3 7 -1 6 -6 -3 9 -4 -10 -7 -2
right_child=1 2 8 -5 5 11 -8 -9 10 -11 -12 -13 -14
leaf_value=-0.017519750437863957 0.0090136496070298798 -0.0011904536161571103 0.03004384983496583 -0.029436715271918101 -0.042454264663218437 0.0071950260529169913 -0.00017185422083825942 0.017473377965355471 -0.015074254292661567 0.0012794335967829143 0.033327979900776204 -0.0082787816313658232 0.029401451439826771
leaf_weight=53 33 33 99 51 43 38 33 37 49 96 38 39 33
leaf_count=53 33 33 99 51 43 38 33 37 49 96 38 39 33
internal_value=0 0.00179593 0.0012475 -0.00127924 -0.00237924 -0.00138738 -0.00352801 0.00191521 0.00229563 0.00326568 0.00038524 0.000725454 0.00541675
internal_weight=0 469 403 121 206 153 76 70 282 195 87 77 66
internal_count=675 469 403 121 206 153 76 70 282 195 87 77 66
cat_boundaries=0 1 2
cat_threshold=51940489 14929
is_linear=0
shrinkage=0.0111721


Tree=385
num_leaves=17
num_cat=2
split_feature=13 8 49 16 25 48 34 23 19 39 32 36 21 49 22 23
split_gain=20.2133 9.99682 9.19394 7.82821 5.11455 7.66709 4.53513 3.76466 3.47417 3.53918 3.28176 2.66824 2.51158 2.34646 2.33725 0.978819
threshold=0 1 6.5000000000000009 1.2500000000000002 11.500000000000002 0.57052442431449901 4.2500000000000009 -3.2499999999999996 19.500000000000004 0.75192308425903331 0.97385507822036754 3.5000000000000004 30.500000000000004 6.5000000000000009 10.164999961853029 -3.2499999999999996
decision_type=9 9 10 8 10 10 8 10 8 10 8 8 2 10 8 10
left_child=2 3 10 12 5 7 -6 -3 9 -5 -1 -12 -2 -8 -10 -13
right_child=1 4 -4 8 6 -7 13 -9 14 -11 11 15 -14 -15 -16 -17
leaf_value=-0.017802842195724963 0.0066050123619222443 0.0063972178394875361 0.0070518557717491517 0.036093648849902744 -0.010809421985007072 -0.011902701761878937 -0.0096091529312190213 0.029488397183738944 0.012366802466320031 0.0063843849088406589 -0.0011548958004008289 -0.044958136678903055 -0.0082452879338100332 0.01385144079793723 0.027840645849008271 -0.015546980283904641
leaf_weight=45 36 34 63 37 54 42 62 34 48 33 36 33 46 37 37 51
leaf_count=45 36 34 63 37 54 42 62 34 48 33 36 33 46 37 37 51
internal_value=0 0.00131436 -0.00262872 0.00294002 -0.000204616 0.00162502 -0.00153342 0.00394307 0.0045409 0.00638403 -0.00413028 -0.00316542 0.000272486 -0.000112846 0.00302302 -0.00425602
internal_weight=0 500 228 237 263 110 153 68 155 70 165 120 82 99 85 84
internal_count=728 500 228 237 263 110 153 68 155 70 165 120 82 99 85 84
cat_boundaries=0 2 3
cat_threshold=27882001 4 8414
is_linear=0
shrinkage=0.0111721


Tree=386
num_leaves=14
num_cat=1
split_feature=7 25 48 28 22 32 25 32 32 42 24 46 21
split_gain=16.2835 8.79287 12.7966 11.4227 8.73491 7.72455 7.51443 12.2363 5.7797 3.67146 2.41127 2.1818 1.63173
threshold=0 13.500000000000002 0.35043859481811529 12.500000000000002 8.2500000000000018 0.48240740597248083 30.500000000000004 0.61200717091560375 0.97162976861000072 14.500000000000002 1.0000000180025095e-35 0.97202658653259288 30.500000000000004
decision_type=9 8 10 8 10 10 8 10 8 8 8 8 2
left_child=4 2 -2 -3 6 -4 7 12 11 -7 -10 -5 -1
right_child=1 3 5 8 -6 9 -8 -9 10 -11 -12 -13 -14
leaf_value=-0.027207553149788566 -0.021960311025844014 0.023881665987794849 -0.020831002553875239 0.0027497711872414227 0.014861389454368179 0.0013123949936049136 0.0018831205274674435 -0.0017724423963570185 0.015662000979288368 0.020386845614682673 0.033374523036912941 -0.021158957069627182 -0.028761956467220046
leaf_weight=33 52 39 54 33 42 49 52 53 91 44 56 33 35
leaf_count=33 52 39 54 33 42 49 52 53 91 44 56 33 35
internal_value=0 0.00133289 -0.000392986 0.00274868 -0.00233372 0.00129201 -0.00355181 -0.00507821 0.00173088 0.0032435 0.00296402 -0.00101564 -0.00821474
internal_weight=0 451 199 252 215 147 173 121 213 93 147 66 68
internal_count=666 451 199 252 215 147 173 121 213 93 147 66 68
cat_boundaries=0 1
cat_threshold=11126
is_linear=0
shrinkage=0.0111721


Tree=387
num_leaves=17
num_cat=2
split_feature=13 17 46 20 32 16 8 35 32 22 39 19 28 25 25 33
split_gain=13.5434 15.1931 7.49619 7.02382 5.34325 7.47603 4.73767 5.01233 4.97609 4.83138 4.41384 4.67457 3.58039 3.49212 2.35595 0.941105
threshold=0 2.5000000000000004 0.84825712442398082 62.500000000000007 0.72295320034027111 2.2500000000000004 1 9.5000000000000018 0.10084745660424234 7.2500000000000009 0.44913792610168463 82.000000000000014 16.500000000000004 33.500000000000007 32.500000000000007 -5.4999999999999991
decision_type=9 10 10 2 10 8 9 8 10 8 10 10 8 10 8 8
left_child=3 10 4 -1 5 -3 9 -8 -9 12 11 14 -5 -13 -2 -6
right_child=1 2 -4 6 15 -7 7 8 -10 -11 -12 13 -14 -15 -16 -17
leaf_value=-0.021223587710989353 -0.027316904947245101 -0.0012905760595497957 -0.0047419716782037659 -0.020019000562406287 0.03432422588406242 0.015361895956962909 -0.02477870890106915 -0.023435041808752857 0.0093153320595526258 0.031121028208164907 0.0079790974846460378 0.0115972177458927 0.0075359493957170183 -0.039175001463350102 -0.019642327767716725 0.0095692291145406862
leaf_weight=57 33 55 44 36 34 40 37 70 47 34 35 45 52 33 38 34
leaf_count=57 33 55 44 36 34 40 37 70 47 34 35 45 52 33 38 34
internal_value=0 0.000975118 0.00307636 -0.00205201 0.00418096 0.00246961 -0.00137627 -0.00258865 -0.00162329 0.000338545 -0.00133579 -0.00217443 -0.00101564 -0.000286459 -0.00424852 0.00657179
internal_weight=0 391 207 333 163 95 276 154 117 122 184 149 88 78 71 68
internal_count=724 391 207 333 163 95 276 154 117 122 184 149 88 78 71 68
cat_boundaries=0 1 2
cat_threshold=618787747 5212
is_linear=0
shrinkage=0.0111721


Tree=388
num_leaves=13
num_cat=4
split_feature=1 7 13 2 48 22 25 42 28 19 39 25
split_gain=21.3125 16.2536 9.09459 7.4965 6.12692 5.81147 5.7341 5.09707 4.34452 3.07725 2.60462 2.0701
threshold=0 1 2 3 0.55694445967674266 1.7500000000000002 20.500000000000004 11.500000000000002 12.500000000000002 9.5000000000000018 0.62706920504570018 23.500000000000004
decision_type=9 9 9 9 10 10 10 8 10 8 10 8
left_child=4 6 5 8 10 11 9 -5 -4 -2 -1 -3
right_child=1 2 3 7 -6 -7 -8 -9 -10 -11 -12 -13
leaf_value=-0.044742836696623461 -0.017444651778247354 -0.014408028106438438 -0.0021784582394793676 0.0015953674894827218 -0.013752873402990012 0.032828538736877931 0.0028326430602749236 0.026162021926550164 0.019931695361830468 -0.020171906892597794 -0.014730342835735998 -0.0069503877171341903
leaf_weight=43 33 37 68 54 44 33 40 201 35 39 33 34
leaf_count=43 33 37 68 54 44 33 40 201 35 39 33 34
internal_value=0 0.000535647 0.00146752 0.00230727 -0.00446882 -0.00137201 -0.00311352 0.00333054 -0.000296601 -0.00527569 -0.00676203 -0.00330441
internal_weight=0 574 462 358 120 104 112 255 103 72 76 71
internal_count=694 574 462 358 120 104 112 255 103 72 76 71
cat_boundaries=0 1 3 4 5
cat_threshold=83 270474 2 6882372 12322
is_linear=0
shrinkage=0.0111721


Tree=389
num_leaves=13
num_cat=2
split_feature=13 48 42 35 8 20 29 42 16 25 22 17
split_gain=23.8183 13.8232 6.1377 4.88151 5.60389 4.69781 4.16762 4.13215 3.4355 2.40876 5.3362 3.53707
threshold=0 0.49735587835311895 11.500000000000002 4.5000000000000009 1 384.50000000000006 1.0000000180025095e-35 17.500000000000004 11.250000000000002 5.5000000000000009 3.1649999618530278 9.5000000000000018
decision_type=9 8 10 8 9 2 8 8 8 8 10 8
left_child=2 6 9 -3 8 -6 7 -2 -5 -1 11 -11
right_child=1 3 -4 4 5 -7 -8 -9 -10 10 -12 -13
leaf_value=-0.03472887914465294 -0.0075759223768010909 0.036765183936304846 0.0030616374390523347 0.0049833010623387772 0.010566114436262567 -0.025333903149453652 -0.01557577168815546 0.0043655351761647618 0.049627038375411582 -0.030843021498004733 0.0042941946813286015 -0.022413544417034477
leaf_weight=37 36 37 36 45 134 54 37 33 73 49 36 83
leaf_count=37 36 37 36 45 134 54 37 33 73 49 36 83
internal_value=0 0.00138738 -0.00289316 0.00250801 0.00204456 0.000677093 -0.00210793 -0.000485737 0.00384039 -0.00376035 -0.00319202 -0.00423184
internal_weight=0 449 241 343 306 188 106 69 118 205 168 132
internal_count=690 449 241 343 306 188 106 69 118 205 168 132
cat_boundaries=0 2 3
cat_threshold=555060620 2 4627
is_linear=0
shrinkage=0.0111721


Tree=390
num_leaves=15
num_cat=1
split_feature=13 22 25 40 46 48 14 20 25 19 27 24 35 21
split_gain=15.8849 10.6514 8.20997 5.95988 5.43893 5.08315 4.8694 3.99624 6.31324 3.41312 4.0182 2.7638 1.57402 1.44856
threshold=0 5.5000000000000009 24.500000000000004 -2.4999999999999996 0.9856107532978059 0.41955395042896276 1.0000000180025095e-35 205.50000000000003 36.500000000000007 8.5000000000000018 8.5000000000000018 7.2500000000000009 1.0000000180025095e-35 29.500000000000004
decision_type=9 8 8 8 8 8 10 2 10 8 8 8 10 2
left_child=2 4 3 -1 6 -5 -2 -6 -9 -3 -11 -12 -7 -4
right_child=1 9 13 5 7 12 -8 8 -10 10 11 -13 -14 -15
leaf_value=0.0097433969333523864 0.0029081944540685556 0.012120116491729557 -0.00072586531007506839 -0.0090069187643973501 0.024077696895185765 -0.02625716044993805 -0.015859088832441921 -0.0045886217793656486 0.037938265852036794 0.02148642235910753 0.0073927560411812705 0.024573741512390827 -0.02954048329767239 0.02560547523851631
leaf_weight=33 49 46 35 40 63 40 54 92 42 41 39 57 38 40
leaf_count=33 49 46 35 40 63 40 54 92 42 41 39 57 38 40
internal_value=0 0.00192622 -0.00160953 -0.00318145 0.000670323 -0.00435521 -0.00141006 0.00175804 0.000666987 0.00409032 0.00497442 0.00372402 -0.00601572 0.00134064
internal_weight=0 483 226 151 300 118 103 197 134 183 137 96 78 75
internal_count=709 483 226 151 300 118 103 197 134 183 137 96 78 75
cat_boundaries=0 2
cat_threshold=273947428 20
is_linear=0
shrinkage=0.0111721


Tree=391
num_leaves=13
num_cat=3
split_feature=9 7 2 15 32 20 48 39 42 32 15 32
split_gain=11.6106 9.87356 10.2461 9.42756 9.2228 8.41489 6.63346 4.75151 5.6994 4.16814 3.51714 2.24396
threshold=0 1 2 -4.4999999999999991 0.75677654147148143 511.50000000000006 0.13484849035739901 0.93387979269027721 3.5000000000000004 0.95419579744339 -25.249999999999996 0.050316456705331809
decision_type=9 9 9 10 10 2 10 8 10 10 10 10
left_child=9 4 7 5 10 -4 -5 -3 -9 11 -2 -1
right_child=1 2 3 6 -6 -7 -8 8 -10 -11 -12 -13
leaf_value=-0.026729335357154799 -0.017546332074057137 5.8492490613984553e-05 -0.020175748909998577 -0.006377368606905214 0.0050852726416634412 0.014668227744161712 0.017696185919875471 0.015939378762977782 0.027415048518615107 -0.021355785379475242 -0.022233335798334915 -0.001817300928057644
leaf_weight=39 38 64 110 47 41 33 54 136 40 34 34 33
leaf_count=39 38 64 110 47 41 33 54 136 40 34 34 33
internal_value=0 0.000202459 0.00090462 -0.000703751 -0.00263406 -0.00257817 0.00188044 0.00250254 0.00355475 -0.00365981 -0.00527569 -0.00248268
internal_weight=0 597 484 244 113 143 101 240 176 106 72 72
internal_count=703 597 484 244 113 143 101 240 176 106 72 72
cat_boundaries=0 1 2 3
cat_threshold=139922 143628 7
is_linear=0
shrinkage=0.0111721


Tree=392
num_leaves=15
num_cat=2
split_feature=13 2 35 21 48 35 49 39 25 42 41 22 16 16
split_gain=21.9891 11.7192 7.39538 6.81761 6.371 6.62957 6.78342 5.49478 5.30111 5.02582 4.34712 4.53842 2.25009 1.67141
threshold=0 1 13.500000000000002 33.500000000000007 0.59891304373741161 13.500000000000002 8.5000000000000018 0.18708333373069766 18.500000000000004 4.5000000000000009 2.5000000000000004 6.1649999618530282 2.2500000000000004 2.2500000000000004
decision_type=9 9 8 2 10 8 10 10 8 10 8 8 8 8
left_child=2 3 9 7 5 -3 -7 12 -5 -1 -4 13 -2 -12
right_child=1 4 10 8 -6 6 -8 -9 -10 -11 11 -13 -14 -15
leaf_value=0.01680918355870269 0.025352423101468048 0.027273483032661264 -0.024409480441225321 -0.0016000199847427399 -0.027850976802970107 0.0053510575429312462 -0.019556153098693865 0.024193429622005293 0.012828414461615608 -0.0090058571020845326 -0.01995956056468183 -0.039039725928499518 0.0081359885038909448 -0.0014630568073847982
leaf_weight=37 35 36 35 41 34 107 44 65 37 34 35 33 60 56
leaf_count=37 35 36 35 41 34 107 44 65 37 34 35 33 60 56
internal_value=0 0.00173894 -0.00242061 0.0034237 -0.000145091 0.000657179 -0.000369934 0.00488778 0.000859385 0.000472055 -0.00386455 -0.00288311 0.00317521 -0.00159601
internal_weight=0 459 230 238 221 187 151 160 78 71 159 124 95 91
internal_count=689 459 230 238 221 187 151 160 78 71 159 124 95 91
cat_boundaries=0 2 3
cat_threshold=39935364 4 583
is_linear=0
shrinkage=0.0111721


Tree=393
num_leaves=12
num_cat=2
split_feature=13 50 10 48 20 19 21 19 35 49 35
split_gain=20.4001 10.4246 6.41331 8.40234 8.04756 5.37121 5.25146 4.88958 3.46734 2.60653 2.59998
threshold=0 0.94999998807907116 1 0.25320513546466833 199.50000000000003 3.5000000000000004 30.500000000000004 88.000000000000014 7.5000000000000009 12.500000000000002 2.5000000000000004
decision_type=9 8 9 8 2 8 2 8 10 10 10
left_child=1 -1 4 9 -2 -5 10 -7 -8 -4 -3
right_child=2 6 3 5 -6 7 8 -9 -10 -11 -12
leaf_value=0.018353776615048823 0.007161166239362424 -0.0087379092408870155 0.010880613316270365 -0.015102666660832624 0.035125448969299831 0.0081430202532422266 -0.02253291515710211 -0.0099288863472195791 0.00099062271598666517 0.0069140883904036049 -0.02393366703649984
leaf_weight=33 64 41 33 33 48 151 61 116 33 37 52
leaf_count=33 64 41 33 33 48 151 61 116 33 37 52
internal_value=0 -0.00262301 0.00140786 0.000646803 0.00366297 -0.00014896 -0.00376385 0.000376585 -0.00190162 0.00414962 -0.00564609
internal_weight=0 220 482 370 112 300 187 267 94 70 93
internal_count=702 220 482 370 112 300 187 267 94 70 93
cat_boundaries=0 2 3
cat_threshold=140562016 16 17010
is_linear=0
shrinkage=0.0111721


Tree=394
num_leaves=14
num_cat=2
split_feature=8 24 2 20 27 22 25 15 14 25 35 22 15
split_gain=13.8686 11.9852 9.63411 7.77189 6.92809 6.5143 5.05784 4.97383 6.92549 4.79436 4.17756 2.13335 1.82186
threshold=0 3.5700000524520878 1 318.50000000000006 1.0000000180025095e-35 1.1650000214576723 2.5000000000000004 -8.2499999999999982 4.5000000000000009 37.500000000000007 15.500000000000002 10.164999961853029 -2.2499999999999996
decision_type=9 10 9 2 8 8 10 10 10 8 8 8 10
left_child=3 2 5 7 10 12 -6 -1 -9 -5 -4 -7 -2
right_child=1 -3 4 9 6 11 -8 8 -10 -11 -12 -13 -14
leaf_value=0.024516002655460788 -0.017622352085562201 -0.019351049693347177 0.011466905580413744 -0.029141010922388338 0.031759326493458404 0.031072077421093171 0.0071463720534235666 0.0013656954844006096 -0.027479138808835755 -0.030087188870462689 0.016672522168052175 0.00081207792757700817 -0.0064139841801529726
leaf_weight=54 36 50 43 56 38 35 152 35 38 33 51 37 39
leaf_count=54 36 50 43 56 38 35 152 35 38 33 51 37 39
internal_value=0 0.00157001 0.00220331 -0.00177962 0.00334402 -0.000213477 0.00223441 -8.79667e-05 -0.00198954 -0.0043935 0.00594258 0.00217234 -0.00253233
internal_weight=0 481 431 216 284 147 190 127 73 89 94 72 75
internal_count=697 481 431 216 284 147 190 127 73 89 94 72 75
cat_boundaries=0 1 2
cat_threshold=709 4170
is_linear=0
shrinkage=0.0111721


Tree=395
num_leaves=13
num_cat=3
split_feature=13 39 8 15 16 5 22 48 48 28 20 48
split_gain=22.5333 9.76974 7.4805 6.81572 6.77572 5.53487 7.03319 5.09926 4.775 2.95432 3.38779 1.44611
threshold=0 0.96172159910202037 1 -2.2499999999999996 2.2500000000000004 2 2.5000000000000004 0.57052442431449901 0.22295321524143222 2.5000000000000004 277.50000000000006 0.94281044602394115
decision_type=9 10 9 10 8 9 8 10 8 10 2 8
left_child=4 2 5 -3 11 -2 -7 8 -4 10 -6 -1
right_child=1 3 7 -5 9 6 -8 -9 -10 -11 -12 -13
leaf_value=-0.011535265036590523 0.022073794027226663 0.00060263823746152002 0.016372767477964952 -0.023041941281688127 -0.0069811073747026893 0.00013052204058665447 0.025552010903682098 0.026688734221055582 -0.0016378272428682658 -0.022127140891165371 -0.038538634995592541 0.0019691230880900332
leaf_weight=34 34 58 46 34 34 42 39 56 170 43 62 36
leaf_count=34 34 58 46 34 34 42 39 56 170 43 62 36
internal_value=0 0.00130227 0.00210739 -0.00194296 -0.00300982 0.00437945 0.00317231 0.000950813 0.000206889 -0.00458135 -0.00349127 -0.000319197
internal_weight=0 479 387 92 209 115 81 272 216 139 96 70
internal_count=688 479 387 92 209 115 81 272 216 139 96 70
cat_boundaries=0 2 3 4
cat_threshold=1090937161 2 277 1
is_linear=0
shrinkage=0.0111721


Tree=396
num_leaves=14
num_cat=2
split_feature=13 27 7 49 20 17 25 32 15 49 50 39 19
split_gain=15.2218 9.78596 7.48058 7.7355 5.12242 4.4117 4.76467 3.83934 7.52569 4.14392 3.61907 3.5185 1.38202
threshold=0 3.5000000000000004 1 12.500000000000002 87.500000000000014 7.5000000000000009 29.500000000000004 0.28660714626312261 -3.2499999999999996 1.0000000180025095e-35 0.72380954027175914 0.19462481886148456 5.5000000000000009
decision_type=9 10 9 10 2 8 8 8 10 10 8 10 10
left_child=7 2 5 4 -4 -2 -7 -1 9 12 -3 -10 -9
right_child=1 10 3 -5 -6 6 -8 8 11 -11 -12 -13 -14
leaf_value=0.0039740452201630092 0.016588576341733566 -0.014936845905669283 -0.011105333549325641 -0.025438172236397778 0.012695447239679464 -0.0016072289481344182 0.07405246573257411 -0.018653736051074055 -0.018234572351726791 0.0055085356631342083 -0.0073005826141230986 -0.033535836518447416 -0.024935129433459022
leaf_weight=35 34 37 52 49 200 34 34 40 33 34 39 43 53
leaf_count=35 34 37 52 49 200 34 34 40 33 34 39 43 53
internal_value=0 0.000434088 0.00113661 0.000179614 0.000975338 0.00359102 0.00230012 -0.00297321 -0.00368733 -0.00202328 -0.00323401 -0.00646803 -0.0032435
internal_weight=0 479 403 301 252 102 68 238 203 127 76 76 93
internal_count=717 479 403 301 252 102 68 238 203 127 76 76 93
cat_boundaries=0 2 3
cat_threshold=143922277 20 268976810
is_linear=0
shrinkage=0.0111721


Tree=397
num_leaves=12
num_cat=3
split_feature=9 13 21 2 15 42 26 33 28 14 19
split_gain=14.1644 9.21417 9.5287 7.87033 7.86548 7.74681 7.10596 7.01767 5.46753 4.30428 2.27991
threshold=0 1 28.500000000000004 2 -0.74999999999999989 19.500000000000004 1.0000000180025095e-35 -9.4999999999999982 12.500000000000002 4.5000000000000009 37.000000000000007
decision_type=9 9 2 9 8 8 10 10 10 10 8
left_child=5 2 -2 4 -3 8 7 -5 -1 -4 -6
right_child=1 3 9 6 10 -7 -8 -9 -10 -11 -12
leaf_value=0.0045904414057854805 -0.016240234659591127 -0.0020189766918761636 0.033837349649290541 -0.01117274602590973 -0.021596205976037428 0.024958264950963906 -0.024096380824266649 0.009777029443022384 -0.0094939801607433847 0.0038920407955825177 -0.058573164831568429
leaf_weight=37 34 39 50 256 33 46 42 58 35 34 34
leaf_count=37 34 39 50 256 33 46 42 58 35 34 34
internal_value=0 -0.00113614 0.00157107 -0.00184623 -0.0044303 0.00296758 -0.000976792 -0.000426957 0.000931001 0.00372402 -0.00717012
internal_weight=0 580 118 462 106 118 356 314 72 84 67
internal_count=698 580 118 462 106 118 356 314 72 84 67
cat_boundaries=0 1 2 3
cat_threshold=35228 4726048 4114
is_linear=0
shrinkage=0.0111721


Tree=398
num_leaves=14
num_cat=2
split_feature=13 2 16 17 39 30 42 16 20 20 19 48 20
split_gain=19.0073 7.4385 7.1287 8.23893 6.69697 4.58258 7.19968 3.88281 3.76339 8.52773 3.47067 2.60456 2.61214
threshold=0 1 1.2500000000000002 9.5000000000000018 0.75192308425903331 3.5000000000000004 19.500000000000004 19.500000000000004 83.500000000000014 277.50000000000006 77.500000000000014 0.47269116342067724 369.50000000000006
decision_type=9 9 8 10 8 10 8 8 2 2 10 8 2
left_child=4 2 3 -2 -1 6 -3 -8 -4 -10 11 -6 -13
right_child=1 5 8 -5 10 -7 7 -9 9 -11 -12 12 -14
leaf_value=0.0035065738718531051 -0.013930083126222159 0.015979134624052951 0.0055582008077177227 0.02431851291220961 -0.024575614707761234 -0.0063779729544122801 -0.021472837933511194 0.014470673517231657 0.031131746719004687 0.0044927030464565997 -0.024625529840763234 -0.0055613653766526244 -0.034687109843442039
leaf_weight=60 46 34 35 33 33 36 60 72 71 61 33 61 44
leaf_count=60 46 34 35 33 33 36 60 72 71 61 33 61 44
internal_value=0 0.00151238 0.00279302 0.000141415 -0.00236421 -0.000105395 0.000673014 -0.000507819 0.00421461 0.00507821 -0.00359335 -0.00437168 -0.00351122
internal_weight=0 448 246 79 231 202 166 132 167 132 171 138 105
internal_count=679 448 246 79 231 202 166 132 167 132 171 138 105
cat_boundaries=0 2 3
cat_threshold=278960348 1024 551
is_linear=0
shrinkage=0.0111721


Tree=399
num_leaves=13
num_cat=1
split_feature=13 25 16 28 19 17 27 49 19 48 17 19
split_gain=20.456 9.94477 10.7542 8.86237 7.49019 6.98265 9.62617 3.95163 3.67424 3.17207 1.92808 1.07212
threshold=0 16.500000000000004 2.7500000000000004 2.5000000000000004 161.00000000000003 7.5000000000000009 3.5000000000000004 10.500000000000002 82.000000000000014 0.76253134012222301 14.500000000000002 252.00000000000003
decision_type=9 8 10 10 10 10 10 10 10 8 8 8
left_child=3 5 4 10 7 6 8 -3 -2 -5 -1 -12
right_child=1 2 -4 9 -6 -7 -8 -9 -10 -11 11 -13
leaf_value=-0.014100963323854814 0.0080212577045117393 0.00084073519167629648 -0.03035868058147205 -0.0082912802954262996 -0.010228040149313642 -0.012466070094337159 -0.0022415120879998654 0.022745684558464225 0.028623703255172068 -0.020945989727056826 0.0027767429087702297 -0.007268017639052592
leaf_weight=38 109 124 33 51 47 36 53 53 44 60 39 36
leaf_count=38 109 124 33 51 47 36 53 53 44 60 39 36
internal_value=0 0.00103161 -0.000478181 -0.00296012 0.000399001 0.0026776 0.00347093 0.00145174 0.00489234 -0.00533441 -0.000889808 0.000148957
internal_weight=0 499 257 224 224 242 206 177 153 111 113 75
internal_count=723 499 257 224 224 242 206 177 153 111 113 75
cat_boundaries=0 1
cat_threshold=313530659
is_linear=0
shrinkage=0.0111721


Tree=400
num_leaves=11
num_cat=2
split_feature=13 7 39 35 19 15 14 19 42 42
split_gain=32.6027 8.68923 8.11358 5.38679 5.32494 5.20356 10.6372 5.47788 4.61281 4.68408
threshold=0 1 0.2014492750167847 12.500000000000002 211.00000000000003 -6.4999999999999991 4.5000000000000009 91.500000000000014 6.5000000000000009 21.500000000000004
decision_type=9 9 10 10 10 10 10 8 8 8
left_child=3 2 -2 5 8 7 -7 -1 -3 -10
right_child=1 4 -4 -5 -6 6 -8 -9 9 -11
leaf_value=-0.0042929720262293598 0.014325964130574886 -0.0047251702888239889 -0.021591436676276127 -0.0055619435197558614 0.00063303170332211294 0.0078644498335396929 0.028650842011619496 0.026312261189488682 -0.022759650051909577 -0.027108273581855163
leaf_weight=48 48 37 59 38 41 33 41 63 62 216
leaf_count=48 48 37 59 38 41 33 41 63 62 216
internal_value=0 -0.00257454 0.000286461 0.00254128 -0.00341877 0.0034422 0.005737 0.00191233 -0.00400776 -0.00450098
internal_weight=0 463 107 223 356 185 74 111 315 278
internal_count=686 463 107 223 356 185 74 111 315 278
cat_boundaries=0 2 3
cat_threshold=1041000520 64 2158752
is_linear=0
shrinkage=0.0111721


Tree=401
num_leaves=11
num_cat=2
split_feature=1 10 40 17 23 24 32 15 20 20
split_gain=17.6885 11.1994 9.65511 9.18865 7.67893 6.42019 5.05782 4.99491 3.54181 2.51471
threshold=0 1 -11.499999999999998 6.5000000000000009 1.0000000180025095e-35 1.0000000180025095e-35 0.90061727166175853 -7.7499999999999991 201.50000000000003 417.50000000000006
decision_type=9 9 10 8 8 8 10 8 2 2
left_child=5 3 4 -2 7 -1 -4 -3 -5 -6
right_child=1 2 6 8 9 -7 -8 -9 -10 -11
leaf_value=0.018975353281227753 -0.015660525339010092 0.015654753827989146 -0.024424362131647791 0.011432708756934223 -0.040872781904278253 0.00027447703530529544 -0.014140991613644661 -0.0080168306207725765 0.056602637738304901 -0.029861270009650841
leaf_weight=64 34 37 54 34 35 41 58 291 33 39
leaf_count=64 34 37 54 34 35 41 58 291 33 39
internal_value=0 -0.0013764 -0.00204679 0.00191233 -0.0012784 0.00340019 -0.00498752 -0.000544978 0.00450217 -0.00452921
internal_weight=0 615 514 101 402 105 112 328 67 74
internal_count=720 615 514 101 402 105 112 328 67 74
cat_boundaries=0 1 2
cat_threshold=1065576 9824
is_linear=0
shrinkage=0.0111721


Tree=402
num_leaves=12
num_cat=2
split_feature=7 13 22 19 48 22 28 18 39 16 20
split_gain=17.4665 12.3165 5.84293 6.53094 7.17329 4.99936 7.13552 5.33905 4.0258 2.66978 1.87472
threshold=0 1 21.500000000000004 179.50000000000003 0.14434523880481723 4.0699999332427987 10.500000000000002 3.5000000000000004 0.88388946652412426 7.2500000000000009 103.50000000000001
decision_type=9 9 10 10 8 8 10 8 10 8 2
left_child=8 5 3 4 -3 6 9 -7 10 -2 -1
right_child=1 2 -4 -5 -6 7 -8 -9 -10 -11 -12
leaf_value=-0.026834137871178734 -0.042061577681510628 -0.0097202340608009991 -0.01939383349720453 -0.014462064425272174 0.016082128187625479 -0.014055820297040353 0.00023267086546073287 0.021833148601809734 -0.0047216393890173788 -0.020973594754337285 -0.025904151847951799
leaf_weight=34 35 47 38 43 261 49 37 38 34 45 39
leaf_count=34 35 47 38 43 261 49 37 38 34 45 39
internal_value=0 0.000611406 0.00176401 0.00225988 0.00282929 -0.00156618 -0.00315109 0.00038524 -0.00410597 -0.00502742 -0.00596863
internal_weight=0 593 389 351 308 204 117 87 107 80 73
internal_count=700 593 389 351 308 204 117 87 107 80 73
cat_boundaries=0 1 2
cat_threshold=12616068 367935682
is_linear=0
shrinkage=0.0111721


Tree=403
num_leaves=13
num_cat=2
split_feature=13 16 41 2 20 49 25 39 20 21 32 21
split_gain=12.8578 15.0792 6.9843 6.92034 6.57111 5.94474 5.23548 4.01756 3.64968 3.38021 2.43087 2.05749
threshold=0 1.0000000180025095e-35 1.2500000000000002 1 157.50000000000003 9.5000000000000018 25.500000000000004 0.49038106203079229 239.50000000000003 34.500000000000007 0.47634127736091619 32.500000000000007
decision_type=9 8 10 9 2 10 10 10 2 2 10 2
left_child=1 -1 3 7 -3 9 -7 8 -2 -5 11 -6
right_child=2 4 -4 5 10 6 -8 -9 -10 -11 -12 -13
leaf_value=-0.013106413223317164 0.006802462069282973 0.010188733328232336 0.016742592037317896 -0.0085154927528514664 0.012064328085605617 0.015250504541746797 -0.00038132887267015213 -0.030283677846502648 -0.025288853330657696 0.01236866241994679 0.026361618570117505 0.014816322718750604
leaf_weight=37 40 54 44 197 43 46 37 33 36 55 43 41
leaf_count=37 40 54 44 197 43 46 37 33 36 55 43 41
internal_value=0 0.00303802 -0.00017947 -0.000603895 0.00450586 0.000226679 0.00282666 -0.00291037 -0.00176401 -0.000620669 0.00589392 0.00478802
internal_weight=0 218 488 444 181 335 83 109 76 252 127 84
internal_count=706 218 488 444 181 335 83 109 76 252 127 84
cat_boundaries=0 2 3
cat_threshold=9517848 128 4324
is_linear=0
shrinkage=0.0111721


Tree=404
num_leaves=11
num_cat=1
split_feature=13 19 42 40 46 44 48 35 19 48
split_gain=14.1803 8.8737 7.13641 8.49442 7.39943 4.57079 5.90919 5.63198 6.4191 2.87659
threshold=0 241.50000000000003 18.500000000000004 -5.4999999999999991 0.96638417243957531 10.500000000000002 0.80116280913352977 23.500000000000004 101.00000000000001 0.35316231846809393
decision_type=9 10 10 10 8 8 8 8 10 10
left_child=5 2 3 4 -2 -1 9 -8 -9 -7
right_child=1 -3 -4 -5 -6 6 7 8 -10 -11
leaf_value=-0.0054426362330104233 0.024099848967101021 -0.04607583506987941 -0.020509672243400171 -0.012770821422062428 -0.0028135809876904576 0.01545176885854151 0.024841845618568042 -0.028794886306612869 0.017571414262664356 0.030842032073503462
leaf_weight=36 69 37 38 65 289 40 36 34 35 38
leaf_count=36 69 37 38 65 289 40 36 34 35 38
internal_value=0 -0.00105563 -0.000654329 -0.000237703 0.000436896 0.00229296 0.00311352 0.0013832 -0.000485737 0.00544279
internal_weight=0 498 461 423 358 219 183 105 69 78
internal_count=717 498 461 423 358 219 183 105 69 78
cat_boundaries=0 2
cat_threshold=17508630 4
is_linear=0
shrinkage=0.0111721


Tree=405
num_leaves=13
num_cat=3
split_feature=7 13 19 8 14 32 19 35 32 49 22 15
split_gain=17.9703 11.2929 10.193 7.34965 10.9727 6.4813 7.63626 4.54542 5.15706 2.8658 2.01397 1.13608
threshold=0 1 11.500000000000002 2 16.500000000000004 0.84150716662406932 66.000000000000014 13.500000000000002 0.64194816350936901 4.5000000000000009 2.5000000000000004 -11.749999999999998
decision_type=9 9 10 9 8 10 8 10 8 10 10 10
left_child=7 2 -2 4 -3 6 -5 8 -1 10 -10 -4
right_child=1 3 11 5 -6 -7 -8 -9 9 -11 -12 -13
leaf_value=0.036940894771952518 -0.0093870138160736249 -0.0085610768559179085 0.032717042347528702 0.003197835050366549 0.021613791591816818 -0.019812537776554017 -0.023912748258278434 0.0027508226384829748 0.018878304798316283 0.012605369592927308 -0.00032614529280951856 0.017646410274031323
leaf_weight=35 41 62 36 86 58 63 118 47 52 37 36 34
leaf_count=35 41 62 36 86 58 63 118 47 52 37 36 34
internal_value=0 -0.000703752 0.00230827 -0.00160405 0.000687509 -0.0026216 -0.00175248 0.00314053 0.00418952 0.00312818 0.00203128 0.00510722
internal_weight=0 498 111 387 120 267 204 207 160 125 88 70
internal_count=705 498 111 387 120 267 204 207 160 125 88 70
cat_boundaries=0 1 2 3
cat_threshold=1716162 134259780 5720
is_linear=0
shrinkage=0.0111721


Tree=406
num_leaves=13
num_cat=1
split_feature=13 49 44 42 19 17 42 22 41 23 25 17
split_gain=16.1338 7.93111 5.59266 6.33071 5.45618 4.14831 4.47735 3.57235 3.52629 2.63372 4.63403 2.20518
threshold=0 2.5000000000000004 3.5000000000000004 3.5000000000000004 6.5000000000000009 4.5000000000000009 15.500000000000002 2.5000000000000004 10.500000000000002 -6.2499999999999991 13.500000000000002 7.5000000000000009
decision_type=9 10 10 10 10 10 8 10 8 10 10 8
left_child=2 8 3 4 -1 -3 -7 -8 -2 -10 -11 -6
right_child=1 5 -4 -5 11 6 7 -9 9 10 -12 -13
leaf_value=0.0054066497788437242 0.00073475829050827625 -0.017156296914625481 -0.024597708936272781 0.013368574740851173 -0.023894967019626026 -0.0088389145256076128 0.0010969865052031251 0.023937526008171599 0.0098003834639533941 0.023425767034082671 0.012551787548247866 -0.0096075237345509944
leaf_weight=35 42 42 36 33 49 39 93 35 61 57 76 80
leaf_count=35 42 42 36 33 49 39 93 35 61 57 76 80
internal_value=0 0.00149779 -0.0020689 -0.00141777 -0.00231616 -5.34535e-05 0.000735883 0.00174563 0.00293503 0.00357045 0.00445202 -0.0033776
internal_weight=0 445 233 197 164 209 167 128 236 194 133 129
internal_count=678 445 233 197 164 209 167 128 236 194 133 129
cat_boundaries=0 2
cat_threshold=495109284 8
is_linear=0
shrinkage=0.0111721


Tree=407
num_leaves=11
num_cat=2
split_feature=13 23 15 40 21 13 35 19 32 14
split_gain=17.0233 7.04752 7.79359 9.7479 5.87631 5.56147 4.28758 3.99641 2.51267 1.35134
threshold=0 -4.7499999999999991 -1.0000000180025095e-35 -9.4999999999999982 30.500000000000004 1 3.5000000000000004 9.5000000000000018 0.22305141389369967 17.500000000000004
decision_type=9 8 10 10 2 9 10 10 10 8
left_child=4 -2 3 5 7 -3 -6 -1 -4 -9
right_child=1 2 8 -5 6 -7 -8 9 -10 -11
leaf_value=-0.010454331449372661 0.027313006339253661 0.013936496042314507 0.019244248403251677 -0.020630791344189544 -0.036000802030604739 -0.0016960928372100996 -0.0030935085331953013 -0.0054155697275392739 0.012992261532963892 0.0074106957615267723
leaf_weight=52 43 106 38 53 62 203 35 37 49 37
leaf_count=52 43 106 38 53 62 203 35 37 49 37
internal_value=0 0.00111276 0.000721581 0 -0.00254128 0.000759266 -0.00472221 -0.001064 0.00372402 0.000603891
internal_weight=0 492 449 362 223 309 97 126 87 74
internal_count=715 492 449 362 223 309 97 126 87 74
cat_boundaries=0 2 3
cat_threshold=587669786 2 1075846177
is_linear=0
shrinkage=0.0111721


Tree=408
num_leaves=13
num_cat=2
split_feature=13 2 37 19 32 20 39 39 15 25 39 19
split_gain=28.5833 11.4326 7.80127 5.87962 5.84731 4.79981 5.60845 4.62303 4.32351 5.38187 4.0194 3.19388
threshold=0 1 3.5000000000000004 5.5000000000000009 0.30094340443611151 91.500000000000014 0.5853099822998048 0.74037036299705516 -0.74999999999999989 24.500000000000004 0.97202658653259288 63.000000000000007
decision_type=9 9 10 10 8 2 10 8 8 8 8 10
left_child=5 3 4 -2 -3 -1 8 -6 -7 -10 -5 -12
right_child=1 2 -4 10 7 6 -8 -9 9 -11 11 -13
leaf_value=-0.00084879504658782795 0.011046985406225987 -0.009979058564806631 0.025321030108796608 0.0034083688314326733 0.027069217725885327 0.0099415270288613078 -0.031121458727205783 0.013302257092651031 -0.031784961681470048 -0.01039730036847889 -0.031841429514201672 -0.01676252464706814
leaf_weight=51 39 33 44 41 46 34 62 190 49 53 34 33
leaf_count=51 39 33 44 41 46 34 62 190 49 53 34 33
internal_value=0 0.00147376 0.00266331 -0.00106739 0.00203506 -0.00314888 -0.00406257 0.002651 -0.00279301 -0.00394308 -0.00248268 -0.00416867
internal_weight=0 460 313 147 269 249 198 236 136 102 108 67
internal_count=709 460 313 147 269 249 198 236 136 102 108 67
cat_boundaries=0 2 3
cat_threshold=3545764 1024 3298
is_linear=0
shrinkage=0.0111721


Tree=409
num_leaves=12
num_cat=2
split_feature=42 7 22 0 16 25 25 28 48 35 19
split_gain=16.7854 14.2691 8.71396 7.52608 5.54156 5.3424 4.12794 4.03267 3.76154 3.83049 0.6915
threshold=9.5000000000000018 0 17.250000000000004 1 1.7500000000000002 22.500000000000004 19.500000000000004 11.500000000000002 0.61721614003181469 5.5000000000000009 228.50000000000003
decision_type=8 9 10 9 10 10 8 10 10 10 8
left_child=8 4 3 5 6 -3 -2 -5 9 -1 -8
right_child=1 2 -4 7 -6 -7 10 -9 -10 -11 -12
leaf_value=0.03395160127023205 0.019023214978208199 -0.010391813909631722 -0.02741650580608318 -0.0044495890251912531 -0.0054042288581379197 -0.025367388040930888 0.026621977933003669 0.010564607437292428 0.021494960243873516 0.0048238854888214763 0.020933578129563674
leaf_weight=41 40 125 36 212 34 33 34 47 34 39 33
leaf_count=41 40 125 36 212 34 33 34 47 34 39 33
internal_value=0 -0.000564246 -0.00152017 -0.00109845 0.00244158 -0.00292602 0.00386323 0.000124594 0.00411602 0.00279301 0.00216771
internal_weight=0 594 453 417 141 158 107 259 114 80 67
internal_count=708 594 453 417 141 158 107 259 114 80 67
cat_boundaries=0 1 2
cat_threshold=2098318 9
is_linear=0
shrinkage=0.0111721


Tree=410
num_leaves=13
num_cat=2
split_feature=13 41 32 19 25 16 2 48 15 16 14 25
split_gain=17.312 10.0599 11.7626 6.62577 6.27217 5.05207 4.46181 4.30636 3.94467 3.44042 4.22558 1.08601
threshold=0 6.5000000000000009 0.92197644710540783 5.5000000000000009 4.5000000000000009 2.7500000000000004 1 0.083920188248157515 -6.4999999999999991 1.2500000000000002 18.500000000000004 15.500000000000002
decision_type=9 8 10 10 10 10 9 10 10 8 8 10
left_child=4 3 6 -2 -1 -5 8 -8 -3 -6 -11 -12
right_child=1 2 -4 5 9 -7 7 -9 -10 10 11 -13
leaf_value=0.0063665294537350123 0.0011573386467302047 0.010490363955716916 0.01504962590201841 -0.029483492743767714 -0.017218812863090554 -0.010672761104033739 -0.014148074148697258 0.012463684148110039 0.01963873249791109 -2.3532883816891496e-05 -0.037448273329154139 -0.025150576910686853
leaf_weight=43 55 69 57 56 56 36 141 35 38 37 33 42
leaf_count=43 55 69 57 56 56 36 141 35 38 37 33 42
internal_value=0 0.000382143 0.0014458 -0.00205201 -0.00338701 -0.00388593 0.000513204 -0.000600647 0.00219621 -0.00452202 -0.00339152 -0.0049157
internal_weight=0 487 340 147 211 92 283 176 107 168 112 75
internal_count=698 487 340 147 211 92 283 176 107 168 112 75
cat_boundaries=0 1 2
cat_threshold=404841105 8195
is_linear=0
shrinkage=0.0111721


Tree=411
num_leaves=11
num_cat=2
split_feature=13 2 27 35 21 39 32 32 34 22
split_gain=10.3394 9.42624 10.0518 5.87525 5.63301 5.07908 4.31374 8.25209 3.2747 2.70798
threshold=0 1 3.5000000000000004 8.5000000000000018 29.500000000000004 0.98581486940383922 0.38819444179534918 0.92899158596992504 4.2500000000000009 1.1650000214576723
decision_type=9 9 10 8 2 8 8 8 8 10
left_child=5 2 3 -2 -5 -1 -3 -8 -9 -7
right_child=1 6 -4 4 -6 9 7 8 -10 -11
leaf_value=0.0022764171922663753 -0.032255269214028721 0.027152579851374255 -0.029766902568421391 0.011314721018479015 -0.00079170305461700053 -0.027086907749501732 -0.012079504175042 0.01452396001649087 0.0074807725481495684 -0.027590134963350572
leaf_weight=41 37 49 36 81 109 39 47 48 177 36
leaf_count=41 37 49 36 81 109 39 47 48 177 36
internal_value=0 0.000865177 -0.000695695 0.000147647 0.000940804 -0.00266001 0.0021264 0.00164295 0.00253233 -0.00461778
internal_weight=0 584 263 227 190 116 321 272 225 75
internal_count=700 584 263 227 190 116 321 272 225 75
cat_boundaries=0 2 3
cat_threshold=19055616 1024 67685
is_linear=0
shrinkage=0.0111721


Tree=412
num_leaves=10
num_cat=1
split_feature=13 14 35 28 48 49 25 28 23
split_gain=21.3259 15.5407 9.11647 12.3806 7.01628 6.13935 4.98216 3.75968 3.69174
threshold=0 1.5000000000000002 18.500000000000004 5.5000000000000009 0.32318203151226049 2.5000000000000004 24.500000000000004 9.5000000000000018 -3.2499999999999996
decision_type=9 10 10 10 10 8 8 10 10
left_child=1 -1 3 4 6 -5 -2 -7 -6
right_child=2 -3 -4 5 8 7 -8 -9 -10
leaf_value=0.04444104082205419 -0.020128078365338951 -0.0089254727474811137 0.0075584371090974111 -3.9107120555480702e-05 -0.0012651500620919844 -0.019870009444016939 -0.00088621142379904537 -0.01729585068705565 0.014834217699464211
leaf_weight=59 98 51 55 34 34 43 134 122 45
leaf_count=59 98 51 55 34 34 43 134 122 45
internal_value=0 0.00353782 -0.00165152 -0.00214679 -0.000754383 -0.00432286 -0.0017336 -0.00521363 0.00212127
internal_weight=0 110 565 510 311 199 232 165 79
internal_count=675 110 565 510 311 199 232 165 79
cat_boundaries=0 1
cat_threshold=71590528
is_linear=0
shrinkage=0.0111721


Tree=413
num_leaves=11
num_cat=1
split_feature=8 22 23 46 42 47 24 19 30 39
split_gain=14.7725 11.7066 9.1764 7.40952 6.68119 8.84689 5.30813 4.61044 3.81817 3.43
threshold=0 26.500000000000004 -1.8199999928474424 0.40660224854946142 22.500000000000004 2.5000000000000004 4.2500000000000009 9.5000000000000018 10.500000000000002 0.82274866104125988
decision_type=9 10 8 8 8 8 8 8 8 10
left_child=2 3 -1 -2 5 -5 8 -6 -4 -10
right_child=1 -3 6 4 7 -7 -8 -9 9 -11
leaf_value=-0.023606521686726559 0.017188673442032894 -0.040080130639480419 -0.022626936303771768 0.0093030089314104347 0.03514675437728642 -0.017497736216407739 0.0073355334244732283 0.016841481124191888 -0.012055104831649857 0.011421128797845716
leaf_weight=40 43 39 44 56 36 42 40 249 114 35
leaf_count=40 43 39 44 56 36 42 40 249 114 35
internal_value=0 0.00152881 -0.00169752 0.00209804 0.00160434 -0.000912002 -0.000911026 0.00246961 -0.0016787 -0.000824781
internal_weight=0 465 273 426 383 98 233 285 193 149
internal_count=738 465 273 426 383 98 233 285 193 149
cat_boundaries=0 1
cat_threshold=2865
is_linear=0
shrinkage=0.0111721


Tree=414
num_leaves=13
num_cat=1
split_feature=13 22 49 25 16 36 32 35 32 20 20 39
split_gain=15.9133 11.7631 8.9717 6.22368 5.74791 6.78177 5.91522 5.56732 4.69155 4.38081 4.25118 4.05548
threshold=0 10.750000000000002 11.500000000000002 10.500000000000002 1.7500000000000002 3.5000000000000004 0.7838827669620515 11.500000000000002 0.90061727166175853 231.50000000000003 135.50000000000003 0.33882540464401251
decision_type=9 10 8 10 10 8 10 10 8 2 2 10
left_child=4 2 3 -2 6 -6 9 8 -4 -1 -3 -5
right_child=1 10 7 11 5 -7 -8 -9 -10 -11 -12 -13
leaf_value=-0.0024102206442163931 0.0022975834832168387 -0.019375823756369925 0.022915754430196996 0.027691449016502501 -0.027110978077838955 -0.016284933996534839 0.003168607527522366 -0.034834068146571744 0.0050890521087684805 -0.029616952805344775 0.0034756070548660595 0.0069860484265326936
leaf_weight=49 53 46 33 66 42 45 33 33 167 41 44 61
leaf_count=49 53 46 33 66 42 45 33 33 167 41 44 61
internal_value=0 0.00115423 0.00197472 0.00384815 -0.00243754 -0.00475133 -0.000999125 0.000527435 0.00122893 -0.00248268 -0.00248268 0.00519017
internal_weight=0 503 413 180 210 87 123 233 200 90 90 127
internal_count=713 503 413 180 210 87 123 233 200 90 90 127
cat_boundaries=0 2
cat_threshold=60494896 20
is_linear=0
shrinkage=0.0111721


Tree=415
num_leaves=14
num_cat=2
split_feature=7 13 49 35 16 39 22 40 19 20 20 24 20
split_gain=16.9713 11.2632 6.25215 6.50357 4.52824 5.73737 10.9183 4.57151 4.38906 4.22151 4.18402 3.49754 1.79523
threshold=0 1 13.500000000000002 9.5000000000000018 20.500000000000004 0.36643192172050482 6.7500000000000009 1.0000000180025095e-35 7.5000000000000009 108.50000000000001 407.50000000000006 0.76500001549720775 400.50000000000006
decision_type=9 9 8 8 8 10 10 8 10 2 2 10 2
left_child=2 11 3 -1 5 6 -3 -7 -6 -5 -4 -2 -10
right_child=1 4 10 9 8 7 -8 -9 12 -11 -12 -13 -14
leaf_value=0.011867053478828528 -0.00053844431084722861 -0.01022544795474005 0.044141374375921111 0.006418922511125703 -0.012869533971928974 -0.0087378412757910546 0.010201691924486793 -0.021410237220604696 -0.03116392754662891 -0.007674559686502944 0.014672445148842002 0.019566975603211748 -0.031994897700731231
leaf_weight=45 62 93 46 35 46 57 37 48 33 65 55 47 46
leaf_count=45 62 93 46 35 46 57 37 48 33 65 55 47 46
internal_value=0 -0.00146939 0.00209476 0.000693436 -0.00241558 -0.00156884 0 -0.00351122 -0.00420069 -0.000893762 0.00431396 0.00159601 -0.00579815
internal_weight=0 469 246 145 360 235 130 105 125 100 101 109 79
internal_count=715 469 246 145 360 235 130 105 125 100 101 109 79
cat_boundaries=0 1 2
cat_threshold=549078126 157876232
is_linear=0
shrinkage=0.0111721


Tree=416
num_leaves=11
num_cat=2
split_feature=13 39 13 23 46 29 46 49 28 27
split_gain=19.5611 11.6492 9.10978 7.72601 6.62399 6.39121 7.01265 6.4222 4.01106 2.12114
threshold=0 0.11932203173637392 1 -0.23500000685453412 0.94543650746345531 1.2500000000000002 0.95199692249298107 14.500000000000002 2.5000000000000004 17.000000000000004
decision_type=9 8 9 8 8 8 10 8 10 8
left_child=4 -2 3 -3 -1 6 -4 -7 -5 -6
right_child=1 2 5 8 9 7 -8 -9 -10 -11
leaf_value=0.0061197443668091055 0.030535274928255168 0.0078910060775755422 0.00023910977904943436 -0.011311103837227863 0.016219727500516482 0.012952345696322315 -0.026175668875679303 -0.0069642866531014142 -0.016464109795664882 0.059155938436898703
leaf_weight=35 42 52 90 120 35 90 36 90 60 42
leaf_count=35 42 52 90 120 35 90 36 90 60 42
internal_value=0 -0.000340842 -0.000789105 -0.00240061 0.00457871 0.000494964 -0.00141867 0.00186201 -0.00359989 0.0068193
internal_weight=0 580 538 232 112 306 126 180 180 77
internal_count=692 580 538 232 112 306 126 180 180 77
cat_boundaries=0 2 4
cat_threshold=21299968 8 2726316119 256
is_linear=0
shrinkage=0.0111721


Tree=417
num_leaves=13
num_cat=2
split_feature=13 28 34 46 15 2 18 19 21 20 27 39
split_gain=19.8017 11.9654 12.1534 9.56498 7.12219 6.38667 8.13379 5.23106 4.43373 4.15176 2.9196 2.64859
threshold=0 15.500000000000002 2.2500000000000004 0.58411949872970592 -2.2499999999999996 1 1.5000000000000002 10.500000000000002 27.500000000000004 156.50000000000003 7.5000000000000009 0.33882540464401251
decision_type=9 10 8 8 10 9 8 10 2 2 8 10
left_child=3 2 4 -1 -2 7 -7 -4 -5 -10 -11 -3
right_child=1 11 5 8 -6 6 -8 -9 9 10 -12 -13
leaf_value=0.0064428704127142194 -0.025705959648776113 0.020674140127401049 0.033192645109867878 -0.0017085257029381398 -0.0051376945323412448 -0.014636646199275394 0.026725225086155695 0.019287638433889642 -0.02974705477850928 -0.0067240369743592236 -0.032843887111909796 0.0080051445210698093
leaf_weight=36 34 37 36 45 46 84 139 67 40 35 68 37
leaf_count=36 34 37 36 45 46 84 139 67 40 35 68 37
internal_value=0 0.00127681 0.000550348 -0.00267366 -0.00335161 0.00150789 0.00033564 0.00365811 -0.00380326 -0.0047657 -0.0035794 0.00543505
internal_weight=0 480 406 224 80 326 223 103 188 143 103 74
internal_count=704 480 406 224 80 326 223 103 188 143 103 74
cat_boundaries=0 2 3
cat_threshold=44238597 16 22
is_linear=0
shrinkage=0.0111721


Tree=418
num_leaves=13
num_cat=2
split_feature=13 8 25 48 19 20 16 15 41 16 15 32
split_gain=18.7511 14.7111 6.89379 9.03676 7.11736 6.53824 4.82293 5.43471 4.67833 5.99175 2.85689 6.68119
threshold=0 1 26.500000000000004 0.017862838692963127 209.50000000000003 53.500000000000007 2.7500000000000004 -8.2499999999999982 3.5000000000000004 37.500000000000007 -14.749999999999998 0.71563342213630687
decision_type=9 9 10 10 8 2 10 10 8 8 10 8
left_child=6 8 3 4 -3 -5 10 -8 -2 -10 -1 -12
right_child=1 2 -4 5 -6 -7 7 -9 9 -11 11 -13
leaf_value=-0.028591403810451849 -0.027526532880523077 -0.011515100139757118 0.040610558591564191 -0.0026021208538184602 0.050295975876831274 0.024182813666331057 -0.0039691728281259489 -0.031772081983524082 0.013164990294508854 -0.022050305696920836 -0.012887098414978928 0.014575294776357073
leaf_weight=59 38 104 60 42 47 122 34 42 35 33 34 40
leaf_count=59 38 104 60 42 47 122 34 42 35 33 34 40
internal_value=0 0.00102392 0.0020603 0.00145414 -0.000517908 0.00326987 -0.0029078 -0.00529202 -0.00250408 -0.000985765 -0.00176401 -0.000301944
internal_weight=0 481 375 315 151 164 209 76 106 68 133 74
internal_count=690 481 375 315 151 164 209 76 106 68 133 74
cat_boundaries=0 2 3
cat_threshold=404488568 256 49240
is_linear=0
shrinkage=0.0111721


Tree=419
num_leaves=13
num_cat=1
split_feature=13 21 32 49 48 22 19 17 28 25 23 32
split_gain=13.9288 12.3551 6.60748 5.98744 5.64712 7.36518 5.51638 3.83769 4.90905 3.75872 4.2577 2.97139
threshold=0 34.500000000000007 0.96238207817077648 3.5000000000000004 0.63582888245582592 4.0699999332427987 4.5000000000000009 5.5000000000000009 5.5000000000000009 25.500000000000004 -3.2499999999999996 0.28660714626312261
decision_type=9 2 10 10 10 10 8 10 10 10 10 10
left_child=2 4 3 9 5 6 -2 -5 -9 10 -1 -3
right_child=1 11 -4 7 -6 -7 -8 8 -10 -11 -12 -13
leaf_value=-0.02122592632899109 0.017722873232618824 0.045353295429925659 -0.023765635632824581 0.02151985283741982 0.015129573787693732 -0.025046913581374786 -0.0041887810720323063 -0.016667201266670741 0.010040589778557646 -0.018803333857207293 0.0022802022215086099 0.0014566076971198531
leaf_weight=52 38 56 64 34 59 45 169 33 33 37 53 35
leaf_count=52 38 56 64 34 59 45 169 33 33 37 53 35
internal_value=0 0.0011389 -0.00197986 -0.0012003 0.000107768 -0.000620669 0.000269855 0.000893762 -0.00067709 -0.002675 -0.00159601 0.00478802
internal_weight=0 402 306 242 311 252 207 100 66 142 105 91
internal_count=708 402 306 242 311 252 207 100 66 142 105 91
cat_boundaries=0 1
cat_threshold=590121956
is_linear=0
shrinkage=0.0111721


Tree=420
num_leaves=14
num_cat=3
split_feature=1 13 21 14 8 25 19 27 19 20 35 18 25
split_gain=13.4844 12.9759 12.7499 12.664 7.84044 5.82644 6.85123 5.3132 3.61486 3.56298 2.66302 4.31443 1.63568
threshold=0 1 30.500000000000004 5.5000000000000009 2 23.500000000000004 94.000000000000014 1.0000000180025095e-35 9.5000000000000018 417.50000000000006 10.500000000000002 2.5000000000000004 35.500000000000007
decision_type=9 9 2 10 9 10 10 10 8 2 10 8 10
left_child=2 3 -1 8 10 6 -6 -5 -2 -10 11 -3 -7
right_child=1 4 -4 7 5 12 -8 -9 9 -11 -12 -13 -14
leaf_value=-0.031378040676688639 0.019485172089294768 0.014729500448259276 0.00052249174564258298 0.03349869630826284 -0.0068881763167490517 0.023558152263267684 -0.033513685930694773 0.010531394836316892 -0.019417015043290891 0.0087265135213406928 -0.012854569855002107 0.0020397603189499856 -0.012897723610241869
leaf_weight=54 47 36 48 35 167 33 33 44 58 34 33 34 43
leaf_count=54 47 36 48 35 167 33 33 44 58 34 33 34 43
internal_value=0 0.000828242 -0.00339152 0.00294002 -0.000430799 -0.00140627 -0.00245785 0.00664666 0.00104487 -0.000242868 0.00207622 0.00351121 0.001176
internal_weight=0 597 102 218 379 276 200 79 139 92 103 70 76
internal_count=699 597 102 218 379 276 200 79 139 92 103 70 76
cat_boundaries=0 1 3 4
cat_threshold=2792 35266218 2 978
is_linear=0
shrinkage=0.0111721


Tree=421
num_leaves=15
num_cat=2
split_feature=13 2 20 21 32 19 20 14 46 20 19 48 23 49
split_gain=12.3477 11.0732 8.50111 7.58769 6.04289 8.85964 6.51073 5.77874 5.50388 6.81672 5.02351 4.76045 2.46366 2.43305
threshold=0 1 453.50000000000006 28.500000000000004 0.10084745660424234 92.500000000000014 205.50000000000003 5.5000000000000009 0.92131063342094432 138.50000000000003 6.5000000000000009 0.50087109208107006 -3.2499999999999996 16.500000000000004
decision_type=9 9 2 2 10 8 2 8 8 2 10 8 10 8
left_child=2 3 8 10 5 -5 -6 -3 -1 -10 -2 -9 -13 -11
right_child=1 7 -4 4 6 -7 -8 11 9 13 -12 12 -14 -15
leaf_value=0.00053795299146569271 -0.025596914310440533 0.015948492034619975 0.013554016661096313 -0.036501512146103365 -0.0011134715738171004 0.016953764094555287 0.027275670247476541 -0.00032342523305663125 -0.026759843898237191 -0.0058129415403604841 -0.0081600422296345815 0.029904165859711795 0.0094685940104591165 -0.023314566740735444
leaf_weight=41 33 56 53 39 36 50 39 56 35 49 52 35 58 36
leaf_count=41 33 56 53 39 36 50 39 56 35 49 52 35 58 36
internal_value=0 0.0013002 -0.00189526 -0.000301947 0.00108996 -0.000878698 0.00342609 0.00316975 -0.00326141 -0.00446882 -0.00302302 0.00217443 0.00372402 -0.00276015
internal_weight=0 454 214 249 164 89 75 205 161 120 85 149 93 85
internal_count=668 454 214 249 164 89 75 205 161 120 85 149 93 85
cat_boundaries=0 1 2
cat_threshold=85085 66587
is_linear=0
shrinkage=0.0111721


Tree=422
num_leaves=14
num_cat=3
split_feature=7 13 39 10 33 16 24 21 30 20 14 48 21
split_gain=15.8215 12.1555 10.7426 10.1959 6.12738 4.02865 3.81815 3.76465 3.43617 6.32037 3.19179 2.82703 2.7922
threshold=0 1 0.31881313025951391 2 1.0000000180025095e-35 2.7500000000000004 1.0000000180025095e-35 31.500000000000004 3.5000000000000004 171.50000000000003 27.500000000000004 0.18898809701204303 28.500000000000004
decision_type=9 9 10 9 8 10 8 2 10 2 8 10 2
left_child=10 2 5 4 -3 12 -6 -4 9 -5 11 -1 -2
right_child=1 3 7 8 6 -7 -8 -9 -10 -11 -12 -13 -14
leaf_value=0.015835395294027152 0.019585314047441689 -0.01260777217201842 0.014808695418608237 -0.013313382267097364 0.0016269283104306388 -0.017328018134746336 0.036451102042699579 0.020558546808433664 -0.011178761796112184 -0.027195659227696716 0.0068971388273442371 0.026859919173853837 -0.0068272966489018897
leaf_weight=37 44 37 34 61 42 37 33 34 42 126 37 38 83
leaf_count=37 44 37 34 61 42 37 33 34 42 126 37 38 83
internal_value=0 -0.00113062 0.000830979 -0.00245085 0.000366295 -0.000681222 0.00223441 0.00460025 -0.00378635 -0.00460026 0.00329667 0.0049157 0.000263905
internal_weight=0 573 232 341 112 164 75 68 229 187 112 75 127
internal_count=685 573 232 341 112 164 75 68 229 187 112 75 127
cat_boundaries=0 1 3 4
cat_threshold=613888 1170485484 128 398
is_linear=0
shrinkage=0.0111721


Tree=423
num_leaves=11
num_cat=3
split_feature=9 13 7 16 22 15 32 28 35 20
split_gain=16.1076 15.1726 12.4005 9.66592 8.75902 5.61225 6.94861 4.62957 4.62855 4.41174
threshold=0 1 2 1.2500000000000002 13.250000000000002 -2.7499999999999996 0.98581486940383922 19.500000000000004 1.0000000180025095e-35 198.50000000000003
decision_type=9 9 9 8 10 8 8 8 10 2
left_child=5 8 9 7 -5 -1 -7 -4 -2 -3
right_child=1 2 3 4 -6 6 -8 -9 -10 -11
leaf_value=0.027004919716790091 0.02747589745837499 -0.0022145636259177158 -0.020443033899768023 -0.0029795356830457026 -0.030569182590520293 0.011164854477636946 -0.0072903165657963705 -0.014027357565220442 0.00016777850100166102 0.014699404184638866
leaf_weight=39 63 48 54 198 46 38 37 36 42 54
leaf_count=39 63 48 54 198 46 38 37 36 42 54
internal_value=0 -0.00103407 -0.00195386 -0.00298788 -0.00192306 0.00342369 0.00193649 -0.0062067 0.002623 0.00139651
internal_weight=0 541 436 334 244 114 75 90 105 102
internal_count=655 541 436 334 244 114 75 90 105 102
cat_boundaries=0 1 2 3
cat_threshold=33555796 269493257 18941700
is_linear=0
shrinkage=0.0111721


Tree=424
num_leaves=12
num_cat=2
split_feature=7 8 20 48 39 28 35 39 24 14 14
split_gain=22.907 13.8809 12.8797 8.78527 6.65065 7.87565 4.7704 3.54777 3.12295 2.85327 0.702592
threshold=0 1 340.50000000000006 0.38522107899189001 0.60172414779663097 20.500000000000004 14.500000000000002 0.24536878615617755 0.58500000834465038 19.500000000000004 9.2500000000000018
decision_type=9 9 2 8 8 8 8 10 8 8 8
left_child=3 7 4 -1 -3 -6 -5 10 -4 -8 -2
right_child=1 2 8 6 5 -7 9 -9 -10 -11 -12
leaf_value=0.01800880117898903 0.024376128656711522 -0.0012394238152040168 -0.01237669794105632 -0.026060594575650995 0.024438241381509896 0.013944564644706586 0.0021453719139364219 0.0091173501830775772 -0.0011129743269944758 -0.02323813188167315 0.038316247127022744
leaf_weight=39 33 56 58 62 84 99 38 51 48 65 36
leaf_count=39 33 56 58 62 84 99 38 51 48 65 36
internal_value=0 0.00232849 0.00110147 -0.00208824 0.00257098 0.00360192 -0.00331776 0.00550009 -0.00210793 -0.00184393 0.00760995
internal_weight=0 465 345 204 239 183 165 120 106 103 69
internal_count=669 465 345 204 239 183 165 120 106 103 69
cat_boundaries=0 1 2
cat_threshold=358609 16529
is_linear=0
shrinkage=0.0111721


Tree=425
num_leaves=13
num_cat=2
split_feature=7 22 13 40 19 48 25 20 49 14 24 19
split_gain=16.0751 9.88245 9.57441 6.30703 6.90006 5.28335 4.81683 4.21632 6.44116 4.64212 3.94554 2.32863
threshold=0 13.250000000000002 1 -1.0000000180025095e-35 153.50000000000003 0.55345863103866588 24.500000000000004 171.50000000000003 7.5000000000000009 2.2500000000000004 0.58500000834465038 26.500000000000004
decision_type=9 10 9 8 10 8 8 2 8 10 10 10
left_child=1 7 6 -4 5 -5 10 8 -1 11 -2 -9
right_child=2 -3 3 4 -6 -7 -8 9 -10 -11 -12 -13
leaf_value=0.0044020910754784988 -0.010267473591167853 -0.0063373214205686883 -0.028604355329259961 0.0097797855498845208 -0.020535795983064705 -0.0079219392588917442 0.024468071893061979 -0.0098534717060805715 0.024807256116728005 0.025126100350012968 0.017439011713819716 0.025590940070622643
leaf_weight=33 39 36 51 59 53 167 41 42 61 42 34 33
leaf_count=33 39 36 51 59 53 167 41 42 61 42 34 33
internal_value=0 0.00221702 -0.00127962 -0.00223441 -0.00164177 -0.000790942 0.00144155 0.00322984 0.00499177 0.00181426 -0.000153038 0.000148957
internal_weight=0 247 444 330 279 226 114 211 94 117 73 75
internal_count=691 247 444 330 279 226 114 211 94 117 73 75
cat_boundaries=0 1 2
cat_threshold=34128299 156765186
is_linear=0
shrinkage=0.0111721


Tree=426
num_leaves=12
num_cat=1
split_feature=13 21 33 47 25 48 42 20 19 14 25
split_gain=18.7422 10.9766 9.78432 8.41624 7.8238 7.88159 6.86997 8.12084 3.4067 1.51243 0.941155
threshold=0 26.500000000000004 -6.4999999999999991 -9.4999999999999982 31.500000000000004 0.10762548446655275 6.5000000000000009 363.50000000000006 98.500000000000014 11.250000000000002 76.500000000000014
decision_type=9 2 8 10 8 10 10 2 8 8 8
left_child=3 9 -3 6 5 -4 7 8 -1 -2 -6
right_child=1 2 4 -5 10 -7 -8 -9 -10 -11 -12
leaf_value=0.028632176542004246 -0.015516011232563463 0.023572724972549926 -0.019111622252419216 0.023865079972064166 0.019001579163650872 0.00027099274227701347 -0.005165049828984295 -0.0049980229776327651 0.01973352201447837 -0.035683898758636291 0.018559840928711237
leaf_weight=63 42 35 130 42 34 150 34 37 39 62 34
leaf_count=63 42 35 130 42 34 150 34 37 39 62 34
internal_value=0 -0.00105651 -0.000204189 0.00283026 -0.000770487 -0.00159601 0.00187277 0.00297386 0.00460026 -0.00429694 0.00262871
internal_weight=0 487 383 215 348 280 173 139 102 104 68
internal_count=702 487 383 215 348 280 173 139 102 104 68
cat_boundaries=0 1
cat_threshold=2966405634
is_linear=0
shrinkage=0.0111721


Tree=427
num_leaves=13
num_cat=1
split_feature=13 19 39 20 23 17 25 21 46 48 25 21
split_gain=15.6957 9.34821 10.1906 5.07935 7.89628 5.03289 8.96446 4.1363 3.97018 3.51478 3.37536 2.79221
threshold=0 9.5000000000000018 0.52521184086799633 479.50000000000006 -1.4150000214576719 9.5000000000000018 14.500000000000002 27.500000000000004 0.86729559302330028 0.7119928002357484 17.500000000000004 29.500000000000004
decision_type=9 10 8 2 10 10 10 2 10 10 8 2
left_child=8 5 -3 4 -4 6 7 -2 9 10 -1 -12
right_child=1 2 3 -5 -6 -7 -8 -9 -10 -11 11 -13
leaf_value=0.0075513692973488214 -0.0076999768954178829 -0.03190238240345681 -0.017292762987852046 -0.026559403545750985 0.005231261750148165 0.024017093144034052 -0.019809356444270728 0.016759946526387768 0.0013819221298548615 0.027915731456816448 0.018162457968817106 0.048447576946957047
leaf_weight=62 37 36 56 56 120 34 36 69 49 33 37 53
leaf_count=62 37 36 56 56 120 34 36 69 49 33 37 53
internal_value=0 -0.000590593 -0.00191759 -0.00105942 -0.000126954 0.00139651 0.000472057 0.00210793 0.00293038 0.00380454 0.00308702 0.00446882
internal_weight=0 444 268 232 176 176 142 106 234 185 152 90
internal_count=678 444 268 232 176 176 142 106 234 185 152 90
cat_boundaries=0 2
cat_threshold=285819384 1
is_linear=0
shrinkage=0.0111721


Tree=428
num_leaves=14
num_cat=1
split_feature=8 32 27 48 17 28 39 16 21 20 25 20 35
split_gain=15.4287 12.4238 11.1494 8.03996 6.63232 6.01913 4.92031 8.73699 3.99567 3.75206 5.40687 3.70723 2.50241
threshold=0 0.93257576227188121 12.500000000000002 0.30079366266727453 2.5000000000000004 11.500000000000002 0.36643192172050482 1.2500000000000002 30.500000000000004 554.50000000000011 23.500000000000004 180.50000000000003 9.5000000000000018
decision_type=9 8 8 8 8 8 8 8 2 2 10 2 10
left_child=1 12 3 -2 -3 -6 -5 -8 -7 10 11 -4 -1
right_child=2 4 9 6 5 8 7 -9 -10 -11 -12 -13 -14
leaf_value=-0.02375491373035922 -0.0054818048367856536 -0.017246336605206317 -0.025118677760156301 0.037805947842789227 0.0095014528595388486 0.0094298665670372334 0.00094941013165365828 0.020666878198398495 -0.012958712526493409 0.017640067866002432 0.015532690867321173 -0.029830573233005423 -0.011691809723183762
leaf_weight=43 46 33 42 47 34 64 63 65 74 40 36 38 35
leaf_count=43 46 33 42 47 34 64 63 65 74 40 36 38 35
internal_value=0 -0.00186837 0.00153002 0.0031848 -0.00049048 0.000389722 0.0042773 0.00314214 -0.000647654 -0.000716156 -0.00173359 -0.00335161 -0.00572926
internal_weight=0 283 377 221 205 172 175 128 138 156 116 80 78
internal_count=660 283 377 221 205 172 175 128 138 156 116 80 78
cat_boundaries=0 1
cat_threshold=2887
is_linear=0
shrinkage=0.0111721


Tree=429
num_leaves=13
num_cat=3
split_feature=13 8 32 2 15 20 25 49 40 21 17 39
split_gain=20.5884 9.2436 7.86336 6.77178 6.54539 5.51048 4.60515 8.08002 5.53411 4.13442 3.52222 2.94692
threshold=0 1 0.94312667846679699 2 -2.2499999999999996 382.50000000000006 27.500000000000004 12.500000000000002 -7.4999999999999991 32.500000000000007 5.5000000000000009 0.98399898409843456
decision_type=9 9 10 9 10 2 10 8 10 2 10 8
left_child=6 9 3 11 -4 -5 7 8 10 -2 -1 -3
right_child=1 2 4 5 -6 -7 -8 -9 -10 -11 -12 -13
leaf_value=-0.0038360919267569227 0.015134623474089363 -0.012276861090194748 -0.010698859426549207 0.0022609556263526714 -0.028643513920950717 -0.01536692193365137 0.039872612705421723 -0.0028561773188272551 0.022597074070812698 -0.0071541040046294658 0.011242632808601225 -0.024369557918141577
leaf_weight=38 64 36 44 141 44 50 44 59 49 36 33 64
leaf_count=38 64 36 44 141 44 50 44 59 49 36 33 64
internal_value=0 -0.00130227 -0.00209656 -0.00126693 -0.00507821 5.5581e-05 0.00273308 0.00205965 0.00372402 0.00162502 0.00173088 -0.00345318
internal_weight=0 479 379 291 88 191 223 179 120 100 71 100
internal_count=702 479 379 291 88 191 223 179 120 100 71 100
cat_boundaries=0 2 3 4
cat_threshold=2305091594 1 41112 37
is_linear=0
shrinkage=0.0111721


Tree=430
num_leaves=16
num_cat=3
split_feature=7 8 24 25 15 8 19 42 48 19 25 48 25 35 20
split_gain=15.4009 10.1116 6.99379 6.74547 13.9863 6.51194 5.41656 5.23642 5.00439 4.53982 4.61203 3.55728 3.50849 3.36834 1.31574
threshold=0 1 1.1650000214576723 19.500000000000004 -0.74999999999999989 2 6.5000000000000009 20.500000000000004 0.66885966062545787 11.500000000000002 30.500000000000004 0.21557659655809405 14.500000000000002 9.5000000000000018 305.50000000000006
decision_type=9 9 8 8 8 9 10 8 10 10 10 10 10 10 2
left_child=5 2 12 4 8 6 -1 13 -3 -5 -11 -8 -2 -7 -6
right_child=1 3 -4 9 14 7 11 -9 -10 10 -12 -13 -14 -15 -16
leaf_value=-0.0063655645860932154 0.00075030926029467644 0.025252652850423885 -0.03265521715863004 0.018106242412248213 -0.028492495083712398 0.026596099972986422 0.0013675692991465477 0.002816231333578046 -0.014272473748307075 -0.019721547827735102 0.016556197266648937 0.015323040804033799 -0.020172297980252232 0.019517763684844428 -0.024586853456012674
leaf_weight=42 35 82 45 64 38 38 36 39 54 37 49 33 61 38 38
leaf_count=42 35 82 45 64 38 38 36 39 54 37 49 33 61 38 38
internal_value=0 -0.000892894 -0.00332942 0.000120129 -0.00115936 0.00255632 0.000461653 0.00437945 0.000985768 0.00193649 0.000259812 0.0024287 -0.00186201 0.00646803 -0.00499802
internal_weight=0 503 141 362 212 226 111 115 136 150 86 69 96 76 76
internal_count=729 503 141 362 212 226 111 115 136 150 86 69 96 76 76
cat_boundaries=0 1 2 3
cat_threshold=79227232 41185 8271
is_linear=0
shrinkage=0.0111721


Tree=431
num_leaves=12
num_cat=3
split_feature=1 8 13 16 32 49 49 19 46 20 35
split_gain=12.4749 13.1947 8.79693 8.17512 7.32894 6.91203 6.87813 6.54049 6.24445 4.94617 3.35263
threshold=0 1 2 4.5000000000000009 0.97122153639793407 16.500000000000004 8.5000000000000018 5.5000000000000009 0.98473194241523754 586.50000000000011 2.5000000000000004
decision_type=9 9 9 8 8 8 10 10 8 2 10
left_child=3 4 10 8 -2 6 -4 -6 -1 -7 -3
right_child=1 2 5 -5 7 9 -8 -9 -10 -11 -12
leaf_value=-0.0053309015405304284 -0.0209613332707504 0.042237070238599517 0.008015247127698355 0.0028694804478050541 -0.025200765365520732 -0.0081678681746130688 0.018979537879922622 0.016242020121026879 -0.021912481069905079 0.011561334544919307 0.0082070050324078592
leaf_weight=34 39 65 124 37 37 128 50 37 41 37 43
leaf_count=34 39 65 124 37 37 128 50 37 41 37 43
internal_value=0 0.000823205 0.00168681 -0.00311352 -0.0024524 0.000736267 0.00231146 -0.000603891 -0.00551154 -0.000880222 0.00435521
internal_weight=0 560 447 112 113 339 174 74 75 165 108
internal_count=672 560 447 112 113 339 174 74 75 165 108
cat_boundaries=0 1 2 3
cat_threshold=924 578 1074796000
is_linear=0
shrinkage=0.0111721


Tree=432
num_leaves=11
num_cat=1
split_feature=7 44 37 28 20 49 21 20 16 20
split_gain=27.3785 10.2142 6.91548 5.89231 6.83253 5.70374 4.86697 4.34075 4.69737 6.29106
threshold=0 8.5000000000000018 6.5000000000000009 3.5000000000000004 190.50000000000003 24.500000000000004 30.500000000000004 63.500000000000007 5.2500000000000009 171.50000000000003
decision_type=9 8 8 10 2 8 2 2 8 2
left_child=5 -2 -3 6 -5 7 -4 -1 9 -9
right_child=1 2 3 4 -6 -7 -8 8 -10 -11
leaf_value=-0.012986609596865669 -0.0078134477871121856 0.03727749851092018 0.0085141008510531413 -0.010435929482591446 0.0078663237390964001 -0.040288646933946876 0.019910411670609768 -0.0056256454018519704 0.011381706894125312 -0.025686550507816971
leaf_weight=33 60 45 136 68 81 54 123 57 35 33
leaf_count=33 60 45 136 68 81 54 123 57 35 33
internal_value=0 0.000961267 0.00155373 0.0010953 -0.000674821 -0.00372402 0.00211363 -0.00282837 -0.0018769 -0.00322748
internal_weight=0 513 453 408 149 212 259 158 125 90
internal_count=725 513 453 408 149 212 259 158 125 90
cat_boundaries=0 1
cat_threshold=12903302
is_linear=0
shrinkage=0.0111721


Tree=433
num_leaves=12
num_cat=2
split_feature=13 15 13 21 16 28 14 40 32 22 17
split_gain=20.3637 9.81897 7.64622 9.80828 7.12149 6.96398 6.29061 3.59824 3.2568 2.29652 1.51514
threshold=0 -3.7499999999999996 1 37.500000000000007 1.0000000180025095e-35 15.500000000000002 38.250000000000007 1.0000000180025095e-35 0.95024752616882335 2.5000000000000004 10.500000000000002
decision_type=9 8 9 2 8 8 8 8 8 8 8
left_child=1 -1 5 4 -4 -2 -6 -3 -9 -10 -7
right_child=2 7 3 -5 6 10 -8 8 9 -11 -12
leaf_value=-0.0040725918949630173 -0.036116756149115282 0.021734609299226663 -0.01510867079569397 0.034340166123798338 0.0070302993982119116 0.003849942848233829 -0.0079755060472240444 0.02169436705807716 0.039800853621161973 0.011337618170611564 -0.026746197309864612
leaf_weight=50 40 43 60 41 118 33 144 43 42 39 33
leaf_count=50 40 43 60 41 118 33 144 43 42 39 33
internal_value=0 0.00329748 -0.000769683 2.99512e-05 -0.000624525 -0.00327457 0.000170565 0.0047498 0.00378408 0.00510328 -0.00135418
internal_weight=0 217 469 363 322 106 262 167 124 81 66
internal_count=686 217 469 363 322 106 262 167 124 81 66
cat_boundaries=0 2 4
cat_threshold=3227201952 4 144984064 8
is_linear=0
shrinkage=0.0111721


Tree=434
num_leaves=14
num_cat=3
split_feature=13 8 13 21 34 21 19 28 48 24 27 17 15
split_gain=13.0346 7.86766 7.57414 7.32138 6.668 5.60868 5.02432 5.01867 4.63592 4.16664 3.47813 2.58359 1.12162
threshold=0 1 2 31.500000000000004 6.5000000000000009 32.500000000000007 5.5000000000000009 11.500000000000002 0.77913278341293346 0.34500001370906835 13.500000000000002 3.5000000000000004 -21.499999999999996
decision_type=9 9 9 2 8 2 8 10 8 10 8 10 10
left_child=3 7 5 4 -1 6 -3 11 10 -10 -4 -2 -7
right_child=1 2 8 -5 -6 12 -8 -9 9 -11 -12 -13 -14
leaf_value=-0.0088109321803844683 0.0068269997685572433 -0.033227046486609291 0.015255422204824938 0.030241330716104232 0.024424690231794857 0.0063717783867521874 -0.016139985976538634 -0.0010118413705709288 0.00056746230719506596 -0.0091176783870931307 -0.0014114251464747924 0.037971510051239284 -0.0045752707966633527
leaf_weight=34 42 33 61 50 33 38 101 41 150 50 45 36 35
leaf_count=34 42 33 61 50 33 38 101 41 150 50 45 36 35
internal_value=0 -0.000313235 -0.000918544 0.00360673 0.00150072 -0.00252272 -0.00400193 0.00216513 0.000212127 -0.000782043 0.00210793 0.00401048 -0.000153038
internal_weight=0 632 513 117 67 207 134 119 306 200 106 78 73
internal_count=749 632 513 117 67 207 134 119 306 200 106 78 73
cat_boundaries=0 2 3 4
cat_threshold=138463232 72 32856 270608354
is_linear=0
shrinkage=0.0111721


Tree=435
num_leaves=15
num_cat=2
split_feature=28 14 2 2 25 35 28 28 19 25 22 39 19 21
split_gain=14.9876 16.0808 15.7022 8.9577 7.93759 7.73875 7.49047 7.37738 6.58839 5.66959 5.23802 3.80385 3.38925 1.00112
threshold=13.500000000000002 98.500000000000014 0 1 37.500000000000007 11.500000000000002 6.5000000000000009 19.500000000000004 9.5000000000000018 13.500000000000002 0.75000000000000011 0.98675438761711132 131.00000000000003 31.500000000000004
decision_type=10 8 9 9 10 10 10 10 8 10 10 10 8 2
left_child=1 2 9 4 12 6 -4 8 -2 11 13 -1 -3 -5
right_child=7 3 5 10 -6 -7 -8 -9 -10 -11 -12 -13 -14 -15
leaf_value=-0.026208294264610237 -0.011326802248877202 0.0027573443431016913 0.019005887176479136 -0.025856104886577889 -0.042398442322554797 0.032409340064320814 -0.0027346774524188251 -0.00011361602238133903 -0.023486292244232598 0.0038293635416549255 -0.038107507050446576 0.0060994303575897628 0.053078022041493776 -0.0088163249185655296
leaf_weight=53 56 41 120 39 36 38 43 59 38 39 33 35 42 38
leaf_count=53 56 41 120 39 36 38 43 59 38 39 33 35 42 38
internal_value=0 0.0006619 0.00224804 -0.00160995 0.000606234 0.00407701 0.00322139 -0.0032859 -0.00522947 -0.000897025 -0.00372402 -0.0025391 0.00255746 -0.00246655
internal_weight=0 557 328 229 119 201 163 153 94 127 110 88 83 77
internal_count=710 557 328 229 119 201 163 153 94 127 110 88 83 77
cat_boundaries=0 1 2
cat_threshold=2145 11
is_linear=0
shrinkage=0.0111721


Tree=436
num_leaves=13
num_cat=1
split_feature=8 23 49 46 25 39 15 25 20 32 20 27
split_gain=13.8229 7.8393 6.58062 8.96003 7.72777 9.19888 6.22643 5.59611 5.51261 4.82123 5.44993 4.32817
threshold=0 -1.8199999928474424 6.5000000000000009 0.98675438761711132 28.500000000000004 0.90300178527832042 -1.7499999999999998 14.500000000000002 275.50000000000006 0.38819444179534918 128.50000000000003 1.0000000180025095e-35
decision_type=9 8 8 8 8 8 8 10 2 8 2 10
left_child=2 11 3 -1 5 -4 7 -3 -6 -8 -11 -2
right_child=1 6 4 -5 8 -7 9 -9 -10 10 -12 -13
leaf_value=0.02528683900224158 -0.014848096192556497 0.027976216006766273 -0.027665313101676896 0.00097299199018005967 0.057467099992761721 0.0056725297126552611 0.0068884082455130686 -0.00089559846126565864 0.0022160804457760481 -0.020259166888155461 -0.013385856930330595 -0.021587106676388555
leaf_weight=61 58 34 39 39 35 48 41 39 33 53 176 40
leaf_count=61 58 34 39 39 35 48 41 39 33 53 176 40
internal_value=0 -0.00106519 0.0021501 0.00446882 0.000792854 -0.00141256 -0.000293144 0.00260171 0.00361448 -0.00107583 -0.00170752 -0.00387602
internal_weight=0 441 255 100 155 87 343 73 68 270 229 98
internal_count=696 441 255 100 155 87 343 73 68 270 229 98
cat_boundaries=0 1
cat_threshold=55442
is_linear=0
shrinkage=0.0111721


Tree=437
num_leaves=14
num_cat=3
split_feature=13 1 46 42 23 8 25 20 35 19 22 15 20
split_gain=20.2001 9.83649 8.23643 7.31059 6.77013 6.71804 5.65479 4.50448 4.47443 4.00192 3.62477 4.76238 0.598636
threshold=0 1 0.86262255907058727 1.0000000180025095e-35 -1.4150000214576719 2 3.5000000000000004 212.50000000000003 15.500000000000002 123.50000000000001 1.7500000000000002 -9.7499999999999982 369.50000000000006
decision_type=9 9 10 10 10 9 10 2 10 8 10 10 2
left_child=2 10 3 4 -1 9 12 -6 -8 -3 -2 -12 -7
right_child=1 5 -4 -5 7 6 8 -9 -10 -11 11 -13 -14
leaf_value=0.011033933752565386 -0.010890795178848641 0.01802329253534193 0.013831731036720559 -0.024200318062579308 -0.00052873088529221447 -0.0075710586994770712 0.019900525372400887 -0.02472812046826308 -0.00098388321018978687 0.039699939739302005 -0.0057281129948568875 0.008299227224715218 0.0023642304837676554
leaf_weight=36 36 61 48 39 41 41 178 62 34 44 37 33 40
leaf_count=36 36 61 48 39 41 41 178 62 34 44 37 33 40
internal_value=0 0.0022605 -0.00170421 -0.00288716 -0.00168786 0.00306684 0.00202793 -0.00314553 0.00305651 0.00553745 -0.000770485 0.000638399 -0.000413776
internal_weight=0 504 226 178 139 398 293 103 212 105 106 70 81
internal_count=730 504 226 178 139 398 293 103 212 105 106 70 81
cat_boundaries=0 1 2 3
cat_threshold=285902371 2701 2700
is_linear=0
shrinkage=0.0111721


Tree=438
num_leaves=12
num_cat=2
split_feature=8 13 46 21 20 15 16 49 28 20 35
split_gain=15.391 9.93626 10.7394 8.42947 6.32936 6.49902 6.22871 7.04498 5.86979 4.83372 3.53577
threshold=0 1 0.65960046648979198 25.500000000000004 218.50000000000003 -6.4999999999999991 1.7500000000000002 8.5000000000000018 19.500000000000004 473.50000000000006 15.500000000000002
decision_type=9 9 8 2 2 10 8 10 8 2 8
left_child=10 2 -2 -3 5 -4 8 -8 -5 -6 -1
right_child=1 3 4 6 9 -7 7 -9 -10 -11 -12
leaf_value=0.0097527674504696051 0.020417902527373799 0.0093871634821482714 -0.017055263797738154 -0.024497846777231203 0.019864101958594414 0.0041001503540560843 -0.0015714600993000567 -0.031375938177626746 -0.0015125262784529765 -0.0054572379084912468 0.028831734837566285
leaf_weight=51 34 60 33 45 61 47 190 46 35 37 49
leaf_count=51 34 60 33 45 61 47 190 46 35 37 49
internal_value=0 -0.000485742 0.00140909 -0.00156293 0.000376585 -0.00195511 -0.00233341 -0.00142018 -0.00502742 0.00228001 0.00406257
internal_weight=0 588 212 376 178 80 316 236 80 98 100
internal_count=688 588 212 376 178 80 316 236 80 98 100
cat_boundaries=0 1 3
cat_threshold=25216 38105429 1
is_linear=0
shrinkage=0.0111721


Tree=439
num_leaves=14
num_cat=1
split_feature=7 19 40 30 32 46 25 24 49 48 24 48 48
split_gain=20.3489 15.001 7.07753 4.94335 5.00743 4.29539 4.20102 5.95186 4.83599 3.46462 3.03574 2.85431 1.4876
threshold=0 17.500000000000004 -4.4999999999999991 7.5000000000000009 0.24837662279605868 0.77859479188919078 34.500000000000007 0.34500001370906835 6.5000000000000009 0.62622550129890453 0.34500001370906835 0.78759399056434642 0.69309264421463024
decision_type=9 10 8 10 8 10 10 10 10 8 8 8 8
left_child=2 3 -1 4 -2 9 7 8 -3 -4 -11 -6 -9
right_child=1 6 5 -5 11 -7 -8 12 -10 10 -12 -13 -14
leaf_value=0.0097429576395404137 0.044121763474512445 -0.027215076446496577 -0.039701043261898987 0.035109444558196992 0.00060303143996598516 -0.028247540135504449 0.020275189966889231 0.037044158787741116 -0.00021111281025834751 0.0011770590526529617 -0.025406472273379839 0.013998278058179657 -0.0037287581744336598
leaf_weight=35 44 52 40 42 64 58 37 34 37 66 46 109 38
leaf_count=35 44 52 40 42 64 58 37 34 37 66 46 109 38
internal_value=0 0.00160284 -0.00232204 0.0034077 0.00272866 -0.00319202 -0.000677093 -0.00145722 -0.00338927 -0.00220501 -0.001197 0.00187277 0.000931001
internal_weight=0 457 245 259 217 210 198 161 89 152 112 173 72
internal_count=702 457 245 259 217 210 198 161 89 152 112 173 72
cat_boundaries=0 1
cat_threshold=281287801
is_linear=0
shrinkage=0.0111721


Tree=440
num_leaves=12
num_cat=3
split_feature=13 2 46 14 47 24 49 28 2 20 28
split_gain=15.5346 10.7041 7.74554 12.7095 6.4918 4.91688 7.18154 5.53843 4.82651 3.19227 2.84496
threshold=0 1 0.50362318754196178 5.5000000000000009 -5.4999999999999991 3.2500000000000004 4.5000000000000009 24.500000000000004 2 181.50000000000003 4.5000000000000009
decision_type=9 9 8 8 10 8 8 8 9 2 10
left_child=8 5 -3 -4 -5 6 -2 -8 9 -1 -10
right_child=1 2 3 4 -6 -7 7 -9 10 -11 -12
leaf_value=-0.013399257960558601 0.022593105611232612 0.015769273395285745 -0.025386830690338234 -0.011626407700274123 -0.023296579024909662 -0.02443992942507759 -0.010815728176069342 0.022022128658204715 0.028438955265812995 0.01371216814668829 0.0040630012436753248
leaf_weight=51 34 39 50 146 36 34 52 52 64 62 52
leaf_count=51 34 39 50 146 36 34 52 52 64 62 52
internal_value=0 -0.00170171 -0.00306138 -0.00394875 -0.00257817 0.000491078 0.00145722 0 0.00182306 9.08274e-05 0.00336935
internal_weight=0 443 271 232 182 172 138 104 229 113 116
internal_count=672 443 271 232 182 172 138 104 229 113 116
cat_boundaries=0 1 2 3
cat_threshold=586189204 771 11
is_linear=0
shrinkage=0.0111721


Tree=441
num_leaves=14
num_cat=2
split_feature=13 2 47 47 28 25 21 32 42 16 20 20 20
split_gain=17.3602 11.3419 6.54167 6.22674 5.87674 5.77604 5.15833 3.19481 3.06922 2.97516 2.06715 1.53639 0.997374
threshold=0 1 -1.0000000180025095e-35 1.0000000180025095e-35 13.500000000000002 31.500000000000004 26.500000000000004 0.014389234129339458 8.5000000000000018 7.2500000000000009 198.50000000000003 439.50000000000006 511.50000000000006
decision_type=9 9 8 8 10 8 2 10 8 8 2 2 2
left_child=4 2 -2 -3 8 6 -5 -4 -1 -10 -9 -11 -7
right_child=1 3 7 5 -6 12 -8 10 9 11 -12 -13 -14
leaf_value=-0.0022749826351003153 0.0064519179406616169 0.023356724492086502 -0.0037074224767104902 -0.021471358200207229 -0.031163425060420073 0.029314857018451226 0.0025344589800469822 -0.008384806790913751 -0.023034349138271903 -0.0022140950376831631 -0.019344103651666403 -0.03984619144888845 0.026720086855018484
leaf_weight=38 33 41 56 34 34 42 156 38 40 57 35 33 35
leaf_count=38 33 41 56 34 34 42 156 38 40 57 35 33 35
internal_value=0 0.000372402 -0.00194861 0.00161608 -0.00347809 0.00104607 0 -0.00320439 -0.00279301 -0.00360943 -0.00474429 -0.00248268 0.00362729
internal_weight=0 470 162 308 202 267 190 129 168 130 73 90 77
internal_count=672 470 162 308 202 267 190 129 168 130 73 90 77
cat_boundaries=0 1 2
cat_threshold=2240811128 41140
is_linear=0
shrinkage=0.0111721


Tree=442
num_leaves=13
num_cat=2
split_feature=13 25 25 4 48 42 21 42 20 20 23 20
split_gain=19.5731 9.22203 8.80128 9.37428 5.60664 5.11863 5.27158 4.87201 6.46024 3.90332 2.6284 2.18173
threshold=0 20.500000000000004 17.500000000000004 1 0.64093536138534557 11.500000000000002 34.500000000000007 15.500000000000002 210.50000000000003 384.50000000000006 -1.0000000180025095e-35 195.50000000000003
decision_type=9 10 10 9 8 8 2 10 2 2 10 2
left_child=1 4 3 -2 -1 -5 -7 8 -4 -10 11 -6
right_child=2 -3 7 5 10 6 -8 -9 9 -11 -12 -13
leaf_value=-0.010999358922849867 0.018693668255229934 0.00096352490269979306 0.017588582228494003 -0.010396813845215753 -0.035705773807934382 -0.0081778359969245755 0.014470453731001261 -0.00098344835898109598 -0.00074400033730295345 0.027765056715364819 -0.0098717627386713681 -0.017355783452336404
leaf_weight=60 60 61 49 50 33 147 41 37 37 53 34 33
leaf_count=60 60 61 49 50 33 147 41 37 37 53 34 33
internal_value=0 -0.00266001 0.00129264 0.00014996 -0.00418952 -0.000844945 0 0.00330084 0.00425985 0.00248268 -0.00580947 -0.00710948
internal_weight=0 221 474 298 160 238 188 176 139 90 100 66
internal_count=695 221 474 298 160 238 188 176 139 90 100 66
cat_boundaries=0 1 2
cat_threshold=663095953 2
is_linear=0
shrinkage=0.0111721


Tree=443
num_leaves=12
num_cat=2
split_feature=13 8 46 15 19 48 20 48 25 15 44
split_gain=13.1762 13.2718 13.2601 7.14579 6.21934 5.92937 7.84807 4.9124 3.70669 2.53238 2.49713
threshold=0 1 0.27459678053855902 -4.4999999999999991 13.500000000000002 0.30079366266727453 74.500000000000014 0.65868008136749279 19.500000000000004 -8.2499999999999982 14.500000000000002
decision_type=9 9 10 8 10 8 2 10 10 10 8
left_child=8 5 3 -3 -5 -2 -7 -8 9 -1 -4
right_child=1 2 10 4 -6 6 7 -9 -10 -11 -12
leaf_value=0.0011634151817461354 0.012997190552176144 0.018586848130143774 -0.0096480342505760527 0.0064240157502311228 -0.01955299935761013 -0.033274728792442025 0.0068413448755386417 0.010704406057234979 0.046236021790265536 0.019122026277170287 -0.022448123725358673
leaf_weight=35 45 35 60 91 113 37 135 38 40 34 34
leaf_count=35 45 35 60 91 113 37 135 38 40 34 34
internal_value=0 -0.000411012 -0.00185658 -0.000514194 -0.00131436 0.00147556 0.000744803 0.00174362 0.00366143 0.0024287 -0.00546718
internal_weight=0 588 333 239 204 255 210 173 109 69 94
internal_count=697 588 333 239 204 255 210 173 109 69 94
cat_boundaries=0 2 3
cat_threshold=1245724680 128 44167
is_linear=0
shrinkage=0.0111721


Tree=444
num_leaves=13
num_cat=3
split_feature=9 8 25 13 25 15 14 25 19 28 41 28
split_gain=16.1295 10.192 9.71691 8.82238 10.231 6.74126 6.35262 9.86606 5.66594 4.04476 2.62869 2.48553
threshold=0 1 18.500000000000004 2 24.500000000000004 -2.7499999999999996 12.500000000000002 14.500000000000002 75.500000000000014 1.0000000180025095e-35 2.5000000000000004 7.5000000000000009
decision_type=9 9 8 9 8 8 10 10 10 10 8 10
left_child=2 6 10 4 -3 11 7 -2 -7 -9 -1 -5
right_child=1 3 -4 5 -6 8 -8 9 -10 -11 -12 -13
leaf_value=-0.0027553780505299428 0.025679587878552772 -0.017866912154326575 0.044834127546635703 0.025372299622528214 0.011688345882150319 -0.0044282259568634626 -0.017383982864668045 -0.018779576076488783 0.025364445645329848 -0.021526742981873407 0.013681617898893656 0.016132987817890593
leaf_weight=33 49 63 47 45 44 156 42 50 47 34 37 41
leaf_count=33 49 63 47 45 44 156 42 50 47 34 37 41
internal_value=0 -0.00078839 0.00360673 0.000220139 -0.00238719 0.00123304 -0.00295909 -0.00193201 0.000165103 -0.00425602 0.0012768 0.00389723
internal_weight=0 571 117 396 107 289 175 133 203 84 70 86
internal_count=688 571 117 396 107 289 175 133 203 84 70 86
cat_boundaries=0 1 2 4
cat_threshold=68708 20517 2097946 1024
is_linear=0
shrinkage=0.0111721


Tree=445
num_leaves=13
num_cat=1
split_feature=20 19 28 8 39 46 49 15 22 21 21 20
split_gain=12.8979 12.3409 14.6511 11.3548 9.27877 6.23149 7.44959 5.40653 4.19241 3.7247 1.94268 0.545392
threshold=287.50000000000006 26.500000000000004 9.5000000000000018 0 0.9860132932662965 0.030309988185763363 9.5000000000000018 -1.7499999999999998 2.5000000000000004 30.500000000000004 34.500000000000007 433.50000000000006
decision_type=2 10 8 9 10 10 10 10 10 2 2 2
left_child=3 2 -2 8 5 6 -5 -7 -1 -4 11 -3
right_child=1 10 9 4 -6 7 -8 -9 -10 -11 -12 -13
leaf_value=-0.030367966509266504 -0.027211636581697948 -0.035302301816607047 -0.0070498194544812336 0.026983661072797871 -0.0161816974254885 -0.0021131276694311193 0.0050606482932059891 0.010567369439130505 0.0011501808517083653 0.02183909933458696 -0.016331362206939169 -0.017343641980824553
leaf_weight=55 35 33 41 129 42 63 43 43 49 60 41 33
leaf_count=55 35 33 41 129 42 63 43 43 49 60 41 33
internal_value=0 -0.0020689 0.000164293 0.00115937 0.0021667 0.00297386 0.00428695 0.000843172 -0.00196001 0.0023229 -0.00490735 -0.00609384
internal_weight=0 243 136 424 320 278 172 106 104 101 107 66
internal_count=667 243 136 424 320 278 172 106 104 101 107 66
cat_boundaries=0 1
cat_threshold=42064
is_linear=0
shrinkage=0.0111721


Tree=446
num_leaves=12
num_cat=2
split_feature=13 7 21 20 17 35 35 32 17 25 20
split_gain=26.4777 13.0373 8.06001 5.97269 6.50536 5.87437 5.03468 4.50824 3.76335 3.01931 2.18177
threshold=0 1 39.500000000000007 221.50000000000003 2.5000000000000004 13.500000000000002 15.500000000000002 0.64874938130378734 2.5000000000000004 24.500000000000004 484.50000000000006
decision_type=9 9 2 2 10 8 8 8 8 8 2
left_child=3 6 7 5 10 -1 -2 -3 -9 -8 -5
right_child=1 2 -4 4 -6 -7 9 8 -10 -11 -12
leaf_value=-0.033724398256631552 0.0042320910553078194 -0.0037682848435764932 -0.010234392635147001 -0.021814220769947223 0.0022706696305577886 -0.018916661250109837 -0.020025271100756366 -0.00037344890625210734 0.018588271955727067 -0.0058668807432766838 -0.0095099766041169126
leaf_weight=41 39 44 37 33 54 58 37 36 227 33 33
leaf_count=41 39 44 37 33 54 58 37 36 227 33 33
internal_value=0 0.00108584 0.00214605 -0.0035614 -0.00204821 -0.0057553 -0.0021593 0.00280211 0.00335587 -0.00414962 -0.00440111
internal_weight=0 453 344 219 120 99 109 307 263 70 66
internal_count=672 453 344 219 120 99 109 307 263 70 66
cat_boundaries=0 2 3
cat_threshold=34376162 4 5262
is_linear=0
shrinkage=0.0111721


Tree=447
num_leaves=15
num_cat=2
split_feature=13 8 19 32 25 25 48 41 23 40 28 17 46 20
split_gain=10.8084 9.75672 8.42775 8.46566 6.39539 6.4776 5.56694 4.76466 4.34295 3.71713 3.69407 3.40201 2.18011 2.64861
threshold=0 1 261.00000000000006 0.94701755046844494 8.5000000000000018 27.500000000000004 0.80116280913352977 2.5000000000000004 -0.43000000715255732 -8.4999999999999982 12.500000000000002 6.5000000000000009 0.047845978289842613 362.50000000000006
decision_type=9 9 8 8 8 10 10 8 8 10 10 10 10 2
left_child=2 6 3 7 9 10 8 -1 -2 -3 -6 -10 13 -5
right_child=1 4 -4 12 5 -7 -8 -9 11 -11 -12 -13 -14 -15
leaf_value=-0.018608598615482412 0.018552309660532944 -0.029103397078214115 0.012770437725627623 -0.013414179887187485 0.016294442843521474 -0.037904566778288538 -0.0093882786538627607 0.010734284800687489 0.0094663876208021403 -0.0070901291613712667 -0.0018253958058646646 0.019774240966716834 -0.037911100323744146 -0.043540186635417526
leaf_weight=34 55 36 42 37 99 44 35 34 87 33 55 39 37 37
leaf_count=34 55 36 42 37 99 44 35 34 87 33 55 39 37 37
internal_value=0 0.00065718 -0.0022731 -0.00343276 -0.000766314 0.000225697 0.00237283 -0.000328586 0.00327138 -0.00372401 0.00130582 0.00212801 -0.00533441 -0.00422726
internal_weight=0 483 221 179 267 198 216 68 181 69 154 126 111 74
internal_count=704 483 221 179 267 198 216 68 181 69 154 126 111 74
cat_boundaries=0 1 2
cat_threshold=2175087682 15375
is_linear=0
shrinkage=0.0111721


Tree=448
num_leaves=12
num_cat=2
split_feature=13 2 48 48 21 49 48 16 20 15 48
split_gain=24.5415 10.4795 7.18467 7.12864 7.11901 10.2111 9.60761 6.0682 5.16581 3.05616 1.87898
threshold=0 1 0.60956555604934703 0.23166368901729587 34.500000000000007 5.5000000000000009 0.63680925965309154 2.2500000000000004 94.500000000000014 -2.2499999999999996 0.82097071409225475
decision_type=9 9 10 10 2 8 10 8 2 10 8
left_child=4 7 3 8 5 6 -1 -2 -3 -7 -9
right_child=1 2 -4 -5 -6 9 -8 10 -10 -11 -12
leaf_value=-0.006715258640176437 -0.00056027412435719136 -0.0058258023167542484 0.0082011364209556466 -0.024027734504738454 0.00080961972975121153 0.027767614392330636 0.029228701538044931 -0.02621441996182235 0.0038874396955217 0.04214242664246752 -0.04096812576902939
leaf_weight=43 33 39 61 43 52 61 35 36 203 34 35
leaf_count=43 33 39 61 43 52 61 35 36 203 34 35
internal_value=0 -0.000971484 0 -0.000744804 0.00347047 0.00471422 0.00171877 -0.00392002 0 0.00717364 -0.00613676
internal_weight=0 450 346 285 225 173 78 104 242 95 71
internal_count=675 450 346 285 225 173 78 104 242 95 71
cat_boundaries=0 1 2
cat_threshold=2258832609 14896
is_linear=0
shrinkage=0.0111721


Tree=449
num_leaves=13
num_cat=2
split_feature=13 20 10 25 49 42 25 39 28 20 17 16
split_gain=26.3221 10.3033 11.216 8.18184 11.9106 6.28201 5.68775 5.66118 4.9459 4.91189 3.84112 2.80584
threshold=0 48.500000000000007 1 11.500000000000002 12.500000000000002 16.500000000000004 36.500000000000007 0.49253065884113317 7.5000000000000009 115.50000000000001 5.5000000000000009 2.7500000000000004
decision_type=9 2 9 10 10 8 10 10 10 2 10 10
left_child=3 -2 10 9 6 -4 7 -5 -7 -1 -3 -11
right_child=1 2 5 4 -6 8 -8 -9 -10 11 -12 -13
leaf_value=0.00089189811232705675 -0.020558804156293919 0.011740547234393743 -0.035913654237468486 -0.015148759193069043 0.037041022464888954 -0.021361538049516675 0.027940576493939617 0.0091418184558496249 0.0077901550340741801 0.032850012055830206 -0.00059953965337471344 0.0067588131871494078
leaf_weight=45 44 55 65 91 35 143 35 37 52 65 48 33
leaf_count=45 44 55 65 91 35 143 35 37 52 65 48 33
internal_value=0 -0.00195578 -0.00138497 0.00219622 0.000789943 -0.00256544 -0.00047978 -0.00157107 -0.00166149 0.00429695 0.00168075 0.00570003
internal_weight=0 407 363 341 198 260 163 128 195 143 103 98
internal_count=748 407 363 341 198 260 163 128 195 143 103 98
cat_boundaries=0 2 3
cat_threshold=2220629350 136 6481
is_linear=0
shrinkage=0.0111721


Tree=450
num_leaves=12
num_cat=3
split_feature=13 2 40 8 21 25 23 28 14 19 20
split_gain=18.6458 9.28462 8.5933 10.3663 7.4346 7.34876 6.36169 5.14103 3.76753 4.55586 5.51586
threshold=0 1 -1.4999999999999998 2 28.500000000000004 11.500000000000002 -1.0000000180025095e-35 7.5000000000000009 9.2500000000000018 99.500000000000014 391.50000000000006
decision_type=9 9 10 9 2 10 10 8 10 10 2
left_child=7 5 3 4 -3 -2 -5 -1 9 10 -9
right_child=1 2 -4 6 -6 -7 -8 8 -10 -11 -12
leaf_value=-0.0211395895771723 0.005274416366600092 0.029537542437523569 -0.020737868802978811 0.0080502503417092738 0.009714874616944591 0.027745174256384411 -0.019084802041066277 -0.0085441129929761817 0.028931818400909869 0.0048247716872765137 -0.040093907141883475
leaf_weight=38 55 36 35 105 80 47 101 59 38 34 33
leaf_count=38 55 36 35 105 80 47 101 59 38 34 33
internal_value=0 0.0013578 0.000456623 0.00104088 0.00354668 0.00418952 -0.000517224 -0.00263492 -0.00190742 -0.00283735 -0.0041288
internal_weight=0 459 357 322 116 102 206 202 164 126 92
internal_count=661 459 357 322 116 102 206 202 164 126 92
cat_boundaries=0 1 2 3
cat_threshold=294389292 257 25635
is_linear=0
shrinkage=0.0111721


Tree=451
num_leaves=14
num_cat=2
split_feature=8 23 13 49 33 20 16 21 19 16 48 20 19
split_gain=10.7831 12.5584 7.97767 5.90876 4.79139 3.44054 6.96489 3.38348 5.95536 3.34292 2.80179 5.45428 2.32396
threshold=0 -1.8199999928474424 1 5.5000000000000009 -5.4999999999999991 231.50000000000003 1.2500000000000002 31.500000000000004 9.5000000000000018 9.2500000000000018 0.64093536138534557 369.50000000000006 15.500000000000002
decision_type=9 8 9 8 8 2 10 2 8 8 8 2 8
left_child=1 -1 10 -3 -4 9 -7 8 -5 -6 -2 -12 -9
right_child=2 3 4 7 5 6 -8 12 -10 -11 11 -13 -14
leaf_value=-0.021159749407089035 -0.025558246350386435 0.0081086229195528204 0.017604611332602656 0.0056947570680798238 0.0067152640610099821 0.023115362903555304 -0.016649598065457783 -0.0045374831470496556 -0.017735204147989864 0.019091792584806533 0.012942845758938899 -0.043034814240175107 0.010736153378154759
leaf_weight=39 33 52 34 35 112 65 33 45 60 54 45 36 34
leaf_count=39 33 52 34 35 112 65 33 45 60 54 45 36 34
internal_value=0 -0.0012594 0.00158845 -0.000296602 0.00253911 0.00211592 0.000456 -0.00128414 -0.00270481 0.00309587 -0.00090097 0.000137923 0.000424252
internal_weight=0 265 412 226 298 264 98 174 95 166 114 81 79
internal_count=677 265 412 226 298 264 98 174 95 166 114 81 79
cat_boundaries=0 1 2
cat_threshold=37219 19267718
is_linear=0
shrinkage=0.0111721


Tree=452
num_leaves=13
num_cat=3
split_feature=10 13 25 15 2 32 25 28 19 46 20 24
split_gain=15.6106 9.94379 7.32016 6.74211 6.58483 4.93025 3.45719 3.33331 4.1146 3.31863 4.3396 2.64463
threshold=0 1 28.500000000000004 -5.7499999999999991 2 0.22305141389369967 17.500000000000004 20.500000000000004 136.50000000000003 0.55122438073158275 402.50000000000006 0.76500001549720775
decision_type=9 9 10 8 9 10 10 8 10 8 2 10
left_child=6 2 3 -2 7 -5 11 -3 -9 -6 -11 -1
right_child=1 4 -4 5 9 -7 -8 8 -10 10 -12 -13
leaf_value=0.038062277527125397 -0.011698256738323556 -0.0095086362568484635 -0.017879217891887605 0.02682937053610596 0.0047379048438824876 0.002549369815932412 0.010582673305668923 0.019635934988151769 -0.011801157191214081 -0.019962543814662091 7.8441783494167199e-05 0.012375506470055114
leaf_weight=34 47 50 35 86 37 65 34 42 33 195 35 35
leaf_count=34 47 50 35 86 37 65 34 42 33 195 35 35
internal_value=0 -0.000650971 0.00114939 0.00203128 -0.00172305 0.00318145 0.00385584 0.000413778 0.00193649 -0.00270227 -0.00330304 0.00566698
internal_weight=0 625 233 198 392 151 103 125 75 267 230 69
internal_count=728 625 233 198 392 151 103 125 75 267 230 69
cat_boundaries=0 1 3 4
cat_threshold=34324 88705256 34 4170
is_linear=0
shrinkage=0.0111721


Tree=453
num_leaves=11
num_cat=2
split_feature=7 13 39 19 27 48 17 39 25 28
split_gain=25.3884 10.9896 7.32655 4.85565 6.31381 4.5505 9.67076 4.34927 3.11436 2.99044
threshold=0 1 0.48360213637351995 115.00000000000001 3.5000000000000004 0.34196458756923681 5.5000000000000009 0.93533453345298778 18.500000000000004 14.500000000000002
decision_type=9 9 8 10 10 10 8 8 10 8
left_child=8 5 -3 4 -4 6 -2 -8 9 -1
right_child=1 2 3 -5 -6 -7 7 -9 -10 -11
leaf_value=0.011807808873611521 0.01706205559345831 -0.027785304789653673 -0.008889541157113592 -0.025441525771875351 -0.02531535217848499 -0.010355825004457911 -0.021490525420452149 0.0035888354469201795 0.0080141989052598967 0.033094237984561715
leaf_weight=33 41 43 204 62 42 53 34 88 37 38
leaf_count=33 41 43 204 62 42 53 34 88 37 38
internal_value=0 -0.00191687 -0.0031257 -0.00261165 -0.00190743 9.88666e-05 0.0010281 -0.000549443 0.00378714 0.00550735
internal_weight=0 567 351 308 246 216 163 122 108 71
internal_count=675 567 351 308 246 216 163 122 108 71
cat_boundaries=0 1 2
cat_threshold=8588552 64460
is_linear=0
shrinkage=0.0111721


Tree=454
num_leaves=12
num_cat=3
split_feature=7 13 35 19 22 24 2 14 49 21 21
split_gain=22.4255 10.8859 8.90854 7.90579 6.74639 6.6798 6.83883 5.48215 3.09932 2.5675 1.82603
threshold=0 1 3.5000000000000004 111.00000000000001 8.2500000000000018 4.2500000000000009 2 3.5000000000000004 11.500000000000002 29.500000000000004 28.500000000000004
decision_type=9 9 8 10 10 8 9 10 8 2 2
left_child=3 9 -3 4 7 6 -4 8 -1 -2 -7
right_child=1 2 5 -5 -6 10 -8 -9 -10 -11 -12
leaf_value=0.007702606983104353 -0.018401582136309963 0.022038101117453152 0.0028065059486775314 -0.013569482792343214 -0.0012170291505318252 -0.010475008167485284 -0.015443514013630685 0.021348576219769978 0.027648862196994348 -0.016038647677407949 0.025127391522941283
leaf_weight=39 46 49 108 45 35 33 188 33 59 61 47
leaf_count=39 46 49 108 45 35 33 188 33 59 61 47
internal_value=0 -0.00144289 -0.000590706 0.00278038 0.00403809 -0.00118852 -0.00196266 0.00520226 0.00387602 -0.00448792 0.0016758
internal_weight=0 532 425 211 166 376 296 131 98 107 80
internal_count=743 532 425 211 166 376 296 131 98 107 80
cat_boundaries=0 1 2 3
cat_threshold=2722202 17236672 165
is_linear=0
shrinkage=0.0111721


Tree=455
num_leaves=12
num_cat=2
split_feature=13 7 35 28 39 20 22 33 20 23 19
split_gain=26.2389 13.8293 10.2436 7.98467 5.76252 7.61842 4.5129 4.3689 4.48677 3.75181 2.52872
threshold=0 1 20.500000000000004 12.500000000000002 0.96580946445465099 292.50000000000006 22.250000000000004 -4.4999999999999991 74.500000000000014 -1.4150000214576719 137.50000000000003
decision_type=9 9 8 10 8 2 10 10 2 10 8
left_child=3 2 -2 4 -1 9 7 8 -3 -6 -7
right_child=1 6 -4 -5 5 10 -8 -9 -10 -11 -12
leaf_value=-0.0083703741743275661 -0.0021888857058980199 0.0018832477362470703 0.028354270194484651 0.023398402326591929 0.010651400202895329 -0.0050567176683673481 -0.025205422137503545 -0.030228434826674623 -0.014793727292810949 0.046248469233323056 0.01148696966662946
leaf_weight=38 54 37 50 59 36 33 36 46 229 37 34
leaf_count=38 54 37 50 59 36 33 36 46 229 37 34
internal_value=0 -0.00193456 0.00156801 0.00257817 0.00150634 0.00255361 -0.00299586 -0.00264978 -0.00210001 0.00505038 -0.000166743
internal_weight=0 452 104 237 178 140 348 312 266 73 67
internal_count=689 452 104 237 178 140 348 312 266 73 67
cat_boundaries=0 1 2
cat_threshold=149828689 2097241
is_linear=0
shrinkage=0.0111721


Tree=456
num_leaves=13
num_cat=3
split_feature=13 37 28 2 25 33 46 13 14 19 19 25
split_gain=19.6859 8.7492 7.10964 8.98202 10.3402 6.41406 6.16197 6.08648 5.29682 4.26441 3.59972 1.89639
threshold=0 4.5000000000000009 2.5000000000000004 1 8.5000000000000018 -4.4999999999999991 0.88273492455482494 2 26.250000000000004 7.5000000000000009 48.500000000000007 19.500000000000004
decision_type=9 10 8 9 8 8 10 9 8 10 8 8
left_child=1 6 -2 4 -4 -5 7 11 -6 -9 -7 -1
right_child=2 -3 3 5 8 10 -8 9 -10 -11 -12 -13
leaf_value=-0.014537109756966763 0.017326874825072523 0.0085191352886434379 0.03923060989136834 0.018576992766375658 -0.0013508383135369141 -0.0090002833686921441 -0.012133114890277187 0.00023166595954872312 0.034693043482314612 -0.030844130293394049 0.014287107244611222 0.011600698838132693
leaf_weight=48 37 57 37 43 37 117 44 36 60 91 93 52
leaf_count=48 37 57 37 43 37 117 44 36 60 91 93 52
internal_value=0 -0.00138824 0.00221382 0.00181871 0.00403435 0.000467272 -0.00226739 -0.0015257 0.00241869 -0.00301727 -0.000319201 0.000609383
internal_weight=0 328 424 387 134 253 271 227 97 127 210 100
internal_count=752 328 424 387 134 253 271 227 97 127 210 100
cat_boundaries=0 2 3 5
cat_threshold=119939805 20 521 8325 4
is_linear=0
shrinkage=0.0111721


Tree=457
num_leaves=12
num_cat=2
split_feature=7 2 48 27 49 34 14 21 40 28 21
split_gain=11.6435 12.466 6.36504 6.2762 5.63059 4.40002 5.96261 3.43286 3.13882 2.96965 2.85647
threshold=0 1 0.23606811463832858 7.5000000000000009 5.5000000000000009 2.2500000000000004 9.2500000000000018 29.500000000000004 1.0000000180025095e-35 11.500000000000002 31.500000000000004
decision_type=9 9 8 8 10 10 10 2 8 10 2
left_child=3 4 9 -1 8 6 -4 -5 -2 -3 -10
right_child=1 2 5 7 -6 -7 -8 -9 10 -11 -12
leaf_value=-0.026705698273429689 -0.029441691757302744 0.015112266093729537 0.0034001569966335952 0.0052644730791423736 0.0029724993284060025 -0.012069398779248123 0.02144728759158137 -0.02475301959620254 -0.0018834026745639253 0.013267845918620338 -0.020305274060182399
leaf_weight=33 33 33 278 34 56 39 42 33 41 33 40
leaf_count=33 33 33 278 34 56 39 42 33 41 33 40
internal_value=0 0.000498588 0.00151529 -0.00345318 -0.00198614 0.000964718 0.00139651 -0.00183421 -0.00352802 0.00473965 -0.00234475
internal_weight=0 595 425 100 170 359 320 67 114 66 81
internal_count=695 595 425 100 170 359 320 67 114 66 81
cat_boundaries=0 1 2
cat_threshold=795728 39956
is_linear=0
shrinkage=0.0111721


Tree=458
num_leaves=12
num_cat=2
split_feature=13 49 21 8 32 46 35 14 21 29 21
split_gain=12.7776 7.9605 9.75233 7.47333 7.81367 7.80555 6.94641 6.39189 4.82216 3.73332 2.0571
threshold=0 4.5000000000000009 34.500000000000007 1 0.96178188920021068 0.59677821397781383 16.500000000000004 18.500000000000004 25.500000000000004 4.0699999332427987 29.500000000000004
decision_type=9 10 2 9 10 10 8 8 2 8 2
left_child=1 2 9 6 5 8 -2 -6 -5 -1 -11
right_child=3 -3 -4 4 7 -7 -8 -9 -10 10 -12
leaf_value=0.0042741911948753529 0.0052758824415959161 -0.020580683624091985 0.021921097124874389 0.018477643802157134 -0.024545632971212088 0.02336500321482789 0.030286097433818746 0.0021825893663138243 -0.001309205954987147 -0.036198223991048536 -0.010938098809241157
leaf_weight=35 63 62 35 40 37 40 38 35 244 35 35
leaf_count=35 63 62 35 40 37 40 38 35 244 35 35
internal_value=0 -0.00231873 -0.000957603 0.000947532 0.000220139 0.000965487 0.00352272 -0.00310334 0.000314705 -0.00266001 -0.00414962
internal_weight=0 202 140 497 396 324 101 72 284 105 70
internal_count=699 202 140 497 396 324 101 72 284 105 70
cat_boundaries=0 2 3
cat_threshold=1343250951 72 23056
is_linear=0
shrinkage=0.0111721


Tree=459
num_leaves=12
num_cat=1
split_feature=13 23 39 19 32 21 48 28 17 19 30
split_gain=15.2071 8.59657 8.02253 4.34782 9.59528 5.94805 5.56812 4.72466 4.09085 2.86993 3.69614
threshold=0 -4.7499999999999991 0.41137820482254034 7.5000000000000009 0.57853618264198314 28.500000000000004 0.58397436141967785 15.500000000000002 4.5000000000000009 141.00000000000003 14.500000000000002
decision_type=9 10 8 10 8 2 10 8 8 10 8
left_child=1 -1 -2 5 -5 -4 -6 -7 -3 10 -10
right_child=2 8 3 4 6 7 -8 -9 9 -11 -12
leaf_value=-0.017848288018495105 0.0090185373439323636 0.013424970372256761 -0.021715525494156302 0.018466402787361988 -0.028458296913384692 -0.0010410501460281572 0.0010425730370197241 0.01833599959914093 0.0024044885804173671 0.014414554505320844 0.03124144067035407
leaf_weight=43 64 40 49 40 187 43 49 46 36 33 77
leaf_count=43 64 40 49 40 187 43 49 46 36 33 77
internal_value=0 0.00257098 -0.000869956 -0.00145723 -0.0022668 0.000161912 -0.00312439 0.00188293 0.00372402 0.00459126 0.00543773
internal_weight=0 229 478 414 276 138 236 89 186 146 113
internal_count=707 229 478 414 276 138 236 89 186 146 113
cat_boundaries=0 2
cat_threshold=708714817 8
is_linear=0
shrinkage=0.0111721


Tree=460
num_leaves=14
num_cat=1
split_feature=13 17 46 28 20 32 20 23 42 42 20 15 25
split_gain=20.0387 14.8775 11.5801 10.1829 5.38636 6.80634 5.21334 5.24724 4.57148 4.43691 3.88033 3.81554 1.68542
threshold=0 5.5000000000000009 0.98726060986518871 13.500000000000002 87.500000000000014 0.6012820601463319 115.50000000000001 -0.43000000715255732 9.5000000000000018 14.500000000000002 417.50000000000006 -2.2499999999999996 4.5000000000000009
decision_type=9 8 8 8 2 10 2 10 10 8 2 10 10
left_child=2 3 8 9 -3 11 -4 12 -1 -2 -9 -6 -8
right_child=1 4 6 -5 5 -7 7 10 -10 -11 -12 -13 -14
leaf_value=0.020581811542123098 0.020574381207667143 0.0071725408375635947 0.00080101995935679662 0.0039856190419833085 -0.0099898358984550437 -0.020769885803567454 -0.035573856239849967 -0.024565492003315283 -0.009803353006230045 0.011988337428265874 -0.042331263817436932 0.016739674374731516 -0.0035112485008847484
leaf_weight=35 51 48 38 48 104 40 43 45 57 33 55 50 36
leaf_count=35 51 48 38 48 104 40 43 45 57 33 55 50 36
internal_value=0 0.00151288 -0.00227644 0.00457039 -9.23299e-05 -0.000921406 -0.00375834 -0.0045562 0.00097148 0.00691603 -0.00625635 0.00014509 -0.00240411
internal_weight=0 374 309 132 242 194 217 179 92 84 100 154 79
internal_count=683 374 309 132 242 194 217 179 92 84 100 154 79
cat_boundaries=0 1
cat_threshold=622957687
is_linear=0
shrinkage=0.0111721


Tree=461
num_leaves=13
num_cat=2
split_feature=7 19 0 20 16 27 19 19 28 19 21 15
split_gain=15.6991 10.5295 9.15044 9.94042 9.42154 8.57669 7.99336 5.00082 4.88684 3.12894 3.95119 1.5151
threshold=0 3.5000000000000004 1 64.500000000000014 5.2500000000000009 2.5000000000000004 278.50000000000006 7.5000000000000009 10.500000000000002 254.50000000000003 30.500000000000004 -2.2499999999999996
decision_type=9 8 9 2 8 8 8 8 10 8 2 10
left_child=7 -2 4 -4 5 -3 -5 11 9 10 -9 -1
right_child=1 2 3 6 -6 -7 -8 8 -10 -11 -12 -13
leaf_value=0.013778918391193907 -0.018624066574018106 0.0089448435641662667 -0.024183327697868205 -0.0092268412244279376 -0.013586433358305353 0.034059639642808046 0.011498859715127973 0.015353309843075333 -0.011215336030120386 0.065107920769874164 -0.01096579168324364 0.025083928771573172
leaf_weight=33 60 77 37 154 50 43 61 41 36 36 41 33
leaf_count=33 60 77 37 154 50 43 61 41 36 36 41 33
internal_value=0 -0.000817468 -0.000211792 -0.00153509 0.00173788 0.00353782 -0.000675519 0.00272015 0.0017411 0.00284035 0.00163493 0.00541675
internal_weight=0 482 422 252 170 120 215 220 154 118 82 66
internal_count=702 482 422 252 170 120 215 220 154 118 82 66
cat_boundaries=0 1 2
cat_threshold=1109003 1
is_linear=0
shrinkage=0.0111721


Tree=462
num_leaves=15
num_cat=2
split_feature=13 2 19 46 17 15 25 20 42 19 32 20 16 25
split_gain=13.0871 9.72299 7.49461 7.27478 6.77071 6.10171 5.68788 5.34718 5.83142 5.22458 4.81252 8.75953 4.02667 0.90196
threshold=0 1 9.5000000000000018 0.96693986654281627 3.5000000000000004 -1.7499999999999998 22.500000000000004 340.50000000000006 19.500000000000004 18.500000000000004 0.85798320174217235 526.50000000000011 3.2500000000000004 27.500000000000004
decision_type=9 9 8 8 8 8 8 2 8 10 10 2 8 10
left_child=4 2 3 -2 -1 -6 -7 8 12 -10 11 -4 -3 -8
right_child=1 7 10 -5 5 6 13 -9 9 -11 -12 -13 -14 -15
leaf_value=0.021829492465581253 0.013219011435427789 -0.018760696954242054 -0.0042728731686380167 -0.025465410651325317 -0.0083602229069657669 0.025732865080685615 -0.0038678842468359369 -0.027140849140054588 0.0085072618093186073 -0.025072039085419159 0.014845988976066135 0.040801346948311959 -0.0087198849290730813 0.0089485570369054468
leaf_weight=35 33 41 122 54 41 64 37 43 50 51 37 33 38 35
leaf_count=35 33 41 122 54 41 64 37 43 50 51 37 33 38 35
internal_value=0 -0.00113466 0.000270603 -0.00243987 0.00211363 0.0013255 0.00246442 -0.00282898 -0.00211028 -0.000331841 0.00151288 0.000648699 -0.00438397 0.000310331
internal_weight=0 502 279 87 212 177 136 223 180 101 192 155 79 72
internal_count=714 502 279 87 212 177 136 223 180 101 192 155 79 72
cat_boundaries=0 1 2
cat_threshold=446171721 144397
is_linear=0
shrinkage=0.0111721


Tree=463
num_leaves=12
num_cat=2
split_feature=13 7 34 35 28 46 23 25 28 19 17
split_gain=17.6042 11.5337 11.8107 8.60871 6.98523 11.2365 5.7176 3.92362 3.46864 1.31621 4.09691
threshold=0 1 2.2500000000000004 4.5000000000000009 18.500000000000004 0.98692753911018383 -0.93000000715255726 7.5000000000000009 17.500000000000004 6.5000000000000009 12.500000000000002
decision_type=9 9 10 10 10 8 8 8 8 10 8
left_child=3 8 4 7 5 -3 -5 -1 -2 -9 -11
right_child=1 2 -4 6 -6 -7 -8 9 -10 10 -12
leaf_value=-0.023693293526352532 0.00010219127125492949 -0.0081590590982024546 0.031800850528377139 0.020339278388851093 0.016922772152829651 0.016773480841913397 -0.0068441320880808457 -0.020488701149419527 -0.01143063156570061 -0.0084351328538238533 0.01948826287325478
leaf_weight=35 49 68 49 34 39 192 51 41 55 35 34
leaf_count=35 49 68 49 34 39 192 51 41 55 35 34
internal_value=0 0.00140255 0.00237172 -0.00232751 0.00160668 0.000945328 0.000394305 -0.00408358 -0.00176401 -0.00304692 -0.00210488
internal_weight=0 452 348 230 299 260 85 145 104 110 69
internal_count=682 452 348 230 299 260 85 145 104 110 69
cat_boundaries=0 1 2
cat_threshold=319034834 131662
is_linear=0
shrinkage=0.0111721


Tree=464
num_leaves=14
num_cat=2
split_feature=8 30 13 22 22 25 16 42 20 17 28 21 19
split_gain=21.3647 12.7141 8.94202 8.06561 6.8655 6.74479 4.61576 4.29099 3.61275 4.0126 3.99523 1.22819 0.931533
threshold=0 7.5000000000000009 1 10.164999961853029 22.250000000000004 11.500000000000002 79.500000000000014 11.500000000000002 344.50000000000006 6.5000000000000009 11.500000000000002 30.500000000000004 152.50000000000003
decision_type=9 10 9 8 8 8 8 8 2 10 10 2 8
left_child=3 2 5 8 7 -2 -5 -4 9 -1 -11 -6 -7
right_child=1 -3 4 6 11 12 -8 -9 -10 10 -12 -13 -14
leaf_value=0.035300772974297678 -8.2847521171617935e-05 0.025532524909027039 -0.014594490777374288 0.024004585975630016 -0.018613994485006276 -0.050437949633702954 -0.010204963789836529 0.0055549862163628604 0.0060884929868206253 0.0095467375859094074 0.019050060656271618 -0.023671480374713158 -0.035249820276923423
leaf_weight=56 33 43 36 46 33 38 33 208 47 49 45 37 33
leaf_count=56 33 43 36 46 33 38 33 208 47 49 45 37 33
internal_value=0 -0.000830196 -0.00144328 0.00304693 -0.000413779 -0.00411602 0.000141415 0.00045787 0.00436675 0.00521363 0.00380325 -0.00351121 -0.00645146
internal_weight=0 461 418 276 314 104 79 244 197 150 94 70 71
internal_count=737 461 418 276 314 104 79 244 197 150 94 70 71
cat_boundaries=0 1 3
cat_threshold=25686 69250 1024
is_linear=0
shrinkage=0.0111721


Tree=465
num_leaves=15
num_cat=1
split_feature=13 15 34 42 32 42 20 14 32 21 22 19 22 20
split_gain=12.4732 8.30861 8.27882 6.71813 6.29339 5.92637 5.61297 5.32606 3.94256 3.56985 3.45611 2.69414 1.9291 1.43742
threshold=0 -0.74999999999999989 1.2500000000000002 10.500000000000002 0.92197644710540783 15.500000000000002 116.50000000000001 5.5000000000000009 0.96899038553237926 29.500000000000004 0.75000000000000011 18.500000000000004 9.2500000000000018 374.50000000000006
decision_type=9 8 8 10 8 8 2 10 8 2 10 8 10 2
left_child=3 2 5 7 -4 -2 -3 11 -8 -6 -10 -1 -9 -13
right_child=1 6 4 -5 9 -7 8 12 10 -11 -12 13 -14 -15
leaf_value=0.014994555204353312 -0.0094865281549675433 -0.022144864893199927 -0.014729720976713405 -0.00021577897536718022 0.023959708362864315 0.0075177578684686251 0.0082061550361788964 0.030023859947130076 -0.0085160802305250267 0.020619222054969855 -0.020148783279057315 -0.0033567937423496516 0.016567895096678928 0.035953362265571394
leaf_weight=42 44 53 41 47 38 33 41 34 126 46 39 33 35 35
leaf_count=42 44 53 41 47 38 33 41 34 126 46 39 33 35 35
internal_value=0 -0.000687876 0.000995529 0.00246164 0.00277067 -0.00188619 -0.00202736 0.00355758 -0.00119313 0.00452202 -0.00196357 0.00203128 0.00599081 0.000657175
internal_weight=0 461 202 226 125 77 259 179 206 84 165 110 69 68
internal_count=687 461 202 226 125 77 259 179 206 84 165 110 69 68
cat_boundaries=0 1
cat_threshold=2835690021
is_linear=0
shrinkage=0.0111721


Tree=466
num_leaves=13
num_cat=2
split_feature=13 10 25 25 21 20 28 16 20 17 25 20
split_gain=15.3988 7.96571 16.0417 9.36243 6.71236 6.27882 5.75622 4.72049 4.85828 4.02525 3.58688 3.05071
threshold=0 1 14.500000000000002 13.500000000000002 31.500000000000004 463.50000000000006 9.5000000000000018 1.0000000180025095e-35 424.50000000000006 2.5000000000000004 6.5000000000000009 157.50000000000003
decision_type=9 9 8 10 2 2 8 8 2 8 10 2
left_child=4 3 9 -2 6 -6 -1 -4 -9 -3 -11 -8
right_child=1 2 7 -5 5 -7 11 8 -10 10 -12 -13
leaf_value=-0.009200762950661575 0.004141850627858875 -0.00059757326610485181 0.0020078216497118433 0.031018304668787439 0.0092680908247629104 -0.021144484076160316 -0.027772909269876706 -0.019634249340423397 0.0043792517737874705 0.026612226365514382 0.0089775803227160646 -0.02432914126844014
leaf_weight=34 53 47 37 52 61 33 35 104 48 38 97 45
leaf_count=34 53 47 37 52 61 33 35 104 48 38 97 45
internal_value=0 0.00101146 0.00020526 0.00359449 -0.0025624 -0.000475404 -0.00450802 -0.0020689 -0.00294002 0.00257817 0.00355851 -0.00614463
internal_weight=0 476 371 105 208 94 114 189 152 182 135 80
internal_count=684 476 371 105 208 94 114 189 152 182 135 80
cat_boundaries=0 2 3
cat_threshold=540085286 3 748
is_linear=0
shrinkage=0.0111721


Tree=467
num_leaves=13
num_cat=2
split_feature=7 44 25 2 46 39 16 15 28 21 25 19
split_gain=10.5092 10.2096 7.86046 9.06474 6.87131 10.4522 6.62448 6.51085 3.37771 2.87538 2.66662 3.18126
threshold=0 13.500000000000002 22.500000000000004 1 0.57735043764114391 0.92031747102737438 2.2500000000000004 -4.4999999999999991 11.500000000000002 31.500000000000004 27.500000000000004 97.000000000000014
decision_type=9 8 10 9 10 10 10 10 10 2 10 10
left_child=1 -1 3 6 5 -5 -2 9 -9 -3 -4 -12
right_child=2 7 10 4 -6 -7 -8 8 -10 -11 11 -13
leaf_value=-0.020243296547172551 -0.01930061972492203 -0.008448745876668497 -0.022594196473113219 0.0035217445404798165 0.016080294340353556 -0.019087076216127357 0.00015074467465438129 0.039083674030580363 0.0073767704567630384 0.028646532088318154 -0.00055926744946824269 -0.026767281788003298
leaf_weight=37 63 49 36 174 58 36 41 36 40 45 34 38
leaf_count=37 63 49 36 174 58 36 41 36 40 45 34 38
internal_value=0 0.00190491 -0.00104881 -0.000300324 0.000803745 -0.000106399 -0.00294001 0.00315446 0.00558602 0.00118851 -0.00372402 -0.00248268
internal_weight=0 207 480 372 268 210 104 170 76 94 108 72
internal_count=687 207 480 372 268 210 104 170 76 94 108 72
cat_boundaries=0 1 2
cat_threshold=1597081 1044
is_linear=0
shrinkage=0.0111721


Tree=468
num_leaves=11
num_cat=3
split_feature=13 9 16 21 46 2 16 20 16 25
split_gain=11.4222 10.7736 7.39199 7.0784 6.69994 6.81119 4.51424 5.40644 2.95298 1.74299
threshold=0 1 10.250000000000002 32.500000000000007 0.97122153639793407 2 1.7500000000000002 181.50000000000003 20.500000000000004 16.500000000000004
decision_type=9 9 10 2 10 9 8 2 10 10
left_child=3 6 4 9 5 -3 -2 -8 -4 -1
right_child=1 2 8 -5 -6 -7 7 -9 -10 -11
leaf_value=-0.019513691977955647 0.011001389864496596 -0.016804649874202247 0.02284056962028895 0.0012996198029279927 -0.017073204743344252 0.00088400395368852915 -0.019586150382928404 0.017195700554017024 0.0021596095918035001 -0.012304155345930096
leaf_weight=35 44 100 36 34 48 286 35 37 33 33
leaf_count=35 44 100 36 34 48 286 35 37 33 33
internal_value=0 8.88077e-05 -0.000631559 -0.00379052 -0.00118414 -0.000694636 0.00301468 0.00155167 0.00275253 -0.0062432
internal_weight=0 619 503 102 434 386 116 72 69 68
internal_count=721 619 503 102 434 386 116 72 69 68
cat_boundaries=0 1 2 3
cat_threshold=17571842 75530666 232
is_linear=0
shrinkage=0.0111721


Tree=469
num_leaves=13
num_cat=3
split_feature=9 13 7 19 42 34 14 32 48 25 25 23
split_gain=15.3345 11.8488 12.259 10.8867 9.15267 7.14186 6.22328 6.0859 3.49685 3.19388 3.12735 2.58951
threshold=0 1 2 11.500000000000002 13.500000000000002 1.2500000000000002 10.500000000000002 0.69052496552467357 0.63410571217536937 16.500000000000004 14.500000000000002 -0.93000000715255726
decision_type=9 9 9 10 8 8 8 8 8 10 8 8
left_child=8 6 7 4 -4 -5 -2 -3 -1 -9 -10 -8
right_child=1 2 3 5 -6 -7 11 9 10 -11 -12 -13
leaf_value=-0.0069942088695153512 -0.022461601416595239 0.005774772309647294 0.031807430189176325 -0.0044618383681162624 -0.016879095083806146 0.024870292028923158 0.0089515159017435567 -0.0078532772178673688 -0.021537768601185146 -0.024927264728123982 -0.019295683593797918 -0.032729951510202013
leaf_weight=39 38 33 46 36 120 183 36 33 35 34 37 38
leaf_count=39 38 33 46 36 120 183 36 33 35 34 37 38
internal_value=0 0.000570567 0.00133162 0.00223441 0.000134601 0.00392808 -0.00256408 -0.00203128 -0.00378557 -0.00416867 -0.00558602 -0.000905838
internal_weight=0 597 485 385 166 219 112 100 111 67 72 74
internal_count=708 597 485 385 166 219 112 100 111 67 72 74
cat_boundaries=0 1 2 3
cat_threshold=8462 78024712 10748169
is_linear=0
shrinkage=0.0111721


Tree=470
num_leaves=11
num_cat=2
split_feature=7 2 20 33 17 34 35 20 14 29
split_gain=18.8241 12.0202 10.4463 7.22788 7.49303 6.83753 5.61059 5.75398 3.17067 2.60462
threshold=0 1 101.50000000000001 -5.4999999999999991 4.5000000000000009 1.0000000180025095e-35 11.500000000000002 597.50000000000011 11.250000000000002 1.0000000180025095e-35
decision_type=9 9 2 10 8 8 10 2 8 8
left_child=5 2 -2 4 -3 -1 7 -4 -6 -7
right_child=1 3 6 -5 8 9 -8 -9 -10 -11
leaf_value=0.0039193691778697057 -0.021035814159684842 -0.015466139869769814 -0.0046566997300305632 0.01463824018144199 5.1573729431270318e-05 0.010943026826085989 0.023409900169235904 -0.044429080233720102 0.017195248030599204 0.035305573479329125
leaf_weight=37 40 53 173 49 85 33 50 35 84 43
leaf_count=37 40 53 173 49 85 33 50 35 84 43
internal_value=0 -0.000366613 -0.00188619 0.00131202 0.000503245 0.00445066 -0.00112587 -0.00193363 0.00165267 0.00676203
internal_weight=0 569 298 271 222 113 258 208 169 76
internal_count=682 569 298 271 222 113 258 208 169 76
cat_boundaries=0 1 2
cat_threshold=13144068 66718
is_linear=0
shrinkage=0.0111721


Tree=471
num_leaves=13
num_cat=4
split_feature=13 17 8 2 39 25 5 22 16 21 32 20
split_gain=25.7814 6.95279 7.15403 6.06062 5.62505 5.39594 4.29252 3.76899 4.09881 4.98794 3.33614 1.57073
threshold=0 2.5000000000000004 1 2 0.4794366210699082 18.500000000000004 3 10.164999961853029 2.2500000000000004 30.500000000000004 0.039480518549680717 169.50000000000003
decision_type=9 8 9 9 8 10 9 10 8 2 10 2
left_child=7 -2 5 6 -5 11 -4 8 9 -1 -10 -3
right_child=1 2 3 4 -6 -7 -8 -9 10 -11 -12 -13
leaf_value=-0.011195350659109489 -0.026083236180456763 0.00076682820512903919 -0.00091190458103216797 0.018109870507149021 -0.011745558434019081 -0.019135828498798337 0.019497103794628191 0.00019230289539841846 0.036267677210055589 0.016742947334774095 0.025237761394979633 -0.022412967911229053
leaf_weight=35 64 35 49 41 145 49 61 34 63 36 33 48
leaf_count=35 64 35 49 41 145 49 61 34 63 36 33 48
internal_value=0 -0.00142433 -0.000939706 7.30191e-05 -0.00114001 -0.00298971 0.00204821 0.00322984 0.00408081 0.00204558 0.00558603 -0.00148063
internal_weight=0 492 428 296 186 132 110 201 167 71 96 83
internal_count=693 492 428 296 186 132 110 201 167 71 96 83
cat_boundaries=0 2 3 4 5
cat_threshold=7375365 5 4109 3 1
is_linear=0
shrinkage=0.0111721


Tree=472
num_leaves=12
num_cat=3
split_feature=10 13 37 25 18 27 2 20 14 46 17
split_gain=10.8409 8.81894 9.08649 7.83165 6.06054 6.82821 5.14278 5.24781 5.18695 3.23654 3.21821
threshold=0 1 2.5000000000000004 4.5000000000000009 3.5000000000000004 1.0000000180025095e-35 2 232.50000000000003 2.2500000000000004 0.72391104698181163 5.5000000000000009
decision_type=9 9 10 8 8 8 9 2 8 8 10
left_child=4 2 9 -3 5 -1 7 -5 -8 -2 -11
right_child=1 3 -4 6 -6 -7 8 -9 -10 10 -12
leaf_value=0.0092604467327680913 -0.0067215082346059676 -0.022932092810716946 0.0070206353233838222 0.0058797189068571171 -0.016824441745583174 0.032636932267698267 -0.0031218034194049732 -0.028908256020153251 0.020709064578863522 -0.028716659128096535 -0.026200825554694426
leaf_weight=48 33 45 48 65 37 33 38 47 153 95 34
leaf_count=48 33 45 48 65 37 33 38 47 153 95 34
internal_value=0 -0.000983456 -0.00274223 0.000124827 0.00261845 0.00455158 0.000774301 -0.00109889 0.00183422 -0.0041378 -0.00493649
internal_weight=0 558 210 348 118 81 303 112 191 162 129
internal_count=676 558 210 348 118 81 303 112 191 162 129
cat_boundaries=0 1 2 3
cat_threshold=9028 138121578 166
is_linear=0
shrinkage=0.0111721


Tree=473
num_leaves=14
num_cat=2
split_feature=2 48 7 16 19 28 49 49 39 35 39 19 21
split_gain=18.1984 10.252 7.91296 10.1539 7.33964 6.1873 8.12269 6.97083 5.81869 5.63508 2.28705 2.21216 3.05418
threshold=0 0.75834259390831005 1 1.0000000180025095e-35 9.5000000000000018 14.500000000000002 14.500000000000002 5.5000000000000009 0.96273148059844982 14.500000000000002 0.98726060986518871 212.50000000000003 32.500000000000007
decision_type=9 10 9 8 10 8 8 8 8 8 8 8 2
left_child=5 2 4 -4 -2 7 10 -1 -5 -3 -7 -8 -13
right_child=1 9 3 8 -6 6 11 -9 -10 -11 -12 12 -14
leaf_value=-0.0052097005686598018 -0.024673996085404871 0.0012610800336106851 0.021264869642735836 -0.010050426996679898 0.0017688488167413984 0.020265760102011574 -0.025041821580407655 -0.026526238944536658 0.0068193971863732567 0.031040212141320273 -0.0003949045046401186 -0.0033103380000453183 -0.023353107089693459
leaf_weight=53 42 37 37 46 63 35 56 36 172 33 49 46 36
leaf_count=53 42 37 37 46 63 35 56 36 172 33 49 46 36
internal_value=0 0.00116799 0.000434469 0.00147556 -0.00204011 -0.00233186 -0.00140909 -0.00489562 0.000614975 0.00510722 0.00133 -0.00307636 -0.00190742
internal_weight=0 430 360 255 105 311 222 89 218 70 84 138 82
internal_count=741 430 360 255 105 311 222 89 218 70 84 138 82
cat_boundaries=0 1 2
cat_threshold=563754 88141
is_linear=0
shrinkage=0.0111721


Tree=474
num_leaves=10
num_cat=1
split_feature=20 44 32 13 29 42 49 28 48
split_gain=13.7131 11.4753 9.51306 12.4093 9.214 7.29057 6.33699 5.09789 5.02969
threshold=122.50000000000001 6.5000000000000009 0.98412299156188976 0 1.0000000180025095e-35 14.500000000000002 2.5000000000000004 13.500000000000002 0.36237373948097235
decision_type=2 8 10 9 8 8 10 8 10
left_child=4 -2 3 6 5 -1 -3 -5 -6
right_child=1 2 -4 7 8 -7 -8 -9 -10
leaf_value=-0.014312974035893473 -0.015731055776852819 -0.027093373046039586 -0.011288861763528984 0.025525400657850229 -0.029355315371186255 0.010451707833110287 0.0024043595439688851 0.012139048976085436 -0.013257237954002243
leaf_weight=48 33 56 52 79 40 55 45 230 56
leaf_count=48 33 56 52 79 40 55 45 230 56
internal_value=0 0.000609385 0.00106401 0.00163494 -0.00286319 -0.00054233 -0.00171103 0.00269671 -0.00535328
internal_weight=0 495 462 410 199 103 101 309 96
internal_count=694 495 462 410 199 103 101 309 96
cat_boundaries=0 1
cat_threshold=59840
is_linear=0
shrinkage=0.0111721


Tree=475
num_leaves=13
num_cat=2
split_feature=13 10 32 24 17 40 16 36 25 32 21 19
split_gain=23.9105 10.8415 11.3316 10.5748 7.91723 6.69012 6.13216 5.4229 5.2152 4.60415 4.56892 1.65008
threshold=0 1 0.44658119976520544 0.58500000834465038 2.5000000000000004 -12.499999999999998 37.500000000000007 3.5000000000000004 14.500000000000002 0.48240740597248083 29.500000000000004 10.500000000000002
decision_type=9 9 8 8 10 10 8 8 10 10 2 10
left_child=3 5 -3 9 6 8 -4 -5 -2 -1 -6 -9
right_child=1 2 4 7 10 -7 -8 11 -10 -11 -12 -13
leaf_value=0.0065691009785874676 -0.0013311469089917797 -0.02631775694635808 -0.02391474943868465 -0.02273505435671536 0.026819828205548776 0.02508753416219835 0.005122903988425207 -0.012583253044591484 0.028518183383964928 -0.02265811306573632 0.0047230003438314639 -0.035539404473061566
leaf_weight=62 35 43 39 51 65 36 145 35 40 33 77 33
leaf_count=62 35 43 39 51 65 36 145 35 40 33 77 33
internal_value=0 0.00141361 0.000442166 -0.00299252 0.00116518 0.00433956 -0.000364305 -0.00535132 0.00283025 -0.000352799 0.00314706 -0.00328589
internal_weight=0 480 369 214 326 111 184 119 75 95 142 68
internal_count=694 480 369 214 326 111 184 119 75 95 142 68
cat_boundaries=0 2 3
cat_threshold=541813128 16 4489
is_linear=0
shrinkage=0.0111721


end of trees

feature_importances:
20=531
25=498
19=445
13=304
21=293
28=266
32=258
48=215
39=208
17=197
15=185
35=170
16=159
49=158
14=156
7=148
2=140
22=140
8=133
42=122
46=122
23=107
24=86
27=67
33=59
40=54
34=48
41=44
30=33
10=31
1=29
37=27
47=24
18=23
29=22
50=22
36=21
43=20
44=20
9=13
5=10
26=10
4=6
0=2
6=2

parameters:
[boosting: gbdt]
[objective: regression_l1]
[metric: l1]
[tree_learner: serial]
[device_type: cpu]
[data_sample_strategy: bagging]
[data: ]
[valid: ]
[num_iterations: 2000]
[learning_rate: 0.0111721]
[num_leaves: 32]
[num_threads: 4]
[seed: 0]
[deterministic: 0]
[force_col_wise: 0]
[force_row_wise: 0]
[histogram_pool_size: -1]
[max_depth: 5]
[min_data_in_leaf: 33]
[min_sum_hessian_in_leaf: 0.001]
[bagging_fraction: 0.093395]
[pos_bagging_fraction: 1]
[neg_bagging_fraction: 1]
[bagging_freq: 1]
[bagging_seed: 3]
[feature_fraction: 0.983996]
[feature_fraction_bynode: 1]
[feature_fraction_seed: 2]
[extra_trees: 0]
[extra_seed: 6]
[early_stopping_round: 0]
[first_metric_only: 0]
[max_delta_step: 0]
[lambda_l1: 2.59149e-05]
[lambda_l2: 0.000109649]
[linear_lambda: 0]
[min_gain_to_split: 0]
[drop_rate: 0.1]
[max_drop: 50]
[skip_drop: 0.5]
[xgboost_dart_mode: 0]
[uniform_drop: 0]
[drop_seed: 4]
[top_rate: 0.2]
[other_rate: 0.1]
[min_data_per_group: 100]
[max_cat_threshold: 32]
[cat_l2: 10]
[cat_smooth: 10]
[max_cat_to_onehot: 4]
[top_k: 20]
[monotone_constraints: ]
[monotone_constraints_method: basic]
[monotone_penalty: 0]
[feature_contri: ]
[forcedsplits_filename: ]
[refit_decay_rate: 0.9]
[cegb_tradeoff: 1]
[cegb_penalty_split: 0]
[cegb_penalty_feature_lazy: ]
[cegb_penalty_feature_coupled: ]
[path_smooth: 0]
[interaction_constraints: ]
[verbosity: -1]
[saved_feature_importance_type: 0]
[use_quantized_grad: 0]
[num_grad_quant_bins: 4]
[quant_train_renew_leaf: 0]
[stochastic_rounding: 1]
[linear_tree: 0]
[max_bin: 255]
[max_bin_by_feature: ]
[min_data_in_bin: 3]
[bin_construct_sample_cnt: 200000]
[data_random_seed: 1]
[is_enable_sparse: 1]
[enable_bundle: 1]
[use_missing: 1]
[zero_as_missing: 0]
[feature_pre_filter: 1]
[pre_partition: 0]
[two_round: 0]
[header: 0]
[label_column: ]
[weight_column: ]
[group_column: ]
[ignore_column: ]
[categorical_feature: 0,1,2,3,4,5,6,7,8,9,10,11,12,13]
[forcedbins_filename: ]
[precise_float_parser: 0]
[parser_config_file: ]
[objective_seed: 5]
[num_class: 1]
[is_unbalance: 0]
[scale_pos_weight: 1]
[sigmoid: 1]
[boost_from_average: 1]
[reg_sqrt: 0]
[alpha: 0.9]
[fair_c: 1]
[poisson_max_delta_step: 0.7]
[tweedie_variance_power: 1.5]
[lambdarank_truncation_level: 30]
[lambdarank_norm: 1]
[label_gain: ]
[lambdarank_position_bias_regularization: 0]
[eval_at: ]
[multi_error_top_k: 1]
[auc_mu_weights: ]
[num_machines: 1]
[local_listen_port: 12400]
[time_out: 120]
[machine_list_filename: ]
[machines: ]
[gpu_platform_id: -1]
[gpu_device_id: -1]
[gpu_use_dp: 0]
[num_gpu: 1]

end of parameters

pandas_categorical:[]
