tree
version=v4
num_class=1
num_tree_per_iteration=1
label_index=0
max_feature_idx=50
objective=regression_l1
feature_names=0 1 2 3 4 5 6 7 8 9 10 11 12 13 14 15 16 17 18 19 20 21 22 23 24 25 26 27 28 29 30 31 32 33 34 35 36 37 38 39 40 41 42 43 44 45 46 47 48 49 50
feature_infos=-1:0:1:2:3:4:5:6:7:8:9:10:11 -1:0:1:2:3:4:5:6:7:8:9:10:11:12:13:14:15:16:17:18:19:20:21:22:23:24:25:26:27:28:29:30:31:32:33:34:35:36:37:38:39:40:41:42:43:44:45:46:47:48:49:50:51:52:53:54:55:56:57:58:59:60:61:62:63:64:65:66:67:68:69:70:71:72:73:74:75:76:77:78:79:80:81:82:83:84 -1:0:1:2:3:4:5:6:7:8:9:10:11:12:13:14:15:16:17:18:19:20:21:22:23:24:25:26:27:28:29:30:31:32:33 -1:0:1:2:3:4:5:6:7:8:9:10:11:12:13:14:15:16:17:18:19:20:21:22:23:24:25:26:27:28:29:30:31:32:33:34:35:36:37:38:39:40:41:42:43:44:45:46:47:48:49:50:51:52:53:54:55:56:57:58:59:60:61:62:63:64:65:66:67:68:69:70:71:72:73:74:75:76:77:78:79:80:81:82:83:84:85:86:87:88:89:90:91:92:93:94:95:96:97:98:99:100:101:102:103:104:105:106:107:108:109:110:111:112:113:114:115:116:117:118:119:120:121:122:123:124:125:126:127:128:129:130:131:132:133:134:135:136:137:138:139:140:141:142:143:144:145:146:147:148:149:150:151:152:153:154:155:156:157:158:159:160:161:162:163:164:165:166:167:168:169:170:171:172:173:174:175:176:177:178:179:180:181:182:183:184:185:186:187:188:189:190:191:192:193:194:195:196:197:198:199:200:201:202:203:204:205:206:207:208:209:210:211:212:213:214:215:216:217:218:219:220:221:222:223:224:225:226:227:228:229:230:231:232:233:234:235:236:237:238:239:240:241:242:243:244:245:246:247:248:249:250:251:252:253:254:255:256:257:258:259:260:261:262:263:264:265:266:267:268:269:270:271:272:273:274:275:276:277:278:279:280:281:282:283:284:285:286:287:288:289:290:291:292:293:294:295:296:297:298:299:300:301:302:303:304:305:306:307:308:309:310:311:312:313:314:315:316:317:318:319:320:321:322:323:324:325:326:327:328:329:330:331:332:333:334:335:336:337:338:339:340:341:342:343:344:345:346:347:348:349:350:351:352:353:354:355:356:357:358:359:360:361:362:363:364:365:366:367:368:369:370:371:372:373:374:375:376:377:378:379:380:381:382:383:384:385:386:387:388:389:390:391:392:393:394:395:396:397:398:399:400:401:402:403:404:405:406:407:408:409:410:411:412:413:414:415:416:417:418:419:420:421:422:423:424:425:426:427:428:429:430:431:432:433:434:435:436:437:438:439:440:441:442:443:444:445:446:447:448:449:450:451:452:453:454:455:456:457:458:459:460:461:462:463 -1:0:1 -1:0:1 -1:0:1 -1:0:1:2:3:4:5:6:7:8:9:10:11:12:13:14:15:16:17:18:19:20:21:22:23:24:25:26:27:28:29:30:31:32:33:34:35:36:37:38:39:40:41:42:43 -1:0:1:2:3:4:5:6:7:8:9:10:11:12:13:14:15 -1:0:1:2:3:4:5:6:7:8:9:10:11:12:13:14:15:16:17:18:19:20:21:22:23:24:25:26:27:28:29:30:31:32:33:34:35:36:37:38:39 -1:0:1:2:3:4:5:6:7:8:9:10:11:12:13:14:15 -1:0:1:2:3:4:5:6:7:8:9:10:11:12:13:14:15:16:17:18:19:20:21 -1:0:1:2:3:4:5:6:7:8:9:10:11:12:13:14 -1:0:1:2:3:4:5:6:7:8:9:10:11:12:13:14:15:16:17:18:19:20:21:22:23:24:25:26:27:28:29:30:31:32:33:34:35:36:37:38:39:40:41:42:43:44:45:46:47:48 [0:221] [-134:0] [0:134] [1:21] [0:15] [1:3700] [1:806] [18:59] [0:144] [-71:78] [-78:71] [1:106] [0:12] [0:18] [0:32] [0:10] [1:19] [1:20] [0:1] [-26:15] [0:19] [0:31] [0:10] [1:22] [1:20] [0:1] [-21:17] [0:18] [0:31] [0:10] [1:20] [1:20] [0:1] [-22:17] [0:6] [-9:58] [0:2]
tree_sizes=2721 2904 3075 3076 2462 2800 2567 2567 2968 2023 2668 3086 2734 2312 2642 3172 2769 3163 2657 1873 2579 2585 2548 2653 2749 2751 2410 2222 2895 2752 2758 2910 2469 2816 2736 2836 2139 2561 2746 2634 2815 2641 2404 2220 2649 2308 2493 1961 2044 2811 2498 3072 2469 2641 2240 2249 2094 1810 2141 2681 2315 2834 2478 2277 2640 2546 2212 2884 2240 1911 2355 2635 2299 2826 3082 2481 2271 2379 2576 2477 2494 2056 2067 2194 2701 2909 2334 2725 1978 3061 2064 2387 2610 2714 2739 2143 3049 2233 1992 2473 2835 2803 2666 2639 2004 2626 2718 2247 2922 2561 2125 2404 2160 2315 2508 2569 2321 2581 2043 2163 2249 2375 1968 1956 2644 2290 1847 2549 2049 2321 2202 1800 2118 3119 2708 2722 2733 2602 2548 1939 2656 2842 2074 2406 1889 1961 2398 2405 1980 2249 2298 2487 1904 2718 2292 2052 2757 2802 2852 2466 2903 1637 2059 3085 2006 2581 2136 2467 2513 2034 2731 2239 2197 3135 2916 2210 2884 2649 2047 2673 2217 2646 2083 2240 2308 2485 2037 2493 2050 1636 2555 2995 2157 2597 2230 1870 2156 2642 1889 2959 1370 2282 2333 2241 2813 2620 2333 1542 2097 2098 2813 2912 1762 2478 2494 2155 2814 2735 2465 2223 2901 3040 3072 2171 2733 1961 2636 2722 2488 2538 2722 2475 2731 2301 2120 2484 2060 1892 2235 1622 1829 2568 2054 2420 2386 2551 2588 2630 2393 2428 2912 2222 1563 3318 2401 2532 1878 2406 2411 2227 2241 2063 2147 1700 2141 2912 2366 2214 2991 2484 2885 2064 2213 2530 2559 1796 2723 2697 1660 2397 2941 2383 2790 2836 2486 2242 2319 2653 2130 2446 2573 1890 2411 2478 2834 2342 2644 2565 2073 1977 2735 2914 2808 2236 1900 2566 2223 2483 2488 2162 2555 2499 2535 1728 2583 2452 2805

Tree=0
num_leaves=32
num_cat=1
split_feature=17 17 13 20 48 40 17 23 48 20 20 39 20 19 20 20 19 35 35 20 19 41 17 35 20 50 20 39 19 35 33
split_gain=133.124 52.2585 23.6618 16.8746 15.4981 11.9684 10.8794 10.1657 8.79417 8.33236 10.4666 8.23082 6.75301 6.35767 8.35369 5.92693 5.86632 5.51743 5.38206 4.47629 6.47997 9.35304 4.29409 4.29286 3.57143 3.43592 1.89555 1.66553 1.47486 0.858353 0.68617
threshold=6.5000000000000009 10.500000000000002 0 303.50000000000006 0.31622806191444403 -5.4999999999999991 3.5000000000000004 -1.8199999928474424 0.7228132188320161 74.500000000000014 303.50000000000006 0.11932203173637392 180.50000000000003 290.50000000000006 475.50000000000006 407.50000000000006 953.00000000000011 17.500000000000004 16.500000000000004 69.500000000000014 68.500000000000014 6.5000000000000009 13.500000000000002 13.500000000000002 174.50000000000003 0.17424242943525317 439.50000000000006 0.98581486940383922 20.500000000000004 14.500000000000002 -3.4999999999999996
decision_type=8 10 9 2 8 10 10 8 8 2 2 8 2 8 2 2 8 10 10 2 10 8 10 8 2 8 2 8 10 10 10
left_child=4 2 13 5 9 17 19 -5 12 -1 25 -3 27 14 18 -12 -9 -4 -2 30 21 -21 24 -10 29 -11 -15 -8 -16 -13 -6
right_child=1 11 3 7 6 -7 8 16 23 10 15 22 -14 26 28 -17 -18 -19 -20 20 -22 -23 -24 -25 -26 -27 -28 -29 -30 -31 -32
leaf_value=13.292046431266895 13.356335555856857 13.506589246119693 13.353976315966671 13.230116546567118 13.172610225060183 13.30384260540599 13.292046431266895 13.307528902441838 13.287622868074054 13.345129189580989 13.296469994459736 13.373882350334457 13.38051769512372 13.392313869262814 13.287622868074054 13.353976315966671 13.362823442352354 13.385678524473551 13.38051769512372 13.27435217849553 13.292046431266895 13.203575167410071 13.451294706209179 13.30974068403826 13.38051769512372 13.333333015441895 13.460141832594861 13.303105339248997 13.345129189580989 13.420329763859289 13.20136338581365
leaf_weight=37 130 60 162 27 26 37 30 164 44 43 51 26 37 46 35 26 68 40 50 53 33 80 49 33 37 45 38 30 27 28 26
leaf_count=37 130 60 162 27 26 37 30 164 44 43 51 26 37 46 35 26 68 40 50 53 33 80 49 33 37 45 38 30 27 28 26
internal_value=13.3333 13.3374 13.3355 13.333 13.3269 13.3364 13.3248 13.3298 13.3281 13.3309 13.3326 13.3455 13.3317 13.3391 13.3378 13.3278 13.331 13.3381 13.3397 13.3222 13.3236 13.3219 13.3432 13.3237 13.3409 13.3368 13.3434 13.328 13.3322 13.3438 13.3177
internal_weight=0 1024 824 498 594 239 392 259 174 202 165 200 97 326 242 77 232 202 180 218 166 133 140 77 91 88 84 60 62 54 52
internal_count=1618 1024 824 498 594 239 392 259 174 202 165 200 97 326 242 77 232 202 180 218 166 133 140 77 91 88 84 60 62 54 52
cat_boundaries=0 2
cat_threshold=22849852 160
is_linear=0
shrinkage=1


Tree=1
num_leaves=32
num_cat=1
split_feature=48 20 15 35 28 28 35 8 20 20 28 15 43 35 42 20 20 20 26 20 35 30 21 20 21 21 48 35 20 35 21
split_gain=117.268 54.3571 23.7738 19.9672 16.6797 28.649 16.1453 11.389 9.66643 7.6857 6.31283 6.0605 5.93942 8.01008 4.21147 4.00386 3.66072 7.61109 3.49399 4.38516 3.45321 3.39161 3.12145 3.07295 4.90101 3.06329 2.39639 1.38932 0.653687 0.312579 0.130857
threshold=0.16228070110082629 320.50000000000006 -12.499999999999998 12.500000000000002 1.5000000000000002 16.500000000000004 16.500000000000004 0 391.50000000000006 543.50000000000011 8.5000000000000018 -1.2499999999999998 1.7500000000000002 5.5000000000000009 20.500000000000004 48.500000000000007 116.50000000000001 172.50000000000003 1.0000000180025095e-35 159.50000000000003 13.500000000000002 2.5000000000000004 32.500000000000007 183.50000000000003 32.500000000000007 30.500000000000004 0.57052442431449901 2.5000000000000004 400.50000000000006 20.500000000000004 31.500000000000004
decision_type=10 2 10 8 8 8 10 9 2 2 10 10 10 8 10 2 2 2 10 2 10 10 2 2 2 2 10 10 2 8 2
left_child=1 4 18 22 29 16 10 9 30 28 12 -8 13 -4 15 -7 -6 -18 19 21 -10 -2 -3 26 -25 -20 -12 -27 -5 -1 -9
right_child=2 3 6 7 5 14 11 8 20 -11 23 -13 -14 -15 -16 -17 17 -19 25 -21 -22 -23 -24 24 -26 27 -28 -29 -30 -31 -32
leaf_value=0.21442622306638401 -0.056645732961579084 -0.027461470541907031 0.012252758637058552 -0.040829999677035947 -0.028422907360962063 0.0037569579137495283 -0.0016286961964493848 -0.023135746905671113 0.012252758637058552 0.012252758637058552 -0.023057475260386883 0.057363031505188386 -0.068671172552058832 -0.041260493726099273 0.06071688226224211 0.064471919688703319 0.046141057694937412 -0.03550509732914426 -0.083578470345047534 -0.057937215108769008 0.042161033775609785 -0.092034238504308752 -0.097099382766713482 -0.028877290684650014 -0.03284647055380327 -0.12746187986968055 0.013727358974762131 -0.11986709980854593 -0.075533628323528543 0.17485528373987444 -0.014327756342630844
leaf_weight=28 37 26 35 29 41 26 33 29 222 44 29 26 32 158 34 277 34 49 42 39 26 27 29 34 27 46 50 37 38 26 28
leaf_count=28 37 26 35 29 41 26 33 29 222 44 29 26 32 158 34 277 34 49 42 39 26 27 29 34 27 46 50 37 38 26 28
internal_value=0 0.00310454 -0.00656742 -0.0012397 0.0070776 0.00598754 -0.00408963 8.50625e-05 0.00185363 -0.00453295 -0.00547783 0.00449795 -0.00731338 -0.00614232 0.00866316 0.00800017 -0.00128417 0.000852637 -0.0111749 -0.00876059 0.00342458 -0.0116105 -0.0112584 -0.0025276 -0.00551063 -0.0131637 -0.000223933 -0.0151347 -0.00871409 0.0163813 -0.00465575
internal_weight=0 986 652 471 515 461 424 416 305 111 365 59 225 193 337 303 124 83 228 103 248 64 55 140 61 125 79 83 67 54 57
internal_count=1638 986 652 471 515 461 424 416 305 111 365 59 225 193 337 303 124 83 228 103 248 64 55 140 61 125 79 83 67 54 57
cat_boundaries=0 1
cat_threshold=684
is_linear=0
shrinkage=0.0176943


Tree=2
num_leaves=34
num_cat=2
split_feature=25 13 25 25 20 15 20 13 20 15 20 25 20 25 27 37 35 32 50 32 21 39 21 20 21 16 32 39 25 21 16 20 43
split_gain=188.145 23.2534 21.8566 15.7943 15.012 14.899 11.7417 9.95848 8.09432 7.51661 7.44833 7.19873 6.95782 7.84578 5.92912 5.59603 8.65855 5.40105 5.19806 7.39869 4.9109 4.48979 4.36265 3.95392 3.70743 3.21785 3.18943 2.82174 2.05954 1.62902 1.62745 1.11453 1.06861
threshold=12.500000000000002 0 5.5000000000000009 24.500000000000004 303.50000000000006 -1.0000000180025095e-35 332.50000000000006 1 48.500000000000007 -0.74999999999999989 165.50000000000003 15.500000000000002 135.50000000000003 26.500000000000004 1.5000000000000002 5.5000000000000009 7.5000000000000009 0.55829057097435009 0.76388889551162731 0.29616476595401769 29.500000000000004 0.28253507614135748 32.500000000000007 87.500000000000014 31.500000000000004 7.2500000000000009 0.05505050532519818 0.70926907658576976 20.500000000000004 27.500000000000004 8.7500000000000018 424.50000000000006 4.2500000000000009
decision_type=8 9 10 8 2 10 2 9 2 8 2 10 2 8 8 8 8 8 10 10 2 8 2 2 2 8 10 10 8 2 8 2 8
left_child=2 5 9 4 8 12 21 14 -3 18 -10 -6 28 22 -4 -9 -17 -18 19 -1 -15 -5 -14 -23 -21 -13 -11 -20 -2 -8 -16 -31 -28
right_child=1 3 7 6 11 -7 29 15 10 26 -12 25 13 20 30 16 17 -19 27 24 -22 23 -24 -25 -26 -27 32 -29 -30 31 -32 -33 -34
leaf_value=0.022852694361765073 -0.00214990772026462 -0.0046646212684695147 -0.022726377151867875 0.1447534324244131 0.020383367096419087 0.093230192484056146 0.017236175681811853 0.014518037491804218 0.041411609558403929 -0.10148362970087664 0.020859226499882654 -0.015159283923987814 -0.052216804062327371 -0.0099550876291672474 -0.057715907197655632 -0.068151898900546792 0.042035922473497592 -0.026498682932839395 -0.095168217158381085 -0.038767455024495495 0.080112594551741009 0.032407939882153049 -0.0056582975427769281 0.10940165722820992 -0.1056276899698418 -0.076318859502902334 -0.1472597118524151 -0.094003148205396125 0.025514725324326554 0.053322539403587714 -0.07414818179336885 0.080973582649867634 -0.15311040678324295
leaf_weight=27 30 31 40 38 28 37 36 34 127 43 97 30 43 32 35 35 26 164 29 34 45 32 29 154 28 40 36 32 26 26 33 148 55
leaf_count=27 30 31 40 38 28 37 36 34 127 43 97 30 43 32 35 35 26 164 29 34 45 32 29 154 28 40 36 32 26 26 33 148 55
internal_value=0 0.00462558 -0.0075288 0.00606083 0.00335832 -0.000280846 0.00839851 -0.00467658 0.00562036 -0.0112144 0.0067931 -0.00252754 -0.00215775 -0.00415615 -0.0089965 -0.00243371 -0.00353873 -0.00204872 -0.00849281 -0.00576505 -0.000229749 0.0112165 -0.00835474 0.0100834 -0.0091314 -0.00556044 -0.0142602 -0.0124715 0.00315924 0.00539234 -0.013009 0.0061012 -0.0161374
internal_weight=0 1029 651 787 353 242 434 367 255 284 224 98 205 149 108 259 225 190 150 89 77 224 72 186 62 70 134 61 56 210 68 174 91
internal_count=1680 1029 651 787 353 242 434 367 255 284 224 98 205 149 108 259 225 190 150 89 77 224 72 186 62 70 134 61 56 210 68 174 91
cat_boundaries=0 2 3
cat_threshold=2225848328 32 101222674
is_linear=0
shrinkage=0.0176943


Tree=3
num_leaves=34
num_cat=1
split_feature=17 17 35 20 20 17 7 35 46 20 37 27 40 20 47 20 17 33 33 37 33 19 50 20 33 33 19 19 40 35 46 19 46
split_gain=117.242 37.9931 25.9435 24.241 15.4155 10.047 9.42007 9.07532 7.98065 6.08759 5.84898 5.75549 6.80883 5.72382 5.65002 5.29242 5.22723 5.11049 4.83658 4.83722 4.48637 3.93828 3.74784 3.43939 2.59718 2.54593 2.33917 2.15317 1.50338 1.45207 1.32344 1.05687 0.691522
threshold=5.5000000000000009 9.5000000000000018 17.500000000000004 338.50000000000006 116.50000000000001 3.5000000000000004 0 1.0000000180025095e-35 0.96580946445465099 91.500000000000014 2.5000000000000004 1.0000000180025095e-35 -11.499999999999998 473.50000000000006 -1.4999999999999998 339.50000000000006 3.5000000000000004 -13.499999999999998 1.5000000000000002 7.5000000000000009 1.5000000000000002 12.500000000000002 0.43650794029235845 534.50000000000011 -6.4999999999999991 -11.499999999999998 18.500000000000004 11.500000000000002 -1.0000000180025095e-35 4.5000000000000009 0.52336955070495617 7.5000000000000009 0.10084745660424234
decision_type=8 10 8 2 2 10 9 8 8 2 10 8 10 2 8 2 10 10 8 8 8 10 8 2 8 10 10 10 8 8 10 10 10
left_child=4 2 8 9 16 18 23 -3 10 27 31 12 24 -8 25 20 28 -16 29 -20 -7 -11 -21 -5 -9 -10 -18 -4 -1 -6 -30 -2 -22
right_child=1 7 3 6 5 15 13 11 14 21 -12 -13 -14 -15 17 -17 26 -19 19 22 32 -23 -24 -25 -26 -27 -28 -29 30 -31 -32 -33 -34
leaf_value=-0.12152261675565013 0.0023794345038290299 0.16490715439741943 0.028536534625289416 0.0099531137455035005 -0.094361449322561644 -0.011890002536322204 0.011952146357654382 0.097580007855176981 -0.042744619965728009 0.09830992377549061 -0.022099097635910638 0.018052280412654883 0.005133813237910333 -0.036967875053483236 0.0015901862807598591 -0.049127808660157264 -0.037280367564742387 -0.058104739363614419 -0.07388015442378898 0.0014710476149878897 0.052580461929501839 0.02938430687344859 -0.11094846412720556 0.046566612686820288 0.074984713059013497 -0.021386561154964442 -0.048127676106070813 -0.00075079818820299226 -0.1102725321043791 -0.084175548131119646 -0.086829994349168535 0.027615288263007749 0.018766804459535026
leaf_weight=26 27 42 36 55 28 39 60 26 26 109 40 49 35 151 43 43 42 26 35 49 26 117 34 63 102 27 29 42 45 49 26 37 26
leaf_count=26 27 42 36 55 28 39 60 26 26 109 40 49 35 151 43 43 42 26 35 49 26 117 34 63 102 27 29 42 45 49 26 37 26
internal_value=0 0.00332262 0.00154488 0.00338227 -0.00701351 -0.00478648 5.3775e-05 0.00933449 -0.00360136 0.0069844 0 0.00784528 0.00944373 -0.00216166 -0.00667119 -0.0010563 -0.0113744 -0.00333332 -0.00734963 -0.00509801 0.00136097 0.00845538 -0.00277112 0.00387038 0.0113347 -0.0110156 -0.00772483 0.00272191 -0.0140449 -0.0107993 -0.0127086 0.00331726 0.00476313
internal_weight=0 1113 859 633 497 329 329 254 226 304 104 212 163 211 122 134 168 69 195 118 91 226 83 118 128 53 71 78 97 77 71 64 52
internal_count=1610 1113 859 633 497 329 329 254 226 304 104 212 163 211 122 134 168 69 195 118 91 226 83 118 128 53 71 78 97 77 71 64 52
cat_boundaries=0 1
cat_threshold=15
is_linear=0
shrinkage=0.0176943


Tree=4
num_leaves=27
num_cat=2
split_feature=22 2 42 22 21 35 35 21 32 2 37 48 21 48 14 32 33 14 42 48 35 14 21 14 33 14
split_gain=153.234 26.4489 22.6854 12.4439 7.71764 7.59162 14.5347 7.01541 6.57663 6.38749 6.19164 5.73277 6.66874 5.62431 5.37992 6.997 5.27105 6.54948 4.61004 2.58647 2.23716 2.05738 1.98001 1.61178 1.486 1.41003
threshold=1.1650000214576723 0 11.500000000000002 11.414999961853029 29.500000000000004 1.5000000000000002 12.500000000000002 25.500000000000004 0.96128869056701671 1 7.5000000000000009 0.54446640610694896 31.500000000000004 0.91010102629661571 19.500000000000004 0.19581377506256106 -7.4999999999999991 2.2500000000000004 11.500000000000002 0.86602565646171581 2.5000000000000004 61.500000000000007 36.500000000000007 12.500000000000002 1.0000000180025095e-35 51.500000000000007
decision_type=10 9 10 10 2 8 8 2 10 9 8 8 2 8 8 10 10 8 10 8 10 8 2 8 8 8
left_child=1 7 3 10 -4 -3 -7 23 9 25 13 12 -5 -2 15 -12 17 -8 -11 -6 21 -13 -16 -1 -22 -9
right_child=2 5 4 11 19 6 16 8 -10 18 14 20 -14 -15 22 -17 -18 -19 -20 -21 24 -23 -24 -25 -26 -27
leaf_value=0.0062823899588721277 -0.078722421992092881 0.17466825050629892 0.028436365100209245 -0.10374176332467396 0.0032260647997705834 -0.021068983810859053 0.065525444609600358 -0.018146045681606902 -0.03227436855612599 0.032999658566606471 0.011404330304771088 -0.076160831108588373 -0.048271830665001056 -0.04620615691968178 -0.056736531739988223 -0.035950570671237921 0.011217262518069976 0.049383825112922067 0.025513895922841985 -0.0264255782508462 -0.11526872981938562 -0.11318315358972693 -0.057399478221726939 -0.031621472427590308 -0.10603637996743744 0.011257307114994694
leaf_weight=28 37 36 41 48 37 28 126 26 29 213 72 69 36 26 91 87 41 215 29 26 33 39 29 46 32 83
leaf_count=28 37 36 41 48 37 28 126 26 29 213 72 69 36 26 91 87 41 215 29 26 33 39 29 46 32 83
internal_value=0 0.00475775 -0.00626717 -0.00759159 0.00136098 0.00776051 0.00725019 0.00160161 0.00260752 0.00327664 -0.00538059 -0.0105336 -0.00674006 -0.0103906 -0.00424904 -0.0021143 0.00815216 0.00887287 0.00477449 -0.00252743 -0.0123752 -0.0108124 -0.00707725 -0.0033472 -0.0149703 -0.00044603
internal_weight=0 900 703 599 104 446 410 454 380 351 342 257 84 63 279 159 382 341 242 63 173 108 120 74 65 109
internal_count=1603 900 703 599 104 446 410 454 380 351 342 257 84 63 279 159 382 341 242 63 173 108 120 74 65 109
cat_boundaries=0 1 2
cat_threshold=39501 72
is_linear=0
shrinkage=0.0176943


Tree=5
num_leaves=31
num_cat=2
split_feature=25 7 25 1 25 17 17 14 27 33 42 17 39 42 33 23 17 15 25 19 14 33 15 17 19 17 27 39 19 25
split_gain=155.128 35.0281 34.6307 26.0072 17.3146 15.9765 12.8214 8.2184 7.30526 7.06856 6.30294 5.96839 5.42503 5.57546 5.41642 5.36715 4.68165 4.03673 3.902 3.26426 4.06316 2.44816 2.1666 1.59159 2.24838 3.77528 1.36483 1.22751 1.01144 0.447711
threshold=16.500000000000004 0 5.5000000000000009 1 48.500000000000007 6.5000000000000009 6.5000000000000009 9.2500000000000018 2.5000000000000004 -5.4999999999999991 3.5000000000000004 12.500000000000002 0.98692753911018383 16.500000000000004 -1.4999999999999998 -1.0000000180025095e-35 13.500000000000002 -2.7499999999999996 18.500000000000004 6.5000000000000009 48.500000000000007 -1.4999999999999998 -5.7499999999999991 7.5000000000000009 16.500000000000004 11.500000000000002 8.5000000000000018 0.94312667846679699 223.00000000000003 19.500000000000004
decision_type=8 9 10 9 10 8 10 8 10 8 8 10 8 8 8 10 10 8 10 10 10 8 10 8 8 8 10 8 10 10
left_child=2 16 10 12 5 22 7 21 -9 -8 26 18 13 -4 17 -11 23 -12 -7 -16 -21 -5 -3 -2 25 -25 -1 -13 -6 -26
right_child=1 4 3 6 28 11 9 8 -10 15 14 27 -14 -15 19 -17 -18 -19 -20 20 -22 -23 -24 24 29 -27 -28 -29 -30 -31
leaf_value=-0.11727211624772126 0.050251128352459047 -0.011284834833298214 0.018301018762191073 -0.057522117455411789 -0.051396779046072177 0.044632736837022943 0.024542866640270205 -0.029704746149665562 -0.067072527005622273 -0.017314320963513929 -0.0071494079390396663 0.11324832425586492 0.006848190100084168 0.046554905513185536 -0.061489516051769617 0.0083287755891020623 0.16147629179633943 -0.077473777508950889 0.020545486702774812 -0.10327382045731975 -0.077649967808423162 -0.038788540462723606 -0.046283980711097378 0.051960327633722311 0.14729503498668145 0.036812537941210539 -0.12856552332798293 0.057894767092337346 -0.025817503649905784 0.091114815699097476
leaf_weight=37 29 26 35 26 38 178 26 178 63 54 30 26 47 29 29 40 45 26 258 73 53 48 27 35 33 45 27 26 47 30
leaf_count=37 29 26 35 26 38 178 26 178 63 54 30 26 47 29 29 40 45 26 258 73 53 48 27 35 33 45 27 26 47 30
internal_value=0 0.00531033 -0.00549573 -0.00291659 0.00300465 0.00421909 -0.00481116 -0.00679668 -0.00521266 0 -0.0106163 0.00522117 0.00453295 0.0082932 -0.00914031 -0.00225864 0.0113021 -0.00442295 0.00454523 -0.0108443 -0.0120763 -0.0119544 -0.00500708 0.0104926 0.0112594 0.00928861 -0.0154807 0.0108872 -0.00437112 0.0137606
internal_weight=0 843 821 546 626 541 435 315 241 120 275 488 111 64 211 94 217 56 436 155 126 74 53 172 143 80 64 52 85 63
internal_count=1664 843 821 546 626 541 435 315 241 120 275 488 111 64 211 94 217 56 436 155 126 74 53 172 143 80 64 52 85 63
cat_boundaries=0 1 2
cat_threshold=15816096 16795528
is_linear=0
shrinkage=0.0176943


Tree=6
num_leaves=28
num_cat=4
split_feature=1 20 20 13 41 7 46 20 20 42 41 50 20 23 42 33 13 20 20 36 20 20 23 20 20 18 20
split_gain=107.252 46.8529 24.8258 19.1377 16.9265 16.0137 9.1297 9.0306 8.78851 8.44007 7.15442 5.38219 6.23898 4.52557 3.43387 3.33934 2.49735 2.82552 2.99085 2.37836 3.14055 2.32843 4.29133 3.13612 1.43153 1.11925 1.4949
threshold=0 279.50000000000006 56.500000000000007 1 1.0000000180025095e-35 2 0.98742088675498974 53.500000000000007 195.50000000000003 11.500000000000002 1.2500000000000002 0.76388889551162731 275.50000000000006 -1.8199999928474424 12.500000000000002 -5.4999999999999991 3 511.50000000000006 618.50000000000011 6.5000000000000009 488.50000000000006 403.50000000000006 -0.93000000715255726 313.50000000000006 20.500000000000004 2.5000000000000004 117.50000000000001
decision_type=9 2 2 9 10 9 10 2 2 10 8 10 2 8 10 8 9 2 2 8 2 2 10 2 2 10 2
left_child=6 2 10 16 5 15 7 24 -7 11 -2 12 -9 -5 -6 -4 19 -18 -19 -3 -21 23 -23 -15 -1 26 -8
right_child=1 3 4 13 14 8 25 9 -10 -11 -12 -13 -14 21 -16 -17 17 18 -20 20 -22 22 -24 -25 -26 -27 -28
leaf_value=-0.039657038069998804 0.017111483178074424 0.022653124641413482 0.075910746697618103 -0.072796598226328085 -0.034485487326985843 0.046104095391038574 -0.038003272853025273 -0.020910494677645827 0.033900694451884636 0.021600945201764702 -0.026477238111241176 -0.073203103918995524 -0.068852357418982379 -0.0014999568660016753 0.02615457186799941 0.077270256226100273 -0.043053486856663055 0.080066990069311325 -0.0068446228433967195 0.064991881285049333 0.030367574324623389 -0.033228127444989097 -0.0050276826222445843 -0.058062208468289148 -0.080827586242824614 -0.11481769439177179 -0.071704150010754197
leaf_weight=27 27 34 39 37 33 185 35 136 130 34 48 47 65 29 28 176 35 27 39 38 36 56 125 76 31 38 29
leaf_count=27 27 34 39 37 33 185 35 136 130 34 48 47 65 29 28 176 35 27 39 38 36 56 125 76 31 38 29
internal_value=0 0.00243148 0.0055792 -0.00146341 0.00679618 0.00781207 -0.0076726 -0.00645305 0.0047365 -0.005145 -0.00401028 -0.00627841 -0.00501758 -0.00409137 -0.00203021 0.0115599 0.00266616 0.000478174 0.00268062 0.00449824 0.00669443 -0.00346451 -0.00224834 -0.00556064 -0.0128114 -0.0124891 -0.0110576
internal_weight=0 1198 666 532 591 530 442 340 315 282 75 248 201 323 61 215 209 101 66 108 74 286 181 105 58 102 64
internal_count=1640 1198 666 532 591 530 442 340 315 282 75 248 201 323 61 215 209 101 66 108 74 286 181 105 58 102 64
cat_boundaries=0 2 4 6 8
cat_threshold=268494939 4 1073746158 96 2148191277 2 4200 64
is_linear=0
shrinkage=0.0176943


Tree=7
num_leaves=28
num_cat=2
split_feature=22 7 28 20 17 28 28 2 28 17 20 22 20 37 14 20 28 15 39 22 40 18 17 22 15 14 20
split_gain=154.643 26.0594 22.8733 16.2484 18.2397 13.8686 13.7206 9.80775 10.2697 7.61934 6.45415 7.992 6.41296 4.90005 4.35701 4.51035 4.17552 3.91753 3.75913 3.31063 2.99224 2.61302 2.27964 1.91756 1.85124 0.438905 0.346698
threshold=2.5000000000000004 0 1.5000000000000002 54.500000000000007 3.5000000000000004 21.500000000000004 15.500000000000002 1 15.500000000000002 5.5000000000000009 340.50000000000006 14.250000000000002 339.50000000000006 6.5000000000000009 12.500000000000002 513.50000000000011 3.5000000000000004 -5.7499999999999991 0.62258651852607738 3.1649999618530278 1.0000000180025095e-35 4.5000000000000009 10.500000000000002 18.500000000000004 -1.0000000180025095e-35 18.500000000000004 175.50000000000003
decision_type=10 9 8 2 10 10 8 9 8 10 2 10 2 10 8 2 8 10 10 10 8 8 10 10 10 8 2
left_child=1 6 26 20 16 7 9 8 -4 -1 11 19 -9 14 -8 -16 21 18 -18 -6 -2 23 -7 -5 -11 -22 -3
right_child=3 2 5 4 10 22 13 12 -10 24 -12 -13 -14 -15 15 -17 17 -19 -20 -21 25 -23 -24 -25 -26 -27 -28
leaf_value=-0.060333348978056485 -0.045255745778582761 0.18235536145854911 -0.023162977905071869 -0.065554734596026509 -0.018803784033434932 0.077849231978008943 -0.0092496774471646347 0.041773652716630201 0.016890985428410974 -0.021786410024461855 -0.036781961735447538 -0.05548688298338119 0.011853891420404068 0.045699526772553817 0.060215021896944665 -0.0061876285571713053 -0.067880397447127594 -0.012456165486307548 -0.068277394873736574 0.013250346587209446 -0.054620034072377331 -0.08138377785843022 0.12161320435320859 -0.11759081905305988 0.0083788902774859699 -0.10104441413460145 0.14611257390327367
leaf_weight=40 33 35 29 26 31 26 47 308 126 27 27 34 104 26 97 91 128 33 73 121 28 28 32 26 27 40 26
leaf_count=40 33 35 29 26 31 26 47 308 126 27 27 34 104 26 97 91 128 33 73 121 28 28 32 26 27 40 26
internal_value=0 0.00413033 0.0061014 -0.00698745 -0.00574132 0.00518081 0.000145424 0.00433768 0.000321688 -0.00564664 -0.00174443 -0.00057075 0.00570231 0.00223713 0.00143055 0.0026352 -0.00845246 -0.00725894 -0.00818658 0.00116403 -0.0134887 -0.0119425 0.0134215 -0.0142895 -0.00131047 -0.0156109 0.0165319
internal_weight=0 1041 686 628 527 625 355 567 155 94 213 186 412 261 235 188 314 234 201 152 101 80 58 52 54 68 61
internal_count=1669 1041 686 628 527 625 355 567 155 94 213 186 412 261 235 188 314 234 201 152 101 80 58 52 54 68 61
cat_boundaries=0 1 2
cat_threshold=169125974 5592
is_linear=0
shrinkage=0.0176943


Tree=8
num_leaves=33
num_cat=4
split_feature=1 20 13 49 17 13 13 20 50 20 49 49 20 33 20 20 50 32 17 27 20 49 33 21 27 17 17 20 33 21 21 20
split_gain=136.995 54.5122 23.1542 23.1299 17.424 11.288 10.8894 9.47486 8.46558 7.76908 9.3304 7.73234 8.29143 5.36694 4.18606 4.18293 4.18091 3.7863 3.74692 5.62515 3.61622 3.38689 3.23795 2.93019 2.60449 2.58652 5.93885 2.76393 2.02989 1.10764 2.36371 0.929599
threshold=0 275.50000000000006 1 6.5000000000000009 10.500000000000002 2 3 625.50000000000011 0.10555555671453477 498.50000000000006 18.500000000000004 2.5000000000000004 53.500000000000007 -11.499999999999998 424.50000000000006 23.000000000000004 1.5000000000000002 0.025158228352665905 3.5000000000000004 1.0000000180025095e-35 201.50000000000003 3.5000000000000004 1.0000000180025095e-35 31.500000000000004 10.500000000000002 13.500000000000002 11.500000000000002 130.50000000000003 -2.4999999999999996 29.500000000000004 33.500000000000007 577.50000000000011
decision_type=9 2 9 10 10 9 9 2 10 2 8 8 2 10 2 2 8 8 10 10 2 10 8 2 8 10 10 2 10 2 2 2
left_child=3 4 7 8 6 29 13 14 15 10 -7 -8 -13 21 -3 -1 -5 -6 28 -20 24 -2 -18 -24 -10 26 -19 -27 -17 -4 -31 -11
right_child=1 2 5 16 17 9 11 -9 20 31 -12 12 -14 -15 -16 18 22 25 19 -21 -22 -23 23 -25 -26 27 -28 -29 -30 30 -32 -33
leaf_value=-0.05153323313059896 0.038824486511812147 0.049372423413911078 0.04006221705515052 0.0160001940835553 0.17056707359430986 -0.037655119446932533 0.0031331668848304291 -0.006481448364675989 -0.11918126879937886 -0.042972335284256008 0.0091014305528550922 0.0074714333533823681 0.057874432338151469 -0.012693956517236401 0.14611094024055518 -0.092061271302447678 0.0073331205649791826 0.050661421953578215 -0.057675433811959199 0.019153381139944262 -0.1007569502685579 -0.0066506563913659306 -0.054291384088434258 -0.016693520308403736 -0.088730113273621278 0.11674480696779949 0.035221439678397207 0.082171578145534468 -0.029526261215959759 -0.035389677240845775 0.030756365982039909 -0.060558604338941065
leaf_weight=28 35 40 43 40 48 73 40 32 52 43 111 43 222 26 41 44 27 38 77 33 44 44 30 41 50 26 52 26 27 31 54 61
leaf_count=28 35 40 43 40 48 73 40 32 52 43 111 43 222 26 41 44 27 38 77 33 44 44 30 41 50 26 52 26 27 31 54 61
internal_value=0 0.00380602 -0.000301029 -0.00728162 0.00749047 -0.00224289 0.00543764 0.0064731 -0.00981886 -0.00415626 -0.00211552 0.00702136 0.00834611 0.000153837 0.0102661 -0.0075346 -0.00128211 0.0119199 -0.00654953 -0.00450367 -0.0130882 0.0024635 -0.0032497 -0.00523294 -0.0149176 0.0104665 0.0086498 0.013609 -0.00971834 0.00205138 0.00104073 -0.00816598
internal_weight=0 1129 529 493 600 416 410 113 355 288 184 305 265 105 81 209 138 190 181 110 146 79 98 71 102 142 90 52 71 128 85 104
internal_count=1622 1129 529 493 600 416 410 113 355 288 184 305 265 105 81 209 138 190 181 110 146 79 98 71 102 142 90 52 71 128 85 104
cat_boundaries=0 2 3 5 6
cat_threshold=33613855 68 9320 81926 192 726536
is_linear=0
shrinkage=0.0176943


Tree=9
num_leaves=22
num_cat=2
split_feature=17 17 22 28 2 21 9 40 43 19 21 22 19 14 19 17 14 46 14 28 28
split_gain=136.895 40.7472 29.5682 19.5029 16.5474 12.5154 10.1553 7.50895 6.05125 5.70685 5.07895 4.58654 4.31703 3.70258 3.62865 3.46646 3.27571 3.1874 3.12297 2.34186 5.90746
threshold=7.5000000000000009 12.500000000000002 4.0699999332427987 15.500000000000002 0 24.500000000000004 1 -3.4999999999999996 1.0000000180025095e-35 8.5000000000000018 39.500000000000007 50.500000000000007 243.50000000000003 7.2500000000000009 59.000000000000007 3.5000000000000004 6.2500000000000009 0.98399898409843456 3.5000000000000004 1.5000000000000002 13.500000000000002
decision_type=8 10 10 10 9 2 9 8 8 10 2 10 8 10 10 10 10 10 8 8 10
left_child=3 2 5 4 13 18 12 8 -6 -5 -8 17 -7 -1 -4 -15 -11 -9 -2 -3 -21
right_child=1 19 14 9 7 6 10 11 -10 16 -12 -13 -14 15 -16 -17 -18 -19 -20 20 -22
leaf_value=-0.02875187155545653 0.04251793222372751 0.17111119738639496 -0.10292177648345752 0.045937126185626335 0.005902645807591549 0.02987726376448873 0.017025971210941623 -0.051601892396368886 -0.087012673239065155 -0.029582193655935781 -0.024016825405214715 -0.12760788782244986 0.09763607740042797 -0.053621867773294078 -0.026837628191117697 0.026624527169307792 0.011545451601762791 -0.076450639177605695 0.10204780965455958 0.082579159309978389 0.10071208728460926
leaf_weight=26 27 36 50 28 31 79 478 293 30 26 77 34 29 40 34 36 31 82 43 26 44
leaf_count=26 27 36 50 28 31 79 478 293 30 26 77 34 29 40 34 36 31 82 43 26 44
internal_value=0 0.00369985 0.00236065 -0.00686755 -0.00804274 0.00350019 0.00274885 -0.00936306 -0.00377042 0.00104073 0.00165979 -0.010426 0.00749708 -0.000947827 -0.00758256 0.000931162 -0.00217267 -0.0098614 0.0106154 0.0140209 0.0121319
internal_weight=0 923 817 657 572 733 663 470 61 85 555 409 108 102 84 76 57 375 70 106 70
internal_count=1580 923 817 657 572 733 663 470 61 85 555 409 108 102 84 76 57 375 70 106 70
cat_boundaries=0 1 2
cat_threshold=5130 4262
is_linear=0
shrinkage=0.0176943


Tree=10
num_leaves=29
num_cat=1
split_feature=25 25 28 20 16 20 28 13 25 47 46 28 42 15 25 21 30 28 25 33 47 29 20 20 25 25 15 15
split_gain=170.592 37.4043 20.6019 19.9019 14.1486 12.016 11.6691 8.81901 8.5529 6.94005 6.87025 6.45192 5.92741 8.38761 6.56167 5.74042 4.91066 4.84955 3.45143 3.44021 3.34346 3.27588 3.07745 2.83658 2.02173 1.90727 0.639849 0.307399
threshold=17.500000000000004 6.5000000000000009 4.5000000000000009 303.50000000000006 4.5000000000000009 320.50000000000006 11.500000000000002 0 75.500000000000014 -4.4999999999999991 0.97277778387069713 11.500000000000002 13.500000000000002 -1.7499999999999998 9.5000000000000018 33.500000000000007 4.5000000000000009 16.500000000000004 28.500000000000004 -7.4999999999999991 4.5000000000000009 2.5000000000000004 117.50000000000001 395.50000000000006 28.500000000000004 1.5000000000000002 -32.499999999999993 -1.0000000180025095e-35
decision_type=8 10 8 2 10 2 10 9 8 10 8 10 8 8 10 2 10 8 10 8 8 8 2 2 8 10 10 10
left_child=1 11 24 6 5 17 12 15 -9 19 -5 20 13 -3 -14 -7 23 27 -19 -8 22 -22 -1 -12 -2 -23 -24 -4
right_child=2 3 4 10 -6 7 9 8 -10 -11 16 -13 14 -15 -16 -17 -18 18 -20 -21 21 25 26 -25 -26 -27 -28 -29
leaf_value=-0.12101586525404097 0.1010948916576925 -0.018830281390574726 0.033129248230976634 -0.0070389595038347907 -0.018993861886793945 0.040671894839943559 0.0076549917900678036 -0.0078291083679214741 0.041565841459984099 -0.029018803870673328 -0.052149865929861622 -0.032926120750945718 -0.03772664831964196 -0.055388032174899161 0.0160165367650358 0.11408952649330287 -0.066299757277859805 0.044956953542669126 0.099688194346080852 0.023618617764128009 -0.040639995858877169 -0.080661095038299033 -0.074211778558619795 -0.036298309407493096 0.18012585627218677 -0.095607951046327647 -0.075400723676885634 0.0068595450653928212
leaf_weight=46 36 50 26 28 38 53 53 142 81 28 44 33 47 27 93 50 27 241 69 90 39 37 28 57 37 125 28 26
leaf_count=46 36 50 26 28 38 53 53 142 81 28 44 33 47 27 93 50 27 241 69 90 39 37 28 57 37 125 28 26
internal_value=0 -0.00546908 0.00582421 -0.00260206 0.00492314 0.00550367 -0.000456024 0.00303943 0.000835317 0.00300064 -0.00793934 -0.0101108 -0.00317996 -0.00712296 -0.00101103 0.00704591 -0.00967597 0.00772274 0.00856153 0.00457798 -0.0109199 -0.00959503 -0.0135299 -0.00788299 0.0147841 -0.0107034 -0.0107415 0.00272177
internal_weight=0 880 799 544 726 688 388 326 223 171 156 336 217 77 140 103 128 362 310 143 303 201 102 101 73 162 56 52
internal_count=1679 880 799 544 726 688 388 326 223 171 156 336 217 77 140 103 128 362 310 143 303 201 102 101 73 162 56 52
cat_boundaries=0 1
cat_threshold=1073753098
is_linear=0
shrinkage=0.0176943


Tree=11
num_leaves=34
num_cat=1
split_feature=25 25 14 47 20 20 23 21 18 25 21 8 14 25 21 42 50 15 42 20 36 25 23 15 20 23 14 23 23 20 15 42 42
split_gain=136.406 31.6421 17.4875 14.6528 14.7657 16.0856 11.4807 11.4341 11.0302 8.04449 9.05703 7.66355 7.50006 7.26515 5.11239 6.29916 4.45742 4.42381 5.40024 4.30935 3.91353 3.96316 3.30428 3.28584 3.00289 2.98983 2.79689 2.73426 5.61812 2.14716 1.82472 0.619448 0.30469
threshold=9.5000000000000018 19.500000000000004 1.0000000180025095e-35 -8.4999999999999982 59.500000000000007 287.50000000000006 -1.0000000180025095e-35 29.500000000000004 2.5000000000000004 5.5000000000000009 26.500000000000004 0 1.5000000000000002 26.500000000000004 27.500000000000004 11.500000000000002 0.44949495792388922 -3.2499999999999996 11.500000000000002 473.50000000000006 1.2500000000000002 23.500000000000004 -0.23500000685453412 -1.7499999999999998 424.50000000000006 -1.4150000214576719 1.5000000000000002 -2.2499999999999996 -7.819999933242797 232.50000000000003 -2.7499999999999996 26.500000000000004 9.5000000000000018
decision_type=8 10 8 8 2 2 10 2 8 10 2 9 10 10 2 10 8 8 8 2 8 10 8 8 2 10 10 10 8 2 8 8 10
left_child=8 3 13 -2 12 7 -7 -6 9 27 -11 19 -5 14 -3 -16 -10 18 -12 23 26 -22 24 -4 -18 -19 -13 28 -1 -29 -30 -15 -14
right_child=1 2 11 4 5 6 -8 -9 16 10 17 20 32 31 15 -17 22 25 -20 -21 21 -23 -24 -25 -26 -27 -28 29 30 -31 -32 -33 -34
leaf_value=-0.077993486576913976 0.042053140255795977 0.013570887287680102 -0.015138867524049759 0.0059662582381369176 0.037619784172586594 0.0062716585992479718 -0.061571319717874329 0.0052492139045337985 -0.11653402433780399 -0.052916895969722648 -0.064457882644070416 0.072609310975796426 -0.027859968594169313 0.12100469256512483 0.049982878496022017 0.066627515913825777 -0.081132595043303779 -0.028371309482987363 0.039378885298380774 -0.029003732894207768 -0.016363790877390771 0.054598465107727652 -0.082980553203957599 0.031260045541103426 -0.088171702643514829 -0.0094256810767259468 0.069204135374576065 -0.078868243469740973 -0.0036868112518995337 -0.073512933519491466 -0.071250494152749588 0.12177561670015721 -0.034097793010132889
leaf_weight=29 42 26 27 32 141 147 88 147 44 33 34 35 26 42 31 30 45 27 27 49 31 162 48 66 28 47 35 43 33 27 26 35 26
leaf_count=29 42 26 27 32 141 147 88 147 44 33 34 35 26 42 31 30 45 27 27 49 31 162 48 66 28 47 35 43 33 27 26 35 26
internal_value=0 0.00351558 0.0065614 0.000845168 0.000145747 0.00125177 -0.00218347 0.00405482 -0.00753165 -0.00564466 -0.0029489 0.00458731 -0.00674006 0.011436 0.00793121 0.0107313 -0.0112595 -0.000917416 0.00261028 0.000931219 0.00628679 0.00522555 -0.00950458 0.00323416 -0.0118757 -0.00382538 0.0101099 -0.00851075 -0.00643371 -0.0111209 -0.00329849 0.0153948 -0.0108872
internal_weight=0 1218 569 649 607 523 235 288 491 326 168 405 84 164 87 61 165 135 61 142 263 193 121 93 73 74 70 158 88 70 59 77 52
internal_count=1709 1218 569 649 607 523 235 288 491 326 168 405 84 164 87 61 165 135 61 142 263 193 121 93 73 74 70 158 88 70 59 77 52
cat_boundaries=0 1
cat_threshold=2401
is_linear=0
shrinkage=0.0176943


Tree=12
num_leaves=30
num_cat=2
split_feature=25 20 25 28 28 25 2 28 15 19 19 19 19 16 48 20 16 22 19 25 20 27 25 16 6 19 28 25 25
split_gain=145.443 30.566 21.6453 14.7498 17.7843 14.019 12.0004 11.7156 9.69478 7.27783 7.23404 6.77358 6.09278 5.9236 5.30618 4.51936 4.42224 3.89389 3.87201 6.22886 3.25016 3.15723 2.62217 2.57331 2.23854 1.92666 1.23074 0.935555 0.190243
threshold=12.500000000000002 277.50000000000006 6.5000000000000009 19.500000000000004 1.0000000180025095e-35 30.500000000000004 0 17.500000000000004 -12.499999999999998 3.5000000000000004 132.50000000000003 18.500000000000004 8.5000000000000018 40.000000000000007 0.23904761672019961 47.500000000000007 0.75000000000000011 0.75000000000000011 101.00000000000001 43.500000000000007 417.50000000000006 1.0000000180025095e-35 42.500000000000007 7.2500000000000009 1 15.500000000000002 15.500000000000002 28.500000000000004 20.500000000000004
decision_type=8 2 10 10 8 8 9 10 10 10 10 10 10 8 8 2 10 10 8 10 2 8 10 10 9 10 8 8 10
left_child=2 3 10 4 27 11 8 9 -6 -4 13 24 -8 21 -11 -16 28 -13 19 -7 -20 -1 -22 -23 -3 -15 -26 -2 -5
right_child=1 5 7 16 6 18 12 -9 -10 14 -12 17 -14 25 15 -17 -18 -19 20 -21 22 23 -24 -25 26 -27 -28 -29 -30
leaf_value=-0.03006765519316185 0.11463500521444493 0.00627724784010245 -0.037831364729977425 0.048519667411987932 0.072061729863847138 0.050805351987893863 0.030211225870137786 0.039278167766662625 0.016702110211247383 -0.035937690920397378 -0.007047995978226358 -0.058600170444319068 -0.014818911286602123 -0.13069833948340276 -0.034917905458785654 -0.0044503218840589538 0.047664501635252765 -0.010252017257971273 0.0039289169351818922 -0.052107040545841199 0.075508699207137889 -0.071761128958615986 0.056605403533489196 -0.081920306768393195 -0.038472151643559847 -0.09383597522749626 0.015068648970609538 0.24679311676860433 0.10047653775298135
leaf_weight=42 31 30 37 30 77 26 88 27 168 39 29 48 97 33 37 182 41 41 50 26 105 103 68 101 26 28 28 26 47
leaf_count=42 31 30 37 30 77 26 88 27 168 39 29 48 97 33 37 182 41 41 50 26 105 103 68 101 26 28 28 26 47
internal_value=0 0.00468819 -0.00591594 0.00728234 0.00592221 0.00118486 0.00469095 -0.00263759 0.00714688 -0.00365871 -0.00905757 -0.0027614 0.00099809 -0.00985551 -0.00260605 -0.00153506 0.012895 -0.00616264 0.00366743 -0.000680416 0.00468128 -0.00863108 0.00582964 -0.00954067 0.000842487 -0.0147917 -0.00131047 0.0152089 0.0153948
internal_weight=0 1053 658 605 487 448 430 322 245 295 336 173 185 307 258 219 118 89 275 52 223 246 173 204 84 61 54 57 77
internal_count=1711 1053 658 605 487 448 430 322 245 295 336 173 185 307 258 219 118 89 275 52 223 246 173 204 84 61 54 57 77
cat_boundaries=0 1 2
cat_threshold=81927 1
is_linear=0
shrinkage=0.0176943


Tree=13
num_leaves=25
num_cat=2
split_feature=1 26 28 28 26 7 34 28 46 42 19 46 19 32 42 48 33 48 33 48 32 46 42 19
split_gain=101.638 37.0888 31.4168 29.4825 17.5219 17.0057 12.0315 9.37157 8.35787 7.23016 4.66186 4.55994 6.40345 4.50062 4.44451 4.23981 5.92196 3.45833 3.39073 2.9993 2.21915 2.13611 1.10755 0.0698989
threshold=0 1.0000000180025095e-35 1.5000000000000002 12.500000000000002 1.0000000180025095e-35 1 5.5000000000000009 19.500000000000004 0.97419247031211864 13.500000000000002 82.000000000000014 0.98742088675498974 12.500000000000002 0.58619046211242687 17.500000000000004 0.18301435559988025 -8.4999999999999982 0.92980295419693004 -1.0000000180025095e-35 0.39433813095092779 0.96238207817077648 0.98726060986518871 3.5000000000000004 13.500000000000002
decision_type=9 10 8 8 10 9 8 10 8 10 10 8 10 10 10 8 10 8 8 10 8 8 10 10
left_child=4 2 21 6 7 14 8 11 -4 -7 20 15 18 -8 -5 -1 -17 -3 -13 -14 -6 -2 23 -22
right_child=1 17 3 5 10 9 13 -9 -10 -11 -12 12 19 -15 -16 16 -18 -19 -20 -21 22 -23 -24 -25
leaf_value=0.01003492349685233 0.17785186410260032 -0.030542200025293134 0.027148841507912129 0.074742902259881436 -0.075887367248288859 0.010921118111031743 -0.027686962170740986 0.016582157282155573 -0.039115520481479205 0.029437491338078953 -0.054720263376493244 -0.05234276194130847 -0.053901406311592966 -0.11206038040651618 0.066351055633476028 -0.037637612307674963 -0.0038096514311402878 -0.11777383195325543 -0.069810811035621881 -0.019444902278366545 -0.14124903267740296 0.1023852152786251 -0.088184339328545025 -0.14794675090519691
leaf_weight=27 38 26 51 186 26 548 28 28 57 91 35 33 59 44 34 43 47 37 44 58 26 35 28 26
leaf_count=27 38 26 51 186 26 548 28 28 57 91 35 33 59 44 34 43 47 37 44 58 26 35 28 26
internal_value=0 0.00279224 0.00356428 0.00277588 -0.00678871 0.00414029 -0.00373529 -0.00474968 0 0.00253551 -0.012172 -0.00563244 -0.00729631 -0.00933765 0.00830833 -0.00287323 -0.00471806 -0.0103906 -0.0112589 -0.00468791 -0.0140209 0.0147841 -0.015481 -0.0170113
internal_weight=0 1175 1112 1039 480 859 180 339 108 639 141 311 194 72 220 117 90 63 77 117 106 73 80 52
internal_count=1655 1175 1112 1039 480 859 180 339 108 639 141 311 194 72 220 117 90 63 77 117 106 73 80 52
cat_boundaries=0 1 2
cat_threshold=268560415 19422474
is_linear=0
shrinkage=0.0176943


Tree=14
num_leaves=29
num_cat=3
split_feature=22 17 2 16 13 23 13 49 23 27 20 37 33 20 17 22 37 28 17 28 33 21 22 20 20 46 20 28
split_gain=103.459 41.7014 20.2247 18.0786 17.9857 14.9053 10.0743 10.9517 8.98825 8.13819 6.91451 6.65907 5.53127 4.86105 4.21719 3.60048 4.34656 6.77769 3.10591 3.03067 2.54654 2.39642 2.24091 2.17828 1.85064 0.762902 0.711868 0.592871
threshold=5.5000000000000009 12.500000000000002 0 19.500000000000004 1 -4.7499999999999991 2 14.500000000000002 -0.93000000715255726 1.5000000000000002 351.50000000000006 3.5000000000000004 -7.4999999999999991 304.50000000000006 5.5000000000000009 20.750000000000004 6.5000000000000009 5.5000000000000009 5.5000000000000009 14.500000000000002 -10.499999999999998 31.500000000000004 11.414999961853029 130.50000000000003 258.50000000000006 0.59677821397781383 115.50000000000001 1.5000000000000002
decision_type=10 10 9 8 9 10 9 10 8 10 2 10 8 2 10 10 8 10 10 8 10 2 10 2 2 10 2 8
left_child=1 2 6 9 8 24 19 10 18 11 -8 14 -7 -10 22 16 -11 -18 -4 -1 25 -21 -2 -3 -6 -5 -22 -25
right_child=3 23 4 20 5 12 7 -9 13 15 -12 -13 -14 -15 -16 -17 17 -19 -20 21 26 -23 -24 27 -26 -27 -28 -29
leaf_value=0.030684278271015684 -0.086319872912308623 0.13177716534638928 -0.065398940250118609 -0.099204864760333689 0.14404750927292581 0.029762327531021357 0.026789748762586631 0.060570829282484737 0.036233209690405166 -0.075383512150522192 -0.010957905563117305 0.014708805237728488 -0.029755635066947533 0.017053538832342757 0.009014657897916098 -0.024816381349919561 -0.073891021048884939 -0.00078826155515643044 0.0033049046311792556 0.058227705562149276 -0.14454603557647233 0.096497097362746143 -0.028472762203264106 0.13059033770991924 0.022187413793147859 -0.072937111898652693 -0.10497388910948831 0.082214571081378668
leaf_weight=33 37 27 27 38 27 26 206 45 78 41 130 31 225 107 35 40 32 26 26 45 28 28 79 29 27 26 26 43
leaf_count=33 37 27 27 38 27 26 206 45 78 41 130 31 225 107 35 40 32 26 26 45 28 28 79 29 27 26 26 43
internal_value=0 0.00315015 0.00209581 -0.00697278 -0.000287964 -0.00308939 0.0046638 0.00312245 0.00328189 -0.00479552 0.00210641 -0.0023332 -0.00500499 0.00526023 -0.00386676 -0.00801926 -0.00982939 -0.00671073 -0.00300423 0.00945666 -0.012895 0.0123605 -0.00549096 0.0141186 0.00524199 -0.0105047 -0.015726 0.0157266
internal_weight=0 1129 1030 439 543 305 487 381 238 321 336 182 251 185 151 139 99 58 53 106 118 73 116 99 54 64 54 72
internal_count=1568 1129 1030 439 543 305 487 381 238 321 336 182 251 185 151 139 99 58 53 106 118 73 116 99 54 64 54 72
cat_boundaries=0 1 2 3
cat_threshold=312442 42214777 134223160
is_linear=0
shrinkage=0.0176943


Tree=15
num_leaves=35
num_cat=1
split_feature=25 25 20 19 20 13 39 35 35 35 20 25 20 25 48 20 20 46 39 20 20 19 19 25 20 19 14 40 19 19 20 19 20 14
split_gain=133.17 26.9717 24.9249 16.3184 15.6819 12.4911 8.0735 8.32611 7.77338 7.70668 7.20567 6.28904 7.5744 5.65468 9.18848 5.57095 10.5045 9.87103 5.05198 4.58442 4.14177 3.90385 3.54141 3.47052 3.80179 3.28744 2.92501 2.71334 2.04878 1.65307 1.14247 0.640415 0.545685 0.336752
threshold=15.500000000000002 7.5000000000000009 338.50000000000006 190.50000000000003 77.500000000000014 0 0.25166666507720953 18.500000000000004 17.500000000000004 13.500000000000002 32.500000000000007 51.500000000000007 539.50000000000011 4.5000000000000009 0.74352160096168529 54.500000000000007 218.50000000000003 0.33060109615325933 0.60609558224678051 210.50000000000003 159.50000000000003 44.500000000000007 16.500000000000004 23.500000000000004 488.50000000000006 13.500000000000002 1.0000000180025095e-35 -7.4999999999999991 103.00000000000001 342.00000000000006 554.50000000000011 40.500000000000007 626.50000000000011 51.500000000000007
decision_type=8 10 2 8 2 9 8 8 10 10 2 10 2 10 10 2 2 10 10 2 2 10 10 10 2 10 8 10 8 8 2 8 2 10
left_child=1 10 4 9 18 19 26 -8 15 23 33 12 29 14 22 -3 17 -17 28 31 -15 -18 -12 -4 -25 -16 -7 -22 -2 -5 -13 -6 -14 -1
right_child=2 8 3 11 5 6 7 -9 -10 -11 13 30 32 20 25 16 21 -19 -20 -21 27 -23 -24 24 -26 -27 -28 -29 -30 -31 -32 -33 -34 -35
leaf_value=-0.07784529182057584 -0.0084845736470216312 -0.039089010655898121 -0.063544996585765581 0.047151070346740306 0.0059356574516587421 0.12956083256051676 0.0050233179030709308 0.068275117892571097 0.02675288398725046 0.039420355445143038 -0.07903603907465645 0.045558499973468954 0.05628399082160436 -0.01572167633514648 -0.0074424587099630049 0.028683231645412841 -0.054650003028227194 -0.015177618803574447 0.015495400549784859 0.070014321768038193 -0.053038261284902924 -0.01795615399381657 -0.085611497108819476 0.016499766719633262 -0.052227808684063091 -0.091017481607804721 0.07507885347560081 -0.066537611578260852 -0.0040381553519094251 -0.0094780857179001341 -0.03713499610474557 -0.011372494173773524 0.092974892097014886 -0.097251947429574576
leaf_weight=26 29 51 48 28 35 52 45 241 37 35 63 28 33 50 34 71 91 79 34 41 67 54 54 32 40 29 27 35 28 47 28 29 45 28
leaf_count=26 29 51 48 28 35 52 45 241 37 35 63 28 33 50 34 71 91 79 34 41 67 54 54 32 40 29 27 35 28 47 28 29 45 28
internal_value=0 -0.00577531 0.0041892 0.00058331 0.00652881 0.00783052 0.00929519 0.00816636 -0.0024485 -0.00376697 -0.00907615 0.00380962 0.0056665 -0.0081008 -0.0102229 -0.00327285 -0.00233918 0.000943635 -0.000194406 0.00169237 -0.00558738 -0.00573507 -0.0131564 -0.00589771 -0.00344017 -0.00477405 0.0145572 -0.00763225 -0.00341421 0.00165128 -0.00126368 -0.00110573 0.00952675 -0.0150708
internal_weight=0 769 925 364 561 470 365 286 383 155 386 209 153 332 180 346 295 150 91 105 152 145 117 120 72 63 79 102 57 75 56 64 78 54
internal_count=1694 769 925 364 561 470 365 286 383 155 386 209 153 332 180 346 295 150 91 105 152 145 117 120 72 63 79 102 57 75 56 64 78 54
cat_boundaries=0 2
cat_threshold=805839170 4
is_linear=0
shrinkage=0.0176943


Tree=16
num_leaves=30
num_cat=1
split_feature=24 17 32 17 7 32 32 46 21 47 32 47 32 15 39 15 26 26 39 32 41 32 39 14 15 46 46 39 30
split_gain=101.558 30.4909 23.481 18.5644 11.7545 9.5876 9.52574 7.57521 10.2754 7.03458 5.9711 5.61823 5.14447 4.49714 4.06596 6.49857 3.45563 3.31329 2.79313 2.30766 2.1666 2.128 2.04998 4.36055 1.91494 2.39546 1.62371 0.807441 0.604633
threshold=0.58500000834465038 6.5000000000000009 1.0000000180025095e-35 4.5000000000000009 0 0.49263271689414984 0.96238207817077648 0.97036874294281017 29.500000000000004 -3.4999999999999996 0.83438816666603099 -11.499999999999998 0.22305141389369967 -10.749999999999998 0.94543650746345531 -2.7499999999999996 1.5000000000000002 1.0000000180025095e-35 0.57659712433815014 0.67936623096466076 4.2500000000000009 0.46225070953369146 0.10300619155168535 66.500000000000014 -0.74999999999999989 0.26332546770572668 0.40660224854946142 0.46201923489570623 1.5000000000000002
decision_type=10 8 8 10 9 10 10 8 2 10 10 10 8 8 10 8 10 10 8 8 8 10 10 8 8 10 10 8 10
left_child=1 12 27 5 7 16 10 21 -9 11 -6 18 -1 -14 15 -15 22 24 -5 -20 -8 -4 23 -2 25 -7 -19 -3 -28
right_child=3 2 4 9 6 17 20 8 -10 -11 -12 -13 13 14 -16 -17 -18 26 19 -21 -22 -23 -24 -25 -26 -27 28 -29 -30
leaf_value=0.02519887716734831 -0.018812373381463868 0.15489619477734212 0.061632038987602708 -0.030411698001752904 0.011445007767749099 -0.021791150514510846 -0.002966476674902946 -0.0046838108570191033 0.06580141167683029 -0.029402669066141359 0.044033835930069279 0.026171797138918571 0.0018529519685123342 -0.036588338457608179 -0.036315383777899522 -0.002562110778889425 -0.12948048299075432 -0.063557799732459327 0.018018846394823904 -0.011450813256815304 -0.021049303152079566 0.056675223409967758 -0.012009970863991472 -0.064460137073660509 -0.067851277508527846 -0.072472488959853171 -0.11729984134209234 0.12232793571787241 -0.087866303834335899
leaf_weight=32 41 35 30 37 455 29 26 64 110 31 42 31 38 52 26 52 37 43 28 86 27 43 44 46 32 40 28 28 42
leaf_count=32 41 35 30 37 455 29 26 64 110 31 42 31 38 52 26 52 37 43 28 86 27 43 44 46 32 40 28 28 42
internal_value=0 0.00303805 0.00448525 -0.00609626 0.00366314 -0.00843008 0.00208536 0.00681587 0.00508433 -0.00191057 0.00288373 -0.000583293 -0.00318484 -0.00442336 -0.00598847 -0.00442323 -0.0052659 -0.0109138 -0.00199196 -0.000620794 -0.00500708 0.0118757 -0.00391681 -0.00549083 -0.0085837 -0.00692307 -0.0129958 0.0148839 -0.0146594
internal_weight=0 1060 860 595 797 382 550 247 174 213 497 182 200 168 130 104 168 214 151 114 53 73 131 87 101 69 113 63 70
internal_count=1655 1060 860 595 797 382 550 247 174 213 497 182 200 168 130 104 168 214 151 114 53 73 131 87 101 69 113 63 70
cat_boundaries=0 1
cat_threshold=13632811
is_linear=0
shrinkage=0.0176943


Tree=17
num_leaves=35
num_cat=2
split_feature=25 25 7 42 7 41 49 50 16 29 25 25 48 48 21 21 21 25 48 46 49 46 49 42 21 48 35 21 35 16 21 35 42 21
split_gain=120.857 35.3949 18.2346 15.2874 13.9261 11.2031 10.4038 9.66296 10.3658 12.3717 9.08885 9.20278 6.02256 5.86468 5.47201 5.15218 5.00079 4.60826 4.39945 5.45318 6.28302 4.32089 4.27486 3.20316 2.75898 2.24167 1.72824 1.62291 1.51232 1.19525 2.9289 0.881277 0.878979 0.747239
threshold=19.500000000000004 7.5000000000000009 0 15.500000000000002 1 1.0000000180025095e-35 5.5000000000000009 0.21111111342906955 9.2500000000000018 9.5000000000000018 26.500000000000004 34.500000000000007 0.7379862666130067 0.49735587835311895 36.500000000000007 26.500000000000004 36.500000000000007 15.500000000000002 0.93288287520408641 0.97752526402473461 1.0000000180025095e-35 0.047845978289842613 21.500000000000004 5.5000000000000009 28.500000000000004 0.093073595315217986 19.500000000000004 35.500000000000007 14.500000000000002 1.0000000180025095e-35 29.500000000000004 17.500000000000004 6.5000000000000009 29.500000000000004
decision_type=8 10 9 10 9 8 10 10 8 8 8 10 10 8 2 2 2 10 10 10 10 10 8 10 2 8 10 2 8 8 2 8 8 2
left_child=1 7 16 4 6 21 -3 8 13 32 22 15 14 -1 -6 -12 26 28 19 20 -9 -4 25 -15 -14 -7 29 -13 -5 -2 -31 -8 -10 -23
right_child=2 3 5 17 12 10 31 18 9 -11 11 27 24 23 -16 -17 -18 -19 -20 -21 -22 33 -24 -25 -26 -27 -28 -29 -30 30 -32 -33 -34 -35
leaf_value=-0.09462054276891331 0.069055062713364312 0.035655570500427711 0.10255185205586539 0.028882876163973489 -0.024958640425892471 0.0037561144517882362 -0.02534068140824729 -0.1301678231032245 -0.092153419936517877 -0.0036197412726488216 0.019317361515490558 0.016393862709805845 -0.030714794929324579 0.0082816878507321352 0.018507256679344958 0.089592339519868724 0.032789005094064613 0.011490022456903261 -0.095129404651489308 -0.086419685781960631 -0.044854100017588661 0.032571363696584553 -0.0140343414450383 -0.054368287741528826 -0.037340889340889853 -0.004586618282061518 0.05537137472476953 -0.020901398243938624 0.048436135982289498 0.086159417890131568 0.12472105267800565 0.0040339197711999003 -0.065820543040782276 0.061596911210379107
leaf_weight=30 36 45 32 26 287 29 28 37 32 29 53 98 28 72 45 134 37 44 29 49 49 29 39 29 55 41 30 36 28 61 49 29 34 30
leaf_count=30 36 45 32 26 287 29 28 37 32 29 53 98 28 72 45 134 37 44 29 49 49 29 39 29 55 41 30 36 28 61 49 29 34 30
internal_value=0 -0.00399658 0.00544804 -0.00135222 -0.00256682 0.00343217 0.00315946 -0.00816642 -0.0057935 -0.0102432 0.00230432 0.00380334 -0.00395511 -0.00256618 -0.0029845 0.00633939 0.00975928 0.0050551 -0.011436 -0.0100917 -0.00740624 0.00913803 -0.00211016 -0.000525515 -0.00831341 0.00050547 0.0114606 0.000264065 0.00851826 0.0106645 0.0115809 -0.00155189 -0.0144755 0.00629714
internal_weight=0 1005 734 615 517 521 102 390 226 95 430 321 415 131 332 187 213 98 164 135 86 91 109 101 83 70 176 134 54 146 110 57 66 59
internal_count=1739 1005 734 615 517 521 102 390 226 95 430 321 415 131 332 187 213 98 164 135 86 91 109 101 83 70 176 134 54 146 110 57 66 59
cat_boundaries=0 1 2
cat_threshold=4736444 4214536
is_linear=0
shrinkage=0.0176943


Tree=18
num_leaves=29
num_cat=2
split_feature=14 7 15 23 35 13 20 28 20 19 28 30 23 19 19 35 19 46 17 30 47 15 21 15 17 41 19 28
split_gain=132.413 39.3084 20.1559 18.7558 15.5093 14.562 15.3032 13.6301 11.7555 10.0354 8.79729 12.1669 8.52286 10.4527 8.32284 8.03922 5.74868 5.4051 4.51179 4.26027 5.86004 4.10404 3.7986 3.31221 3.1862 3.14619 2.51551 0.78668
threshold=7.2500000000000009 0 -34.499999999999993 -1.8199999928474424 12.500000000000002 1 220.50000000000003 3.5000000000000004 74.500000000000014 145.00000000000003 18.500000000000004 6.5000000000000009 -5.8350000381469718 88.000000000000014 190.50000000000003 15.500000000000002 196.50000000000003 0.73459121584892284 7.5000000000000009 12.500000000000002 -5.4999999999999991 -1.2499999999999998 28.500000000000004 -5.7499999999999991 8.5000000000000018 8.5000000000000018 37.000000000000007 5.5000000000000009
decision_type=10 9 10 8 8 9 2 8 2 10 8 10 8 10 8 8 10 8 10 8 10 10 2 10 10 8 10 10
left_child=1 7 22 -3 17 15 8 -1 -7 12 11 18 -6 -14 -8 -5 24 23 -9 25 -21 -17 -2 -4 -12 -19 27 -24
right_child=2 3 4 5 9 6 14 10 -10 -11 16 -13 13 -15 -16 21 -18 19 -20 20 -22 -23 26 -25 -26 -27 -28 -29
leaf_value=0.1217726249654278 -0.044895238441470454 -0.066663327983931708 -0.047002927331266819 -0.017150611041251901 -0.1060283054579475 -0.010979943324461732 -0.036254056701047949 0.016548388540803084 0.041281934319008118 -0.046040890083056375 0.096581380515840906 -0.010342305774008161 -0.011238890926425302 0.037333838141995902 0.0041939055093266845 0.058046147777196036 0.023184069140236827 -0.042652694016535021 0.039503330162216556 0.023777081557042831 -0.078303106430156352 0.017258905334270644 -0.1015247414489808 -0.060837674511276592 0.078420414091977017 -0.08376441486573874 -0.10481319759846025 -0.064620810429959999
leaf_weight=48 45 46 31 27 28 64 153 34 121 37 113 41 113 34 144 139 32 46 49 32 37 41 45 33 61 38 34 28
leaf_count=48 45 46 31 27 28 64 153 34 121 37 113 41 113 34 144 139 32 46 49 32 37 41 45 33 61 38 34 28
internal_value=0 0.00338621 -0.00703497 0.000926265 -0.00507309 0.00166925 -7.1923e-05 0.0079349 0.00392126 -0.0016692 0.00686307 0.0031391 0.000101095 0.00180543 -0.00256172 0.00546301 0.00910448 -0.00839836 0.00703442 -0.00659165 -0.00333332 0.0070774 -0.0125716 -0.0127163 0.010372 -0.00926758 -0.0143859 -0.0162383
internal_weight=0 1113 581 735 429 689 482 378 185 212 330 124 175 147 297 207 206 217 83 153 69 180 152 64 174 84 107 73
internal_count=1694 1113 581 735 429 689 482 378 185 212 330 124 175 147 297 207 206 217 83 153 69 180 152 64 174 84 107 73
cat_boundaries=0 1 3
cat_threshold=25906601 1346636812 196
is_linear=0
shrinkage=0.0176943


Tree=19
num_leaves=20
num_cat=3
split_feature=17 28 9 28 28 2 17 14 32 9 21 35 23 23 39 44 35 16 35
split_gain=109.325 35.3862 15.2932 14.3043 13.6556 11.5932 13.9603 10.3793 9.00027 6.7798 6.46991 5.60103 4.40041 4.12203 5.15475 4.05196 3.18313 3.01469 1.29143
threshold=6.5000000000000009 1.0000000180025095e-35 0 9.5000000000000018 9.5000000000000018 1 9.5000000000000018 6.2500000000000009 0.9856107532978059 2 25.500000000000004 16.500000000000004 -0.93000000715255726 -6.2499999999999991 0.98260739445686351 4.5000000000000009 8.5000000000000018 1.0000000180025095e-35 21.500000000000004
decision_type=8 8 9 8 8 9 10 10 10 9 2 10 8 10 8 10 10 8 8
left_child=3 17 12 7 -4 6 -6 -1 11 -7 -9 13 -3 -5 -15 16 -12 -2 -14
right_child=1 2 4 8 5 9 -8 10 -10 -11 15 -13 18 14 -16 -17 -18 -19 -20
leaf_value=-0.0028202350120597394 0.10619644919942321 0.012222498337782 -0.045451112981219045 -0.094735456775631194 -0.035754929058185114 -0.0061409968478679956 0.047924074666143832 -0.047563825139216455 0.028129246519542087 0.030645214944185536 -0.08116732437714945 0.026962047390375624 0.029878399050223148 -0.032828729199723093 -0.018168235829579788 -0.039308120344271204 -0.062319652373791855 0.075501917114970465 0.11034624695293885
leaf_weight=37 45 28 50 42 117 102 34 38 43 487 149 26 37 52 132 46 32 29 48
leaf_count=37 45 28 50 42 117 102 34 38 43 487 149 26 37 52 132 46 32 29 48
internal_value=0 0.0030607 0.00209664 -0.00655005 0.00115011 0.00176941 -0.00252762 -0.00925703 -0.00377867 0.00286531 -0.0104827 -0.00505535 0.00791158 -0.00595008 -0.00480802 -0.0116139 -0.0128058 0.0148234 0.0106156
internal_weight=0 977 903 597 790 740 151 302 295 589 265 252 113 226 184 227 181 74 85
internal_count=1574 977 903 597 790 740 151 302 295 589 265 252 113 226 184 227 181 74 85
cat_boundaries=0 1 2 3
cat_threshold=4211812 6788 41952136
is_linear=0
shrinkage=0.0176943


Tree=20
num_leaves=28
num_cat=1
split_feature=25 17 40 17 43 30 33 30 21 34 43 10 43 25 20 22 25 21 34 20 21 23 25 25 18 22 25
split_gain=151.957 43.1776 17.3826 16.1253 8.30138 7.15929 6.83139 6.62251 5.58644 6.52176 7.6931 5.58004 7.83076 9.91593 5.08355 4.69819 5.38863 4.24867 2.65249 2.58849 2.2759 2.18958 2.16488 2.09387 1.70844 1.22751 1.14468
threshold=21.500000000000004 4.5000000000000009 -10.499999999999998 13.500000000000002 6.2500000000000009 10.500000000000002 -7.4999999999999991 2.5000000000000004 36.500000000000007 3.5000000000000004 2.5000000000000004 0 1.0000000180025095e-35 28.500000000000004 320.50000000000006 10.750000000000002 9.5000000000000018 23.500000000000004 1.0000000180025095e-35 496.50000000000006 32.500000000000007 -0.93000000715255726 24.500000000000004 30.500000000000004 2.5000000000000004 10.750000000000002 34.500000000000007
decision_type=8 10 8 10 8 10 10 8 2 10 8 9 8 8 2 10 10 2 10 2 2 8 10 10 10 10 8
left_child=1 7 -3 11 5 6 -4 24 9 19 -11 20 22 14 -14 16 -6 -15 21 -9 26 -10 -13 -5 25 -1 -2
right_child=3 2 4 23 15 -7 -8 8 18 10 -12 12 13 17 -16 -17 -18 -19 -20 -21 -22 -23 -24 -25 -26 -27 -28
leaf_value=-0.060284808960490266 0.056463718346302497 0.050377617746196639 0.0078355380376171156 0.074169445988572447 0.01091732658133706 0.020702351016172963 -0.014633513019118707 -0.065011233408377056 0.0028305579610178222 0.0050602826344527214 -0.054222557748209776 0.033570150008685129 0.0060010029966884757 -0.0090485168999695654 -0.053504118589728047 -0.089878992742934233 -0.021298535396255841 0.050177068070098405 -0.061033049116093641 -0.084619688682898569 0.078432423920217972 -0.019114079682475204 0.066144504047220748 0.1917350361029623 -0.084368269541464078 -0.096987095861765529 0.070856642220438179
leaf_weight=26 40 34 148 48 34 36 50 248 30 45 55 27 43 31 30 27 147 305 28 37 30 27 40 36 27 26 31
leaf_count=26 40 34 148 48 34 36 50 248 30 45 55 27 43 31 30 27 147 305 28 37 30 27 40 36 27 26 31
internal_value=0 -0.00464363 -0.000743441 0.00623708 -0.00168132 0.000604905 -0.000714883 -0.00802515 -0.00722817 -0.0081346 -0.00424629 0.00518248 0.00407762 0.0032446 -0.00266596 -0.00425327 -0.00322588 0.00452878 -0.00312222 -0.00949877 0.00908562 -0.000931123 0.00977035 0.0134801 -0.0127655 -0.0108872 0.0117119
internal_weight=0 1025 476 661 442 234 198 549 470 385 100 577 476 409 73 208 181 336 85 285 101 57 67 84 79 52 71
internal_count=1686 1025 476 661 442 234 198 549 470 385 100 577 476 409 73 208 181 336 85 285 101 57 67 84 79 52 71
cat_boundaries=0 1
cat_threshold=5424
is_linear=0
shrinkage=0.0176943


Tree=21
num_leaves=28
num_cat=3
split_feature=24 35 13 35 27 9 19 46 23 41 23 19 14 13 19 19 14 19 19 19 26 37 37 46 50 14 14
split_gain=75.7331 25.4569 20.9066 20.7996 15.9334 12.7849 13.54 9.14497 7.18424 6.98792 5.99647 5.21193 10.9821 4.48007 4.43691 4.23475 3.69676 6.04931 3.26057 3.19595 2.1323 2.10556 1.54104 1.02544 0.73573 0.0999577 0.0754955
threshold=0.58500000834465038 1.0000000180025095e-35 0 9.5000000000000018 2.5000000000000004 1 9.5000000000000018 0.9401492476463319 -11.499999999999998 3.5000000000000004 -1.4150000214576719 273.50000000000006 2.2500000000000004 2 12.500000000000002 19.500000000000004 1.0000000180025095e-35 111.00000000000001 11.500000000000002 6.5000000000000009 1.0000000180025095e-35 5.5000000000000009 4.5000000000000009 0.11180555447936059 0.57738095521926891 4.5000000000000009 24.500000000000004
decision_type=10 8 9 8 10 9 10 10 10 8 8 8 8 9 10 10 10 10 10 10 8 8 8 8 10 8 10
left_child=1 23 4 9 11 6 25 8 -5 18 -7 12 -3 -12 22 -8 -10 -18 21 -9 -13 -2 24 -1 -11 -4 -16
right_child=3 2 5 7 -6 10 15 19 16 14 13 20 -14 -15 26 -17 17 -19 -20 -21 -22 -23 -24 -25 -26 -27 -28
leaf_value=0.22385637588115695 -0.021098588946467153 0.042109163157256733 0.037791054932059441 -0.12029398314179503 -0.027158087822677507 -0.041940879842633262 -0.013006846748316925 -0.017202055760028135 -0.052557403191092311 -0.097383554155598157 -0.019661003774907339 0.074996880757803308 0.01146158788843812 0.00046626202538508743 -0.069743853009800502 0.061115145157570744 -0.025493515296866744 0.025029825917613949 -0.0025790232268831682 0.022114842350414048 0.069390564604852614 -0.068557807695392756 -0.075414065728541493 0.12361899406360329 -0.076637713977188215 0.039348602592052313 -0.064533334383175878
leaf_weight=29 29 118 26 34 43 27 31 31 42 30 114 31 191 281 26 29 158 54 26 34 85 27 38 30 26 27 26
leaf_count=29 29 118 26 34 43 27 31 31 42 30 114 31 191 281 26 29 158 54 26 34 85 27 38 30 26 27 26
internal_value=0 0.00279907 0.00213458 -0.0051468 0.00481217 -0.000292191 0.00474694 -0.00245609 -0.00380908 -0.00931246 -0.00172024 0.00595349 0.00475271 -0.00120945 -0.011634 -0.000589705 -0.00278641 -0.00183612 -0.00517832 0.00353842 0.0091516 -0.00758222 -0.0139284 0.0140936 -0.0157963 0.0116832 -0.00748494
internal_weight=0 1062 1003 581 468 535 113 353 288 228 422 425 309 395 146 60 254 212 82 65 116 56 94 59 56 53 52
internal_count=1643 1062 1003 581 468 535 113 353 288 228 422 425 309 395 146 60 254 212 82 65 116 56 94 59 56 53 52
cat_boundaries=0 2 3 5
cat_threshold=3226054076 8198 6292912 68550658 1
is_linear=0
shrinkage=0.0176943


Tree=22
num_leaves=28
num_cat=0
split_feature=25 17 39 14 25 20 39 39 39 20 20 20 39 25 19 24 20 25 19 20 20 20 14 48 20 20 19
split_gain=128.291 21.1662 17.024 15.887 9.19142 13.3155 9.56272 7.62812 6.39574 8.82473 6.91624 6.3948 9.09693 5.77653 5.68722 5.42041 4.5659 4.65857 7.02072 4.20464 4.19733 3.02443 2.77535 2.41836 2.13781 1.92951 0.798081
threshold=11.500000000000002 10.500000000000002 0.17638888955116275 11.250000000000002 23.500000000000004 305.50000000000006 0.98181217908859264 0.65108695626258861 0.78708335757255565 338.50000000000006 407.50000000000006 63.500000000000007 0.035991379991173751 24.500000000000004 12.500000000000002 1.1650000214576723 21.500000000000004 3.5000000000000004 44.500000000000007 400.50000000000006 374.50000000000006 94.500000000000014 62.500000000000007 0.66563147306442272 433.50000000000006 162.50000000000003 10.500000000000002
decision_type=8 10 8 8 8 2 10 10 8 2 2 2 10 10 10 8 2 10 10 2 2 2 8 10 2 2 10
left_child=3 4 26 11 5 6 15 13 -6 21 -11 -1 14 -4 -13 -2 -5 18 23 22 -7 -10 -19 -18 -22 -14 -3
right_child=1 2 7 16 8 20 -8 -9 9 10 -12 12 25 -15 -16 -17 17 19 -20 -21 24 -23 -24 -25 -26 -27 -28
leaf_value=-0.048331033153761818 0.020423975117322642 0.14750320413527901 -0.020441803103265464 -0.054576908546057665 -0.0295021626565296 -0.047263190012647692 -0.021111025448650764 0.055417013402090577 0.009469788610626877 -0.023816512459130051 0.039460023161497208 -0.063578753757574005 0.037777765703793507 0.098038719229307458 -0.0097615027628408547 -0.022537089389861691 -0.10218287710372657 -0.054854860184236666 -0.10577482577444867 -0.064622418262152537 0.020359774378092263 0.083627237671211288 -0.040597758372994008 -0.072074006907293708 -0.038746641839066703 0.0017845225231673317 0.053828593429390698
leaf_weight=38 246 36 36 35 41 44 47 37 28 36 202 26 32 39 32 33 40 155 41 37 26 118 36 48 37 33 26
leaf_count=38 246 36 36 35 41 44 47 37 28 36 202 26 32 39 32 33 40 155 41 37 26 118 36 48 37 33 26
internal_value=0 0.00291473 0.00854168 -0.00764714 0.00177353 -4.08593e-05 0.00173681 0.00442326 0.00362205 0.00433132 0.00223029 -0.00296721 -0.00100691 0.00117948 -0.00610066 0.00298067 -0.00956916 -0.00897085 -0.0116583 -0.00744996 -0.00545671 0.00775598 -0.00639191 -0.0144759 -0.00252743 0.00353842 0.01598
internal_weight=0 1032 174 553 858 433 326 112 425 384 238 161 123 75 58 279 392 357 129 228 107 146 191 88 63 65 62
internal_count=1585 1032 174 553 858 433 326 112 425 384 238 161 123 75 58 279 392 357 129 228 107 146 191 88 63 65 62
is_linear=0
shrinkage=0.0176943


Tree=23
num_leaves=29
num_cat=3
split_feature=1 7 39 14 19 28 33 14 33 7 28 28 39 42 39 41 33 15 34 39 32 29 32 14 39 28 19 19
split_gain=75.4823 41.7918 23.5768 19.525 14.6225 11.1634 9.72848 9.4817 7.52075 6.69765 6.67123 7.50712 5.54016 5.37044 5.24037 5.11469 4.93955 6.59637 6.50567 3.90026 3.88465 3.51534 3.12329 2.36508 2.36476 1.93396 1.00861 0.620351
threshold=0 1 0.94701755046844494 11.250000000000002 522.00000000000011 8.5000000000000018 1.5000000000000002 1.5000000000000002 -2.4999999999999996 2 2.5000000000000004 15.500000000000002 0.98346996307373058 12.500000000000002 0.65108695626258861 4.2500000000000009 -2.4999999999999996 -0.74999999999999989 4.2500000000000009 0.22370500862598422 0.10084745660424234 1.2500000000000002 0.95571896433830272 4.5000000000000009 0.97530490159988414 3.5000000000000004 12.500000000000002 554.50000000000011
decision_type=9 9 8 10 8 8 8 8 10 9 8 8 8 10 10 8 8 8 8 10 10 10 10 10 8 10 10 10
left_child=5 3 7 10 8 6 24 19 9 -4 -2 22 -5 16 23 -8 21 18 -18 -3 -13 -7 -12 -9 -1 -26 -17 -6
right_child=1 2 4 12 27 13 15 14 -10 -11 11 20 -14 -15 -16 26 17 -19 -20 -21 -22 -23 -24 -25 25 -27 -28 -29
leaf_value=-0.069448392825349231 0.1356416864882834 0.073951651379924183 -0.028582467668996515 -0.036899744818261651 0.035616938227504662 -0.045423018056007965 -0.0012130905796291149 0.011459888800720954 -0.085429766114309941 -0.0037816622132758357 0.01688421853536437 0.07667450860994629 0.019070205190058271 0.0052501933161046037 0.044965442721742271 -0.074581154230267552 0.0079000366952187168 0.01027485448835724 -0.050148819194192423 0.045936122365691286 0.069412974733286378 -0.043690203548126069 -0.011253615923032206 -0.0066440389966361509 -0.095054943752971924 -0.079237648484153517 -0.045143025286907335 0.021739336389845192
leaf_weight=26 35 31 115 30 130 30 38 27 34 325 48 132 26 46 33 30 28 32 76 32 110 26 31 41 26 35 27 26
leaf_count=26 35 31 115 30 130 30 38 27 34 325 48 132 26 46 33 30 28 32 76 32 110 26 31 41 26 35 27 26
internal_value=0 0.00311394 0.00070424 0.00763103 -0.000842571 -0.00551392 -0.00894398 0.00668898 -0.00238906 -0.00176939 0.00934396 0.00854375 -0.00189553 -0.00312241 0.00332836 -0.00502848 -0.00442338 -0.00260194 -0.00476348 0.0120756 0.0100898 -0.00884593 0.00380725 0.000520335 -0.0132187 -0.0113113 -0.00838037 0.00385625
internal_weight=0 1206 794 412 630 420 182 164 474 440 356 321 56 238 101 95 192 136 104 63 242 56 79 68 87 61 57 156
internal_count=1626 1206 794 412 630 420 182 164 474 440 356 321 56 238 101 95 192 136 104 63 242 56 79 68 87 61 57 156
cat_boundaries=0 2 3 4
cat_threshold=37926935 64 2697584104 8199
is_linear=0
shrinkage=0.0176943


Tree=24
num_leaves=30
num_cat=4
split_feature=22 13 13 28 28 28 10 22 15 29 48 2 15 28 29 28 28 16 30 39 15 15 39 27 15 48 39 15 22
split_gain=90.848 24.8778 21.8046 14.6674 13.9484 22.5478 10.132 9.32419 7.72198 6.46389 12.9362 5.93072 5.7753 5.36931 5.12143 4.96458 6.03771 4.68738 4.43092 3.64774 3.17141 3.0379 2.34919 1.89677 1.7486 1.4464 1.33379 1.27578 0.774785
threshold=1.1650000214576723 0 1 8.5000000000000018 1.0000000180025095e-35 8.5000000000000018 2 20.750000000000004 -3.2499999999999996 1.0000000180025095e-35 0.85565477609634411 3 -1.2499999999999998 15.500000000000002 1.2500000000000002 1.0000000180025095e-35 10.500000000000002 2.7500000000000004 5.5000000000000009 0.98473194241523754 -2.7499999999999996 -6.4999999999999991 0.90300178527832042 6.5000000000000009 -6.4999999999999991 1.0227272510528567 0.98648402094841015 -11.749999999999998 1.1650000214576723
decision_type=10 9 9 10 8 8 9 10 10 10 10 9 10 10 8 10 10 10 8 8 8 10 8 10 10 8 10 10 8
left_child=1 11 7 9 -3 -6 25 14 -8 10 26 12 -1 18 24 28 -17 27 -5 -18 -20 23 -14 -11 -2 -7 -4 -16 -13
right_child=2 4 3 13 5 6 8 -9 -10 21 -12 15 22 -15 17 16 19 -19 20 -21 -22 -23 -24 -25 -26 -27 -28 -29 -30
leaf_value=-0.0029830881667621142 0.035481060609796916 0.11550495770908081 -0.05908041188100218 -0.0035276824577625079 -0.069594366706120986 0.028219259126882439 0.021612989245127438 -0.060923085074270744 0.037884639907774458 -0.11448287793787081 0.002745625148146834 7.9194557916066998e-05 0.026983582377868399 0.0055697323769934659 -0.023987582764007951 -0.070110380489612364 0.0023738664987576451 -0.027234735225420977 -0.030289897583921453 -0.01756250402796404 -0.02482040557783095 -0.056042390268211173 0.068417944627331154 -0.081559970193129147 0.01096919057160908 0.076730627627946552 -0.051274293653537611 0.032795222659418054 -0.018000786370206381
leaf_weight=53 28 45 160 38 30 34 268 45 136 43 33 99 26 49 28 32 29 45 48 27 43 37 28 55 36 87 34 26 38
leaf_count=53 28 45 160 38 30 34 268 45 136 43 33 99 26 49 28 32 29 45 48 27 43 37 28 55 36 87 34 26 38
internal_value=0 0.00288573 -0.00539338 -0.00720629 0.00498914 0.00430395 0.00515653 -0.000324646 0.00350459 -0.0093846 -0.00756073 -0.00103472 0.00226834 -0.00318085 0.00162822 -0.00263522 -0.00603161 -0.000893564 -0.00507479 -0.00252738 -0.00719376 -0.0124508 0.0065525 -0.0140821 0.00552879 0.00958946 -0.0093028 0.00262098 -0.000645727
internal_weight=0 932 748 540 600 555 525 208 404 362 227 332 107 178 163 225 88 99 129 56 91 135 54 98 64 121 194 54 137
internal_count=1680 932 748 540 600 555 525 208 404 362 227 332 107 178 163 225 88 99 129 56 91 135 54 98 64 121 194 54 137
cat_boundaries=0 2 4 5 6
cat_threshold=880575493 1121 1007780932 5888 1512 16406
is_linear=0
shrinkage=0.0176943


Tree=25
num_leaves=30
num_cat=1
split_feature=22 14 13 42 19 21 37 42 32 29 43 42 19 43 32 48 21 36 23 21 14 19 19 19 48 19 42 32 21
split_gain=102.205 24.5424 16.5726 9.84045 8.74925 8.56929 8.07201 7.56882 6.16773 6.0881 6.00878 5.80706 5.81794 7.26301 5.93636 5.70601 4.75976 4.69989 4.01495 3.97539 3.44364 3.26278 3.09556 1.53426 1.19113 1.09458 1.01333 0.876947 0.0588474
threshold=9.2500000000000018 1.0000000180025095e-35 0 26.500000000000004 3423.5000000000005 29.500000000000004 16.500000000000004 15.500000000000002 0.47634127736091619 1.2500000000000002 1.0000000180025095e-35 8.5000000000000018 5.5000000000000009 1.0000000180025095e-35 0.98095065355300914 0.14434523880481723 34.500000000000007 9.5000000000000018 -7.819999933242797 31.500000000000004 7.2500000000000009 11.500000000000002 11.500000000000002 5.5000000000000009 0.18301435559988025 3.5000000000000004 17.500000000000004 0.92197644710540783 24.500000000000004
decision_type=10 8 9 8 8 2 8 10 10 8 8 10 10 8 8 10 2 8 8 2 10 10 10 10 8 10 10 8 2
left_child=1 3 10 6 7 28 -1 9 -9 -4 15 12 25 -14 -15 21 19 22 -16 27 -17 -3 -12 -8 -19 -2 -25 -5 -6
right_child=11 2 4 16 5 -7 23 8 -10 -11 17 -13 13 14 18 20 -18 24 -20 -21 -22 -23 -24 26 -26 -27 -28 -29 -30
leaf_value=0.016528438416092826 -0.079947959315212966 0.064707446654618042 -0.015853623066067607 0.0086632632319036118 0.0011084505371549353 0.086199833685150967 0.090189821420560937 -0.0064508799582594489 0.031891249798112142 -0.0066334898945050891 -0.040598665534360659 -0.021698146825801099 -0.0047898874690416801 -0.021385620229655046 -0.10731591046038264 0.038550084145643412 -0.0027068586642108026 0.00077809933069097187 -0.067283772426100064 0.076894176852378066 -0.013567186432544504 0.023292011182603493 0.038074920515520104 0.082227456945456412 0.046334113736490302 -0.088215285613203451 0.024398051095947049 0.040420055035952029 -0.012527128212077274
leaf_weight=33 28 30 174 40 29 42 26 30 41 293 32 37 37 38 36 28 28 29 119 28 26 30 28 26 161 26 28 27 41
leaf_count=33 28 30 174 40 29 42 26 30 41 293 32 37 37 38 36 28 28 29 119 28 26 30 28 26 161 26 28 27 41
internal_value=0 0.00220823 0.00101209 0.00734738 -0.000697036 0.00379136 0.0111169 -0.00164442 0.00373781 -0.00246275 0.00397403 -0.00898472 -0.00984372 -0.00861605 -0.00999274 0.00744971 0.00388386 0.00254789 -0.0115292 0.00577345 0.00327623 0.011205 -0.00176918 0.0141541 0.0039112 -0.0150708 0.0124498 0.00343281 0
internal_weight=0 1250 1014 236 650 112 113 538 71 467 364 321 284 230 193 114 123 250 155 95 54 60 60 80 190 54 54 67 70
internal_count=1571 1250 1014 236 650 112 113 538 71 467 364 321 284 230 193 114 123 250 155 95 54 60 60 80 190 54 54 67 70
cat_boundaries=0 2
cat_threshold=201527076 227
is_linear=0
shrinkage=0.0176943


Tree=26
num_leaves=26
num_cat=2
split_feature=24 28 28 28 8 28 24 35 39 32 47 2 27 28 32 39 35 50 14 14 24 39 39 39 39
split_gain=91.6342 24.0183 23.8561 37.0181 20.9121 12.1669 12.0227 11.2767 9.5759 9.43109 9.17556 8.98507 6.32769 5.70056 4.99505 4.40646 3.61999 3.24288 3.01569 2.69572 2.69326 2.38412 2.01257 1.58308 1.26611
threshold=0.58500000834465038 16.500000000000004 1.0000000180025095e-35 16.500000000000004 0 7.5000000000000009 1.5699999928474428 11.500000000000002 0.98620623350143444 0.92899158596992504 -2.4999999999999996 1 1.0000000180025095e-35 7.5000000000000009 0.85092595219612133 0.40422534942626959 13.500000000000002 0.68333333730697643 10.500000000000002 23.500000000000004 1.0000000180025095e-35 0.42940199375152593 0.55396828055381786 0.98473194241523754 0.28253507614135748
decision_type=10 10 8 8 9 10 10 10 8 8 8 9 8 10 10 8 10 8 8 8 8 10 8 8 10
left_child=2 6 22 5 9 12 7 8 -2 24 -7 18 -4 14 17 -13 -12 -8 -6 -10 -11 -16 -1 -15 -5
right_child=1 -3 3 4 11 10 13 -9 19 20 16 15 -14 23 21 -17 -18 -19 -20 -21 -22 -23 -24 -25 -26
leaf_value=0.1392238674394628 -0.062716875390110421 0.045837249585235072 -0.028759813659293185 0.1060745004479383 0.042309570283121455 0.024476356262115348 -0.033565605044141709 0.026330935585261651 -0.0031082763330694259 0.027625048580024264 -0.021064391967833954 0.03450881213300204 -0.078488312879868627 -0.044753259440845412 -0.027398445034631576 -0.0070483949385313806 0.0066927394553878312 -0.04207111129306771 0.037441664918836291 -0.052529356524701629 0.085234258555746317 -0.073544575116287994 0.12644186095368612 -0.075192575948478627 0.051809834496658151
leaf_weight=35 48 44 35 39 59 28 43 38 78 129 120 29 38 28 27 238 63 112 155 58 57 75 29 36 31
leaf_count=35 48 44 35 39 59 28 43 38 78 129 120 29 38 28 27 238 63 112 155 58 57 75 29 36 31
internal_value=0 -0.00533533 0.00334313 0.00268618 0.00477764 -0.00274129 -0.0063542 -0.00318804 -0.00500034 0.00878036 -0.000586984 0.00241445 -0.00896739 -0.00854375 -0.00736665 0.000191623 -0.0020304 -0.00536509 0.00505533 -0.00260194 0.00703936 -0.0104076 0.013822 -0.0132691 0.0146594
internal_weight=0 587 1085 1021 737 284 543 222 184 256 211 481 73 321 257 267 183 155 214 136 186 102 64 64 70
internal_count=1672 587 1085 1021 737 284 543 222 184 256 211 481 73 321 257 267 183 155 214 136 186 102 64 64 70
cat_boundaries=0 1 2
cat_threshold=14232 81978
is_linear=0
shrinkage=0.0176943


Tree=27
num_leaves=24
num_cat=2
split_feature=3 28 28 9 19 32 19 27 19 32 14 15 43 28 19 19 19 43 19 23 36 14 14
split_gain=77.6177 35.8778 26.7919 18.9725 14.4685 10.5279 9.32687 8.74278 8.10501 5.7441 4.22387 9.1883 3.58046 3.21885 3.092 3.04481 2.76536 2.22995 1.367 1.171 2.01357 0.68883 0.0719331
threshold=0 16.500000000000004 1.0000000180025095e-35 1 154.50000000000003 0.8015151619911195 211.00000000000003 5.5000000000000009 5.5000000000000009 0.48240740597248083 4.5000000000000009 -1.0000000180025095e-35 9.5000000000000018 8.5000000000000018 5.5000000000000009 281.00000000000006 18.500000000000004 1.0000000180025095e-35 261.00000000000006 -2.7499999999999996 3.5000000000000004 55.250000000000007 1.5000000000000002
decision_type=9 10 8 9 8 8 8 10 8 10 10 10 8 8 10 10 10 8 8 8 8 8 8
left_child=5 2 17 6 7 -1 14 -5 22 12 11 -11 -10 19 -4 -6 -15 -2 -8 -7 -21 -18 -3
right_child=1 8 3 4 15 13 18 -9 9 10 -12 -13 -14 16 -16 -17 21 -19 -20 20 -22 -23 -24
leaf_value=-0.014571214129796933 0.14603392618459057 0.067349418281548154 -0.063014155366510657 0.0040092713675518163 0.047326557325069483 -0.097715619594711145 0.054921285320361474 -0.048524064818482773 0.052495840239572267 -0.012965199447393065 0.042443836772970832 0.015487343817605179 0.048157299438955505 -0.037151228226394155 -0.036613292525718613 0.0041990097187156843 -0.12393880347229304 0.084140596532786896 -0.020664755625390746 -0.05340027695403942 -0.076677380170398407 -0.061871767169216253 0.051183038798500287
leaf_weight=43 30 26 46 604 215 34 33 81 38 36 30 41 26 27 90 61 26 31 41 29 33 26 26
leaf_count=43 30 26 46 604 215 34 33 81 38 36 30 41 26 27 90 61 26 31 41 29 33 26 26
internal_value=0 0.00163052 0.000459587 -0.000135991 0.000929349 -0.00946766 -0.00482554 -0.00043912 0.0081724 0.0063117 0.00380316 0.00160839 0.0105047 -0.0118294 -0.00780585 0.00435933 -0.00918221 0.0118914 0 -0.0140069 -0.0125557 -0.0115676 0.0142895
internal_weight=0 1455 1232 1171 961 218 210 685 223 171 107 77 64 175 136 276 79 61 74 96 62 52 52
internal_count=1673 1455 1232 1171 961 218 210 685 223 171 107 77 64 175 136 276 79 61 74 96 62 52 52
cat_boundaries=0 4 5
cat_threshold=1154483786 50248 0 32768 346104323
is_linear=0
shrinkage=0.0176943


Tree=28
num_leaves=32
num_cat=3
split_feature=24 17 17 4 14 20 0 49 32 49 32 32 20 24 26 49 20 17 43 14 24 32 17 20 14 20 34 20 49 20 6
split_gain=74.995 23.1982 17.7775 11.8765 10.4386 12.1461 9.30207 7.75561 7.02035 5.81677 4.86639 4.65792 6.55209 4.47125 4.0387 3.90961 3.70011 3.54168 3.22114 3.01508 4.14276 2.24401 3.18471 2.22404 5.94526 4.11939 2.13656 1.92222 1.13383 1.32955 0.896806
threshold=0.76500001549720775 11.500000000000002 3.5000000000000004 0 7.2500000000000009 288.50000000000006 1 13.500000000000002 0.97350877523422252 8.5000000000000018 0.98581486940383922 0.18795289844274524 100.50000000000001 -1.0000000180025095e-35 1.0000000180025095e-35 4.5000000000000009 242.50000000000003 15.500000000000002 1.0000000180025095e-35 21.500000000000004 1.5699999928474428 0.87638887763023388 4.5000000000000009 169.50000000000003 24.500000000000004 326.50000000000006 6.5000000000000009 313.50000000000006 13.500000000000002 130.50000000000003 2
decision_type=10 10 10 9 10 2 9 10 10 8 10 10 2 10 10 10 2 10 8 10 10 8 10 2 10 2 10 2 10 2 9
left_child=1 4 11 17 5 8 10 21 16 -7 19 12 -2 -11 -14 18 -1 28 -8 20 -4 -6 -23 26 25 -25 30 -9 29 -3 -13
right_child=2 3 6 -5 7 9 15 27 -10 13 -12 23 14 -15 -16 -17 -18 -19 -20 -21 -22 22 -24 24 -26 -27 -28 -29 -30 -31 -32
leaf_value=0.031433432797439056 0.011006951870858206 0.063799794764222068 0.0090370642161607204 -0.018898730648457492 -0.063382134470318763 -0.037378749022461695 -0.0069078364491817167 0.047299050564275989 -0.0099314760787981172 0.039832497740163689 0.032539785082863544 -0.046901617308853824 -0.041473556282250641 5.0426369889099481e-05 -0.10116451862997031 -0.011902450154210237 0.082888531938761875 0.17059436182905946 -0.039647206362513253 0.030478558242906448 -0.027747608184264163 -0.0004406619344641595 -0.030374692133110018 -0.045932286158537124 -0.019546023060207307 -0.10117000366568438 -0.084685994121337649 0.0094350865590182246 0.048168897375023834 0.05033499572359483 -0.06222887484184312
leaf_weight=234 35 27 53 30 32 27 28 26 50 97 27 26 44 270 37 41 32 37 36 26 34 42 34 32 48 33 36 26 32 48 28
leaf_count=234 35 27 53 30 32 27 28 26 50 97 27 26 44 270 37 41 32 37 36 26 34 42 34 32 48 33 36 26 32 48 28
internal_value=0 0.00305071 -0.00495683 0.00894843 0.0018711 0.00279117 -0.00137216 -0.00221167 0.00537534 0.00071853 0.00165137 -0.00770985 -0.00488085 0.00130173 -0.00764495 -0.00507714 0.00651875 0.0110583 -0.0082932 0.00015656 -0.00142353 -0.00491472 -0.00325913 -0.00932618 -0.00767221 -0.0111597 -0.011402 0.00340222 0.00942524 0.0106155 -0.00917351
internal_weight=0 1044 564 174 870 710 245 160 316 394 140 319 116 367 81 105 266 144 64 113 87 108 76 203 113 65 90 52 107 75 54
internal_count=1608 1044 564 174 870 710 245 160 316 394 140 319 116 367 81 105 266 144 64 113 87 108 76 203 113 65 90 52 107 75 54
cat_boundaries=0 1 2 3
cat_threshold=1 17 2
is_linear=0
shrinkage=0.0176943


Tree=29
num_leaves=30
num_cat=2
split_feature=25 7 2 23 33 48 39 20 20 25 40 20 25 17 33 23 25 14 28 46 39 19 20 15 19 20 33 24 28
split_gain=72.7874 39.3381 16.4526 11.7021 10.4518 8.03875 7.56049 7.40392 7.26135 9.04681 5.87218 5.98205 5.63548 5.45286 5.17694 5.1751 5.1474 4.31112 5.29758 4.13321 3.90841 3.57953 3.31079 5.51852 3.26439 3.22068 3.01299 2.47606 1.40777
threshold=10.500000000000002 0 1 -2.2499999999999996 -2.4999999999999996 0.22295321524143222 0.98473194241523754 171.50000000000003 482.50000000000006 14.500000000000002 -9.4999999999999982 338.50000000000006 26.500000000000004 13.500000000000002 -6.4999999999999991 -4.7499999999999991 23.500000000000004 12.500000000000002 15.500000000000002 0.89512962102890026 0.99082490801811229 8.5000000000000018 74.500000000000014 -45.249999999999993 15.500000000000002 374.50000000000006 1.0000000180025095e-35 1.5699999928474428 10.500000000000002
decision_type=8 9 9 10 10 8 8 2 2 10 10 2 8 10 10 8 10 10 8 10 8 10 2 10 10 2 8 10 8
left_child=3 4 5 15 13 -3 19 14 12 -10 11 16 -7 17 -8 22 -4 18 -2 28 -17 -9 -1 -24 -25 -13 -22 -23 -5
right_child=1 2 10 6 -6 8 7 21 9 -11 -12 25 -14 -15 -16 20 -18 -19 -20 -21 26 27 23 24 -26 -27 -28 -29 -30
leaf_value=-0.045019735032449285 0.0042188060515757266 -0.032957367701346205 -0.00511853162677135 0.01340756797552684 -0.01881789780265819 0.015214488075561743 0.03210086815404322 -0.066792194833941762 0.055563035683833285 -0.044323746495191677 -0.040646723037891117 -0.050330978766364783 0.068263636461967259 0.10985783274321717 -0.032008290779150253 -0.086012297332129881 0.051869330692554866 0.051196826543547333 0.044004493923636423 -0.017911593278398873 -0.12392450402885803 -0.038612379349274001 0.0061386133279895585 -0.011064203736968387 -0.084098167096988183 -0.029682605314012879 -0.077339059371979879 -0.093653924251788964 0.021374438861043631
leaf_weight=37 69 41 143 27 28 91 33 29 27 70 48 32 77 37 26 27 47 26 230 41 36 44 27 30 30 105 46 30 28
leaf_count=37 69 41 143 27 28 91 33 29 27 70 48 32 77 37 26 27 47 26 230 41 36 44 27 30 30 105 46 30 28
internal_value=0 0.00206514 -0.000537733 -0.00616226 0.00645828 0.00246369 -0.00356617 -0.0058978 0.00367228 -0.000182382 -0.00298728 -0.00221849 0.00589781 0.00742947 -0.000899564 -0.00903669 -0.000186238 0.00669644 0.00609519 0.000368582 -0.0118495 -0.00876059 -0.00656359 -0.00467737 -0.00766654 -0.00503677 -0.00992513 -0.00669443 0.00353834
internal_weight=0 1071 681 491 390 306 258 162 265 97 375 327 168 362 59 233 190 325 299 96 109 103 124 87 60 137 82 74 55
internal_count=1562 1071 681 491 390 306 258 162 265 97 375 327 168 362 59 233 190 325 299 96 109 103 124 87 60 137 82 74 55
cat_boundaries=0 2 3
cat_threshold=33112489 2 344078
is_linear=0
shrinkage=0.0176943


Tree=30
num_leaves=30
num_cat=3
split_feature=24 9 27 17 13 19 13 37 39 37 33 14 39 33 17 19 19 14 18 19 19 48 19 19 23 48 43 19 19
split_gain=53.3731 31.749 21.4013 20.4563 18.2726 15.4898 13.8097 13.0029 8.61192 7.89938 7.16599 6.96589 5.71292 5.44073 4.84217 7.58153 4.80105 4.72866 7.57236 4.49875 4.37455 3.64968 3.42987 2.10879 2.05509 1.87452 1.60215 2.11502 1.8268
threshold=0.58500000834465038 0 2.5000000000000004 8.5000000000000018 1 2.5000000000000004 2 7.5000000000000009 0.078144080936908736 7.5000000000000009 -1.0000000180025095e-35 1.5000000000000002 0.73375529050827037 1.0000000180025095e-35 3.5000000000000004 82.000000000000014 249.50000000000003 8.5000000000000018 1.0000000180025095e-35 8.5000000000000018 68.500000000000014 0.83176100254058849 9.5000000000000018 8.5000000000000018 -2.7499999999999996 0.63582888245582592 1.2500000000000002 213.50000000000003 10.500000000000002
decision_type=10 9 8 10 9 10 9 10 8 10 10 10 10 8 10 10 10 8 10 10 10 8 10 10 8 10 8 8 10
left_child=1 13 17 4 7 -6 21 22 -5 11 14 -10 -7 -1 15 -8 26 19 23 -2 -16 25 -3 -19 -12 -4 28 -28 -15
right_child=2 3 6 8 5 12 10 -9 9 -11 24 -13 -14 16 20 -17 -18 18 -20 -21 -22 -23 -24 -25 -26 -27 27 -29 -30
leaf_value=0.0082891848887195075 0.035488235821631013 0.052769736304250574 -0.011658615728945925 0.074466944533695609 0.017905697518258226 -0.021341444583312989 -0.08063630794349505 -0.075759705047840561 0.0035239250810084138 0.030544034854964874 -0.066369420274902641 0.07822845412543751 -0.041041150634773677 0.052787031871864981 0.013170331078718608 -0.047187057565165801 0.027166431536386156 -0.062739050976468036 0.006711911211098591 0.0049638794560296958 -0.041743006000735328 -0.043183562793480068 0.014348324799535 -0.032433592371400706 -0.099436388139490864 0.02179072789440957 0.070295508433185119 0.17197803544198484 0.033308038167387109
leaf_weight=40 40 111 49 38 107 256 121 29 133 41 26 28 56 47 29 45 40 30 49 50 26 28 104 31 30 32 34 34 30
leaf_count=40 40 111 49 38 107 256 121 29 133 41 26 28 56 47 29 45 40 30 49 50 26 28 104 31 30 32 34 34 30
internal_value=0 0.00241569 -0.00416685 0.000872106 -0.00072057 -0.00292836 -0.00660083 0.00306505 0.00530811 0.00385404 -0.00856946 0.00208803 -0.00499056 0.00820686 -0.00744574 -0.00895331 0.00985099 0.000530799 -0.00193014 0.00353854 -0.002895 -0.000743394 0.00469087 -0.0060907 -0.0145326 0.00109212 0.0113481 0.0093665 0.0130971
internal_weight=0 1128 586 903 663 419 386 244 240 202 277 161 312 225 221 166 185 200 110 90 55 109 215 61 56 81 145 68 77
internal_count=1714 1128 586 903 663 419 386 244 240 202 277 161 312 225 221 166 185 200 110 90 55 109 215 61 56 81 145 68 77
cat_boundaries=0 1 3 5
cat_threshold=605603009 1342810216 264 826834952 2
is_linear=0
shrinkage=0.0176943


Tree=31
num_leaves=32
num_cat=1
split_feature=22 17 17 32 35 32 35 21 14 35 35 2 24 14 17 27 42 15 21 50 22 21 42 18 22 21 15 32 32 21 21
split_gain=74.2659 24.6873 23.7203 13.819 9.73778 9.06434 7.90347 7.83225 7.76253 7.53593 6.22773 6.04661 7.41205 6.54627 5.55381 4.9091 4.46483 5.35502 4.25418 6.58484 5.6319 3.21928 2.6325 2.60399 2.45112 1.91822 1.32153 1.23558 1.52669 1.19026 2.33798
threshold=1.7500000000000002 10.500000000000002 4.5000000000000009 0.36980056762695318 16.500000000000004 0.96693986654281627 16.500000000000004 27.500000000000004 4.5000000000000009 5.5000000000000009 8.5000000000000018 0 1.0000000180025095e-35 5.5000000000000009 3.5000000000000004 12.500000000000002 11.500000000000002 -4.4999999999999991 32.500000000000007 0.68333333730697643 11.414999961853029 33.500000000000007 20.500000000000004 1.0000000180025095e-35 30.250000000000004 31.500000000000004 -1.2499999999999998 0.29198718070983892 0.62163743376731884 28.500000000000004 33.500000000000007
decision_type=10 10 10 10 10 10 10 2 10 8 10 9 8 10 10 8 10 10 2 8 10 2 10 10 10 2 10 8 10 2 2
left_child=1 3 5 11 10 7 8 23 -4 -3 14 29 13 -13 -5 21 17 -10 20 -20 -9 24 27 -2 -7 -14 -6 -11 -29 -1 -31
right_child=2 9 6 4 26 15 -8 18 16 22 -12 12 25 -15 -16 -17 -18 -19 19 -21 -22 -23 -24 -25 -26 -27 -28 28 -30 30 -32
leaf_value=0.024238814582823336 0.01339461081333238 0.13376129219205243 -0.039274979703375068 -0.055856562276554486 0.042987990717230355 -0.047351803797243693 0.031515556024811354 -0.027572192871058856 0.026987698080254887 0.051901694468137624 -0.029325749356300609 0.0073670509546982805 0.049406367198946817 0.034982270481782228 0.0049994576912704381 -0.090385767946729562 0.029528654175144005 -0.017519437450560008 0.013230927113410909 -0.048768753174348096 -0.095409664874146649 -0.053562630291424419 0.018461073311742158 -0.060391377505225642 -0.020804561092585064 0.070017905857081675 0.016178894651398115 0.079036805957535872 0.029045261680182313 -0.014793878620608311 0.025519949386789694
leaf_weight=42 28 45 46 27 26 96 33 37 48 42 50 221 100 38 54 29 34 79 31 75 44 43 30 26 28 52 28 38 29 55 53
leaf_count=42 28 45 46 27 26 96 33 37 48 42 50 221 100 38 54 29 34 79 31 75 44 43 30 26 28 52 28 38 29 55 53
internal_value=0 0.00323441 -0.00446925 0.00180261 -0.00239101 -0.00692372 0 -0.00462532 -0.00128214 0.00903908 -0.00499732 0.00318555 0.00424486 0.00252767 -0.00196583 -0.00974952 0.000549474 -0.000975203 -0.00633939 -0.00400595 -0.00939237 -0.00858185 0.00700094 0.00131047 -0.00713434 0.00744984 0.00393149 0.00827839 0.00977035 0 -0.00098293
internal_weight=0 930 677 746 185 437 240 241 207 184 131 561 411 259 81 196 161 127 187 106 81 167 139 54 124 152 54 109 67 150 108
internal_count=1607 930 677 746 185 437 240 241 207 184 131 561 411 259 81 196 161 127 187 106 81 167 139 54 124 152 54 109 67 150 108
cat_boundaries=0 1
cat_threshold=69656
is_linear=0
shrinkage=0.0176943


Tree=32
num_leaves=27
num_cat=2
split_feature=25 25 28 10 19 16 28 10 16 16 35 20 50 20 20 20 28 25 47 35 28 19 19 28 25 20
split_gain=83.7593 21.8365 18.7239 10.5342 8.88226 11.2918 8.00181 6.51338 7.33776 6.13446 6.06409 9.4087 6.02523 5.21803 10.4936 6.08547 4.73652 5.97235 4.53956 3.40723 4.99797 2.38563 2.11577 2.05827 0.66143 0.107435
threshold=17.500000000000004 6.5000000000000009 3.5000000000000004 0 450.00000000000006 4.5000000000000009 15.500000000000002 1 3.2500000000000004 8.7500000000000018 8.5000000000000018 220.50000000000003 0.72380954027175914 330.50000000000006 484.50000000000006 202.50000000000003 10.500000000000002 41.500000000000007 -1.0000000180025095e-35 2.5000000000000004 8.5000000000000018 19.500000000000004 7.5000000000000009 3.5000000000000004 28.500000000000004 482.50000000000006
decision_type=8 10 8 9 10 10 8 9 8 10 8 2 8 2 2 2 10 8 10 10 8 10 10 10 8 2
left_child=1 10 24 16 5 6 -5 8 22 13 18 12 -12 15 -15 -9 17 -4 19 -1 -21 -14 -3 -13 -2 -19
right_child=2 7 3 4 -6 -7 -8 9 -10 -11 11 23 21 14 -16 -17 -18 25 -20 20 -22 -23 -24 -25 -26 -27
leaf_value=-0.052177732515793086 0.066817255464308098 -0.0076966802990623868 0.0017342341019510512 -0.013521859673478133 -0.021171933867214769 -0.034578115190635417 0.031898596466430174 -0.012621508806837763 0.065501674947204047 0.038593629070068726 0.02666789862749163 -0.075099003096804368 -0.0073943687967943511 -0.060106099800881579 0.023701575459603115 0.010399205322349657 0.039173462526253741 0.12048075518359797 -0.038493821765164617 -0.082207530560742967 -0.051493170239828849 -0.059911647766375531 0.005768264771194913 -0.063365808054713452 0.18485001073443691 0.12815957447204487
leaf_weight=40 27 27 31 75 34 33 451 202 37 29 34 49 27 68 35 79 34 26 35 84 26 26 36 29 27 27
leaf_count=40 27 27 31 75 34 33 451 202 37 29 34 49 27 68 35 79 34 26 35 84 26 26 36 29 27 27
internal_value=0 -0.00367004 0.00437148 0.00360849 0.00249418 0.00307034 0.00370026 -0.00134515 0.00257352 -0.00230063 -0.00707755 -0.00461101 -0.000610074 -0.00294898 -0.00635572 -0.00170011 0.00829369 0.00674006 -0.00927715 -0.010616 -0.0122243 -0.00433946 -0.000842455 -0.0090731 0.0144155 0.010348
internal_weight=0 863 765 711 593 559 526 513 100 413 350 165 87 384 103 281 118 84 185 150 110 53 63 78 54 53
internal_count=1628 863 765 711 593 559 526 513 100 413 350 165 87 384 103 281 118 84 185 150 110 53 63 78 54 53
cat_boundaries=0 1 2
cat_threshold=1796 20008
is_linear=0
shrinkage=0.0176943


Tree=33
num_leaves=31
num_cat=2
split_feature=22 28 13 28 24 32 17 34 10 28 37 46 20 34 17 32 17 32 28 20 16 20 42 21 21 14 22 22 16 15
split_gain=61.6566 26.4719 22.8769 19.6444 16.9433 15.1402 14.1067 13.1388 9.35469 9.17718 8.26643 12.9025 7.90314 7.70743 7.4802 7.2637 5.57837 4.94146 4.9247 4.25618 3.82804 3.76245 3.40947 5.67858 2.33287 2.26013 3.58331 2.62511 1.08199 0.690168
threshold=1.7500000000000002 1.0000000180025095e-35 0 10.500000000000002 2.7500000000000004 0.98918128013610851 11.500000000000002 9.5000000000000018 1 11.500000000000002 8.5000000000000018 0.90616354346275341 104.50000000000001 1.2500000000000002 6.5000000000000009 0.69052496552467357 1.5000000000000002 0.10084745660424234 6.5000000000000009 183.50000000000003 3.2500000000000004 156.50000000000003 4.5000000000000009 30.500000000000004 28.500000000000004 79.500000000000014 9.2500000000000018 19.500000000000004 1.0000000180025095e-35 -1.7499999999999998
decision_type=10 8 9 8 10 8 10 8 9 10 8 10 2 8 10 8 8 10 8 2 8 2 8 2 2 8 10 10 8 8
left_child=1 28 4 7 9 10 8 19 21 14 12 13 -4 -12 18 -10 -7 -8 -2 -3 -14 -5 -6 -24 -19 27 -27 -18 -1 -11
right_child=2 3 5 6 22 16 17 -9 15 29 11 -13 20 -15 -16 -17 25 24 -20 -21 -22 -23 23 -25 -26 26 -28 -29 -30 -31
leaf_value=0.11615942026457161 0.009307343301627212 0.0079584297883336548 -0.054193856194855144 0.035339021384491368 -0.086312156689375627 -0.12579623199952186 0.034251194750258826 -0.074061014690703961 -0.015459078080655471 0.027692370446597926 0.0014359256718327177 0.04755596250775921 -0.034561886339112398 -0.064956932627048269 0.029321461762639521 0.013999230268289328 -0.04287807752244456 0.036946885760650028 -0.041524833879420665 -0.020802138939857745 0.004532720737023304 0.051222027221361363 -0.045466086971242478 -0.00555537598720448 0.086351173286857222 -0.048359531744090023 -0.13176119425156632 -0.054640062952788955 0.11047443888306967 0.055149766545887394
leaf_weight=45 36 27 32 31 29 46 31 38 98 26 43 40 26 32 35 488 90 32 94 26 28 82 26 43 40 31 26 46 28 26
leaf_count=45 36 27 32 31 29 46 31 38 98 26 43 40 26 32 35 488 90 32 94 26 28 82 26 43 40 31 26 46 28 26
internal_value=0 0.002601 -0.00414815 0.00176346 -0.000381093 -0.00668438 0.00264749 -0.0060272 0.00174662 0.00236458 -0.00325702 -0.000153837 -0.00740624 -0.00448208 0.000321688 0.000771884 -0.00984628 0.00876059 -0.00163321 -0.000333772 -0.00327623 0.00618541 -0.00649942 -0.00435896 0.0113035 -0.00852591 -0.0114842 -0.00728546 0.0128452 0.00884584
internal_weight=0 966 755 893 315 440 802 91 699 217 201 115 86 75 165 586 239 103 130 53 54 113 98 69 72 193 57 136 73 52
internal_count=1721 966 755 893 315 440 802 91 699 217 201 115 86 75 165 586 239 103 130 53 54 113 98 69 72 193 57 136 73 52
cat_boundaries=0 2 3
cat_threshold=3156024646 8704 8484
is_linear=0
shrinkage=0.0176943


Tree=34
num_leaves=30
num_cat=4
split_feature=22 17 13 8 8 35 32 17 24 35 32 42 35 13 22 18 47 17 17 24 32 17 14 35 42 47 32 32 32
split_gain=89.3123 26.4657 24.9658 11.6092 10.7316 9.18141 8.73217 6.76931 6.09941 7.14998 6.02388 10.3882 5.81813 4.6616 4.43496 9.5142 5.16744 3.19167 3.00442 2.88008 2.648 2.18514 2.07497 1.74276 1.7255 1.60156 1.43377 1.61162 1.02133
threshold=6.1649999618530282 11.500000000000002 0 1 2 5.5000000000000009 0.98540067672729503 6.5000000000000009 -1.0000000180025095e-35 14.500000000000002 0.57853618264198314 12.500000000000002 5.5000000000000009 3 12.500000000000002 1.0000000180025095e-35 -8.4999999999999982 4.5000000000000009 6.5000000000000009 1.5699999928474428 0.40487939119338995 2.5000000000000004 20.500000000000004 3.5000000000000004 20.500000000000004 -4.4999999999999991 0.13136324286460879 0.31914252042770391 0.95916664600372326
decision_type=10 10 9 9 9 8 10 8 10 10 10 10 8 9 10 8 10 10 8 10 10 10 10 10 8 10 8 10 10
left_child=1 2 3 8 7 22 13 -4 -1 -10 18 -12 -3 -6 17 -16 21 28 -5 -19 -9 -17 -2 25 -14 -24 -26 -28 -7
right_child=5 12 4 10 6 14 -8 20 9 -11 11 -13 24 -15 15 16 -18 19 -20 -21 -22 -23 23 -25 26 -27 27 -29 -30
leaf_value=0.0606637984847192 -0.043491444227562959 0.13599119424729059 -0.024888304201612303 0.034359340402321144 -0.0015212980692400964 -0.079110841503289883 0.019623327680014856 0.054654958385811428 -0.011393895923671618 0.020503213077718341 -0.017028341333683625 0.022468549475213307 0.042142238775463317 -0.028755405502688472 0.017743526260083738 -0.021798772957875204 -0.052268934649283748 -4.70104471631881e-06 0.059187081232061324 -0.057887495986625237 0.025173910160798087 -0.043321013852503386 -0.073644843636251484 -0.080861020753745808 0.033986738286308195 -0.045120661451253666 0.089253792141888791 0.038298097269434159 -0.0535588547083918
leaf_weight=38 30 28 36 35 111 35 30 70 159 52 43 37 28 224 39 61 28 27 185 31 33 29 30 26 32 44 38 27 34
leaf_count=38 30 28 36 35 111 35 30 70 159 52 43 37 28 224 39 61 28 27 185 31 33 29 30 26 32 44 38 27 34
internal_value=0 0.00225945 0.00126026 0.00383001 -0.00158351 -0.00726562 -0.00316131 0.00249369 0.000888096 -0.000251559 0.0061643 0.00221155 0.0091358 -0.00406694 -0.00548258 -0.00349359 -0.00599766 -0.00794104 0.00788171 -0.00488052 0.0049815 -0.00393171 -0.0111603 -0.012385 0.00750191 -0.010998 0.00638402 0.00789344 -0.0105128
internal_weight=0 1206 1053 549 504 414 365 139 249 211 300 80 153 335 284 157 118 127 220 58 103 90 130 100 125 74 97 65 69
internal_count=1620 1206 1053 549 504 414 365 139 249 211 300 80 153 335 284 157 118 127 220 58 103 90 130 100 125 74 97 65 69
cat_boundaries=0 2 3 4 6
cat_threshold=279259518 229 5259 5208 671092865 2
is_linear=0
shrinkage=0.0176943


Tree=35
num_leaves=31
num_cat=1
split_feature=22 7 17 42 28 42 28 21 21 27 15 21 28 28 15 50 42 21 22 37 37 28 15 33 21 37 17 27 42 22
split_gain=57.9161 24.6899 16.9647 12.231 10.1163 9.32491 7.62882 9.3146 7.24902 7.90852 6.29661 6.23957 8.56746 5.83804 5.43802 5.27044 5.08309 4.90156 4.20727 4.14969 3.60769 3.46536 3.39316 3.32222 3.14873 2.7624 2.52903 1.59102 0.358608 0.0768823
threshold=2.5000000000000004 0 4.5000000000000009 17.500000000000004 1.0000000180025095e-35 7.5000000000000009 18.500000000000004 33.500000000000007 25.500000000000004 1.5000000000000002 -3.7499999999999996 29.500000000000004 15.500000000000002 4.5000000000000009 -3.2499999999999996 0.51666668057441723 18.500000000000004 35.500000000000007 10.750000000000002 4.5000000000000009 5.5000000000000009 18.500000000000004 -0.74999999999999989 1.0000000180025095e-35 29.500000000000004 13.500000000000002 3.5000000000000004 7.5000000000000009 24.500000000000004 1.1650000214576723
decision_type=10 9 10 10 8 10 8 2 2 8 8 2 8 8 10 8 8 2 10 10 10 8 10 8 2 8 10 10 8 8
left_child=1 4 5 8 -1 13 7 16 14 25 -7 12 23 15 29 -2 -6 26 -19 -11 21 -13 24 -4 -8 -10 -15 -17 -24 -3
right_child=2 3 11 -5 6 10 22 -9 9 19 -12 20 -14 17 -16 27 -18 18 -20 -21 -22 -23 28 -25 -26 -27 -28 -29 -30 -31
leaf_value=0.091532671147264544 -0.038418653635296229 0.014789459402448531 0.021383482043225474 0.037971792029286335 0.028681086051070049 -0.03711163726175936 0.013323799581859233 -0.024750834012234612 -0.0081667987184778443 -0.0015158387235274704 0.02699581704067238 0.019819830036906828 0.044421881960198958 -0.060951211857680106 0.070323836600652043 -0.089702861789806007 0.008416103111988732 -0.048545096250841115 0.014757824363843472 0.023193350378659328 -0.057551677976431126 -0.047658059695601981 0.069327296341254493 -0.015972962054991817 0.076581640309184282 -0.021457448624857118 -0.097322486119791357 -0.074155251384268345 0.088815995621380622 0.011168416448122262
leaf_weight=41 39 26 26 50 44 42 56 32 27 384 27 43 30 150 32 44 59 31 27 28 28 47 26 39 77 84 28 31 27 26
leaf_count=41 39 26 26 50 44 42 56 32 27 384 27 43 30 150 32 44 59 31 27 28 28 47 26 39 77 84 28 31 27 26
internal_value=0 0.00217052 -0.00464748 7.95807e-05 0.00580283 -0.0067144 0.00490576 0.00170378 -0.000612147 -0.0013871 -0.000769206 -0.000581472 0.00279359 -0.00788641 0.00421253 -0.0111746 0.0042944 -0.00629775 -0.00183018 -0.000257674 -0.00329871 -0.00157267 0.00722961 -0.000816537 0.00572037 -0.00557888 -0.00775333 -0.0139181 0.0110156 0.000680416
internal_weight=0 1019 632 657 362 419 321 135 607 523 69 213 95 350 84 114 103 236 58 412 118 90 186 65 133 111 178 75 53 52
internal_count=1651 1019 632 657 362 419 321 135 607 523 69 213 95 350 84 114 103 236 58 412 118 90 186 65 133 111 178 75 53 52
cat_boundaries=0 1
cat_threshold=13359906
is_linear=0
shrinkage=0.0176943


Tree=36
num_leaves=23
num_cat=3
split_feature=25 17 2 28 28 28 33 2 47 47 2 17 49 34 28 49 34 44 28 25 33 25
split_gain=71.9912 26.2777 17.1363 9.27124 7.60094 11.5323 10.5038 7.33961 5.51834 5.36997 5.74797 5.57931 4.25891 4.17133 4.48577 3.85405 3.83326 2.1538 1.93906 1.68952 1.19228 1.20301
threshold=7.5000000000000009 13.500000000000002 0 4.5000000000000009 1.5000000000000002 12.500000000000002 5.5000000000000009 1 1.0000000180025095e-35 -4.4999999999999991 2 4.5000000000000009 1.0000000180025095e-35 1.0000000180025095e-35 16.500000000000004 1.0000000180025095e-35 4.2500000000000009 1.0000000180025095e-35 1.0000000180025095e-35 20.500000000000004 -6.4999999999999991 4.5000000000000009
decision_type=8 10 9 8 8 8 8 9 8 8 9 10 8 10 8 10 8 10 8 8 10 10
left_child=3 2 9 15 -4 6 -6 8 -5 -2 19 -12 -9 14 -14 -1 -7 -17 -3 -11 21 -10
right_child=1 18 4 7 5 16 -8 12 20 10 11 -13 13 -15 -16 17 -18 -19 -20 -21 -22 -23
leaf_value=-0.087958888540001723 0.02247118275362538 0.20417763664410252 0.11590737401332819 -0.0092965752664460281 0.022553078768861881 0.018985567959086427 -0.017834707184551598 0.014496695689194207 -0.11289287023096393 -0.013411048900321272 -0.025967762636106891 -0.011603274458827967 0.019925082498215913 -0.072622226345818761 -0.034176420879070836 -0.044495665737749365 0.023681944127973014 -0.046130289593043369 0.090797147649692517 0.0043460880780471596 -0.05289752271958878 -0.084419150593951248
leaf_weight=51 26 31 29 26 64 248 105 45 32 33 68 66 29 41 46 43 487 29 49 107 28 30
leaf_count=51 26 31 29 26 64 248 105 45 32 33 68 66 29 41 46 43 487 29 49 107 28 30
internal_value=0 0.00211575 0.0014781 -0.00645828 0.00264567 0.00238792 -0.00177981 -0.00466298 -0.00786364 -0.00216892 -0.00297048 -0.00540629 -0.00175899 -0.00366063 -0.00117948 -0.0105008 0.00334622 -0.00786328 0.0119425 -0.000235899 -0.0106157 -0.011985
internal_weight=0 1313 1233 400 933 904 169 277 116 300 274 134 161 116 75 123 735 72 80 140 90 62
internal_count=1713 1313 1233 400 933 904 169 277 116 300 274 134 161 116 75 123 735 72 80 140 90 62
cat_boundaries=0 1 2 3
cat_threshold=296040 6182 8
is_linear=0
shrinkage=0.0176943


Tree=37
num_leaves=28
num_cat=3
split_feature=3 25 7 33 33 42 21 23 25 25 10 23 50 41 25 25 21 24 23 32 33 25 24 24 21 50 32
split_gain=81.5954 27.9828 20.1281 9.9494 9.24882 8.32981 7.59716 7.3535 6.01687 9.09003 5.83029 4.8971 6.14234 5.4458 3.34041 7.76449 3.16961 3.31761 3.0704 2.90473 2.69657 2.42497 2.28327 2.08755 2.62486 1.66673 1.40833
threshold=0 7.5000000000000009 1 -8.4999999999999982 -4.4999999999999991 18.500000000000004 25.500000000000004 -0.58500000834465016 17.500000000000004 13.500000000000002 2 -3.8350000381469722 0.51666668057441723 2.5000000000000004 14.500000000000002 8.5000000000000018 32.500000000000007 1.5699999928474428 -1.4150000214576719 0.95024752616882335 -4.4999999999999991 18.500000000000004 1.5699999928474428 1.5699999928474428 32.500000000000007 0.51666668057441723 0.76592937111854564
decision_type=9 8 9 10 10 10 2 10 8 10 9 8 8 10 10 8 2 10 10 8 10 10 10 10 2 10 10
left_child=4 11 6 5 14 10 19 -5 9 -8 -4 12 -2 16 15 23 17 -13 -17 -3 -9 -16 -6 -1 -25 -24 -10
right_child=1 2 3 7 22 -7 8 20 26 -11 -12 13 -14 -15 21 18 -18 -19 -20 -21 -22 -23 25 24 -26 -27 -28
leaf_value=-0.053668355595244112 -0.070046561946814301 0.045153857175819004 0.031758386882839933 0.006752592452262173 -0.032613066752889559 0.049344540647965542 0.017009387800139282 -0.011020101129146691 0.051989487931867022 -0.012544378501873947 0.0067647616618248764 0.0028765021842575879 0.020546321176445628 -0.05109224618879913 -0.049533724007129971 0.022860230578447088 -0.05380583604685401 -0.059034136677056252 -0.022800894154932024 0.0342560887706546 -0.053242250290945196 -0.031465655735069105 -0.077212939848318049 -0.057198786743501241 -0.05990469347343623 -0.090456267652844285 0.053077090943383545
leaf_weight=30 26 28 105 46 50 49 66 28 138 48 538 35 35 26 26 27 39 34 39 31 33 31 33 30 31 37 31
leaf_count=30 26 28 105 46 50 49 66 28 138 48 538 35 35 26 26 27 39 34 39 31 33 31 33 30 31 37 31
internal_value=0 0.00173524 0.00280687 0.00120293 -0.00792109 0.00199441 0.0063336 -0.00380316 0.00531438 0.00217282 0.00145845 -0.00444607 -0.000290004 -0.00633788 -0.00595299 -0.00462056 -0.00458707 -0.00230767 0 0.0122944 -0.00783091 -0.00962192 -0.0120903 -0.00797147 -0.0060907 -0.0141539 0.00743335
internal_weight=0 1336 1141 799 334 692 342 107 283 114 643 195 61 134 214 157 108 69 66 59 61 57 120 91 61 70 169
internal_count=1670 1336 1141 799 334 692 342 107 283 114 643 195 61 134 214 157 108 69 66 59 61 57 120 91 61 70 169
cat_boundaries=0 2 3 4
cat_threshold=3435495194 4473410 2246774432 11808
is_linear=0
shrinkage=0.0176943


Tree=38
num_leaves=30
num_cat=1
split_feature=22 17 49 2 47 42 15 15 22 17 39 49 39 27 42 15 15 21 21 44 27 42 27 39 17 22 27 21 21
split_gain=59.3695 28.5093 15.2038 14.8388 9.78438 11.5785 9.72598 9.61888 6.15408 5.95482 5.91536 5.91446 5.82986 5.42911 5.89225 5.23173 4.12697 4.10957 3.82935 3.69128 3.22208 2.36231 2.13475 3.90504 1.79082 1.73419 4.05008 1.22816 0.330594
threshold=1.7500000000000002 13.500000000000002 1.0000000180025095e-35 0 -8.4999999999999982 15.500000000000002 -3.7499999999999996 -12.499999999999998 1.0000000180025095e-35 9.5000000000000018 0.96449580788612377 14.500000000000002 0.62706920504570018 3.5000000000000004 11.500000000000002 -3.7499999999999996 -32.499999999999993 26.500000000000004 29.500000000000004 15.500000000000002 7.5000000000000009 21.500000000000004 3.5000000000000004 0.43492984771728521 15.500000000000002 3.1649999618530278 4.5000000000000009 26.500000000000004 29.500000000000004
decision_type=10 10 10 9 10 8 10 8 8 10 8 8 10 10 8 8 10 2 2 8 10 8 8 10 10 10 8 2 2
left_child=1 3 17 8 5 -5 7 16 9 15 12 -7 -8 14 -9 -1 -4 -2 -15 -18 22 -11 -19 -24 -3 -12 -27 -10 -29
right_child=2 24 6 4 -6 11 10 13 27 21 25 -13 -14 18 -16 -17 19 20 -20 -21 -22 -23 23 -25 -26 26 -28 28 -30
leaf_value=0.042550728359766837 -0.064144359024402603 0.06682642450822654 -0.028782544094796383 0.059832818326041141 -0.015231418435290226 -0.02177287041328 0.0014012046506170811 -0.037753952196393561 0.017666696801063957 0.028860593943520703 -0.035455153315783479 0.0071207648141344473 0.035533415146088425 -0.075925919715790838 -0.019055844745938154 0.0014406537360499782 0.029038543239690733 -0.060281394840541611 -0.081492508762959201 -0.014836466389401075 -0.09434413693222729 0.0076932046662694705 -0.0668940785170066 -0.010866836295260734 0.12330001587212967 0.016802411580916731 -0.033544862551761 0.063653738167008297 0.041555786852905889
leaf_weight=32 30 47 31 26 37 109 49 34 50 30 35 189 29 27 80 250 26 29 29 54 27 33 106 26 33 35 36 33 59
leaf_count=32 30 47 31 26 37 109 49 34 50 30 35 189 29 27 80 250 26 29 29 54 27 33 106 26 33 35 36 33 59
internal_value=0 0.00228803 -0.00458543 0.0013354 -0.00138308 -0.000436879 -0.00277776 -0.00484847 0.00331094 0.00210274 0.000384632 -0.001425 0.00408288 -0.0074937 -0.00527688 0.0010039 -0.000796969 -0.008441 -0.0120052 0.00132692 -0.00941146 0.00702068 -0.00846207 -0.00750622 0.0123848 -0.0023368 -0.000747541 0.00647924 0.00769252
internal_weight=0 928 683 848 361 324 465 281 487 345 184 298 78 170 114 282 111 218 56 80 188 63 161 132 80 106 71 142 92
internal_count=1611 928 683 848 361 324 465 281 487 345 184 298 78 170 114 282 111 218 56 80 188 63 161 132 80 106 71 142 92
cat_boundaries=0 1
cat_threshold=163883
is_linear=0
shrinkage=0.0176943


Tree=39
num_leaves=29
num_cat=3
split_feature=25 17 25 2 10 44 48 33 46 8 19 18 25 19 48 48 19 25 15 16 25 25 16 36 16 46 19 36
split_gain=66.4918 16.1599 14.2404 11.1892 11.7321 7.21263 6.4451 7.68408 7.31511 6.6217 6.09493 6.22879 5.5853 7.721 5.54848 5.31217 4.79599 7.87252 4.51177 4.74514 5.03124 4.0754 3.94453 3.9988 2.69642 1.74911 2.27098 1.30898
threshold=15.500000000000002 12.500000000000002 6.5000000000000009 0 1 4.5000000000000009 0.1132478639483452 -5.4999999999999991 0.5154174566268922 2 85.500000000000014 1.5000000000000002 26.500000000000004 16.500000000000004 0.60232558846473705 0.56594201922416698 6.5000000000000009 30.500000000000004 -3.7499999999999996 0.75000000000000011 36.500000000000007 31.500000000000004 18.250000000000004 1.0000000180025095e-35 10.250000000000002 0.42163743078708654 13.500000000000002 6.5000000000000009
decision_type=8 10 10 9 9 10 8 8 10 9 10 10 8 10 8 8 8 8 8 10 10 10 8 10 8 10 10 8
left_child=2 3 5 18 16 10 -4 8 -8 14 22 -12 13 -6 -9 -11 -5 -18 -2 20 -20 25 23 -1 -14 26 -3 -24
right_child=1 21 6 4 12 -7 7 9 -10 15 11 -13 24 -15 -16 -17 17 -19 19 -21 -22 -23 27 -25 -26 -27 -28 -29
leaf_value=-0.042317524354957919 0.032302286971220666 0.079678211965780163 -0.023731360147822952 0.052441901578481546 0.007326159173668704 0.0032956649416086012 0.06284176105525606 -0.030954501405026015 -0.012121004542094341 -0.0037213738317890825 -0.035069637739017799 0.019860291611293341 0.050283164675037122 -0.034672428202651408 0.01694625924525538 -0.029802662745234642 -0.01522896839212495 0.065641060089375494 0.053808739713729709 -0.0035853969298317505 -0.0010612806099274113 0.13493300429088848 -0.074413340232764788 -0.063268647837589023 0.012008883131256533 0.017927981805753904 0.034330197776992401 -0.10818079963164635
leaf_weight=81 36 30 27 32 79 29 44 34 34 82 26 26 26 83 70 132 33 56 155 34 29 31 36 68 209 26 27 26
leaf_count=81 36 30 27 32 79 29 44 34 34 82 26 26 26 83 70 132 33 56 155 34 29 31 36 68 209 26 27 26
internal_value=0 0.00371456 -0.00353881 0.00279621 0.00120641 -0.00654428 -0.00146403 -0.000893628 0.00408288 -0.00211435 -0.0074677 -0.00204132 -0.000304314 -0.00283968 0.00155201 -0.00379149 0.0058077 0.00417468 0.00576387 0.00503213 0.00615427 0.00993296 -0.00880488 -0.00724359 0.00143055 0.00788708 0.00962192 -0.0125557
internal_weight=0 886 715 772 518 292 423 396 78 318 263 52 397 162 104 214 121 89 254 218 184 114 211 149 235 83 57 62
internal_count=1601 886 715 772 518 292 423 396 78 318 263 52 397 162 104 214 121 89 254 218 184 114 211 149 235 83 57 62
cat_boundaries=0 1 2 3
cat_threshold=164870 1350 2649
is_linear=0
shrinkage=0.0176943


Tree=40
num_leaves=31
num_cat=4
split_feature=25 1 7 2 25 19 21 28 39 34 13 19 43 28 32 32 34 21 39 49 43 34 17 19 21 19 28 39 19 19
split_gain=65.6411 26.9065 27.534 16.3102 14.9371 12.2662 8.64442 9.66016 8.56965 8.31825 8.03793 10.5881 7.40433 5.51425 4.87602 6.16043 4.25866 6.02635 4.10955 6.02231 6.171 3.76736 3.36313 4.27531 2.4484 1.58928 1.76572 0.89808 0.307165 0.195179
threshold=7.5000000000000009 0 1 2 2.5000000000000004 10.500000000000002 26.500000000000004 9.5000000000000018 0.99545454978942882 6.5000000000000009 3 352.50000000000006 1.0000000180025095e-35 10.500000000000002 0.39871795475482946 0.9401492476463319 1.0000000180025095e-35 31.500000000000004 0.97350877523422252 5.5000000000000009 1.0000000180025095e-35 5.5000000000000009 7.5000000000000009 12.500000000000002 29.500000000000004 7.5000000000000009 4.5000000000000009 0.15192308276891711 6.5000000000000009 76.500000000000014
decision_type=8 9 9 9 10 10 2 8 10 8 9 8 8 10 8 8 10 2 10 10 8 10 8 10 2 10 8 10 10 10
left_child=4 8 12 6 25 16 28 -8 18 -7 13 -12 22 -5 -14 -16 17 -6 19 27 -21 -18 -3 -24 -11 -1 -27 -2 -4 -26
right_child=1 2 3 10 5 9 7 -9 -10 24 11 -13 14 -15 15 -17 21 -19 -20 20 -22 -23 23 -25 29 26 -28 -29 -30 -31
leaf_value=-0.075920276714408513 -0.0059070159672085787 0.012753394550240606 0.028637148648181825 0.042072939280597771 0.011018351626497469 0.012857307493311805 0.037317062732977524 -0.022900232126926694 0.031263745196939426 -0.057409135086542835 0.0013980959124086263 0.069020776036025133 0.037183950958986974 0.050789217044158806 -0.023349612360439503 0.039771929902441924 -0.074206945533677474 -0.046966020749238821 -0.026054776862551997 -0.0042562441573757142 -0.051169159911598122 -0.049262557409278998 0.057134190045631937 0.015060338566817792 -0.045055602470348316 -0.084232984755689855 -0.077024265558866975 0.0089778646875773426 0.013945951448172058 -0.022823022365951358
leaf_weight=34 32 35 26 78 26 50 27 182 27 38 249 66 33 31 26 121 28 29 27 58 63 40 94 26 26 29 33 27 26 29
leaf_count=34 32 35 26 78 26 50 27 182 27 38 249 66 33 31 26 121 28 29 27 58 63 40 94 26 26 29 33 27 26 29
internal_value=0 0.00200364 0.00322961 0.00114566 -0.00654967 -0.00439017 -0.00228517 -0.00397894 -0.00333569 -0.000866095 0.00326155 0.00168772 0.00733398 0.0072854 0.00511145 0.00373124 -0.00848696 -0.00482503 -0.0047012 -0.00373529 -0.00599519 -0.011448 0.0103877 0.0117954 -0.00399514 -0.0125324 -0.0108435 0.000899564 0.00408268 -0.00160832
internal_weight=0 1254 1020 685 362 266 261 209 234 143 424 315 335 109 180 147 123 55 207 180 121 68 155 120 93 96 62 59 52 55
internal_count=1616 1254 1020 685 362 266 261 209 234 143 424 315 335 109 180 147 123 55 207 180 121 68 155 120 93 96 62 59 52 55
cat_boundaries=0 1 2 3 4
cat_threshold=14455 77814057 95393 4195381
is_linear=0
shrinkage=0.0176943


Tree=41
num_leaves=29
num_cat=2
split_feature=25 17 28 2 28 28 25 40 19 37 44 32 17 32 40 2 25 15 43 36 17 32 43 19 17 17 32 25
split_gain=80.4467 26.5658 19.691 15.1118 12.6823 10.3037 8.2692 8.67027 7.36332 7.09996 5.52235 4.62384 4.59547 4.32115 7.84784 3.95975 5.08768 3.86304 3.39454 4.27375 3.33236 3.09714 2.76866 2.64111 2.01678 3.78631 1.44685 1.409
threshold=18.500000000000004 3.5000000000000004 1.0000000180025095e-35 0 18.500000000000004 6.5000000000000009 32.500000000000007 -2.4999999999999996 6.5000000000000009 8.5000000000000018 6.5000000000000009 0.41469003260135656 7.5000000000000009 0.11189358308911325 -9.4999999999999982 1 48.500000000000007 -1.2499999999999998 4.2500000000000009 3.5000000000000004 8.5000000000000018 0.97484177350997936 1.0000000180025095e-35 205.00000000000003 1.5000000000000002 2.5000000000000004 0.75677654147148143 31.500000000000004
decision_type=8 10 8 9 10 8 8 8 10 10 8 8 10 8 10 9 8 10 10 10 10 10 8 8 8 8 10 8
left_child=1 5 27 8 6 18 7 -4 22 13 -7 -10 -13 -5 -15 16 -8 -6 19 21 -9 -1 -3 -17 -12 -26 -19 -2
right_child=2 3 4 9 17 10 15 20 11 -11 24 12 -14 14 -16 23 -18 26 -20 -21 -22 -23 -24 -25 25 -27 -28 -29
leaf_value=-0.05993930797953672 0.11534227400901176 -0.018602119135044691 0.040885126465585758 0.033898677300388258 0.011989018408560656 0.024724842378065298 0.087812220435208241 -0.015696414796345926 0.0054090950318786543 0.023760592080373153 -0.067457843853037852 -0.01257717334641318 -0.031237196053442492 0.0081205641141450149 -0.035107850083779542 0.061143035131814627 -0.023696734133311845 0.079120743821362804 -0.06706273587644937 -0.034572256493236878 0.0060570920182716299 -0.074226138956373228 -0.035496316249000938 0.03930094281120726 -0.016103533153815172 -0.06004974090091704 0.034639017430505292 0.21122463893845714
leaf_weight=42 31 30 30 26 29 31 35 138 31 43 37 80 46 158 52 42 89 43 43 41 90 51 26 150 37 131 28 27
leaf_count=42 31 30 30 26 29 31 35 138 31 43 37 80 46 158 52 42 89 43 43 41 90 51 26 150 37 131 28 27
internal_value=0 -0.00435998 0.00352914 -0.00158239 0.00267773 -0.0076688 0.00166459 -0.000685797 -0.00499865 0.00116325 -0.00524812 -0.0032682 -0.00477435 0 -0.000842545 0.00358356 0.000792222 0.0084926 -0.010896 -0.00950682 -0.00186248 -0.011605 -0.0107415 0.00508033 -0.00630065 -0.00547654 0.0107151 0.0134215
internal_weight=0 905 732 492 674 413 574 258 213 279 236 157 126 236 210 316 124 100 177 134 228 93 56 192 205 168 71 58
internal_count=1637 905 732 492 674 413 574 258 213 279 236 157 126 236 210 316 124 100 177 134 228 93 56 192 205 168 71 58
cat_boundaries=0 1 2
cat_threshold=3717 32780
is_linear=0
shrinkage=0.0176943


Tree=42
num_leaves=26
num_cat=2
split_feature=22 33 42 2 30 41 42 40 46 27 46 14 40 22 0 40 23 46 42 29 23 14 14 22 42
split_gain=73.5409 21.6955 15.4644 11.5982 14.1794 8.50314 7.72908 6.66818 5.67897 5.59627 5.53431 5.12499 6.5406 5.19607 3.94729 3.60756 4.95512 3.28936 2.50152 2.4358 3.2744 2.38229 2.1614 2.14139 1.35436
threshold=0.75000000000000011 -3.4999999999999996 4.5000000000000009 0 9.5000000000000018 1.0000000180025095e-35 16.500000000000004 -9.4999999999999982 0.23739406466484073 7.5000000000000009 0.85814890265464794 4.5000000000000009 -4.4999999999999991 22.250000000000004 1 -1.4999999999999998 -3.2499999999999996 0.77220910787582409 8.5000000000000018 1.2500000000000002 -1.4150000214576719 12.500000000000002 1.0000000180025095e-35 19.500000000000004 20.500000000000004
decision_type=10 10 8 9 8 8 8 10 10 10 10 10 10 10 9 10 10 10 8 8 10 10 8 10 10
left_child=2 5 -1 4 -4 7 -5 17 22 15 14 19 13 -13 -8 16 -3 -2 -14 -7 -21 -18 -6 -11 -10
right_child=1 9 3 6 8 11 10 -9 24 23 -12 12 18 -15 -16 -17 21 -19 -20 20 -22 -23 -24 -25 -26
leaf_value=0.10603210483629076 0.037707617428623399 0.00015440073522131537 -0.02472777725621526 -0.038697824461015842 0.051773047486263969 -0.058297424955114918 -0.013878701540159702 -0.018515328155329275 0.043986725117745804 -0.065173395297630665 0.042188758583952005 0.0010767624382654426 -0.017394828882514219 -0.051926331785125152 0.017711719433162999 -0.060461212877492863 -0.032550850455568263 -0.00099807605642176578 -0.055711172083348644 -0.057406321847304299 -0.014953634326052855 -0.085305599074245494 0.020305282510671055 -0.11459592782104581 0.083142721002377462
leaf_weight=42 46 29 31 27 77 35 108 48 29 28 28 192 34 62 328 46 36 28 32 29 82 34 168 35 27
leaf_count=42 46 29 31 27 77 35 108 48 29 28 28 192 34 62 328 46 36 28 32 29 82 34 168 35 27
internal_value=0 -0.00444575 0.00300697 0.00247244 0.0049667 -0.00270827 0.000671026 0.00145025 0.00628982 -0.0093572 0.00122027 -0.00379699 -0.00254348 -0.00125388 0.00073048 -0.0074434 -0.00554019 0.00478173 -0.00750579 -0.00654411 -0.00526009 -0.00808792 0.00512756 -0.0137606 0.0113733
internal_weight=0 796 865 823 332 588 491 122 301 208 464 466 320 254 436 145 99 74 66 146 111 70 245 63 56
internal_count=1661 796 865 823 332 588 491 122 301 208 464 466 320 254 436 145 99 74 66 146 111 70 245 63 56
cat_boundaries=0 1 2
cat_threshold=135270 1
is_linear=0
shrinkage=0.0176943


Tree=43
num_leaves=24
num_cat=5
split_feature=3 7 40 24 9 16 10 19 16 49 21 49 19 41 22 7 19 39 21 39 21 19 18
split_gain=56.6836 33.8431 18.0353 16.1835 11.4909 14.2141 11.3315 6.65144 7.67456 4.72904 4.65208 4.45244 4.40345 3.58275 3.5253 3.18772 2.64945 2.12759 1.63216 1.31039 1.27463 1.37072 0.303934
threshold=0 1 -3.4999999999999996 8.2500000000000018 2 2.7500000000000004 3 99.500000000000014 3.2500000000000004 13.500000000000002 28.500000000000004 4.5000000000000009 145.00000000000003 1.0000000180025095e-35 1.1650000214576723 4 11.500000000000002 0.19462481886148456 30.500000000000004 0.95488464832305919 32.500000000000007 11.500000000000002 1.0000000180025095e-35
decision_type=9 9 10 10 9 10 9 10 8 10 2 8 10 10 10 9 8 10 2 8 2 10 10
left_child=10 2 6 4 5 17 11 8 -6 15 16 -2 -9 -4 -13 -8 -1 -3 -11 -12 21 -21 -22
right_child=1 3 13 -5 7 -7 9 12 -10 18 19 14 -14 -15 -16 -17 -18 -19 -20 20 22 -23 -24
leaf_value=-0.017684767500389376 0.02300311666414084 0.05229362888478227 -0.040677166877832523 -0.080750027508094194 -0.025750847580354428 -0.019433141994330612 0.040067306821799424 0.043111281489756494 -0.0042993714495960806 0.10250040042687202 -0.045099614289147709 0.013896140322065147 -0.0047689759011107016 -0.0020175604592780703 -0.020184889671822148 0.05477159016631522 -0.060927056155739852 0.028753088430036586 0.049357751424590673 -0.022270531387670142 -0.093306505160607664 -0.068498211856839575 -0.08071539499365675
leaf_weight=40 33 50 32 40 221 30 104 55 334 40 32 159 116 33 34 121 27 33 27 26 26 27 26
leaf_count=40 33 50 32 40 221 30 104 55 334 40 32 159 116 33 34 121 27 33 27 26 26 27 26
internal_value=0 0.000817392 0.00408783 -0.00137333 -0.000864668 0.00417155 0.00526038 -0.00168286 -0.00264613 0.00749936 -0.00892949 0.0019493 0.00134511 -0.00462718 0.00100843 0.00652699 -0.00554532 0.00831341 0.0118829 -0.0112359 -0.0102788 -0.00834515 -0.0122481
internal_weight=0 1462 583 879 839 113 518 726 555 292 204 226 171 65 193 225 67 83 67 137 105 53 52
internal_count=1666 1462 583 879 839 113 518 726 555 292 204 226 171 65 193 225 67 83 67 137 105 53 52
cat_boundaries=0 2 4 5 6 7
cat_threshold=708969554 17327168 563862840 2 364 12327 10194944
is_linear=0
shrinkage=0.0176943


Tree=44
num_leaves=29
num_cat=3
split_feature=25 9 25 39 32 39 1 32 10 37 19 19 32 32 32 33 25 19 18 50 23 19 32 19 32 39 25 19
split_gain=62.6138 23.1282 21.179 17.8805 9.34352 9.25231 8.39241 7.49169 7.33722 6.31439 6.18103 6.61077 6.20338 5.2011 6.44755 4.98879 4.62189 4.03269 3.79982 3.53143 3.14123 3.12433 3.58701 3.55659 2.57041 2.53867 2.39074 1.36094
threshold=24.500000000000004 0 8.5000000000000018 0.62706920504570018 0.97484177350997936 0.34694443643093115 1 0.98709622025489818 2 8.5000000000000018 74.000000000000014 145.00000000000003 1.0000000180025095e-35 0.98648402094841015 0.73598009347915661 -2.4999999999999996 2.5000000000000004 278.50000000000006 1.5000000000000002 0.72380954027175914 -7.2499999999999991 13.500000000000002 0.62163743376731884 7.5000000000000009 0.36980056762695318 0.065591398626565947 35.500000000000007 321.00000000000006
decision_type=8 9 10 8 10 10 9 10 9 10 8 8 8 8 10 10 10 8 8 8 10 10 10 10 10 10 10 8
left_child=1 4 5 24 21 16 13 -6 17 15 12 -12 -10 14 -4 -8 -3 -5 -18 -7 -21 22 23 -1 25 -2 -14 -13
right_child=3 2 6 8 7 19 9 -9 10 -11 11 27 26 -15 -16 -17 18 -19 -20 20 -22 -23 -24 -25 -26 -27 -28 -29
leaf_value=0.031463816956971709 0.16843559157264834 -0.079357647010618801 -0.057974856636812191 0.012392086331653845 -0.029925023210902738 -0.066862715869528466 -0.0031844548566040045 0.0042883090501379621 0.058447244617867412 0.028094288514290931 0.070358901626447881 0.033270766400884604 0.025417591933554109 -0.048760110153911733 0.01920670456220654 -0.035989213304822534 -0.034360036385687479 -0.031071676781606886 0.0037525127399645258 -0.032731257552417597 -0.047824455199700459 -0.0070031755732493303 0.0089514184181972104 0.032995866494082773 0.050367443258868105 0.039401687317760323 -0.06061874490206929 0.059308305362088316
leaf_weight=38 41 47 43 49 30 46 357 47 26 42 28 79 46 33 37 30 71 56 61 31 89 30 50 28 26 26 32 160
leaf_count=38 41 47 43 49 30 46 357 47 26 42 28 79 46 33 37 30 71 56 61 31 89 30 50 28 26 26 32 160
internal_value=0 -0.00270991 -0.0039649 0.00450902 0.00235409 -0.00743655 -0.00182816 -0.00252748 0.00312246 -0.000604573 0.0042261 0.00576538 0.000680482 -0.00589772 -0.00398082 -0.0013259 -0.00464578 -0.00107696 -0.00294886 -0.0104455 -0.00884657 0.00508986 0.00640612 0.00911418 0.011605 0.00977035 -0.0018146 0.00481209
internal_weight=0 1110 887 569 223 345 542 77 476 429 371 267 104 113 80 387 179 105 132 166 120 146 116 66 93 67 78 239
internal_count=1679 1110 887 569 223 345 542 77 476 429 371 267 104 113 80 387 179 105 132 166 120 146 116 66 93 67 78 239
cat_boundaries=0 1 2 3
cat_threshold=139150728 47 1545
is_linear=0
shrinkage=0.0176943


Tree=45
num_leaves=25
num_cat=1
split_feature=25 27 32 32 9 20 25 17 40 34 46 17 25 20 44 16 25 47 16 34 19 36 20 17
split_gain=84.5077 23.1888 18.2755 11.2396 12.0066 13.9834 11.4415 9.70066 6.26839 6.15963 6.01804 5.79594 5.63297 5.00803 4.7773 4.89846 4.28007 3.94928 4.35126 3.77064 3.44411 1.84233 2.71626 1.59195
threshold=12.500000000000002 1.5000000000000002 0.013793759513646366 0.10084745660424234 0 473.50000000000006 26.500000000000004 4.5000000000000009 -2.4999999999999996 1.2500000000000002 0.97122153639793407 5.5000000000000009 15.500000000000002 183.50000000000003 4.5000000000000009 1.7500000000000002 32.500000000000007 3.5000000000000004 0.75000000000000011 8.5000000000000018 8.5000000000000018 2.5000000000000004 385.50000000000006 10.500000000000002
decision_type=8 8 8 8 9 2 10 8 10 10 8 8 10 2 8 10 10 8 10 8 10 8 2 8
left_child=1 7 20 -4 10 6 -6 13 11 17 23 14 -7 -1 -3 -16 -12 -9 -19 -10 -2 -13 -23 -5
right_child=2 8 3 4 5 12 -8 9 19 -11 16 21 -14 -15 15 -17 -18 18 -20 -21 -22 22 -24 -25
leaf_value=-0.054205846110419446 0.1089200487610382 -0.087769925120159673 -0.034054156907049042 0.018892612399238257 0.016199294126191054 0.0061912306834203176 0.075957856662600035 0.044981379745132472 -0.055523841086217864 0.030005709809314683 0.021579738499583355 -0.066346815340008192 -0.041250848632597065 0.0081546976744594317 -0.045202904988110228 -0.021432691457700787 0.084321846517597221 0.003534269763966921 -0.017329740741263026 -0.049914706766656144 0.045822351969983077 -0.024072864643819428 -0.08911831716669491 0.067489761612906096
leaf_weight=38 47 28 36 35 373 45 103 26 47 32 164 26 94 27 29 187 45 34 33 41 34 35 39 30
leaf_count=38 47 28 36 35 373 45 103 26 47 32 164 26 94 27 29 187 45 34 33 41 34 35 39 30
internal_value=0 -0.0047791 0.00351772 0.00281193 0.00320444 0.00172694 0.00319681 0.000372486 -0.00704481 0.00325554 0.0062302 -0.00596653 -0.00318224 -0.00517155 -0.00449594 -0.00360425 0.00499484 0.000951209 -0.00132029 -0.011259 0.0115766 -0.00955417 -0.00812896 0.0111597
internal_weight=0 622 1006 925 889 615 476 190 432 125 274 344 139 65 244 216 209 93 67 88 81 100 74 65
internal_count=1628 622 1006 925 889 615 476 190 432 125 274 344 139 65 244 216 209 93 67 88 81 100 74 65
cat_boundaries=0 1
cat_threshold=1051103
is_linear=0
shrinkage=0.0176943


Tree=46
num_leaves=27
num_cat=3
split_feature=1 32 13 19 49 32 28 20 35 15 20 20 20 13 32 20 48 35 49 39 35 20 48 15 39 19
split_gain=41.917 33.7827 23.6069 14.8658 16.8226 13.9326 11.1544 9.69844 8.14845 7.23655 6.69856 5.47409 5.35436 5.16425 7.01404 6.40463 3.92261 6.92564 2.97815 2.74347 2.16574 1.67537 1.57828 1.10029 0.509331 0.306436
threshold=0 1.0000000180025095e-35 1 243.50000000000003 5.5000000000000009 0.98973685503005993 19.500000000000004 196.50000000000003 13.500000000000002 -6.4999999999999991 87.500000000000014 120.50000000000001 64.500000000000014 2 0.67242920398712169 339.50000000000006 0.33436854183673864 5.5000000000000009 15.500000000000002 0.25918047130107885 15.500000000000002 218.50000000000003 0.41712453961372381 -53.499999999999993 0.54755750298500072 67.500000000000014
decision_type=9 8 9 8 10 10 10 2 10 10 2 2 2 9 10 2 10 10 10 10 10 2 10 10 10 10
left_child=5 18 6 4 8 7 13 11 -4 23 -5 16 -6 14 -3 -15 -1 -18 24 25 -8 -12 -13 -7 -2 -9
right_child=1 2 3 10 12 9 20 19 -10 -11 21 22 -14 15 -16 -17 17 -19 -20 -21 -22 -23 -24 -25 -26 -27
leaf_value=-0.04544641413435857 0.077917844188399032 0.036976728158077218 -0.037893920153005169 -0.0080239825155407462 -0.0222856291638843 -0.0887367411347703 0.065840803781210974 -0.081987898279615196 0.0091862346889088307 -0.038189344573148577 0.073883583106024053 0.0069745226644950557 0.010989607675370695 0.013699309996923197 -0.0051018584868718379 -0.026898392276734892 -0.069776285619902817 0.01094072742550168 0.1255307987578283 -0.038152913001282686 0.047860049341427666 0.028863288626205717 -0.0015285637605933116 -0.044578526993965722 0.035096595530100853 -0.086891000287329476
leaf_weight=27 37 140 272 27 34 43 28 26 37 30 28 27 172 153 61 80 51 28 31 27 26 121 30 26 26 26
leaf_count=27 37 140 272 27 34 43 28 26 37 30 28 27 172 153 61 80 51 28 31 27 26 121 30 26 26 26
internal_value=0 0.000703351 -0.000105053 -0.00219598 -0.00374494 -0.00620041 0.0028424 -0.00409441 -0.00635603 -0.011974 0.00221168 -0.00162822 0.000171774 0.00195693 0.00394123 7.28059e-05 -0.00400595 -0.00201559 0.0109169 -0.00918221 0.010484 0.00368116 0.00279344 -0.0151282 0.00870565 -0.00680448
internal_weight=0 1273 1179 691 515 341 488 242 309 99 176 163 206 434 201 233 106 79 94 79 54 149 57 69 63 52
internal_count=1614 1273 1179 691 515 341 488 242 309 99 176 163 206 434 201 233 106 79 94 79 54 149 57 69 63 52
cat_boundaries=0 1 3 5
cat_threshold=268470419 2818752450 140 14594 128
is_linear=0
shrinkage=0.0176943


Tree=47
num_leaves=21
num_cat=3
split_feature=26 7 28 1 49 35 47 8 49 14 28 23 48 39 49 35 35 47 14 35
split_gain=42.0493 40.7217 15.9377 13.6861 10.5506 10.6629 8.94088 9.0813 6.79201 7.08926 5.9222 5.59443 5.76259 5.5606 5.43172 6.09437 4.97268 4.12365 3.83687 3.2616
threshold=1.0000000180025095e-35 0 19.500000000000004 1 8.5000000000000018 16.500000000000004 -2.4999999999999996 2 5.5000000000000009 10.500000000000002 21.500000000000004 -9.4999999999999982 0.57587876915931713 0.5078604817390443 6.5000000000000009 17.500000000000004 13.500000000000002 -1.4999999999999998 4.5000000000000009 12.500000000000002
decision_type=10 9 10 9 8 10 8 9 10 10 10 10 10 10 8 8 8 8 10 10
left_child=1 3 4 8 5 17 -6 -8 9 -1 14 16 -13 -4 18 -16 -2 -3 -5 -10
right_child=11 2 13 10 6 -7 7 -9 19 -11 -12 12 -14 -15 15 -17 -18 -19 -20 -21
leaf_value=0.038820973055585767 -0.074887345110370193 -0.01397610258852987 0.0078679094863880455 -0.0035157323187683708 -0.034617676496758877 0.020756852430580293 0.026251467227735695 -0.013680434246067604 -0.041553553301557931 -0.053253495257695377 0.094194793420314754 -0.075565799784454421 -0.016875543640629893 0.061650150167507439 0.017925132902155656 0.061032990139152636 -0.087875236331675807 -0.032226642518648152 0.018697611430605138 0.0030351342926220205
leaf_weight=28 50 54 45 38 29 29 118 431 34 26 26 50 45 34 56 168 32 248 42 26
leaf_count=28 50 54 45 38 29 29 118 431 34 26 26 50 45 34 56 168 32 248 42 26
internal_value=0 0.000444824 -0.0015602 0.00483271 -0.00223853 -0.00475756 -0.000795922 -0.000290062 -0.000570733 0.00393149 0.00666122 -0.0086968 -0.00577345 0.00604682 0.00616955 0.00758299 -0.0120828 -0.0057417 0.00221155 -0.00471786
internal_weight=0 1432 988 444 909 331 578 549 114 54 330 177 95 79 304 224 82 302 80 60
internal_count=1609 1432 988 444 909 331 578 549 114 54 330 177 95 79 304 224 82 302 80 60
cat_boundaries=0 2 3 4
cat_threshold=1640734224 2 3847 9988
is_linear=0
shrinkage=0.0176943


Tree=48
num_leaves=22
num_cat=3
split_feature=25 1 19 15 1 28 28 15 39 49 28 39 6 48 42 36 39 16 35 42 28
split_gain=54.3423 25.4855 11.7645 11.0329 10.2861 9.51336 7.10381 6.94943 6.5647 6.35868 5.47732 6.1397 5.21704 4.6064 4.03084 4.17493 4.00572 3.39964 3.04792 2.22344 1.09333
threshold=11.500000000000002 0 132.50000000000003 -8.2499999999999982 1 1.0000000180025095e-35 7.5000000000000009 -5.7499999999999991 0.98709622025489818 2.5000000000000004 10.500000000000002 0.52885684370994579 2 0.4555336087942124 7.5000000000000009 8.5000000000000018 0.94405320286750805 1.2500000000000002 8.5000000000000018 13.500000000000002 19.500000000000004
decision_type=8 9 10 8 9 8 8 8 10 10 8 10 9 8 10 8 8 8 10 10 8
left_child=2 17 3 8 7 -6 14 -3 9 -1 11 -7 -8 -12 15 -5 -14 20 -9 -20 -2
right_child=1 4 -4 6 5 10 12 18 -10 -11 13 -13 16 -15 -16 -17 -18 -19 19 -21 -22
leaf_value=0.030813074300372469 0.1081808901978092 0.044711769277214465 0.035539469379259857 -0.072067232574209161 0.072646535970540035 -0.030191411810995276 0.015939004694931393 -0.015901241600160029 -0.042465730461666483 -0.0072558563369399341 0.018359813230765736 0.0096488977223664722 -0.022405403806631825 0.015102076038607318 -0.0069356303409720196 -0.047600980907496253 -0.029928595390418294 0.043194097608561237 -0.032397140725287793 -0.016426196117564927 0.083296942173046173
leaf_weight=49 36 27 43 71 46 48 28 40 42 50 118 28 33 606 27 62 158 36 29 30 33
leaf_count=49 36 27 43 71 46 48 28 40 42 50 118 28 33 606 27 62 158 36 29 30 33
internal_value=0 0.00241507 -0.0043685 -0.00510404 0.00144147 0.00214975 -0.00667606 -0.00312233 -0.000878379 0.00160843 0.00172517 -0.00279353 -0.00460519 0.00219954 -0.00951021 -0.0107756 -0.00565082 0.0103081 -0.00554019 -0.00809633 0.0135898
internal_weight=0 1077 563 520 972 846 379 126 141 99 800 76 219 724 160 133 191 105 99 59 69
internal_count=1640 1077 563 520 972 846 379 126 141 99 800 76 219 724 160 133 191 105 99 59 69
cat_boundaries=0 2 4 5
cat_threshold=1159069760 16 8913165 1 2
is_linear=0
shrinkage=0.0176943


Tree=49
num_leaves=31
num_cat=3
split_feature=25 7 20 28 20 25 8 15 16 33 34 37 47 20 20 41 7 25 25 15 16 37 25 20 20 20 25 28 25 20
split_gain=58.5737 29.0054 21.1139 18.8731 16.9175 13.0533 9.5665 8.2836 7.68494 6.78466 6.53966 5.87186 5.47098 5.12974 4.36518 5.0016 3.97883 4.93084 4.13155 3.64026 3.40671 3.17613 4.85295 2.80482 3.82804 2.59416 2.22787 1.49129 2.60226 1.33363
threshold=23.500000000000004 0 338.50000000000006 16.500000000000004 68.500000000000014 3.5000000000000004 1 -5.7499999999999991 16.500000000000004 -12.499999999999998 1.2500000000000002 7.5000000000000009 -12.499999999999998 186.50000000000003 234.50000000000003 4.2500000000000009 2 54.500000000000007 43.500000000000007 -1.0000000180025095e-35 1.2500000000000002 3.5000000000000004 12.500000000000002 511.50000000000006 426.50000000000006 482.50000000000006 24.500000000000004 1.0000000180025095e-35 28.500000000000004 357.50000000000006
decision_type=8 9 2 10 2 10 9 10 10 10 8 10 10 2 2 10 9 10 10 10 8 10 10 2 2 2 10 8 10 2
left_child=1 7 4 5 -2 14 11 12 -8 10 -5 -7 -1 21 15 -3 17 25 23 20 -6 22 -9 24 -18 -4 -22 -21 -29 -16
right_child=2 3 16 9 19 6 8 13 -10 -11 -12 -13 -14 -15 29 -17 18 -19 -20 27 26 -23 -24 -25 -26 -27 -28 28 -30 -31
leaf_value=-0.01864645876018706 -0.024483717122461026 -0.037124275510447474 -0.0074764704675142008 0.038490721657006746 0.019119518369997594 -0.035117670389422609 -0.011410422780125353 -0.014199349678177195 -0.070285947133807855 -0.01390276757219259 -0.00097413499357734787 -0.00012628502560421752 0.016098181279701446 0.032433880447385717 -0.09577703237903662 -0.055455024113305572 -0.015157879871350134 -0.041400633017017678 0.058314508225948684 0.10266934478257388 0.072817689687312129 0.042713514460947823 0.019951594410883264 -0.014473389547854734 0.096394380557151299 0.058563038988296928 0.091366747789581301 0.058785560989709558 0.024442370747915505 -0.082250014072872302
leaf_weight=47 27 44 32 40 40 211 313 29 27 35 27 32 33 37 35 33 28 35 46 33 69 33 52 47 26 42 59 47 26 36
leaf_count=47 27 44 32 40 40 211 313 29 27 35 27 32 33 37 35 33 28 35 46 33 69 33 52 47 26 42 59 47 26 36
internal_value=0 -0.00279381 0.00428849 -0.00430283 0.00746549 -0.00534937 -0.00415794 0.00271645 -0.00202215 0.00277535 0.00607345 -0.00678376 -0.00176924 0.00527285 -0.0100422 -0.00712296 0.000552922 -0.00193285 0.00236662 0.00878231 0.00716163 0.00341444 0.00152897 0.000525515 0.00327623 0.00047815 0.00857015 0.0113502 0.00993684 -0.013207
internal_weight=0 1064 557 833 301 731 583 231 340 102 67 243 80 151 148 77 256 109 147 274 168 114 81 101 54 74 128 106 73 71
internal_count=1621 1064 557 833 301 731 583 231 340 102 67 243 80 151 148 77 256 109 147 274 168 114 81 101 54 74 128 106 73 71
cat_boundaries=0 2 3 4
cat_threshold=19584032 2 5070 83
is_linear=0
shrinkage=0.0176943


Tree=50
num_leaves=27
num_cat=3
split_feature=3 25 9 42 42 7 27 23 21 25 15 28 21 21 27 32 34 37 32 25 21 21 21 28 32 32
split_gain=61.0096 33.7297 24.8067 12.4343 12.4065 11.7637 10.9498 7.56759 7.45935 8.94517 6.50549 5.69424 6.19841 5.89019 5.23213 4.27864 3.98471 3.13874 4.50429 3.05223 3.34278 2.31851 3.25586 3.99797 3.8507 1.23021
threshold=0 8.5000000000000018 1 15.500000000000002 2.5000000000000004 2 1.5000000000000002 -0.43000000715255732 32.500000000000007 20.500000000000004 -2.2499999999999996 16.500000000000004 28.500000000000004 40.500000000000007 8.5000000000000018 0.58619046211242687 10.500000000000002 3.5000000000000004 0.54006412625312816 29.500000000000004 27.500000000000004 24.500000000000004 29.500000000000004 15.500000000000002 0.55829057097435009 0.8015151619911195
decision_type=9 8 9 8 10 9 8 8 2 8 10 8 2 2 10 10 8 10 10 10 2 2 2 8 10 8
left_child=14 6 3 4 -3 8 15 17 9 -4 -10 12 -7 -13 21 -2 -9 18 -8 20 -5 -1 24 -24 -23 -6
right_child=1 2 5 19 25 11 7 16 10 -11 -12 13 -14 -15 -16 -17 -18 -19 -20 -21 -22 22 23 -25 -26 -27
leaf_value=-0.082045340174586645 0.035363369969100715 0.08018196241031264 0.0041363896438281122 0.051439795830072771 -0.020984314534582004 0.030605165245841552 -0.055107336326201281 -0.044925611242534962 -0.016687684351493464 0.045985902456448326 0.010700161109617402 0.0026893033589143675 -0.025250990793807101 0.023902759355869378 -0.081480375404028457 -0.0056298801103164342 -0.092929216331266745 -0.041034919641990603 -0.00012629033117826012 0.16920037721456851 0.038815092977331572 -0.059229437875650014 -0.076151650646262586 -0.045959842507967481 -0.0076106043149710926 0.0025698520736465581
leaf_weight=27 30 26 53 39 26 45 74 26 55 84 28 467 122 41 44 38 28 30 72 27 82 37 44 36 36 26
leaf_count=27 30 26 53 39 26 45 74 26 55 84 28 467 122 41 44 38 28 30 72 27 82 37 44 36 36 26
internal_value=0 0.00112678 0.00254126 0.00764727 0.00226826 0.00115354 -0.00415626 -0.00600046 0.00461574 0.00736143 0.000639472 -2.5828e-05 -0.00286061 0.000905595 -0.00862 0.00208142 -0.0117945 -0.0042223 -0.00315086 0.0109986 0.00979703 -0.00766719 -0.00682293 -0.00928861 -0.00412014 -0.00272177
internal_weight=0 1419 1121 226 78 895 298 230 220 137 83 675 167 508 224 68 54 176 146 148 121 180 153 80 73 52
internal_count=1643 1419 1121 226 78 895 298 230 220 137 83 675 167 508 224 68 54 176 146 148 121 180 153 80 73 52
cat_boundaries=0 3 4 5
cat_threshold=1296065546 71469568 1073741824 82887108 2164433300
is_linear=0
shrinkage=0.0176943


Tree=51
num_leaves=34
num_cat=2
split_feature=25 2 33 14 42 14 32 2 50 24 27 14 32 32 23 25 17 25 25 25 32 42 42 25 17 42 25 30 23 25 25 32 25
split_gain=73.2502 24.5879 22.3399 17.231 13.5431 8.17182 12.9168 7.96217 5.25377 5.56394 5.68857 5.2429 5.23456 5.07799 4.57801 4.48343 7.30351 4.35398 4.09443 3.03345 2.80073 2.7613 2.61377 2.52303 2.25452 2.50643 2.02745 1.77173 1.74201 1.05 1.10892 0.498436 0.350771
threshold=19.500000000000004 0 -8.4999999999999982 2.2500000000000004 10.500000000000002 66.500000000000014 0.26076923310756689 1 0.4083333313465119 0.76500001549720775 1.0000000180025095e-35 2.2500000000000004 0.6012820601463319 0.97350877523422252 -1.0000000180025095e-35 40.500000000000007 8.5000000000000018 36.500000000000007 29.500000000000004 10.500000000000002 0.92899158596992504 14.500000000000002 19.500000000000004 49.500000000000007 2.5000000000000004 21.500000000000004 12.500000000000002 14.500000000000002 -5.2499999999999991 60.500000000000007 46.500000000000007 0.10084745660424234 24.500000000000004
decision_type=8 9 8 8 10 8 10 9 8 8 8 8 8 8 10 8 8 8 10 10 8 10 8 10 10 8 10 8 10 10 10 10 10
left_child=1 8 11 12 5 6 -4 17 -1 10 -10 -3 18 14 -6 16 20 -5 21 -7 -9 31 -18 -19 28 -26 -12 -14 -11 30 -17 -2 -29
right_child=3 2 4 7 13 19 -8 15 9 24 26 -13 27 -15 -16 29 22 23 -20 -21 -22 -23 -24 -25 25 -27 -28 32 -30 -31 -32 -33 -34
leaf_value=-0.0066840015482059383 0.055316302081099514 0.047433453672827697 0.013878703059146348 -0.041671852881220439 0.030569134599355806 -0.053888297976737783 -0.033669341587340404 0.018379455099306899 -0.01551540486186897 -0.072334289648837771 -0.081384914866607039 0.0099235770431753551 0.0027920103253979826 -0.0016102292514950651 0.0043432463876479531 0.041096546943241913 -0.020344618333564823 0.023980460462033632 0.12478148534105729 -0.03106258692185979 0.051599483079611069 0.048740763406666179 0.006197713878118489 -0.039550662606644763 -0.049945700181298923 -0.019077959986846395 0.0088517377264062218 0.016590694265130976 -0.084038175650195071 0.022503110605636506 0.12203979462709465 0.051636368218174467 0.039410374095694735
leaf_weight=34 27 26 124 37 46 76 218 35 35 32 30 38 26 37 38 135 28 65 44 29 31 30 100 40 46 44 27 26 35 26 27 29 30
leaf_count=34 27 26 124 37 46 76 218 35 35 32 30 38 26 37 38 135 28 65 44 29 31 30 100 40 46 44 27 26 35 26 27 29 30
internal_value=0 -0.00307471 -0.00104731 0.00442352 -0.0021806 -0.00360212 -0.0022764 0.00270137 -0.00730699 -0.00845603 -0.00500013 0.00884608 0.00867989 0.0030707 0.00547629 0.0039721 0.00218889 -0.000931219 0.0108881 -0.00791971 0.00696966 0.00864062 -0.000276442 0.000842507 -0.0104808 -0.0086498 -0.00155189 0.00517832 -0.0129391 0.00602333 0.00655312 0.00631851 0.00695037
internal_weight=0 915 632 736 568 447 342 524 283 249 92 64 212 121 84 382 194 142 130 105 66 86 128 105 157 90 57 82 67 188 162 56 56
internal_count=1651 915 632 736 568 447 342 524 283 249 92 64 212 121 84 382 194 142 130 105 66 86 128 105 157 90 57 82 67 188 162 56 56
cat_boundaries=0 1 2
cat_threshold=39937 33048
is_linear=0
shrinkage=0.0176943


Tree=52
num_leaves=27
num_cat=6
split_feature=1 22 13 17 17 8 13 40 15 40 15 22 15 22 13 22 49 49 17 22 15 26 5 15 49 17
split_gain=69.5862 25.8232 15.7059 18.4595 9.58484 8.29116 8.15337 6.22793 6.07061 6.00363 5.58757 5.19333 4.02272 3.87004 3.6247 4.72694 3.82343 3.51814 2.3103 1.95862 1.95131 1.55483 1.37119 1.02476 0.734343 0.344217
threshold=0 4.0699999332427987 1 10.500000000000002 5.5000000000000009 2 3 -3.4999999999999996 -35.499999999999993 -5.4999999999999991 -10.749999999999998 46.500000000000007 -2.2499999999999996 8.2500000000000018 4 3.1649999618530278 12.500000000000002 4.5000000000000009 4.5000000000000009 14.250000000000002 -1.0000000180025095e-35 1.0000000180025095e-35 5 -6.4999999999999991 16.500000000000004 13.500000000000002
decision_type=9 10 9 10 10 9 9 8 10 10 8 10 10 10 9 8 8 10 10 10 10 10 9 10 10 10
left_child=4 2 14 5 7 18 -7 -1 21 13 19 22 -6 -10 16 17 -2 -16 -4 -9 -14 -3 -12 -15 25 -5
right_child=1 8 3 24 12 6 -8 10 9 -11 11 -13 20 23 15 -17 -18 -19 -20 -21 -22 -23 -24 -25 -26 -27
leaf_value=-0.009271573753979058 -0.0078035013190960092 -0.033093853738141138 0.052488508293750936 0.051955217180152835 -0.024574268052228166 0.033996017209420019 0.00090134004275743338 -0.0012616638102414725 -0.004005709641453502 -0.046271721253073037 -0.062098591984859022 -0.061290706813356813 0.022261755227071394 0.025395955919909747 -0.017617617537517186 0.036826557520096018 0.040054669496905816 -0.012265063958215435 0.07473888723405149 -0.039385329588181431 -0.0097161412620550471 -0.091102701107239129 -0.062349709860055426 0.02566288182053789 0.13829482155148312 0.05829194864449349
leaf_weight=38 41 38 103 65 28 208 261 27 51 39 56 37 26 39 27 26 68 64 48 45 30 32 92 26 26 50
leaf_count=38 41 38 103 65 28 208 261 27 51 39 56 37 26 39 27 26 68 64 48 45 30 32 92 26 26 50
internal_value=0 0.0026353 0.00389019 0.00507184 -0.00595862 0.00382419 0.00247494 -0.00761733 -0.00275234 -0.000799045 -0.0086059 -0.0102336 -0.000842487 0.0012202 -0.000299885 -0.00236837 0.00193285 -0.00447179 0.0073631 -0.00442309 0.00189553 -0.00707693 -0.0117159 0.0040828 0.0109171 0.0103081
internal_weight=0 1212 987 761 379 620 469 295 225 155 257 185 84 116 226 117 109 91 151 72 56 70 148 65 141 115
internal_count=1591 1212 987 761 379 620 469 295 225 155 257 185 84 116 226 117 109 91 151 72 56 70 148 65 141 115
cat_boundaries=0 2 4 5 6 8 9
cat_threshold=268749075 32 1424719872 113 540 5230 1350762496 48 1
is_linear=0
shrinkage=0.0176943


Tree=53
num_leaves=29
num_cat=3
split_feature=25 13 32 8 20 20 20 8 25 29 32 25 25 46 25 15 20 15 25 20 20 32 20 15 42 20 25 29
split_gain=44.9577 17.7398 14.8506 9.80095 9.33625 10.3702 9.56871 11.7937 9.17353 7.55358 7.47784 6.45568 6.06184 5.75897 5.2414 4.58876 5.60521 3.79708 3.37923 3.18993 2.99806 9.30488 5.32355 2.51952 2.4583 2.07053 2.00536 0.653269
threshold=6.5000000000000009 0 0.056470900774002082 1 339.50000000000006 407.50000000000006 86.500000000000014 2 17.500000000000004 3.0700000524520878 0.97926959395408641 10.500000000000002 24.500000000000004 0.18245838582515719 12.500000000000002 -7.7499999999999991 221.50000000000003 -41.499999999999993 13.500000000000002 108.50000000000001 128.50000000000003 0.14365079998970035 222.50000000000003 -12.499999999999998 6.5000000000000009 362.50000000000006 32.500000000000007 5.5000000000000009
decision_type=8 9 8 9 2 2 2 9 8 8 10 10 8 8 8 10 2 10 10 2 2 10 2 10 10 2 10 10
left_child=3 8 12 9 6 25 14 -8 11 -1 15 19 -3 -10 -4 16 -5 -11 -13 -2 21 -15 -22 27 -20 -6 -7 -12
right_child=1 2 4 10 5 26 7 -9 13 17 23 18 -14 20 -16 -17 -18 -19 24 -21 22 -23 -24 -25 -26 -27 -28 -29
leaf_value=0.015808276250457682 -0.0013763029887279956 0.026927178257425601 -0.037666783884526836 -0.037619340425537884 -0.040425803642522178 -0.03081589700391079 -0.013183259317950551 0.028988689076313846 0.060297546513288697 -0.04770516593519028 -0.085808687873929923 -0.01973410806453206 0.10718464337088075 -0.0095989432119733993 -0.0014944406948312441 0.014774382367463203 -0.090524823448247443 -0.031858041661737523 -0.0071315070089389074 0.029041360965416405 0.065659718907312953 0.019058896547510772 0.045650160833911643 -0.05242745309432692 0.027200593565866051 -0.066168394347365114 0.0048833109785534319 -0.069878913310949933
leaf_weight=32 26 38 50 33 46 120 111 238 33 36 29 45 27 26 91 27 36 33 46 40 46 26 184 45 29 35 72 37
leaf_count=32 26 38 50 33 46 120 111 238 33 36 29 45 27 26 91 27 36 33 46 40 46 26 184 45 29 35 72 37
internal_value=0 0.000838773 -0.000760126 -0.0066639 -0.00146098 -0.00408317 0 0.00157166 0.00342799 -0.00143456 -0.00872451 0.000380496 0.00734906 0.00533623 -0.00389001 -0.00552901 -0.00794872 -0.00487178 -0.00206419 0.00482514 0.00451756 0.000680416 0.00538503 -0.0122736 0.000235875 -0.00939237 -0.00184307 -0.0144755
internal_weight=0 1329 828 308 763 273 490 349 501 101 207 186 65 315 141 96 69 69 120 66 282 52 230 111 75 81 192 66
internal_count=1637 1329 828 308 763 273 490 349 501 101 207 186 65 315 141 96 69 69 120 66 282 52 230 111 75 81 192 66
cat_boundaries=0 2 3 4
cat_threshold=1751285252 184 1222 1745
is_linear=0
shrinkage=0.0176943


Tree=54
num_leaves=24
num_cat=3
split_feature=3 32 10 40 42 32 32 14 44 8 14 14 16 26 27 16 27 19 30 19 49 14 19
split_gain=54.7019 18.0962 16.7508 13.1604 9.48795 8.68693 12.1635 8.00838 8.40318 6.77931 6.02516 5.67335 5.60444 5.59377 6.21399 3.78608 3.61589 3.01181 2.44309 2.42378 1.39455 1.04982 0.0409672
threshold=0 0.039480518549680717 1 -5.4999999999999991 18.500000000000004 0.9674775004386903 0.98742088675498974 4.5000000000000009 12.500000000000002 2 4.5000000000000009 13.500000000000002 0.75000000000000011 1.0000000180025095e-35 1.5000000000000002 12.500000000000002 1.0000000180025095e-35 9.5000000000000018 15.500000000000002 9.5000000000000018 10.500000000000002 17.500000000000004 7.5000000000000009
decision_type=9 8 9 10 10 10 10 8 8 9 10 10 10 10 10 10 10 10 8 8 10 8 10
left_child=7 12 5 4 9 10 -7 -1 17 -4 19 -12 20 14 -5 16 21 -9 -6 -3 -2 -10 -22
right_child=1 2 3 13 18 6 -8 8 15 -11 11 -13 -14 -15 -16 -17 -18 -19 -20 -21 22 -23 -24
leaf_value=-0.049006442213735554 0.06496242527742993 0.068197644483079689 -0.011445576901212312 -0.03534046782345153 0.0020602997273958101 -0.028933255597739144 0.053023373689647518 -0.034795955506033073 -0.0050678153123142194 0.0058197170369867308 -0.015882926660370625 0.038064365979310462 0.016278586898728839 -0.063149368897804758 0.031049899476302965 -0.098481558138409267 -0.034711383295245278 -0.075937950780253879 0.048078534957073385 0.088164620943446029 0.10038604387258973 0.028952412460901685 0.07695225251030309
leaf_weight=47 28 44 259 62 27 42 32 34 29 572 30 36 37 28 31 26 27 26 34 100 26 31 27
leaf_count=47 28 44 259 62 27 42 32 34 29 572 30 36 37 28 31 26 27 26 34 100 26 31 27
internal_value=0 0.00145278 0.000859468 -0.00022485 0.000515745 0.0045739 -0.00047815 -0.00784676 -0.00644329 2.12903e-05 0.00657191 0.00214449 0.00809685 -0.00570274 -0.00361465 -0.00360123 -0.00183026 -0.0117947 0.00725084 0.00860092 0.0107029 0.000589705 0.00901277
internal_weight=0 1415 1297 1013 892 284 74 220 173 831 210 66 118 121 93 113 87 60 61 144 81 60 53
internal_count=1635 1415 1297 1013 892 284 74 220 173 831 210 66 118 121 93 113 87 60 61 144 81 60 53
cat_boundaries=0 3 4 5
cat_threshold=1615168089 134720 536870912 23336 33436
is_linear=0
shrinkage=0.0176943


Tree=55
num_leaves=24
num_cat=3
split_feature=3 13 19 27 46 46 9 15 19 15 23 17 42 44 15 49 23 15 19 49 15 19 17
split_gain=39.5371 22.2715 13.3115 12.5778 10.9709 10.7234 10.8415 8.61226 8.60746 7.08781 6.58938 5.82285 4.38218 4.23551 3.55393 3.50585 3.43269 3.113 1.9678 1.72074 1.6559 1.54033 0.471345
threshold=0 1 33.500000000000007 2.5000000000000004 0.068055558949708952 0.089220564812421813 2 -4.4999999999999991 9.5000000000000018 -1.2499999999999998 -0.23500000685453412 3.5000000000000004 4.5000000000000009 4.5000000000000009 -1.7499999999999998 10.500000000000002 -1.0000000180025095e-35 -3.2499999999999996 103.00000000000001 11.500000000000002 -3.7499999999999996 7.5000000000000009 2.5000000000000004
decision_type=9 9 8 10 8 8 9 8 10 10 8 8 10 10 8 8 10 10 8 10 8 10 10
left_child=2 3 13 5 -3 19 10 -8 9 15 -7 20 21 16 -13 -6 17 22 -4 -2 -10 -5 -1
right_child=1 4 18 12 8 6 7 -9 11 -11 -12 14 -14 -15 -16 -17 -18 -19 -20 -21 -22 -23 -24
leaf_value=-0.061936939201774309 0.058531379409511412 0.056313349436705906 -0.014972917062755534 -0.040284326591056352 -0.040045430285694669 -0.030570141523741018 -0.02648733805980915 0.027659976162900401 -0.033964686894603212 0.024770559230974085 0.011406388602387412 6.5472518938595396e-05 0.0043742045649454225 -0.024628228383001664 -0.015933715598929244 0.0093458876209023406 -0.032701520593552247 -0.056726264240759494 0.0083263160647858783 0.072045509753594805 -0.079185570490382676 -0.024378069173959835 -0.039977675449914762
leaf_weight=37 29 36 34 29 37 44 63 385 40 37 170 107 41 28 238 80 40 26 27 29 39 27 26
leaf_count=37 29 36 34 29 37 44 63 385 40 37 170 107 41 28 238 80 40 26 27 29 39 27 26
internal_value=0 0.000945488 -0.00698434 0.0028456 -0.00158792 0.00368626 0.00304701 0.0045587 -0.0022041 0.00137869 -0.00031595 -0.0035054 -0.0031008 -0.01003 -0.00251304 -0.000756101 -0.011384 -0.0133193 -0.000290004 0.0109812 -0.00783847 -0.00631851 -0.0154455
internal_weight=0 1431 218 817 614 720 662 448 578 154 214 424 97 157 345 117 129 89 61 58 79 56 63
internal_count=1649 1431 218 817 614 720 662 448 578 154 214 424 97 157 345 117 129 89 61 58 79 56 63
cat_boundaries=0 3 5 6
cat_threshold=809791512 4359688 1073774592 742847223 2178 42589
is_linear=0
shrinkage=0.0176943


Tree=56
num_leaves=22
num_cat=2
split_feature=3 40 13 22 35 35 35 33 14 35 33 34 35 35 40 14 42 27 35 49 35
split_gain=49.4756 27.5508 19.9981 14.2907 12.1638 10.3883 8.70263 7.16976 6.51047 6.00368 8.54673 5.94888 5.64526 5.59706 5.02381 4.12693 3.31935 3.40928 4.14965 2.53047 1.22675
threshold=0 -5.4999999999999991 1 2.5000000000000004 1.0000000180025095e-35 6.5000000000000009 21.500000000000004 -4.4999999999999991 2.2500000000000004 12.500000000000002 1.0000000180025095e-35 5.5000000000000009 8.5000000000000018 10.500000000000002 -1.0000000180025095e-35 9.2500000000000018 7.5000000000000009 8.5000000000000018 11.500000000000002 1.5000000000000002 7.5000000000000009
decision_type=9 10 9 10 8 8 10 10 8 10 8 10 8 10 10 10 10 8 8 8 10
left_child=11 2 3 6 -4 -6 12 13 -7 10 -5 16 -2 15 20 -3 17 18 -1 -19 -9
right_child=1 7 4 9 5 8 -8 14 -10 -11 -12 -13 -14 -15 -16 -17 -18 19 -20 -21 -22
leaf_value=0.0038234685173536838 0.074594217263724616 -0.04907394804114374 0.069802534295123411 -0.045682047207234483 -0.061463515524531269 0.018367296728445923 0.070611355314442056 -0.051884809013242522 -0.0042153563921787911 0.047387674275021392 0.010970183609060297 -0.076179565592925325 0.036817576373989296 0.0055703704675725985 -0.01429553861933722 -0.020634859194195256 -0.035704648680447502 -0.091856153878623684 -0.043620768811181383 -0.049310837746934774 -0.058480138012281441
leaf_weight=32 35 29 29 26 32 166 38 26 514 27 68 50 281 45 26 47 30 26 27 49 26
leaf_count=32 35 29 29 26 32 166 38 26 514 27 68 50 281 45 26 47 30 26 27 49 26
internal_value=0 0.00120444 0.00221177 0.00499809 0.000353408 -9.94023e-05 0.00689761 -0.00489018 0.000364287 -0.000146209 -0.00225864 -0.00774097 0.00593527 -0.00219335 -0.0090731 -0.0051215 -0.00647321 -0.00528156 -0.00209902 -0.00778468 -0.0122481
internal_weight=0 1415 1216 475 741 712 354 199 680 121 94 214 316 121 78 76 164 134 59 75 52
internal_count=1629 1415 1216 475 741 712 354 199 680 121 94 214 316 121 78 76 164 134 59 75 52
cat_boundaries=0 3 5
cat_threshold=1547703834 16386 12800 1410022368 2144
is_linear=0
shrinkage=0.0176943


Tree=57
num_leaves=19
num_cat=2
split_feature=3 28 28 19 20 41 20 20 19 2 20 44 49 41 28 49 25 26
split_gain=72.9256 35.6232 29.5838 12.9698 10.8533 10.4242 10.6489 8.70743 7.18715 8.47208 7.12149 5.29783 4.64432 5.14348 3.99944 3.58897 2.94552 2.65645
threshold=0 1.0000000180025095e-35 16.500000000000004 66.000000000000014 641.50000000000011 5.5000000000000009 231.50000000000003 21.500000000000004 75.500000000000014 1 183.50000000000003 5.5000000000000009 1.0000000180025095e-35 1.2500000000000002 10.500000000000002 15.500000000000002 11.500000000000002 1.0000000180025095e-35
decision_type=9 8 8 10 2 10 2 2 10 9 2 8 8 8 10 8 8 10
left_child=12 15 5 4 10 6 7 -3 -5 -10 -4 -7 -1 -14 -8 -2 17 -15
right_child=1 2 3 8 -6 11 14 -9 9 -11 -12 -13 13 16 -16 -17 -18 -19
leaf_value=-0.024393338399604548 0.052425624818241826 -0.030015429405190554 0.024474436395887728 -0.05420108020734981 -0.013297319116865689 -0.039515856720878699 -0.042299469208415326 0.011816344498569544 0.044146384589888066 -0.011054159167343931 0.05886942932458205 -0.02286510023838785 -0.018905593355625406 -0.048272359762800074 -0.026887016268860239 0.16380080986768572 -0.077485335331966942 -0.062055303682208955
leaf_weight=51 37 41 176 30 48 33 87 262 168 154 226 26 28 49 60 40 42 37
leaf_count=51 37 41 176 30 48 33 87 262 168 154 226 26 28 49 60 40 42 37
internal_value=0 0.00230353 0.0016331 0.00375062 0.0057407 -0.00170335 -0.000786394 0.00110951 0.0012064 0.00197819 0.00669024 -0.00869606 -0.00872451 -0.0106614 -0.00469415 0.0140162 -0.0121641 -0.0102865
internal_weight=0 1388 1311 802 450 509 450 303 352 322 402 59 207 156 147 77 128 86
internal_count=1595 1388 1311 802 450 509 450 303 352 322 402 59 207 156 147 77 128 86
cat_boundaries=0 3 4
cat_threshold=138712200 70273602 8192 11
is_linear=0
shrinkage=0.0176943


Tree=58
num_leaves=23
num_cat=2
split_feature=22 1 28 35 28 44 15 19 19 21 35 47 27 10 22 48 22 22 22 48 33 42
split_gain=50.4874 23.5929 15.7711 13.6206 8.34437 7.86283 7.11818 7.41813 7.08427 6.59705 6.16873 5.41175 5.37314 4.99649 4.82291 4.3642 3.88969 3.55211 2.9283 2.41659 2.06816 0.369715
threshold=2.5000000000000004 0 1.0000000180025095e-35 11.500000000000002 20.500000000000004 4.5000000000000009 -1.7499999999999998 48.500000000000007 9.5000000000000018 33.500000000000007 18.500000000000004 -16.499999999999996 1.5000000000000002 1 9.2500000000000018 0.58160674571990978 23.500000000000004 14.250000000000002 8.2500000000000018 0.66885966062545787 -1.0000000180025095e-35 17.500000000000004
decision_type=10 9 8 10 10 10 8 10 8 2 8 10 10 9 10 10 10 10 10 8 8 8
left_child=1 10 21 5 12 6 9 17 -6 16 -1 20 13 -4 -7 -11 -2 -8 -9 -12 -5 -3
right_child=3 2 4 11 8 14 7 18 -10 15 19 -13 -14 -15 -16 -17 -18 -19 -20 -21 -22 -23
leaf_value=-0.032041561314464326 -0.017560087808228618 0.1397357324085777 0.031061725126560927 0.0087745428388917353 0.056811725408845555 -0.022421954063681842 -0.046712850325150948 -0.050152878793696981 0.025384015634574195 -0.032924717818624154 -0.0023571961413184762 0.034345466543819363 -0.010577990662474834 0.013907264968984626 0.011461578866080679 0.0036379558932375647 -0.080784651129486518 -0.079608140986159689 -0.026413656356352282 -0.049886148996202841 -0.014751190104576088 0.10127432003761778
leaf_weight=35 173 27 106 30 45 30 77 51 49 33 44 43 39 598 43 39 45 56 36 26 36 29
leaf_count=35 173 27 106 30 45 30 77 51 49 33 44 43 39 598 43 39 45 56 36 26 36 29
internal_value=0 0.00258852 0.00350747 -0.00363086 0.00293844 -0.00470424 -0.00548167 -0.00788171 0.0079053 -0.00366078 -0.00507714 0.00211016 0.00230999 0.00266416 0.000727062 0.000982888 -0.00519446 -0.0105095 -0.00386391 -0.00252746 -0.00107223 0.0126371
internal_weight=0 998 893 692 837 583 510 220 94 290 105 109 743 704 73 72 218 133 87 70 66 56
internal_count=1690 998 893 692 837 583 510 220 94 290 105 109 743 704 73 72 218 133 87 70 66 56
cat_boundaries=0 1 2
cat_threshold=33599754 3458
is_linear=0
shrinkage=0.0176943


Tree=59
num_leaves=29
num_cat=3
split_feature=24 13 15 7 17 46 39 40 13 39 48 46 48 34 39 19 39 19 46 41 17 19 29 48 21 21 48 17
split_gain=34.3174 23.6841 21.4225 18.7036 14.1754 12.3239 11.175 10.9201 9.81863 16.5807 8.54157 6.20005 5.06898 6.40446 5.00356 4.62082 5.48351 4.61425 4.39051 4.02873 3.95033 3.6938 3.49591 4.06621 5.41494 2.9813 2.07622 1.07642
threshold=1.0000000180025095e-35 0 -0.74999999999999989 1 12.500000000000002 0.037617925554513938 0.97277778387069713 -8.4999999999999982 2 0.91734972596168529 0.1132478639483452 0.91734972596168529 0.99122807383537304 3.5000000000000004 0.57238095998764049 50.500000000000007 0.9813067913055421 168.50000000000003 0.68057972192764293 5.5000000000000009 14.500000000000002 10.500000000000002 1.2500000000000002 0.82683658599853527 30.500000000000004 27.500000000000004 0.58842146396636974 6.5000000000000009
decision_type=10 9 8 9 10 8 10 10 9 8 8 8 10 10 10 10 10 8 8 8 10 10 8 8 2 2 10 10
left_child=3 11 6 5 8 -1 14 10 9 27 -7 -2 13 26 21 16 -10 -11 -12 -8 -6 -3 -4 -24 -25 -17 -13 -5
right_child=1 2 22 4 20 7 19 -9 15 17 18 12 -14 -15 -16 25 -18 -19 -20 -21 -22 -23 23 24 -26 -27 -28 -29
leaf_value=0.081433818313907752 -0.0069216880487913447 -0.014086999169395724 -0.013921324051587386 -0.018290962501714695 0.061296948272344873 -0.0051743113343032986 0.0036488181536063705 -0.010664385088750897 -0.0012359119831869168 0.017358034086947225 0.055302565730042233 -0.067561841312814314 -0.067816092874830203 -0.051630510334605577 0.031647411931921506 -0.050213579274212577 -0.035625161957984153 0.059029958171913095 0.042616937667051796 -0.049073103423467046 0.051269091117933735 0.026590324893679365 -0.066553895491263795 0.0039310093824572508 -0.097563098034352896 -0.017872809855977931 -0.0050359375695985184 -0.01518207347072365
leaf_weight=47 45 30 32 33 30 35 38 40 258 107 35 52 38 40 42 28 27 97 172 28 34 106 47 26 34 95 26 27
leaf_count=47 45 30 32 33 30 35 38 40 258 107 35 52 38 40 42 28 27 97 172 28 34 106 47 26 34 95 26 27
internal_value=0 -0.00339337 -0.000675336 0.00194386 0.000332058 0.00537601 0.00246551 0.00414109 -0.000421284 0.00219557 0.0055567 -0.00813403 -0.0102077 -0.00839673 0.00477128 -0.0021165 -0.000931246 0.00468359 0.00692358 -0.00375288 0.0082932 0.00312233 -0.0062372 -0.00777169 -0.00471786 -0.00503463 -0.00544385 -0.00589733
internal_weight=0 584 383 1065 736 329 244 282 672 264 242 201 156 118 178 408 285 204 207 66 64 136 139 107 60 123 78 60
internal_count=1649 584 383 1065 736 329 244 282 672 264 242 201 156 118 178 408 285 204 207 66 64 136 139 107 60 123 78 60
cat_boundaries=0 1 2 4
cat_threshold=201808405 564089144 205859412 644
is_linear=0
shrinkage=0.0176943


Tree=60
num_leaves=25
num_cat=3
split_feature=22 9 7 17 14 7 15 15 20 42 14 28 14 42 23 20 19 15 15 17 17 14 19 20
split_gain=38.2088 22.6262 16.3761 14.0887 8.67719 7.61736 8.15769 6.75301 6.54822 5.55457 5.18487 5.10027 4.04149 7.67861 3.96825 5.06429 4.98782 4.70909 4.36986 2.50959 2.36681 2.65644 1.97069 1.75051
threshold=9.2500000000000018 0 1 9.5000000000000018 16.500000000000004 2 -2.7499999999999996 -3.7499999999999996 62.500000000000007 2.5000000000000004 1.0000000180025095e-35 20.500000000000004 9.2500000000000018 22.500000000000004 -4.7499999999999991 74.500000000000014 13.500000000000002 -25.249999999999996 -4.4999999999999991 4.5000000000000009 6.5000000000000009 3.5000000000000004 6.5000000000000009 175.50000000000003
decision_type=10 9 9 8 8 9 8 8 2 8 8 8 10 8 8 2 10 10 8 10 8 10 10 2
left_child=1 3 8 7 -2 6 -4 -1 -3 -6 -8 -5 13 -7 16 -16 -11 -18 -17 -14 -10 -22 -13 -9
right_child=4 2 5 11 9 12 10 23 20 14 -12 22 19 -15 15 18 17 -19 -20 -21 21 -23 -24 -25
leaf_value=-0.028873562988899617 0.013698356774647584 -0.0055289519755290766 -0.050347603026867152 0.0082803183520060181 -0.063386841289840595 -0.018389073458514853 0.016657857959122432 0.025553951298300643 0.0070974355581302322 0.012519923908528331 -0.01769963001231728 0.069035141934468608 0.0065904788650190593 0.0039783351098197544 -0.066724905655801109 -0.0062746292659291271 -0.002145198905587049 -0.07393959269060181 -0.046412458042595993 0.043930295639282212 0.036836647374623561 0.072841472006998823 0.076358624587430021 0.0028801896261965465
leaf_weight=37 36 29 44 48 40 103 28 33 52 32 140 37 53 430 40 41 26 29 77 45 118 26 48 27
leaf_count=37 36 29 44 48 40 103 28 33 52 32 140 37 53 430 40 41 26 29 77 45 118 26 48 27
internal_value=0 0.00158129 0.000459586 0.00648769 -0.00523649 -0.000684529 -0.00350684 0.00164159 0.00459282 -0.00627043 -0.00189572 0.0105095 0.000303639 -0.00029877 -0.005272 -0.00694298 -0.00223699 -0.00546837 -0.00509801 0.00361078 0.00595804 0.00712647 0.0131134 0.00530759
internal_weight=0 1298 1068 230 321 843 212 97 225 285 168 133 631 533 245 158 87 55 118 98 196 144 85 60
internal_count=1619 1298 1068 230 321 843 212 97 225 285 168 133 631 533 245 158 87 55 118 98 196 144 85 60
cat_boundaries=0 1 3 4
cat_threshold=21217668 2267597856 2 139731458
is_linear=0
shrinkage=0.0176943


Tree=61
num_leaves=31
num_cat=3
split_feature=14 8 2 20 46 19 20 8 14 39 44 23 39 44 32 44 24 20 15 15 30 20 39 20 20 20 20 24 19 20
split_gain=27.7614 12.5753 9.59784 8.78492 7.88491 7.65997 11.4186 7.25593 8.34146 7.02345 6.96777 10.1594 6.60519 5.97876 5.90772 7.04558 6.56263 4.86626 4.59605 4.55775 4.14751 6.70092 3.75431 9.47803 5.69395 3.72509 3.66284 3.37899 2.13494 0.418814
threshold=14.500000000000002 0 1 351.50000000000006 0.077350430190563216 211.00000000000003 251.50000000000003 2 1.0000000180025095e-35 0.64309346675872814 4.5000000000000009 -9.4999999999999982 0.96026313304901134 6.5000000000000009 0.40129870176315313 1.5000000000000002 1.5699999928474428 103.50000000000001 -11.749999999999998 -9.2499999999999982 3.5000000000000004 176.50000000000003 0.22370500862598422 121.50000000000001 103.50000000000001 607.50000000000011 242.50000000000003 -1.0000000180025095e-35 131.00000000000003 680.50000000000011
decision_type=10 9 9 2 8 8 2 9 10 10 10 8 8 10 10 10 10 2 10 10 10 2 10 2 2 2 2 10 8 2
left_child=1 3 7 4 -1 6 13 20 26 -10 11 -2 -8 -4 16 17 18 -16 -13 -18 21 -3 24 -24 -6 27 -9 -7 -5 -27
right_child=10 2 5 28 22 25 12 8 9 -11 -12 14 -14 -15 15 -17 19 -19 -20 -21 -22 -23 23 -25 -26 29 -28 -29 -30 -31
leaf_value=0.066159760015727223 -0.077375264501359731 0.021502916484817673 0.016538911276360931 -0.036071152277714846 -0.0016997983945118661 0.025959446490202917 0.003861236107791021 -0.061586778066284056 0.016144664986584404 -0.03284394514335634 0.0041080948715737945 0.066444280715249077 -0.036847351974904179 -0.043879498296633117 -0.061161736020072757 0.0037634452600684709 -0.016571444375322712 -0.060808944428330909 -0.0098608690158216317 -0.077874441019659332 -0.012465309001158144 -0.0052019780643632876 0.018414646770102398 -0.013521409026212088 0.051568446806930443 -0.015030354583317423 -0.059648924085544099 0.086498369302866945 0.0047851963452898161 0.032073559307223408
leaf_weight=46 46 27 186 28 42 64 58 44 31 27 49 26 158 26 37 35 56 93 45 33 42 53 67 49 103 32 51 62 27 29
leaf_count=46 46 27 186 28 42 64 58 44 31 27 49 26 158 26 37 35 56 93 45 33 42 53 67 49 103 32 51 62 27 29
internal_value=0 0.00079143 -0.00035388 0.00351975 0.00478367 0.000877622 -0.000413406 -0.00304208 -0.00553598 -0.000610037 -0.00446561 -0.00529386 -0.00327659 0.00250381 -0.00419208 -0.00654121 -0.00176933 -0.00843831 0.00224267 -0.00496986 0.000268066 0.00265387 0.00359298 0.0012202 0.00549103 0.00387933 -0.00912578 0.00561688 -0.002895 0.000290004
internal_weight=0 1252 890 362 307 615 428 275 153 58 420 371 216 212 325 165 160 130 71 89 122 80 261 116 145 187 95 126 55 61
internal_count=1672 1252 890 362 307 615 428 275 153 58 420 371 216 212 325 165 160 130 71 89 122 80 261 116 145 187 95 126 55 61
cat_boundaries=0 1 2 3
cat_threshold=59044 164980 2073
is_linear=0
shrinkage=0.0176943


Tree=62
num_leaves=27
num_cat=1
split_feature=1 49 48 21 20 20 20 40 42 20 20 42 42 46 49 21 42 14 20 46 42 20 20 20 48 20
split_gain=36.1674 23.811 15.2066 11.9103 10.2524 8.8073 9.60513 7.68829 8.89887 6.46072 5.99122 5.72055 8.21934 10.2067 6.05413 4.88787 4.72056 3.94905 3.77747 2.92053 2.73596 2.46823 2.21778 1.80474 1.22925 0.160919
threshold=0 6.5000000000000009 0.19625350087881091 39.500000000000007 56.500000000000007 32.500000000000007 232.50000000000003 -5.4999999999999991 8.5000000000000018 183.50000000000003 201.50000000000003 5.5000000000000009 21.500000000000004 0.93387979269027721 11.500000000000002 28.500000000000004 2.5000000000000004 18.500000000000004 126.50000000000001 0.33060109615325933 9.5000000000000018 498.50000000000006 231.50000000000003 21.500000000000004 1.0000000180025095e-35 640.50000000000011
decision_type=9 10 8 2 2 2 2 10 8 2 2 10 10 10 10 2 8 10 2 10 8 2 2 2 10 2
left_child=2 3 9 4 -2 23 10 8 -6 24 16 14 13 19 15 -3 -7 -8 -16 -13 -9 -5 -20 -4 -1 -23
right_child=1 11 5 21 7 6 17 20 -10 -11 -12 12 -14 -15 18 -17 -18 -19 22 -21 -22 25 -24 -25 -26 -27
leaf_value=0.017669520227445629 -0.03226279607598094 0.023129161720381687 -0.039444767522909568 -0.039120887006667111 0.063382636212555868 -0.037240034145183801 -0.053513090256906919 -0.017160598015118989 0.011258968552236216 -0.016434331342807064 0.011682286208285967 0.0036432434945196709 0.057945621088065016 0.030070517808900573 0.028334295440479065 0.0049002475329430273 -0.011852523443319459 -0.046036241182308119 0.095420638976615638 -0.026966804683813315 -0.024320080232050529 -0.057325804084589004 0.060859568254310596 -0.081308862690071051 0.018688546812184452 -0.040506332738802449
leaf_weight=26 47 26 36 27 29 26 38 26 563 38 34 29 31 39 28 48 240 32 53 39 38 28 59 26 26 26
leaf_count=26 47 26 36 27 29 26 38 26 563 38 34 29 31 39 28 48 240 32 53 39 38 28 59 26 26 26
internal_value=0 0.00179103 -0.00379157 9.02736e-05 0.000830587 -0.00524265 -0.00420827 0.00140257 0.00203242 0.00275219 -0.002831 0.00562987 0.00282066 0.000496049 0.00744124 0.0033472 -0.003725 -0.0101099 0.00960493 -0.00364251 -0.00442303 -0.00633438 0.0110582 -0.0114143 0.00680448 -0.00851826
internal_weight=0 1136 522 784 703 432 370 656 592 90 300 352 138 107 214 74 266 70 140 68 64 81 112 62 52 54
internal_count=1658 1136 522 784 703 432 370 656 592 90 300 352 138 107 214 74 266 70 140 68 64 81 112 62 52 54
cat_boundaries=0 1
cat_threshold=272673311
is_linear=0
shrinkage=0.0176943


Tree=63
num_leaves=25
num_cat=7
split_feature=3 1 9 2 2 17 17 33 14 27 33 33 39 39 22 14 14 14 2 27 39 6 21 22
split_gain=59.623 22.8848 20.25 13.0977 10.1302 9.14345 7.92185 6.78925 6.0662 6.30576 5.01718 4.84063 4.62811 3.9846 3.64459 5.13591 3.4959 3.49003 3.40124 3.21274 2.88861 2.59026 2.32248 1.80627
threshold=0 1 2 3 4 9.5000000000000018 4.5000000000000009 -5.4999999999999991 1.0000000180025095e-35 1.0000000180025095e-35 -4.4999999999999991 -1.0000000180025095e-35 0.35873246192932134 0.98346996307373058 19.500000000000004 15.500000000000002 2.2500000000000004 9.2500000000000018 5 1.0000000180025095e-35 0.27823315560817724 6 28.500000000000004 35.500000000000007
decision_type=9 9 9 9 9 8 8 10 8 8 10 10 8 8 10 10 10 10 9 10 10 9 2 10
left_child=5 4 8 10 7 14 -5 21 12 -10 19 13 -3 17 15 20 -11 -6 -8 -4 -1 -2 -15 -16
right_child=1 2 3 6 11 -7 18 -9 9 16 -12 -13 -14 22 23 -17 -18 -19 -20 -21 -22 -23 -24 -25
leaf_value=-0.08693660610849778 0.043587621874262746 0.081099403883942434 -0.006060060182643625 -0.016686288887214153 -0.0235156517335109 -0.0031220330741447678 0.019509585275026935 -0.02310988137824822 0.00044460739089206386 0.090154633257617744 -0.042300435595432215 0.0081327721600723355 0.037725176728255108 -0.04481984845071544 -0.081309300772698781 -0.039872623121789602 0.044538479629993348 -0.076509808967014717 0.02184643602907221 0.016990709003739231 -0.025922769531950496 0.019478477347248443 -0.01139367776629212 -0.065986369794783686
leaf_weight=37 28 27 284 38 38 30 159 29 49 77 33 27 32 32 33 43 39 53 283 30 27 50 77 43
leaf_count=37 28 27 284 38 38 30 159 29 49 77 33 27 32 32 33 43 39 53 283 30 27 50 77 43
internal_value=0 0.00120498 0.00248485 0.00116269 -0.00277752 -0.00864847 0.00303325 0.00166344 0.00710772 0.00568334 -0.00143731 -0.0048527 0.0122944 -0.00601582 -0.0105388 -0.00843311 0.00793139 -0.00874918 0.00376296 -0.000788891 -0.0116105 0.00453654 -0.00373338 -0.0135022
internal_weight=0 1385 1051 827 334 213 480 107 224 165 347 227 59 200 183 107 116 91 442 314 64 78 109 76
internal_count=1598 1385 1051 827 334 213 480 107 224 165 347 227 59 200 183 107 116 91 442 314 64 78 109 76
cat_boundaries=0 2 3 4 5 6 7 8
cat_threshold=780698906 18504 6531283 537943242 120389 262692 8328 1
is_linear=0
shrinkage=0.0176943


Tree=64
num_leaves=29
num_cat=4
split_feature=3 7 25 14 8 32 25 36 20 40 25 44 22 20 44 16 22 20 20 20 36 32 20 6 32 20 25 25
split_gain=63.9347 31.4314 17.5224 16.5017 12.4812 9.49751 8.57814 8.45042 7.58298 7.34444 7.34033 6.36703 6.27507 5.02404 4.81471 4.44001 4.41663 4.04499 5.51322 3.24332 3.02322 5.38001 4.92052 3.62717 2.68303 1.74156 0.846792 0.575157
threshold=0 1 27.500000000000004 4.5000000000000009 2 0.72295320034027111 24.500000000000004 1.2500000000000002 339.50000000000006 -11.499999999999998 58.500000000000007 10.500000000000002 1.7500000000000002 126.50000000000001 7.5000000000000009 2.7500000000000004 2.5000000000000004 320.50000000000006 138.50000000000003 424.50000000000006 4.2500000000000009 0.039480518549680717 135.50000000000003 3 0.98918128013610851 463.50000000000006 34.500000000000007 26.500000000000004
decision_type=9 9 8 8 9 8 8 10 2 10 8 8 10 2 8 8 10 2 2 2 8 10 2 9 8 2 10 10
left_child=14 6 3 8 10 -6 9 12 13 11 26 -2 -5 -3 -1 -11 -13 18 -8 -7 23 22 -22 -16 -9 -12 -4 -20
right_child=1 2 4 7 5 19 17 24 -10 15 25 16 -14 -15 20 -17 -18 -19 27 -21 21 -23 -24 -25 -26 -27 -28 -29
leaf_value=-0.065580245972883672 -0.029640247061613782 0.003495290464438589 0.09305267755821596 -0.028473890583218819 0.074651123325395044 -0.012462864290485482 0.074994464773911917 -0.036595456794305641 -0.053434201499582785 0.052471812455383592 0.046870178970471035 0.013771980487572522 -0.010623052178214651 0.037187039089697747 -0.047253129176663869 0.01702753120206861 0.027561233093038078 0.082552873053038794 0.12005625659924905 0.0038833384162037586 -0.038478931524581511 -0.060995647605248622 -0.033960705780919941 -0.0061600905006282455 -0.020105186623251128 0.016050222252527252 0.081856198442502068 0.10740616697885096
leaf_weight=49 31 101 31 126 28 74 29 52 30 34 27 80 306 98 49 35 45 29 31 118 26 28 26 31 35 39 33 31
leaf_count=49 31 101 31 126 28 74 29 52 30 34 27 80 306 98 49 35 45 29 31 118 26 28 26 31 35 39 33 31
internal_value=0 0.00144914 -3.19372e-05 -0.00156124 0.00323545 0.000461566 0.00603087 -0.00330697 0.00239521 0.00416783 0.00733008 0.00204154 -0.00229366 0.00364541 -0.00880642 0.00897436 0.00382172 0.0100261 0.01186 -0.000921531 -0.00774087 -0.0101732 -0.00680448 -0.00530776 -0.00833794 0.00375288 0.0121634 0.0148386
internal_weight=0 1443 1098 748 350 220 345 519 229 225 130 156 432 199 209 69 125 120 91 192 160 80 52 80 87 66 64 62
internal_count=1652 1443 1098 748 350 220 345 519 229 225 130 156 432 199 209 69 125 120 91 192 160 80 52 80 87 66 64 62
cat_boundaries=0 3 5 6 7
cat_threshold=2173726920 2690112 536870912 2972403848 2 4126 1
is_linear=0
shrinkage=0.0176943


Tree=65
num_leaves=28
num_cat=4
split_feature=24 17 20 2 42 10 1 2 39 39 44 24 20 27 19 17 19 19 16 20 39 19 41 42 27 16 39
split_gain=33.3733 16.0317 13.5463 16.2446 9.79087 9.46793 8.44253 7.11595 6.25139 6.55039 5.99591 8.07756 5.72857 5.69416 5.54923 4.86167 5.64324 4.59727 6.4003 4.47471 3.85865 4.66825 2.61096 2.33238 1.75313 1.22966 0.409383
threshold=0.76500001549720775 14.500000000000002 234.50000000000003 0 8.5000000000000018 1 2 3 0.98742088675498974 0.8896499276161195 7.5000000000000009 3.5700000524520878 618.50000000000011 1.0000000180025095e-35 243.50000000000003 10.500000000000002 307.50000000000006 128.50000000000003 7.2500000000000009 697.50000000000011 0.42303231358528143 67.500000000000014 10.500000000000002 2.5000000000000004 1.0000000180025095e-35 8.7500000000000018 0.14093536138534549
decision_type=10 10 2 9 10 9 9 9 10 8 8 10 2 10 8 8 8 8 8 2 10 10 8 10 8 10 8
left_child=1 5 3 4 13 15 10 17 9 -8 -5 -12 14 25 -9 24 -17 18 -7 -14 21 -4 -15 -22 -1 -2 -3
right_child=2 26 20 6 -6 7 8 12 -10 -11 11 -13 19 22 -16 16 -18 -19 -20 -21 23 -23 -24 -25 -26 -27 -28
leaf_value=-0.00045316793605623283 -0.022155744396671413 0.090396776851301527 -0.018619959501065351 -0.023655652889142072 0.0082786056325427453 -0.019307912339324627 -0.00099823639543909748 0.0035511718445288428 -0.028778952586457743 0.03325423680159538 0.016420819839174507 -0.078022564019740975 -0.071735760927222961 -0.059333933215494433 0.048126942761861906 0.062740530206687004 0.094033133139190553 -0.042777696669178647 0.03571286348700127 0.020235544592004995 -0.070856019830980055 -0.089622226288329818 -0.099107943133090501 -0.045291187646343878 0.031065056385666305 -0.080043466354130136 0.076751199873861628
leaf_weight=38 26 27 48 37 31 44 51 556 31 94 41 28 60 27 164 37 30 31 26 38 32 50 26 40 27 26 30
leaf_count=38 26 27 48 37 31 44 51 556 31 94 41 28 60 27 164 37 30 31 26 38 32 50 26 40 27 26 30
internal_value=0 0.0017247 -0.00349066 -0.00177786 -0.00654411 0.00122899 0.000727136 0.000552344 0.00304404 0.00475889 -0.00305052 -0.000256384 0.00111122 -0.00960476 0.0016711 0.00548243 0.00924222 -0.00366612 -0.00151646 -0.00288862 -0.00770186 -0.00541618 -0.0136861 -0.010812 0.00244967 -0.00544358 0.0108635
internal_weight=0 1108 588 418 136 1051 282 919 176 145 106 69 818 105 720 132 67 101 70 98 170 98 53 72 65 52 57
internal_count=1696 1108 588 418 136 1051 282 919 176 145 106 69 818 105 720 132 67 101 70 98 170 98 53 72 65 52 57
cat_boundaries=0 1 2 3 4
cat_threshold=262512 9736 18450 71872
is_linear=0
shrinkage=0.0176943


Tree=66
num_leaves=24
num_cat=3
split_feature=25 9 28 28 34 39 9 2 16 15 33 32 39 21 15 39 44 16 21 28 21 21 32
split_gain=44.9809 21.3517 16.7252 12.7942 8.84611 8.13191 7.60777 7.02941 11.3635 11.6962 6.06968 5.91628 5.64222 5.39302 5.08775 3.99333 3.8073 3.31908 1.94736 1.92238 1.71474 1.14483 0.690706
threshold=9.5000000000000018 0 1.0000000180025095e-35 13.500000000000002 6.5000000000000009 0.97202658653259288 1 2 1.2500000000000002 -19.499999999999996 1.5000000000000002 0.8015151619911195 0.98709622025489818 32.500000000000007 -0.74999999999999989 0.99082490801811229 6.5000000000000009 2.7500000000000004 29.500000000000004 10.500000000000002 28.500000000000004 32.500000000000007 0.67936623096466076
decision_type=8 9 8 8 10 10 9 9 8 8 8 10 8 2 8 8 10 10 2 8 2 2 10
left_child=4 11 20 12 7 6 -5 10 19 -10 -1 14 17 -6 -2 -11 -7 -4 -12 -9 -3 -16 -14
right_child=1 2 3 5 13 16 -8 8 9 15 18 -13 22 -15 21 -17 -18 -19 -20 -21 -22 -23 -24
leaf_value=-0.034918686478541953 -0.041738509491358183 0.11913411310025039 0.0016821540577421849 0.044146209821292942 -0.039481478816254877 0.00029215644795180647 0.016496439816989231 0.024169935644704744 0.0068822782752600356 -0.027080458238561519 0.015710006103334045 0.0011754780825882416 -0.05169967259283479 -0.039899545821972346 -0.010654256328263787 -0.079752715065398577 -0.029251424573150834 -0.029112492029663043 0.003227806618101054 -0.010200935491304639 0.063132889328145814 -0.064226985130271863 -0.016295668230929535
leaf_weight=45 26 26 79 113 45 31 647 26 33 75 29 31 26 29 29 129 27 36 44 26 32 26 26
leaf_count=45 26 26 79 113 45 31 647 26 33 75 29 31 26 29 29 129 27 36 44 26 32 26 26
internal_value=0 0.00154728 0.00233569 0.00181432 -0.00489251 0.00272549 0.00321287 -0.00386918 -0.00526672 -0.0070924 0 -0.00551098 -0.00264871 -0.0105198 -0.00851866 -0.00867333 -0.00366038 -0.000461543 0.00315069 0.00204132 0.0115913 -0.00546837 -0.00748494
internal_weight=0 1155 1043 985 481 818 760 407 289 237 118 112 167 74 81 204 58 115 73 52 58 55 52
internal_count=1636 1155 1043 985 481 818 760 407 289 237 118 112 167 74 81 204 58 115 73 52 58 55 52
cat_boundaries=0 1 3 4
cat_threshold=277676800 537931842 1 1665
is_linear=0
shrinkage=0.0176943


Tree=67
num_leaves=32
num_cat=4
split_feature=1 8 20 20 2 2 49 49 19 20 30 19 20 20 37 27 30 16 16 39 39 19 49 19 41 20 20 16 16 39 20
split_gain=42.0745 31.149 13.6111 11.528 10.6019 8.25371 7.41454 7.15357 6.44861 5.92735 5.79257 5.36668 5.09088 6.69955 5.46681 4.42215 4.15747 4.13506 4.53948 3.50429 4.12313 3.64667 3.49671 3.36519 2.89962 2.66912 2.60528 2.14635 3.85004 2.25967 2.03002
threshold=0 1 318.50000000000006 43.500000000000007 2 3 4.5000000000000009 5.5000000000000009 9.5000000000000018 303.50000000000006 8.5000000000000018 13.500000000000002 355.50000000000006 93.500000000000014 9.5000000000000018 3.5000000000000004 10.500000000000002 2.2500000000000004 5.2500000000000009 0.98076212406158458 0.96946388483047496 48.500000000000007 8.5000000000000018 163.00000000000003 1.2500000000000002 384.50000000000006 554.50000000000011 9.2500000000000018 3.7500000000000004 0.96238207817077648 220.50000000000003
decision_type=9 9 2 2 9 9 8 8 8 2 8 10 2 2 8 8 8 8 10 10 8 8 8 10 10 2 2 8 10 8 2
left_child=5 4 3 -3 7 24 30 -2 -8 -9 -4 25 13 17 16 -16 -15 -7 -19 20 22 -22 -6 -13 27 -12 -11 28 29 -1 -5
right_child=1 2 10 6 19 12 8 9 -10 26 11 23 -14 14 15 -17 -18 18 -20 -21 21 -23 -24 -25 -26 -27 -28 -29 -30 -31 -32
leaf_value=-0.0041730740403778943 -0.021475066557853452 -0.016955596987477825 -0.058306924107063063 -0.01596057147235893 0.015975058349263358 -0.044381132231581182 0.030737263330352278 0.042399793775450938 0.011852526026312361 -0.013824021736038359 -0.020143912856198019 -0.053977444200906312 -0.065217227438876382 -0.039492702248133983 0.025496173612416913 -0.019827226026182542 -0.071957014489889615 -0.0030996987751745406 -0.040526180590949548 0.01310142417079759 0.072020629799614724 0.076161972831260485 0.024195580668051407 -0.014318909306815484 -0.043222448890091525 0.018299166894930712 0.090848684918560338 -0.028094468614326042 0.041062119600087953 0.018537118735403639 -0.021947574793133719
leaf_weight=27 44 35 32 31 27 42 58 49 215 59 27 103 32 44 51 79 33 27 78 26 55 59 76 90 30 74 28 26 27 26 27
leaf_count=27 44 35 32 31 27 42 58 49 215 59 27 103 32 44 51 79 33 27 78 26 55 59 76 90 30 74 28 26 27 26 27
internal_value=0 0.00105378 -0.00126026 0.00106356 0.00478104 -0.00498891 0.00208477 0.00130373 0.00330542 0.00338253 -0.00390784 -0.00312951 -0.00634479 -0.00589796 -0.00384643 -0.00163321 -0.0075825 -0.00878649 -0.00690868 0.00720337 0.00823529 0.0105538 0.00566861 -0.00485885 -0.000969486 0.000175159 0.000610074 0.000333813 0.00176924 -0.00100139 -0.00366038
internal_weight=0 1115 692 366 423 522 331 180 273 136 326 294 386 354 207 130 77 147 105 243 217 114 103 193 136 101 87 106 80 53 58
internal_count=1637 1115 692 366 423 522 331 180 273 136 326 294 386 354 207 130 77 147 105 243 217 114 103 193 136 101 87 106 80 53 58
cat_boundaries=0 1 2 3 4
cat_threshold=6330615 27802 8553 26242
is_linear=0
shrinkage=0.0176943


Tree=68
num_leaves=24
num_cat=2
split_feature=22 7 44 35 37 22 7 22 20 27 35 47 20 48 48 35 20 43 22 35 23 47 35
split_gain=33.4781 18.199 8.17616 6.3067 6.16765 5.8818 5.84195 8.05781 4.41599 4.28638 7.81191 5.17818 4.96323 4.93915 3.90335 3.53861 6.07278 7.5998 4.74749 2.90837 2.23597 1.92317 0.896806
threshold=12.500000000000002 0 8.5000000000000018 2.5000000000000004 8.5000000000000018 4.0699999332427987 1 3.1649999618530278 35.000000000000007 5.5000000000000009 6.5000000000000009 -1.4999999999999998 180.50000000000003 0.80473858118057262 0.67681795358657848 6.5000000000000009 147.50000000000003 4.2500000000000009 0.75000000000000011 9.5000000000000018 -5.8350000381469718 1.0000000180025095e-35 18.500000000000004
decision_type=10 9 8 8 10 10 9 10 2 10 8 10 2 10 8 10 2 8 10 10 8 8 10
left_child=1 4 5 -4 15 -3 7 -5 -8 11 12 13 -11 14 20 16 17 -1 -18 -17 -2 -21 -6
right_child=9 2 3 6 22 -7 8 -9 -10 10 -12 -13 -14 -15 -16 19 18 -19 -20 21 -22 -23 -24
leaf_value=0.061313317269000182 -0.0794189254643278 -0.00074961283627549761 0.042030015360924225 -0.012852017217586264 0.036439686853456575 0.042266639342526655 -0.039560095762655158 -0.03809587435148596 -0.001301205453955872 -0.055515391128603729 0.033186537276916575 -0.071386644768475768 -0.00067866533716837586 -0.015649088163951674 -0.073653626367266897 -0.0078578285413551715 0.037018105549391667 0.023198055623252604 -0.012075890111358525 0.0020386778951264144 -0.016044091009899113 0.0029886315310065619 0.045475840305169164
leaf_weight=30 33 27 27 192 26 34 30 42 533 47 28 30 28 37 40 29 159 37 52 42 46 99 28
leaf_count=30 33 27 27 192 26 34 30 42 533 47 28 30 28 37 40 29 159 37 52 42 46 99 28
internal_value=0 0.000803699 -0.000731486 -0.00120251 0.00345586 0.00551063 -0.00148746 -0.00377078 -0.000463191 -0.0058163 -0.00292018 -0.00741987 -0.00589748 -0.00612463 -0.00788013 0.00284367 0.00407338 0.00871409 0.00259953 0.000832624 -0.0055989 0.00188226 0.00917351
internal_weight=0 1387 885 824 502 61 797 234 563 289 103 186 75 156 119 448 278 67 211 170 79 141 54
internal_count=1676 1387 885 824 502 61 797 234 563 289 103 186 75 156 119 448 278 67 211 170 79 141 54
cat_boundaries=0 1 2
cat_threshold=643438072 1074014214
is_linear=0
shrinkage=0.0176943


Tree=69
num_leaves=20
num_cat=1
split_feature=25 3 27 35 20 28 32 22 15 49 32 49 22 39 20 42 35 15 32
split_gain=33.9349 23.9205 20.4882 14.8055 9.76195 8.55102 7.13849 6.52596 6.51389 8.3266 5.16693 7.2947 7.76174 5.01153 4.82706 3.86451 3.58223 2.9689 2.39771
threshold=20.500000000000004 0 1.0000000180025095e-35 5.5000000000000009 569.50000000000011 15.500000000000002 0.97385507822036754 1.1650000214576723 -2.7499999999999996 16.500000000000004 0.83438816666603099 1.0000000180025095e-35 16.250000000000004 0.6320512890815736 77.500000000000014 16.500000000000004 18.500000000000004 -93.999999999999986 0.19581377506256106
decision_type=8 9 10 8 2 10 10 10 8 10 8 10 10 8 2 8 8 10 10
left_child=1 7 4 -2 6 13 14 -1 -5 15 -9 -12 -13 -4 -3 -10 -17 -15 -6
right_child=3 2 5 8 18 -7 -8 10 9 -11 11 12 -14 17 -16 16 -18 -19 -20
leaf_value=-0.018557225449575457 0.089434231598467959 -0.019808289777402569 -0.031244839682950901 -0.01121481870628124 -0.097386910799781803 0.0016010550082254389 -0.026500698896208576 0.045746896552774162 0.034108330635360284 0.056716705521448967 0.040504599144800209 0.015577040275240268 -0.062981749831736364 -0.045851821784201281 0.0083584816184905427 -0.018673088463757124 0.021918292445348514 -0.045681287708561745 -0.047026216786914127
leaf_weight=40 44 92 47 51 30 32 42 50 41 46 40 62 31 56 304 27 430 150 30
leaf_count=40 44 92 47 51 30 32 42 50 41 46 40 62 31 56 304 27 430 150 30
internal_value=0 -0.00225134 -0.00368162 0.00296285 -0.00156332 -0.0075121 -0.00064635 0.00280972 0.00223034 0.00279721 0.00435086 0.0025276 -0.000190226 -0.00860209 8.93585e-05 0.0021318 0.00166486 -0.00979161 -0.00825627
internal_weight=0 1006 783 639 498 285 438 223 595 544 183 133 93 253 396 498 457 206 60
internal_count=1645 1006 783 639 498 285 438 223 595 544 183 133 93 253 396 498 457 206 60
cat_boundaries=0 2
cat_threshold=103140308 537395456
is_linear=0
shrinkage=0.0176943


Tree=70
num_leaves=26
num_cat=4
split_feature=1 7 8 19 32 49 5 42 49 33 44 48 15 19 48 15 42 19 50 42 32 49 19 32 19
split_gain=49.8167 24.9184 21.3749 14.8294 13.1589 10.5524 9.08222 8.69614 7.11166 6.29791 6.2576 6.24242 4.66985 4.64309 4.95525 4.30773 3.71053 3.51063 3.48508 3.52829 3.0948 2.53055 1.63425 2.25442 1.20088
threshold=0 1 2 845.00000000000011 0.43308457732200628 11.500000000000002 3 10.500000000000002 10.500000000000002 -9.4999999999999982 9.5000000000000018 0.16904762387275699 -2.7499999999999996 15.500000000000002 0.54446640610694896 -38.499999999999993 9.5000000000000018 9.5000000000000018 0.29285715520381933 13.500000000000002 0.52230513095855724 14.500000000000002 12.500000000000002 0.025158228352665905 12.500000000000002
decision_type=9 9 9 8 10 10 9 8 10 10 10 10 8 10 8 10 8 10 8 8 10 10 10 10 10
left_child=2 4 11 5 15 6 -3 -6 9 -9 -8 -1 13 14 -4 17 -13 -2 -14 -20 21 -7 23 -17 -21
right_child=1 3 12 -5 7 20 10 8 -10 -11 -12 16 18 -15 -16 22 -18 -19 19 24 -22 -23 -24 -25 -26
leaf_value=0.027856440248679597 0.12325084036153226 0.021298495769704932 -0.030583901088719681 0.042860795821614242 -0.025461583512074927 0.003451909300475277 -0.022064303386712631 0.0023328387378181944 -0.016190334161325953 0.027165125059967894 0.02951248397939257 0.0075998947337661635 -0.022495506616986051 -0.008838003462038016 -0.061111212048294436 0.06192398294858404 -0.049636396975610245 0.021168063635636516 -0.038044965980467582 -0.07341291616437827 0.0016081655683934928 0.053234473331471702 0.03057597513202753 0.052104701900296917 -0.064447304652492488
leaf_weight=27 55 49 40 152 40 28 547 30 27 42 29 42 27 40 29 31 44 35 45 39 48 57 47 30 54
leaf_count=27 55 49 40 152 40 28 547 30 27 42 29 42 27 40 29 31 44 35 45 39 48 57 47 30 54
internal_value=0 0.00161879 -0.00557113 7.69289e-05 0.00566 -0.000933722 -0.0018968 0.00165476 0.00446789 0.00737183 -0.00251894 0.00100691 -0.00822387 -0.00568124 -0.00846154 0.00875743 -0.00123436 0.00589758 -0.0104016 -0.0115391 0.00359185 0.00562002 0.01114 0.0130515 -0.0135074
internal_weight=0 1247 387 910 337 758 625 139 99 72 576 113 274 109 69 198 86 90 165 138 133 85 108 61 93
internal_count=1634 1247 387 910 337 758 625 139 99 72 576 113 274 109 69 198 86 90 165 138 133 85 108 61 93
cat_boundaries=0 1 2 3 4
cat_threshold=59531 26275240 9734 2
is_linear=0
shrinkage=0.0176943


Tree=71
num_leaves=29
num_cat=5
split_feature=7 1 13 25 10 7 25 35 28 28 24 48 48 32 41 48 46 25 41 35 35 44 48 24 25 35 24 25
split_gain=43.778 28.1003 20.8141 17.7555 14.3265 10.2853 10.3224 10.0427 7.32932 6.22742 6.20408 5.74232 5.4393 4.76087 4.36558 4.07951 5.31873 3.71448 3.37007 3.29427 3.07094 3.73834 2.75866 2.41671 1.66024 1.361 1.20836 0.597595
threshold=0 1 2 19.500000000000004 3 4 30.500000000000004 18.500000000000004 2.5000000000000004 3.5000000000000004 2.1649999618530278 0.53427231311798107 0.71611723303794872 0.9856107532978059 5.5000000000000009 0.86602565646171581 0.93161895871162426 10.500000000000002 1.0000000180025095e-35 11.500000000000002 2.5000000000000004 4.5000000000000009 0.58160674571990978 7.2500000000000009 13.500000000000002 19.500000000000004 1.5699999928474428 29.500000000000004
decision_type=9 9 9 8 9 9 8 10 8 10 8 10 8 8 8 8 8 10 8 8 10 8 10 8 8 8 10 10
left_child=3 15 4 7 14 6 13 12 -6 27 18 -10 17 -4 -3 16 -2 26 -7 -14 22 -22 -18 -12 -16 -11 -1 -5
right_child=1 2 5 9 8 10 -8 -9 11 25 23 -13 19 -15 24 -17 20 -19 -20 -21 21 -23 -24 -25 -26 -27 -28 -29
leaf_value=0.034997676372125988 0.002004646444749702 0.022810419688217658 0.024655775145336272 0.067160142664967823 0.10622916763759004 -0.0031200341319131872 0.11613742209068019 0.059124885569639407 0.038478930129148312 0.046698755152205146 0.013982340292026533 -0.0023884949993822104 -0.025244863852272495 -0.025241616572068429 -0.03064625937530906 -0.064579531680892518 -0.045686887211675353 -0.017283361117011804 -0.036102404176459824 0.0019511313648950329 -0.025654049957549323 -0.043153414525266651 0.004383048132720003 -0.0090442207431112621 -0.023543632185787221 0.008455315957139815 0.02399007366378577 0.17674503200681488
leaf_weight=26 30 29 38 48 27 59 35 27 220 28 29 64 44 44 30 46 70 26 277 45 32 56 28 107 48 27 29 34
leaf_count=26 30 29 38 48 27 59 35 27 220 28 29 64 44 44 30 46 70 26 277 45 32 56 28 107 48 27 29 34
internal_value=0 -0.00145261 -8.69899e-05 0.00565792 0.00289387 -0.00221544 0.00236837 0.002425 0.00479552 0.0107193 -0.00337727 0.00411193 0.000832624 -0.000863034 -0.00257078 -0.00650506 -0.00573404 0.0041501 -0.00473942 -0.00218673 -0.00684911 -0.00924847 -0.00469402 -0.000260182 -0.00499019 0.00611171 0.00675505 0.0138089
internal_weight=0 1269 1007 334 418 589 117 197 311 137 472 284 170 82 107 262 216 81 336 89 186 88 98 136 78 55 55 82
internal_count=1603 1269 1007 334 418 589 117 197 311 137 472 284 170 82 107 262 216 81 336 89 186 88 98 136 78 55 55 82
cat_boundaries=0 1 3 5 6 7
cat_threshold=2819281952 33595667 33 695313193 2084 5189 18875016
is_linear=0
shrinkage=0.0176943


Tree=72
num_leaves=25
num_cat=3
split_feature=1 9 39 25 21 48 21 10 33 33 39 21 48 47 29 20 24 32 48 29 24 39 32 32
split_gain=33.3823 17.2646 17.9105 11.529 10.5254 7.0328 9.04462 6.88611 6.82469 6.22699 9.13637 5.92809 5.12252 7.62901 5.01036 3.8727 3.54292 3.52511 5.08836 3.37833 3.07468 2.71133 1.92222 0.911335
threshold=0 1 0.11932203173637392 8.5000000000000018 36.500000000000007 0.47269116342067724 30.500000000000004 2 -5.4999999999999991 -1.0000000180025095e-35 0.91314655542373668 29.500000000000004 0.5878676474094392 -7.4999999999999991 9.5000000000000018 239.50000000000003 0.58500000834465038 0.56881311535835277 0.42947559058666235 1.2500000000000002 1.5699999928474428 0.38061703741550451 0.61200717091560375 0.47196015715599066
decision_type=9 9 8 8 2 10 2 9 8 8 10 2 10 10 8 2 8 8 8 8 10 10 10 8
left_child=4 11 16 5 7 20 -7 17 -9 15 -11 19 21 -14 -13 -5 23 -1 -19 -2 -4 -10 -6 -3
right_child=1 2 3 9 22 6 -8 8 12 10 -12 14 13 -15 -16 -17 -18 18 -20 -21 -22 -23 -24 -25
leaf_value=-0.027366601089043319 0.0027728706305438985 0.07373993304822124 -0.037765602291044018 0.0080792878954254344 0.051255711799680352 0.034154405238481712 -0.038249546487482071 0.023252906412571692 -0.053993595736198191 0.018883088908640256 0.031528194144308436 -0.049166897951213893 -0.0047632845478346461 -0.056216942424257017 -0.035676034606992466 -0.022256653633689654 0.0061311206335947551 0.024008421604523319 -0.019472731189458636 -0.030171718572109537 -0.046182270651131598 -0.050438719340979203 0.0038932317794636087 0.0647260477668921
leaf_weight=26 29 41 31 77 26 59 43 32 87 573 82 26 62 36 29 32 29 40 51 29 26 80 26 29
leaf_count=26 29 41 31 77 26 59 43 32 87 573 82 26 62 36 29 32 29 40 51 29 26 80 26 29
internal_value=0 0.00156079 0.00229749 0.00155279 -0.0040146 -0.00278197 0 -0.0050432 -0.00639744 0.00245494 0.00310659 -0.00474694 -0.00754488 -0.00433294 -0.00932842 -0.00146088 0.00947196 -0.000975203 0.000583259 -0.00122011 -0.0077596 -0.00942944 0.00340222 0.0116264
internal_weight=0 1135 1022 923 466 159 102 414 297 764 655 113 265 98 55 109 99 117 91 58 57 167 52 70
internal_count=1601 1135 1022 923 466 159 102 414 297 764 655 113 265 98 55 109 99 117 91 58 57 167 52 70
cat_boundaries=0 2 3 4
cat_threshold=33591515 2048 297871360 3123
is_linear=0
shrinkage=0.0176943


Tree=73
num_leaves=31
num_cat=3
split_feature=25 13 25 20 7 22 20 20 14 33 20 20 16 13 24 25 39 25 25 20 20 20 25 25 33 25 22 20 20 27
split_gain=36.0155 32.4066 16.6399 12.354 11.9465 9.52047 6.89132 6.27801 10.4161 6.12444 5.84745 10.2956 7.31435 6.74873 5.72837 5.53196 4.59699 3.80305 3.70952 3.88707 2.85455 2.36385 2.77568 1.64606 1.61198 1.51745 1.4042 1.03096 0.850718 0.69206
threshold=24.500000000000004 0 5.5000000000000009 362.50000000000006 1 9.2500000000000018 136.50000000000003 48.500000000000007 26.750000000000004 1.5000000000000002 70.500000000000014 297.50000000000006 5.2500000000000009 2 1.5699999928474428 29.500000000000004 0.98473194241523754 13.500000000000002 41.500000000000007 581.50000000000011 590.50000000000011 159.50000000000003 32.500000000000007 27.500000000000004 -1.0000000180025095e-35 54.500000000000007 39.500000000000007 175.50000000000003 453.50000000000006 6.5000000000000009
decision_type=10 9 8 2 9 10 2 2 10 8 2 2 8 9 10 10 8 10 10 2 2 2 10 10 8 10 8 2 2 10
left_child=1 2 9 6 5 17 15 -4 14 29 16 13 -13 -12 -9 -2 24 27 19 28 25 -8 23 -23 -6 -20 -18 -3 -5 -1
right_child=3 4 7 18 10 -7 21 8 -10 -11 11 12 -14 -15 -16 -17 26 -19 20 -21 -22 22 -24 -25 -26 -27 -28 -29 -30 -31
leaf_value=0.0028245942463303547 -0.0075411277006120032 0.049441949068555334 -0.017829390180518337 -0.031086489598787088 -0.02142800716853175 -0.08486494303449367 0.099204493820556156 0.025352930414743732 0.071605059249884445 -0.045389196611345647 0.0049180728508290677 -0.05958254799212398 -0.039213060092090954 -0.018555728317969786 -0.040507614163255302 0.048845806970660023 -0.043080121011833027 -0.00076339176597885791 0.062251229803123045 0.026969921166962368 -0.00023420356871123814 0.039849728202252174 0.018990324661278198 0.075079794852224976 -0.0053605406119515966 0.023126897417740395 -0.046474887653480818 0.035219235512213364 -0.036184563422451924 -0.019210468888376863
leaf_weight=26 37 27 39 26 31 26 27 248 38 44 105 81 201 155 27 29 60 35 30 29 47 41 39 40 31 28 28 26 27 26
leaf_count=26 37 27 39 26 31 26 27 248 38 44 105 81 201 155 27 29 60 35 30 29 47 41 39 40 31 28 28 26 27 26
internal_value=0 -0.00211652 0.00169985 0.00398113 -0.00420668 0.00114148 0.0068947 0.00351866 0.00435279 -0.00479181 -0.00509145 -0.00430924 -0.00665085 -0.00176937 0.0031527 0.00214449 -0.0082569 0.00402106 0.000662316 -0.00215762 0.00286457 0.00902722 0.00796191 0.00982922 -0.00456569 0.00549059 -0.0108569 0.00700992 -0.00500708 -0.000680416
internal_weight=0 1254 448 400 806 114 213 352 313 96 692 542 282 260 275 66 150 88 187 82 105 147 120 81 62 58 88 53 53 52
internal_count=1654 1254 448 400 806 114 213 352 313 96 692 542 282 260 275 66 150 88 187 82 105 147 120 81 62 58 88 53 53 52
cat_boundaries=0 2 4 5
cat_threshold=4165047560 12957 2315264 1 86770177
is_linear=0
shrinkage=0.0176943


Tree=74
num_leaves=34
num_cat=2
split_feature=8 15 20 22 19 15 48 20 19 49 21 20 19 15 19 48 4 49 48 20 15 14 50 20 48 19 20 21 22 22 15 19 21
split_gain=14.769 13.5755 11.7824 9.38693 12.1455 9.2007 8.04238 7.58011 6.29717 5.79869 4.96765 7.27398 4.62523 6.54496 6.43967 4.61621 10.0402 4.31769 4.30912 4.10156 4.03789 7.89697 6.10346 3.88805 3.79337 3.76983 3.76338 3.63522 3.2153 3.2228 2.80446 2.30176 1.05404
threshold=0 -3.7499999999999996 288.50000000000006 2.5000000000000004 8.5000000000000018 -9.2499999999999982 0.27812939882278448 305.50000000000006 17.500000000000004 16.500000000000004 29.500000000000004 320.50000000000006 13.500000000000002 -5.7499999999999991 7.5000000000000009 0.30079366266727453 1 20.500000000000004 0.55345863103866588 374.50000000000006 -17.749999999999996 39.250000000000007 0.57738095521926891 563.50000000000011 0.79328522086143505 10.500000000000002 98.500000000000014 29.500000000000004 26.500000000000004 15.500000000000002 -1.2499999999999998 10.500000000000002 30.500000000000004
decision_type=9 10 2 10 10 10 8 2 10 10 2 2 10 8 10 10 9 8 10 2 10 8 8 2 10 10 2 2 10 10 10 10 2
left_child=1 5 9 4 7 20 -5 26 30 15 11 -10 13 14 -8 16 -3 -12 -15 -9 21 -1 -23 -21 25 -7 -2 -28 29 -14 -6 -17 -32
right_child=3 2 -4 6 8 24 12 19 10 -11 17 -13 28 18 -16 31 -18 -19 -20 23 -22 22 -24 -25 -26 -27 27 -29 -30 -31 32 -33 -34
leaf_value=-0.035178466643060471 0.0025386687417843427 0.037466420038893417 -0.020871505516989793 -0.068959735374929651 -0.038996158566407715 -0.028908966600035609 -0.032842896705192616 -0.021144041003828475 0.045519761115294807 0.11571719674111232 -0.027363220500891499 -0.028176801395181892 -0.0039753216339436801 -0.049073205770465013 0.038012532186857496 0.021783706544324436 -0.043849237230292146 0.00039380725918841512 -0.027733950385659026 0.044947850194682677 0.034823724909307477 0.058354735571944386 0.0081059117704053094 -0.01302020694928188 0.0090772057445788496 -0.037728212460485501 0.033900374759156457 0.087131985767513062 -0.075536718736937958 0.032046810395762737 -0.019824151650413877 0.072078894254202261 -0.0047329451732750901
leaf_weight=42 43 90 39 27 46 32 31 27 45 27 54 33 114 48 26 37 28 117 62 42 43 34 198 48 26 35 48 40 39 30 36 28 33
leaf_count=42 43 90 39 27 46 32 31 27 45 27 54 33 114 48 26 37 28 117 62 42 43 34 198 48 26 35 48 40 39 30 36 28 33
internal_value=0 0.00245971 0.00575578 -0.000938725 0.000404763 0.000517867 -0.00314454 0.00342458 -0.00165272 0.00741447 -7.10516e-05 0.00362922 -0.00242658 -0.00455579 0.000310353 0.00628458 0.00419836 -0.00175899 -0.00707721 0.000151207 0.00195357 0.00116236 0.0024405 0.00196585 -0.00437563 -0.00660158 0.00634795 0.00844426 -0.00048342 0.00073721 -0.00507714 0.0100709 -0.0028205
internal_weight=0 659 249 989 612 410 377 248 364 210 249 78 350 167 57 183 118 171 110 117 317 274 232 90 93 67 131 88 183 144 115 65 69
internal_count=1648 659 249 989 612 410 377 248 364 210 249 78 350 167 57 183 118 171 110 117 317 274 232 90 93 67 131 88 183 144 115 65 69
cat_boundaries=0 1 2
cat_threshold=50406 1
is_linear=0
shrinkage=0.0176943


Tree=75
num_leaves=27
num_cat=4
split_feature=25 13 17 13 1 32 32 13 46 46 48 21 21 16 16 25 21 48 39 16 39 47 32 17 21 21
split_gain=44.44 22.149 12.7995 10.9172 9.64467 8.10741 15.3115 7.43544 6.19733 6.08092 8.02193 6.01345 5.87765 5.83395 4.97293 4.57011 3.94952 3.5428 3.52869 3.48701 2.95194 2.398 3.25528 3.15199 2.30696 0.649733
threshold=23.500000000000004 0 1.5000000000000002 1 2 0.90703704953193676 0.98319208621978771 3 0.64346247911453258 0.88273492455482494 0.56594201922416698 23.500000000000004 37.500000000000007 5.2500000000000009 1.7500000000000002 47.500000000000007 30.500000000000004 0.4629120826721192 0.98473194241523754 0.75000000000000011 0.15192308276891711 1.5000000000000002 0.52803984284400951 8.5000000000000018 30.500000000000004 31.500000000000004
decision_type=8 9 8 9 9 10 10 9 10 10 10 2 2 8 8 8 2 8 8 10 8 8 10 10 2 2
left_child=1 5 16 13 9 21 24 8 -6 10 -4 -5 19 -2 -9 -14 -3 -8 -19 20 -13 -1 23 -23 -7 -15
right_child=3 2 4 11 7 6 17 14 -10 -11 -12 12 15 25 -16 -17 -18 18 -20 -21 -22 22 -24 -25 -26 -27
leaf_value=-0.013569725787410572 -0.049562970537211017 -0.027393669545457904 0.034702014479930647 -0.012929274257584672 0.010126885354877133 0.016773999585984706 -0.0030444544494434007 0.016805033102067154 0.048430835406769006 -0.030960959715005221 -0.050180527729494946 0.076183163899763595 -0.042584949950398084 0.0081613747467468301 -0.0076578438920076259 0.032172421903012567 -0.073271937583182303 -0.050824963522574824 -0.041626668154001525 0.0057255695009964525 0.057601167386023507 -0.034614756315333464 -0.028805562895817465 -0.015378233184579164 0.00015834724628622452 -0.00042244222310470152
leaf_weight=43 30 38 33 27 65 39 26 128 43 41 29 35 28 50 229 28 32 28 45 41 289 159 33 44 26 32
leaf_count=43 30 38 33 27 65 39 26 128 43 41 29 35 28 50 229 28 32 28 45 41 289 159 33 44 26 32
internal_value=0 -0.00260256 -0.000436887 0.0035388 0.000436117 -0.00558551 -0.00258928 0.00152727 0.00539789 -0.00422754 -0.0011414 0.00471324 0.0053376 -0.00145025 0.000241056 0 -0.00758243 -0.00696993 -0.00896739 0.0061565 0.00677171 -0.00754681 -0.00824706 -0.00740865 0.0040828 0.000863034
internal_weight=0 1081 638 560 568 443 164 465 108 103 62 448 421 112 357 56 70 99 73 365 324 279 236 203 65 82
internal_count=1641 1081 638 560 568 443 164 465 108 103 62 448 421 112 357 56 70 99 73 365 324 279 236 203 65 82
cat_boundaries=0 2 4 5 7
cat_threshold=2635498567 850 86278168 64 42514 539045888 1024
is_linear=0
shrinkage=0.0176943


Tree=76
num_leaves=25
num_cat=5
split_feature=9 8 29 2 47 37 47 17 28 15 15 9 22 22 15 29 22 27 39 37 39 22 6 48
split_gain=31.9572 22.3896 22.325 10.8351 13.0003 8.55081 7.36586 6.6353 8.07506 5.88894 5.66791 4.81824 4.59835 3.82514 3.73741 2.74766 2.57376 11.0735 9.68305 2.14777 1.98185 1.75276 1.26518 0.690168
threshold=0 1 2.5000000000000004 2 -10.499999999999998 11.500000000000002 -5.4999999999999991 2.5000000000000004 19.500000000000004 -2.2499999999999996 -4.4999999999999991 3 inf 13.250000000000002 -3.2499999999999996 1.0000000180025095e-35 0.75000000000000011 2.5000000000000004 0.49253065884113317 16.500000000000004 0.98229950666427623 64.250000000000014 4 0.7228132188320161
decision_type=9 9 10 9 10 8 10 10 10 10 10 9 8 10 10 10 10 8 10 8 10 8 9 8
left_child=5 6 3 12 11 13 7 21 10 -6 -9 -5 14 20 -3 16 18 -18 22 -4 -1 -2 -7 -21
right_child=1 2 19 4 9 15 -8 8 -10 -11 -12 -13 -14 -15 -16 -17 17 -19 -20 23 -22 -23 -24 -25
leaf_value=-0.0016003140083423089 0.057380902944152011 -0.041655822493440318 -0.079075523437895548 0.02398936412187215 -0.033165477155128249 0.066603505202788932 -0.016025005753058073 -0.011761442911511075 0.04557167073049799 -0.0079716085721754423 0.01286214510477348 -0.00024679101300424883 0.010495004465524311 -0.034855106531450734 -0.012386727303459218 0.037303429463374199 0.023534430889930957 -0.024348154890255661 -0.00099832214221661593 -0.034315409897454206 0.024471587212292326 0.030240245051309896 0.073228263841617486 -0.053965047552271092
leaf_weight=32 51 140 34 108 41 42 48 65 36 33 120 402 33 32 108 26 26 26 31 26 31 33 96 26
leaf_count=32 51 140 34 108 41 42 48 65 36 33 120 402 33 32 108 26 26 26 31 26 31 33 96 26
internal_value=0 -0.00107727 -0.00248564 -0.0016569 -0.0002383 0.00492613 0.00268089 0.00377081 0.00216166 -0.00717261 0.000669476 0.000763267 -0.00443865 0.000558703 -0.00542226 0.00680527 0.00616475 0.00272177 0.00722396 -0.0111094 0.00308908 0.00800382 0.00923128 -0.00884584
internal_weight=0 1304 951 865 584 342 353 305 221 74 185 510 281 95 248 247 221 52 169 86 63 84 138 52
internal_count=1646 1304 951 865 584 342 353 305 221 74 185 510 281 95 248 247 221 52 169 86 63 84 138 52
cat_boundaries=0 1 2 3 4 5
cat_threshold=1651724456 27796 236644 71 1
is_linear=0
shrinkage=0.0176943


Tree=77
num_leaves=26
num_cat=6
split_feature=3 7 9 25 25 19 32 9 7 39 25 39 34 8 14 39 35 14 14 35 25 19 19 19 23
split_gain=44.5232 34.8567 20.0571 15.166 13.1279 6.89605 6.51997 5.84639 5.70938 4.59928 4.54701 4.13754 5.69988 3.90307 3.86639 3.28044 3.25388 2.89324 2.55955 4.13827 2.01322 1.95949 3.65432 2.0907 1.00838
threshold=0 1 2 21.500000000000004 26.500000000000004 7.5000000000000009 0.068968798965215697 3 4 0.98765245079994213 5.5000000000000009 0.24536878615617755 1.0000000180025095e-35 5 1.5000000000000002 0.69282051920890819 13.500000000000002 13.500000000000002 28.500000000000004 4.5000000000000009 38.500000000000007 10.500000000000002 2.5000000000000004 18.500000000000004 -4.7499999999999991
decision_type=9 9 9 8 8 8 8 9 9 8 10 10 10 9 8 10 8 8 8 10 10 10 10 10 10
left_child=5 3 4 6 14 17 -2 11 9 -9 -8 -4 -13 -10 -3 -16 -12 -1 19 -7 -6 22 -5 -23 -20
right_child=1 2 7 21 20 18 10 8 13 -11 16 12 -14 -15 15 -17 -18 -19 24 -21 -22 23 -24 -25 -26
leaf_value=-0.026247557224035451 0.02144215349401991 -0.010808362987136369 0.048871848178890731 0.05855111488212817 0.033152041154557922 -0.057297074067193435 -0.020817478002267742 0.0083601231810051992 -0.0062773016534792064 -0.04356329270023352 0.024815712578484035 -0.028626042519304153 0.026884060567599264 0.0075703307010308134 -0.057625432767581863 -0.024326745499271336 0.0069995621956483881 0.008814239032966029 -0.044621122940212393 -0.011571082636737876 -0.039076897629160542 0.0049676842784264624 0.10004731149312471 0.05570038928079836 -0.087468269775272431
leaf_weight=29 26 33 49 40 30 48 51 34 108 66 46 27 29 500 74 63 133 28 30 45 31 27 51 51 29
leaf_count=29 26 33 49 40 30 48 51 34 108 66 46 27 29 500 74 63 133 28 30 45 31 27 51 51 29
internal_value=0 0.000873342 -0.000872953 0.00508447 -0.0053595 -0.00767532 0.00248818 0.000451487 -0.000147859 -0.00386029 0.00153857 0.00415402 0.00126368 0.000515357 -0.00811818 -0.0094278 0.00286654 -0.00279344 -0.0100107 -0.00818055 0.00145014 0.00931786 0.0110823 0.00725847 -0.0128942
internal_weight=0 1469 1044 425 231 209 256 813 708 100 230 105 56 608 170 137 179 57 152 93 61 169 91 78 59
internal_count=1678 1469 1044 425 231 209 256 813 708 100 230 105 56 608 170 137 179 57 152 93 61 169 91 78 59
cat_boundaries=0 3 5 6 7 8 9
cat_threshold=2441097294 4196418 32 1903932448 6 285502266 682098752 522 968
is_linear=0
shrinkage=0.0176943


Tree=78
num_leaves=28
num_cat=3
split_feature=14 28 39 15 8 39 10 7 20 20 16 46 15 23 32 20 20 32 32 36 20 23 47 32 32 20 46
split_gain=27.8989 31.8711 19.5422 15.2365 13.312 9.59161 9.47908 6.21012 6.17827 7.28596 5.89479 5.76903 5.75341 5.47318 5.44361 5.22071 4.70835 4.50751 4.37112 3.9066 3.54319 3.27159 3.26269 4.21698 2.91123 2.13634 1.13063
threshold=1.0000000180025095e-35 11.500000000000002 0.13529412448406222 -76.499999999999986 0 0.92031747102737438 1 2 563.50000000000011 198.50000000000003 2.7500000000000004 0.16096014529466632 -14.749999999999998 -2.2499999999999996 0.94935896992683422 249.50000000000003 218.50000000000003 0.73158177733421337 0.91734972596168529 1.2500000000000002 126.50000000000001 -1.0000000180025095e-35 1.0000000180025095e-35 0.92414653301239025 0.99545454978942882 120.50000000000001 0.48064434528350836
decision_type=8 8 8 10 9 10 9 9 2 2 8 10 10 10 10 2 2 10 8 10 2 10 8 10 10 2 8
left_child=2 3 26 22 8 11 17 14 9 10 -3 15 -8 -11 21 25 20 -5 -18 -14 -9 -6 -2 -24 -19 -4 -1
right_child=1 4 5 6 7 -7 12 16 -10 13 -12 -13 19 -15 -16 -17 18 24 -20 -21 -22 -23 23 -25 -26 -27 -28
leaf_value=0.10305506465070753 -0.050907496963407087 0.027051670735344022 0.0050066405145036737 -0.009256465156305009 0.036576935150383044 0.026654338048842815 0.019334362128402088 -0.00096414665247567541 -0.036233961779064482 0.14849135476900782 -0.00224467438922972 -0.013999974448233789 -0.035120412008157673 0.034133971790787372 -0.015991215524121978 -0.015564696672680392 -0.06143268289652587 0.03238472558496959 -0.012732931455693292 -0.012267242845598311 0.035551904781135735 0.065982510127279584 -0.037498657482751524 -0.072885133956056003 0.0078338202752938207 0.031037900318896267 0.073941216303547122
leaf_weight=32 40 45 28 50 33 46 28 160 28 51 76 26 139 116 27 27 26 26 290 41 50 48 31 49 33 74 30
leaf_count=32 40 45 28 50 33 46 28 160 28 51 76 26 139 116 27 27 26 26 290 41 50 48 31 49 33 74 30
internal_value=0 -0.000701642 0.00558395 -0.0046563 0.00111752 0.00290491 -0.00262337 -0.00038465 0.00401639 0.00491494 0.00160846 0.000799045 -0.00470748 0.00731047 0.00329871 0.00233165 -0.0011884 0.00163549 -0.00257568 -0.00609443 0.000842545 0.00589753 -0.0100261 -0.00796166 0.00509768 0.00416303 0.0142678
internal_weight=0 1387 263 437 950 201 317 634 316 288 121 155 208 167 108 129 526 109 316 180 210 81 120 80 59 102 62
internal_count=1650 1387 263 437 950 201 317 634 316 288 121 155 208 167 108 129 526 109 316 180 210 81 120 80 59 102 62
cat_boundaries=0 1 2 3
cat_threshold=4630 10946 537675780
is_linear=0
shrinkage=0.0176943


Tree=79
num_leaves=27
num_cat=4
split_feature=3 1 7 8 25 25 25 21 16 19 25 16 17 17 16 15 21 15 21 19 24 15 14 21 30 19
split_gain=53.2036 31.0234 26.0344 13.1748 11.9535 11.9463 11.4174 8.82279 11.1223 8.16369 7.99017 5.88229 5.30995 11.6917 5.21923 4.95341 6.07806 4.35114 3.72547 3.50216 3.70909 3.41577 2.63282 1.23478 0.999243 0.903731
threshold=0 1 2 3 30.500000000000004 8.5000000000000018 17.500000000000004 30.500000000000004 1.0000000180025095e-35 1.5000000000000002 12.500000000000002 6.5000000000000009 8.5000000000000018 6.5000000000000009 26.500000000000004 -1.7499999999999998 31.500000000000004 -1.2499999999999998 29.500000000000004 7.5000000000000009 1.5699999928474428 -6.4999999999999991 14.500000000000002 30.500000000000004 1.5000000000000002 13.500000000000002
decision_type=9 9 9 9 8 8 10 2 10 10 10 8 8 10 10 8 2 10 2 10 10 10 10 2 10 10
left_child=7 14 4 6 12 11 10 8 -1 -7 -4 -5 13 -3 15 19 -17 -14 -8 -2 -21 -10 24 -6 -9 -24
right_child=1 2 3 5 23 9 18 22 21 -11 -12 -13 17 -15 -16 16 -18 -19 -20 20 -22 -23 25 -25 -26 -27
leaf_value=-0.051436805253396924 -0.0014050148933210092 0.014001032181130363 0.0085669690316995655 -0.010472669236257396 0.073651136370143672 0.020231542271810135 0.030358411875642591 -0.093904410087268991 -0.034291622683448951 -0.013268434358630345 -0.026296556832216034 -0.067510829661686048 -0.013477481538198442 0.052058187660222917 0.0010208630422893084 -0.060665636322761521 -0.04637426396832333 0.0295334563503355 0.068582352980326014 -0.038135810848837742 -0.05799371789453079 0.010582965765720959 -0.064202785955529626 0.14114809440308196 -0.070669946139358314 -0.082547211318006061
leaf_weight=29 34 88 88 38 49 115 51 38 28 401 35 61 52 48 33 46 29 91 62 43 35 30 31 31 26 32
leaf_count=29 34 88 88 38 49 115 51 38 28 401 35 61 52 48 33 46 29 91 62 43 35 30 31 31 26 32
internal_value=0 0.000270326 0.00139232 -0.000308257 0.00532255 -0.00167031 0.00316472 -0.00900481 -0.0050841 -0.000617229 -0.000431526 -0.00732736 0.00374169 0.00624468 -0.00569274 -0.00709634 -0.0106155 0.00136101 0.00735906 -0.0047392 -0.00680482 -0.000610037 -0.0123992 0.0115002 -0.0149278 -0.00982896
internal_weight=0 1430 1210 851 359 615 236 214 87 516 123 99 279 136 220 187 75 143 113 112 78 58 127 80 64 63
internal_count=1644 1430 1210 851 359 615 236 214 87 516 123 99 279 136 220 187 75 143 113 112 78 58 127 80 64 63
cat_boundaries=0 2 3 4 5
cat_threshold=3626127114 322 12584979 552230240 1938
is_linear=0
shrinkage=0.0176943


Tree=80
num_leaves=27
num_cat=3
split_feature=14 13 25 20 20 20 13 40 20 34 25 25 42 20 2 36 15 14 23 40 16 20 20 25 20 20
split_gain=28.7262 24.145 10.491 8.6757 8.76454 7.31954 6.46875 5.80048 5.2841 6.04944 4.90126 4.67616 4.51184 4.38556 4.1017 5.1499 4.00044 3.75903 2.8769 2.59822 2.18722 3.16785 1.97184 3.88369 1.51656 1.11287
threshold=1.0000000180025095e-35 0 3.5000000000000004 48.500000000000007 297.50000000000006 287.50000000000006 1 -1.4999999999999998 117.50000000000001 1.2500000000000002 29.500000000000004 7.5000000000000009 13.500000000000002 627.50000000000011 2 1.0000000180025095e-35 -3.2499999999999996 19.500000000000004 -5.2499999999999991 -8.4999999999999982 8.7500000000000018 513.50000000000011 165.50000000000003 22.500000000000004 122.50000000000001 549.50000000000011
decision_type=8 9 10 2 2 2 9 8 2 8 10 8 8 2 9 8 10 8 8 10 10 2 2 10 2 2
left_child=10 3 18 -2 8 6 16 -8 9 -5 12 -6 -1 -13 25 -16 -4 -10 -3 22 21 -20 24 -24 -14 -7
right_child=1 2 5 4 11 14 7 -9 17 -11 -12 13 19 -15 15 -17 -18 -19 20 -21 -22 -23 23 -25 -26 -27
leaf_value=-0.017010237355711416 -0.02130220931759666 -0.057552548562369604 8.5808832089793934e-05 -0.014474039261142177 -0.050448804154702896 -0.028178599295634092 -0.025953324128634318 -0.0016941106851060404 0.040719369055959416 0.01439623547246572 0.10093833165032415 -0.023125337285859617 0.019966922048014216 0.039910824626394815 0.0079891641583731375 -0.012634164302030614 0.036432891688033604 0.025860204372633668 -0.013362089843498714 -0.00056991641155184063 -0.086890594684348052 -0.048646715996285117 0.020769987354527841 0.095641142925607672 0.0015528941606724998 -0.061347321132423228
leaf_weight=26 42 34 67 27 32 69 69 197 79 86 45 113 48 46 44 125 52 101 86 26 35 27 51 26 27 59
leaf_count=26 42 34 67 27 32 69 69 197 79 86 45 113 48 46 44 125 52 101 86 26 35 27 51 26 27 59
internal_value=0 -0.00119658 -0.00299625 0.0017826 0.00248593 -0.00202366 -0.000413619 -0.00192323 0.00440835 0.00140917 0.00532943 -0.000463173 0.00416319 0.000778944 -0.00411068 -0.00187807 0.00288028 0.00629102 -0.0068052 0.00516888 -0.00573838 -0.00454069 0.00605299 0.00804205 0.00401028 -0.00641061
internal_weight=0 1390 864 526 484 682 385 266 293 113 249 191 204 159 297 169 119 180 182 178 148 113 152 77 75 128
internal_count=1639 1390 864 526 484 682 385 266 293 113 249 191 204 159 297 169 119 180 182 178 148 113 152 77 75 128
cat_boundaries=0 2 4 5
cat_threshold=2119787076 2944 2147486739 2 14
is_linear=0
shrinkage=0.0176943


Tree=81
num_leaves=22
num_cat=3
split_feature=1 28 28 30 39 17 1 9 40 41 23 39 39 35 35 37 17 28 25 46 28
split_gain=26.9686 20.2403 19.1431 13.3929 14.3501 10.8164 10.2619 10.9713 7.43467 6.23155 4.90872 6.88254 4.65941 4.46257 3.76609 5.66052 5.51189 3.53468 3.42578 2.6269 1.86016
threshold=0 1.0000000180025095e-35 10.500000000000002 3.5000000000000004 0.96899038553237926 8.5000000000000018 1 2 -2.4999999999999996 3.5000000000000004 -0.58500000834465016 0.97700846195220958 0.90577137470245372 3.5000000000000004 5.5000000000000009 5.5000000000000009 8.5000000000000018 10.500000000000002 29.500000000000004 0.9084928333759309 9.5000000000000018
decision_type=9 8 8 10 8 8 9 9 10 8 10 8 8 10 10 10 10 10 8 8 10
left_child=10 18 3 5 -5 9 12 19 -9 -3 11 -1 -4 -6 16 -16 -12 -14 -2 -8 -18
right_child=1 2 6 4 13 -7 7 8 -10 -11 14 -13 17 -15 15 -17 20 -19 -20 -21 -22
leaf_value=0.037618883356269985 0.034087216135583388 -0.0093804678887175093 -0.052738598151276524 0.020955078003722701 -0.046367744583552091 -0.078015331150748241 -0.0065480396281753306 -0.0026872913632330305 -0.028224076325392592 -0.041271044156313372 0.029058364334766787 -0.018772471519389367 -0.033437290959964283 -0.0063690881361240896 0.0020768862882389865 0.049290881796314412 0.05791860952814995 0.006450996581322397 0.14482034910870861 0.020878694413977064 0.07123417099775757
leaf_weight=27 31 61 36 48 35 44 35 684 27 144 33 43 34 45 50 26 32 41 27 181 26
leaf_count=27 31 61 36 48 35 44 35 684 27 144 33 43 34 45 50 26 32 41 27 181 26
internal_value=0 -0.00108575 -0.00151307 -0.00492801 -0.000276442 -0.00731909 -0.00027274 0.00035879 -0.000711687 -0.00561016 0.00522931 0.00151646 -0.00511785 -0.00486545 0.00709857 0.00419031 0.00952688 -0.00306668 0.00915101 0.00375794 0.0128114
internal_weight=0 1473 1415 377 128 249 1038 927 711 205 237 70 111 80 167 76 91 75 58 216 58
internal_count=1710 1473 1415 377 128 249 1038 927 711 205 237 70 111 80 167 76 91 75 58 216 58
cat_boundaries=0 2 4 5
cat_threshold=624297504 2 71872 1 67146470
is_linear=0
shrinkage=0.0176943


Tree=82
num_leaves=22
num_cat=2
split_feature=7 24 9 27 32 28 14 19 39 32 19 28 19 40 39 23 39 32 19 19 23
split_gain=21.5472 21.8929 11.9666 11.1286 7.62304 9.97662 7.36909 7.06462 6.3705 6.25372 6.4105 7.17927 5.97675 6.36093 3.91703 6.22098 3.12905 2.87805 2.28743 1.21004 1.10052
threshold=0 0.76500001549720775 1 8.5000000000000018 0.22305141389369967 9.5000000000000018 114.00000000000001 9.5000000000000018 0.13529412448406222 1.0000000180025095e-35 197.50000000000003 20.500000000000004 101.00000000000001 -11.499999999999998 0.11278963834047319 -0.58500000834465016 0.60172414779663097 0.97484177350997936 48.500000000000007 254.50000000000003 -1.0000000180025095e-35
decision_type=9 10 9 10 8 8 8 10 8 8 8 10 10 10 8 10 8 10 10 8 10
left_child=3 2 7 4 16 17 8 20 -3 -4 11 -11 13 -10 -7 -16 -1 -6 -8 -12 -2
right_child=1 6 9 -5 5 14 18 -9 12 10 19 -13 -14 -15 15 -17 -18 -19 -20 -21 -22
leaf_value=0.031659749828477565 0.16041660210057454 0.013312460695889757 0.096702144347928995 -0.063202964823298333 -0.021432328802185624 0.046353755601349599 -0.085279570376379288 0.0070611109039837965 -0.042988857690752308 -0.014381794477032866 0.033197030334876164 0.021884234715716325 0.012783186590249544 -0.013297654059813651 0.03258363088604161 0.010004772876167049 0.041074664899362685 0.0099146690267424877 -0.076537835642377969 0.012707749193054006 0.042515276042457986
leaf_weight=27 29 27 28 26 36 32 28 42 135 344 38 41 35 146 117 158 40 29 41 132 29
leaf_count=27 29 27 28 26 36 32 28 42 135 344 38 41 35 146 117 158 40 29 41 132 29
internal_value=0 -0.00148919 0.000440406 0.00301729 0.00374837 0.00275872 -0.0047241 0.00579044 -0.00366257 -0.000566922 -0.000988311 -0.00225195 -0.00436746 -0.00522627 0.00409205 0.00341007 0.00924222 -0.00353842 -0.01 0.00187342 0.0103711
internal_weight=0 1095 683 465 439 372 412 100 343 583 555 385 316 281 307 275 67 65 69 170 58
internal_count=1560 1095 683 465 439 372 412 100 343 583 555 385 316 281 307 275 67 65 69 170 58
cat_boundaries=0 2 3
cat_threshold=1911262344 2 1184128
is_linear=0
shrinkage=0.0176943


Tree=83
num_leaves=24
num_cat=4
split_feature=25 7 28 7 39 28 17 2 33 36 7 14 36 48 17 28 25 25 17 25 28 28 39
split_gain=37.1581 20.3024 15.3527 11.1863 9.61304 9.28333 9.1234 8.2561 7.80265 9.02498 8.02779 7.34886 5.65343 5.11123 5.98126 5.05739 4.99436 2.55281 4.7841 1.42685 1.361 1.27247 0.0768823
threshold=18.500000000000004 0 20.500000000000004 1 0.10300619155168535 5.5000000000000009 12.500000000000002 2 -3.4999999999999996 4.2500000000000009 3 14.500000000000002 2.5000000000000004 0.07275132462382318 12.500000000000002 12.500000000000002 34.500000000000007 23.500000000000004 5.5000000000000009 28.500000000000004 6.5000000000000009 11.500000000000002 0.57659712433815014
decision_type=8 9 10 9 8 8 10 9 8 8 9 8 10 8 8 10 10 8 10 8 10 10 10
left_child=2 6 3 11 -5 -3 15 13 9 -6 -10 -1 -13 -7 -15 16 19 20 -19 -2 -9 -8 -17
right_child=1 5 -4 4 8 7 21 17 10 -11 -12 12 -14 14 -16 22 -18 18 -20 -21 -22 -23 -24
leaf_value=0.07408620944216783 0.02289199283661875 0.1055858975368596 0.046722749467907283 0.01926825195755244 0.0035330534440074415 -0.014190183585127475 0.14403441195179928 -0.059652236648825525 -0.035462374668599944 -0.030894710499098296 -0.022597265278629628 -0.025792100697573862 0.029484931172447035 0.039568629530687252 0.018416493431665407 0.00070306197890591731 0.024142192713742027 -0.016280410258799744 0.01498162086263761 0.074727767596368969 -0.0084745239864065652 0.050555333442848689 0.0044744404770404459
leaf_weight=36 39 29 28 36 83 39 27 28 112 28 475 42 26 32 236 26 27 98 36 50 27 26 26
leaf_count=36 39 29 28 36 83 39 27 28 112 28 475 42 26 32 236 26 27 98 36 50 27 26 26
internal_value=0 0.00260904 -0.00277875 -0.00320943 -0.00394787 0.000628382 0.00697023 7.1343e-05 -0.00446154 -0.00015938 -0.00527505 0.00217282 -0.0010407 0.00184194 0.0027729 0.0052659 0.00732128 -0.00275628 -0.00158446 0.00934336 -0.00611171 0.0136861 0.000680416
internal_weight=0 746 866 838 734 525 221 496 698 111 587 104 68 307 268 168 116 189 134 89 55 53 52
internal_count=1612 746 866 838 734 525 221 496 698 111 587 104 68 307 268 168 116 189 134 89 55 53 52
cat_boundaries=0 1 2 3 4
cat_threshold=8557865 67635201 107531 537137252
is_linear=0
shrinkage=0.0176943


Tree=84
num_leaves=30
num_cat=7
split_feature=9 13 35 17 1 1 35 20 40 13 17 13 30 35 46 44 40 13 34 17 16 37 17 20 46 20 20 16 20
split_gain=19.6148 22.3706 14.9408 10.2213 9.90934 9.71261 8.31049 8.22251 8.28223 7.5059 7.9511 7.19394 6.61588 6.34199 5.90839 5.36866 4.97983 3.74436 3.25383 3.1762 3.09045 5.90544 2.67045 2.30778 2.28246 2.05562 1.83047 1.12284 0.446374
threshold=0 1 1.5000000000000002 5.5000000000000009 2 3 4.5000000000000009 488.50000000000006 -5.4999999999999991 4 3.5000000000000004 5 1.5000000000000002 8.5000000000000018 0.65960046648979198 6.5000000000000009 -9.4999999999999982 6 3.5000000000000004 11.500000000000002 1.0000000180025095e-35 6.5000000000000009 4.5000000000000009 586.50000000000011 0.33541667461395269 139.50000000000003 632.50000000000011 3.2500000000000004 223.50000000000003
decision_type=9 9 10 8 9 9 10 2 8 9 10 9 10 8 8 8 10 9 10 10 8 10 10 2 10 2 2 8 2
left_child=2 4 3 -1 12 6 25 8 -6 14 18 -10 22 -7 -4 -16 17 -15 -11 27 24 -22 -2 -9 -12 -3 -25 -5 -29
right_child=1 5 9 19 7 13 -8 23 11 10 20 -13 -14 16 15 -17 -18 -19 -20 -21 21 -23 -24 26 -26 -27 -28 28 -30
leaf_value=-0.0038660391804273735 -0.037320195637772072 -0.01490934271289013 0.017712256336163534 0.045364865172300289 -0.019110541957876304 -0.028918448582456187 0.026962369336042926 -0.051668522546519102 0.027469308730508263 -0.044186213517452756 0.036489482383903669 -0.0062031730340422987 -0.0076833144341683013 0.0055633884981633307 -0.0027822021996312773 -0.016319002506674112 0.026867757122994204 0.039248715771362797 0.0017477961872581656 0.075951532698224841 0.021286354677318386 0.035933765301013568 -0.063868446198356438 -0.0022214876840110204 -0.005203363648924284 -0.055129938245698867 -0.068289889361625278 0.06589588525753387 0.10867439905581591
leaf_weight=30 35 35 46 30 30 48 40 51 114 26 35 233 36 112 26 35 37 255 27 30 56 30 41 26 26 35 45 35 34
leaf_count=30 35 35 46 30 30 48 40 51 114 26 35 233 36 112 26 35 37 255 27 30 56 30 41 26 26 35 45 35 34
internal_value=0 -0.000613236 0.00364287 0.00812339 -0.00293476 0.00191788 -0.00265396 -0.00177287 -0.000516263 0.00144086 0.00337021 0.00025495 -0.00754134 0.00306389 -0.00226834 -0.0060907 0.00385412 0.00323022 -0.00233662 0.0102868 0.00565705 0.0078177 -0.0111742 -0.00580103 0.00261028 -0.00657143 -0.00373781 0.00875709 0.01
internal_weight=0 1173 466 159 611 562 110 499 377 307 200 347 112 452 107 61 404 367 53 129 147 86 76 122 61 70 71 99 69
internal_count=1639 1173 466 159 611 562 110 499 377 307 200 347 112 452 107 61 404 367 53 129 147 86 76 122 61 70 71 99 69
cat_boundaries=0 2 4 5 6 7 8 10
cat_threshold=1817101770 4 347937211 65 333 7473 311826 169 134235648 1672
is_linear=0
shrinkage=0.0176943


Tree=85
num_leaves=32
num_cat=7
split_feature=13 32 42 7 8 22 13 24 14 19 7 33 19 24 22 13 14 33 16 16 34 19 19 32 32 19 6 19 42 14 19
split_gain=18.2635 17.414 13.6894 10.1861 8.36877 7.6979 7.62077 7.6041 7.72383 8.64036 7.59694 6.76668 6.35881 5.16356 5.17892 5.12109 7.89002 5.06285 6.36488 4.74001 8.55345 4.617 4.29572 3.81754 3.58745 3.48057 2.49722 1.8498 1.45645 2.12729 0.00956513
threshold=0 0.68703359365463268 21.500000000000004 1 2 14.250000000000002 3 4.2500000000000009 13.500000000000002 10.500000000000002 4 -1.0000000180025095e-35 13.500000000000002 4.2500000000000009 11.414999961853029 5 4.5000000000000009 -8.4999999999999982 4.5000000000000009 6.5000000000000009 10.500000000000002 7.5000000000000009 103.00000000000001 0.04428104683756829 0.97484177350997936 99.500000000000014 6 6.5000000000000009 11.500000000000002 45.500000000000007 212.50000000000003
decision_type=9 10 10 9 9 10 9 8 8 10 9 10 10 8 10 9 8 10 10 8 8 10 10 10 10 10 9 10 10 8 10
left_child=1 10 3 5 11 19 13 8 24 -10 28 12 27 14 -5 16 -12 18 -8 21 -21 -2 23 -17 -6 -18 -19 -3 29 -1 -24
right_child=2 4 -4 6 7 -7 17 -9 9 -11 15 -13 -14 -15 -16 22 25 26 -20 20 -22 -23 30 -25 -26 -27 -28 -29 -30 -31 -32
leaf_value=-0.018554325027262772 -0.050814083526007928 0.021870073675686615 0.025170168263047122 -0.0076101573716960587 -0.013809683475709782 -0.024171638405421986 -0.022866040582444909 -0.0551144251924231 -0.032557555197001015 0.024387106931481106 0.06150432092806267 -0.01552114363390026 -0.0049728262318595139 0.026478004887352483 -0.039152250365029451 0.064607468352645595 -0.023929899289576784 -0.011221272926381008 -0.071315030432934023 0.021109015466891489 0.0095846397195907297 0.00030723674730738254 0.023174559087447564 0.030045419936971008 -0.026793981401571715 0.012470790487147552 -0.063797507190562402 0.061979118497626336 0.045239005199449352 0.00087573038064472594 0.03414992027741779
leaf_weight=37 29 27 42 159 47 46 195 26 28 28 30 27 28 31 27 162 50 32 50 32 128 89 29 56 36 59 40 27 26 49 26
leaf_count=37 29 27 42 159 47 46 195 26 28 28 30 27 28 31 27 162 50 32 50 32 128 89 29 56 36 59 40 27 26 49 26
internal_value=0 0.00140151 -0.00225551 -0.00276341 -0.00219557 -0.000211897 -0.00422835 -0.00454975 -0.00318224 0.00189553 0.00330918 0.00163549 0.00431526 -0.00148096 -0.00266354 0.00436059 0.00130621 -0.00600617 -0.00498312 0.000891047 0.00287517 -0.00179929 0.00581456 0.00714238 -0.00660809 -0.000811591 -0.0103206 0.00786301 -0.000870141 -0.00205727 0.00160832
internal_weight=0 798 900 858 274 324 534 165 139 56 524 109 82 217 186 412 139 317 245 278 160 118 273 218 83 109 72 54 112 86 55
internal_count=1698 798 900 858 274 324 534 165 139 56 524 109 82 217 186 412 139 317 245 278 160 118 273 218 83 109 72 54 112 86 55
cat_boundaries=0 2 4 5 7 8 10 11
cat_threshold=3653284524 5287 889873429 2049 19210 570818627 784 4262464 2155872388 4096 1
is_linear=0
shrinkage=0.0176943


Tree=86
num_leaves=25
num_cat=3
split_feature=3 1 20 20 44 1 14 21 22 40 15 39 18 40 32 15 21 39 20 33 14 15 14 21
split_gain=40.4363 27.5521 18.8546 19.2961 11.9132 10.4137 11.6334 8.39934 7.09868 7.06191 5.47122 4.20391 3.69177 3.60758 3.81008 3.42029 3.40851 2.90497 2.41763 2.56589 1.65961 1.51232 1.068 0.731567
threshold=0 1 339.50000000000006 47.500000000000007 2.5000000000000004 2 1.0000000180025095e-35 26.500000000000004 54.500000000000007 -9.4999999999999982 -1.2499999999999998 0.2128073796629906 3.5000000000000004 1.5000000000000002 0.85798320174217235 -15.749999999999998 36.500000000000007 0.9745212495326997 196.50000000000003 -4.4999999999999991 26.250000000000004 -3.7499999999999996 5.5000000000000009 28.500000000000004
decision_type=9 9 2 2 10 9 10 2 8 10 10 8 10 8 10 8 2 8 2 10 8 8 10 2
left_child=4 7 3 10 12 6 -5 -2 13 -7 21 -9 18 -4 -15 -13 23 -17 22 20 -20 -3 -1 -10
right_child=1 2 8 5 -6 9 -8 11 16 -11 -12 15 -14 14 -16 17 -18 -19 19 -21 -22 -23 -24 -25
leaf_value=-0.055493715673684947 -0.043817803827167691 -0.031325035985302126 0.010803781910617075 -0.023436367857580277 0.00085225684271629781 0.039425886021060584 0.013315702919939523 0.021211476481330132 -0.029316385616268762 -0.0053975084253367889 0.00071794443729198852 0.0036577362548860554 -0.093927494428095809 -0.020456672750934116 -0.061557725229500634 -0.057524864826404822 0.042473813931007222 -0.020013089670374639 -0.067535981848834623 -0.059863235357404142 -0.042586421203790255 -0.04594953892668719 -0.028951285821283455 0.012134525593505653
leaf_weight=31 46 26 31 47 36 392 182 26 31 43 26 29 26 289 27 38 28 102 43 29 26 28 28 51
leaf_count=31 46 26 31 47 36 392 182 26 31 43 26 29 26 289 27 38 28 102 43 29 26 28 28 51
internal_value=0 4.8743e-05 0.00115428 0.00290145 -0.00795829 0.00389056 0.000666282 -0.00528696 -0.00166486 0.00544735 -0.00530776 -0.00390165 -0.010152 -0.00290648 -0.00347157 -0.00492066 0.00225183 -0.00606627 -0.00912844 -0.0108324 -0.00897436 -0.00851826 -0.00629714 0.000431506
internal_weight=0 1442 1201 744 219 664 229 241 457 435 80 195 183 347 316 169 110 140 157 98 69 54 59 82
internal_count=1661 1442 1201 744 219 664 229 241 457 435 80 195 183 347 316 169 110 140 157 98 69 54 59 82
cat_boundaries=0 3 4 5
cat_threshold=201692170 10824 536870928 8693891 591132
is_linear=0
shrinkage=0.0176943


Tree=87
num_leaves=30
num_cat=5
split_feature=13 1 28 1 22 13 22 49 39 28 37 28 39 13 28 39 27 37 21 49 21 37 39 28 39 22 28 22 49
split_gain=30.3296 17.6443 15.8693 13.8251 13.1594 10.6725 10.5649 8.77134 8.43159 6.3402 5.8033 5.1495 4.61919 4.00091 3.76904 3.60359 6.57973 3.59676 3.33133 3.08344 3.05605 2.93835 2.95365 2.45016 2.16523 2.19769 1.33779 1.05088 1.84457
threshold=0 1 1.0000000180025095e-35 2 7.8199999332427987 3 0.75000000000000011 1.0000000180025095e-35 0.95266106724739086 13.500000000000002 4.5000000000000009 18.500000000000004 0.19462481886148456 4 1.5000000000000002 0.98923608660697948 6.5000000000000009 4.5000000000000009 28.500000000000004 5.5000000000000009 33.500000000000007 13.500000000000002 0.035991379991173751 11.500000000000002 0.85957747697830211 1.7500000000000002 16.500000000000004 1.0000000180025095e-35 5.5000000000000009
decision_type=9 9 8 9 10 9 10 10 10 8 10 10 10 9 10 8 8 10 2 10 2 8 10 8 8 10 10 8 10
left_child=3 9 -3 21 5 11 13 18 -7 17 12 -4 -9 27 20 -6 -17 19 -8 -2 -15 -1 -23 -20 -11 -26 -16 28 -5
right_child=1 2 4 6 15 8 7 10 -10 24 -12 -13 -14 14 26 16 -18 -19 23 -21 -22 22 -24 -25 25 -27 -28 -29 -30
leaf_value=0.03971286386792449 0.035791979681765985 0.061191018087995451 -0.013838160517365479 -0.018478532310194709 -0.0022878112133692652 0.032638379536088551 -0.081735513812714822 -0.033717299589097034 -0.0082616999996743129 0.030089132702819755 -0.053872398883980717 0.018715652404385111 0.0073702307978536054 -0.015750975109101888 -0.035942005772430223 -0.065665967850785975 -0.018958050508396659 0.042363161580995512 -0.064288312258400718 0.059145684428103154 0.017564991117028077 0.028602944880387289 -0.015919726783471661 -0.035292105289708789 -0.0019068049471702314 0.036580718707663926 -0.017161961579772865 0.014175591596169027 0.014524663813761586
leaf_weight=29 41 37 225 50 49 270 27 62 39 26 48 27 60 86 28 38 75 29 29 27 39 40 31 36 43 35 27 26 32
leaf_count=29 41 37 225 50 49 270 27 62 39 26 48 27 60 86 28 38 75 29 29 27 39 40 31 36 43 35 27 26 32
internal_value=0 0.00191337 0.000643419 -0.00300262 7.34168e-05 0.00135622 -0.00410754 -0.00675333 0.00349439 0.00645691 -0.00437132 -0.00135066 -0.0023204 -0.0018431 -0.00335246 -0.00436874 -0.00610645 0.010032 -0.0111542 0.00780542 -0.00184008 0.00289521 0.00124592 -0.00898219 0.00374273 0.00226826 -0.00739839 0.000899636 0
internal_weight=0 961 760 650 723 561 550 262 309 201 170 252 122 288 180 162 113 97 92 68 125 100 71 65 104 78 55 108 82
internal_count=1611 961 760 650 723 561 550 262 309 201 170 252 122 288 180 162 113 97 92 68 125 100 71 65 104 78 55 108 82
cat_boundaries=0 2 3 4 6 7
cat_threshold=193888380 26208 1594732 67457 3227779 4 8388652
is_linear=0
shrinkage=0.0176943


Tree=88
num_leaves=21
num_cat=3
split_feature=3 14 32 1 48 23 29 23 36 14 2 21 21 48 48 23 25 46 14 48
split_gain=52.1279 21.2456 17.1136 12.0502 8.24489 6.15951 6.13236 4.92099 4.75987 11.0495 4.30824 4.06682 3.7846 7.02173 4.75971 2.50393 2.34061 2.9902 2.26638 1.62915
threshold=0 13.500000000000002 0.013793759513646366 1 0.62426471710205089 -2.7499999999999996 8.0700001716613787 -7.2499999999999991 6.5000000000000009 2.2500000000000004 2 30.500000000000004 34.500000000000007 0.5308423936367036 0.31542897224426275 -1.8199999928474424 29.500000000000004 0.98518437147140514 17.500000000000004 0.10172414034605028
decision_type=9 10 8 9 10 8 8 10 8 10 9 2 2 10 10 8 8 8 10 10
left_child=4 2 16 8 6 -5 19 11 9 -4 -7 -3 13 14 -9 -6 17 -2 -17 -1
right_child=1 7 3 5 15 10 -8 12 -10 -11 -12 -13 -14 -15 -16 18 -18 -19 -20 -21
leaf_value=-0.05903615494015399 0.040358846590466145 -0.068239155531609447 -0.029313450485077528 -0.031408886629648657 -0.013593304607280478 0.027978218671071236 -0.064826162715094449 -0.020443983456801398 -0.032583339279433562 0.023338400446061849 0.0095862831300373985 -0.04855622883364253 0.0055149425669593537 -0.038743655824763142 0.027489368934190565 -0.021655784866589305 0.097060386992870784 0.037811251822150137 -0.068769027861169965 -0.046388543978574108
leaf_weight=31 33 31 26 27 35 470 51 78 43 33 421 34 35 47 42 29 33 30 28 39
leaf_count=31 33 31 26 27 35 470 51 78 43 33 421 34 35 47 42 29 33 30 28 39
internal_value=0 0.00135913 0.00244166 0.00176941 -0.00785503 0.00240243 -0.0112593 -0.00311463 -0.00379136 -0.000899564 0.00268092 -0.00734906 -0.00175183 -0.00286061 -0.000589757 -0.00423088 0.00958363 0.00758234 -0.00651806 -0.0146594
internal_weight=0 1383 1116 1020 213 918 121 267 102 59 891 65 202 167 120 92 96 63 57 70
internal_count=1596 1383 1116 1020 213 918 121 267 102 59 891 65 202 167 120 92 96 63 57 70
cat_boundaries=0 3 4 5
cat_threshold=2755695832 2215676032 8388608 4545 26323
is_linear=0
shrinkage=0.0176943


Tree=89
num_leaves=34
num_cat=5
split_feature=1 7 2 10 13 28 22 42 33 30 22 28 16 22 42 22 29 37 22 43 16 16 50 42 16 34 42 29 28 16 22 33 42
split_gain=34.7077 23.3875 12.1728 11.8395 10.9344 9.80037 8.02535 7.45561 6.54973 6.13766 7.07118 4.44438 4.03726 8.604 3.78136 3.65789 3.60243 3.88986 4.12779 3.42096 7.84479 2.86153 2.61583 3.18959 2.18725 1.92367 2.6128 1.77077 1.20634 1.1419 0.66641 0.122782 0.0511392
threshold=0 1 2 3 4 4.5000000000000009 12.500000000000002 11.500000000000002 -10.499999999999998 9.5000000000000018 11.164999961853029 8.5000000000000018 4.5000000000000009 26.500000000000004 13.500000000000002 28.069999694824222 1.0000000180025095e-35 13.500000000000002 2.5000000000000004 4.2500000000000009 9.2500000000000018 3.7500000000000004 1.5000000000000002 7.5000000000000009 11.250000000000002 1.0000000180025095e-35 8.5000000000000018 2.5000000000000004 15.500000000000002 3.7500000000000004 1.1650000214576723 -2.4999999999999996 22.500000000000004
decision_type=9 9 9 9 9 8 10 8 10 10 8 8 8 10 10 10 10 8 10 8 8 10 8 8 10 10 10 8 10 10 8 10 8
left_child=3 4 16 7 19 32 9 21 14 10 -4 15 27 24 -7 22 17 -3 -19 25 -21 -1 23 -5 -14 26 -2 28 -13 -9 -22 -24 -6
right_child=1 2 6 11 5 8 -8 29 -10 -11 -12 12 13 -15 -16 -17 -18 18 -20 20 30 -23 31 -25 -26 -27 -28 -29 -30 -31 -32 -33 -34
leaf_value=0.0012601356292535118 0.038264808042157678 0.035412794088507206 -0.021211314306855543 -0.040970354229968933 0.061396126862496646 0.039798492238297491 -0.082864669091784457 0.015627620953533657 -0.0099281776021418779 0.020734242774723223 0.012608011575140856 -0.024902715615081332 0.01624572870974739 -0.11098050202014383 0.039864511200121779 -0.045878609352642361 -0.028546053833710835 0.022153128119731864 -0.022190203956509492 -0.033319097204949542 0.0020665310680336828 -0.04665423020490974 -0.043180219135427134 -0.062240107562248896 -0.008452627781409176 0.041933940843861803 -0.0020571099436765042 -0.074398817929725566 -0.027731227887627004 0.021937606648720461 0.033896096962518753 -0.024011999037197796 0.082657305054682814
leaf_weight=28 28 38 266 29 28 156 27 28 45 33 56 35 33 28 31 33 27 205 51 36 60 29 27 26 27 33 55 27 27 28 40 26 27
leaf_count=28 28 38 266 29 28 156 27 28 45 33 56 35 33 28 31 33 27 205 51 36 60 29 27 26 27 33 55 27 27 28 40 26 27
internal_value=0 0.00115888 -0.000967836 -0.00461407 0.00389977 0.00625538 -0.00306935 0.000431526 0.00488101 -0.00244225 -0.00318708 -0.00636547 -0.00469827 -0.00201052 0.00633939 -0.00890939 0.00155021 0.00216658 0.00138232 0.00108053 -0.000780573 -0.00403498 -0.0104848 -0.0131885 0.00176918 0.00335558 0.00191846 -0.00735541 -0.00570712 0.0050548 0.00176928 -0.00767754 0.0131885
internal_weight=0 1242 703 431 539 287 382 113 232 355 322 318 177 88 187 141 321 294 256 252 136 57 108 55 60 116 83 89 62 56 100 53 55
internal_count=1673 1242 703 431 539 287 382 113 232 355 322 318 177 88 187 141 321 294 256 252 136 57 108 55 60 116 83 89 62 56 100 53 55
cat_boundaries=0 1 2 3 4 5
cat_threshold=272415 36294059 24601 25392 1342287966
is_linear=0
shrinkage=0.0176943


Tree=90
num_leaves=22
num_cat=3
split_feature=13 39 28 0 13 23 50 27 37 14 39 28 16 46 39 46 46 39 39 14 27
split_gain=26.9823 18.4489 14.4742 11.2605 12.0525 10.1752 8.87612 8.86862 7.16125 7.19618 5.76284 6.58426 4.98475 4.6817 4.07433 3.97381 3.37672 4.7351 2.75734 2.38048 1.58846
threshold=0 0.1086406745016575 15.500000000000002 1 2 -5.2499999999999991 1.0000000180025095e-35 4.5000000000000009 5.5000000000000009 16.500000000000004 0.12687234580516818 9.5000000000000018 4.5000000000000009 0.40660224854946142 0.52521184086799633 0.96693986654281627 0.43569065630435949 0.98726060986518871 0.97660738229751598 50.500000000000007 1.5000000000000002
decision_type=9 8 10 9 9 8 10 8 10 10 8 10 8 8 10 8 8 8 10 10 10
left_child=5 15 3 6 14 -1 7 -3 9 10 -7 -12 16 -6 -5 -2 -4 -18 -10 20 -11
right_child=1 2 12 4 13 8 -8 -9 18 19 11 -13 -14 -15 -16 -17 17 -19 -20 -21 -22
leaf_value=-0.053124944181381806 0.044970091082090879 -0.022264344881808337 0.013280889463467222 0.041267559065659175 0.017387599701251612 -0.031070591503262787 -0.073398804741235071 0.010508071711998227 -0.04159996183105949 0.0080770409707583354 -0.032980322211628874 0.011703244523150214 -0.004245310811244042 -0.012561658886280899 -0.0096820610996465398 0.03948320957357028 0.046139836252591514 0.033501447230980599 -0.014245082364082133 -0.0060368308117593012 0.038012573216149793
leaf_weight=45 45 47 29 271 44 29 38 60 47 27 237 86 33 334 72 40 64 38 41 28 29
leaf_count=45 45 47 29 271 44 29 38 60 47 27 237 86 33 334 72 40 64 38 41 28 29
internal_value=0 0.00143126 0.000790221 -0.00012259 0.000798772 -0.00326988 -0.00445188 -0.0021496 -0.00263384 -0.00170446 -0.00281493 -0.0021364 0.00561011 -0.00136808 0.00315783 0.00936671 0.00715833 0.00867301 -0.00723793 0.00294876 0.0050548
internal_weight=0 1115 1030 866 721 569 145 107 524 436 352 323 164 378 343 85 131 102 88 84 56
internal_count=1684 1115 1030 866 721 569 145 107 524 436 352 323 164 378 343 85 131 102 88 84 56
cat_boundaries=0 2 3 5
cat_threshold=3300025354 29202 18 423692516 224
is_linear=0
shrinkage=0.0176943


Tree=91
num_leaves=26
num_cat=5
split_feature=3 13 20 17 1 20 44 8 37 14 14 8 47 14 15 23 14 17 14 46 20 46 14 39 17
split_gain=38.667 24.0626 16.8387 13.9714 11.8665 13.3295 12.3127 11.1794 11.3015 9.16429 8.39485 8.11992 5.10235 4.79265 4.64495 3.82422 4.73837 4.02923 3.474 3.46964 2.93887 2.5056 1.66602 1.5347 1.41636
threshold=0 1 56.500000000000007 9.5000000000000018 2 340.50000000000006 2.5000000000000004 3 9.5000000000000018 24.500000000000004 7.2500000000000009 4 -1.4999999999999998 9.2500000000000018 -7.7499999999999991 -1.8199999928474424 14.500000000000002 6.5000000000000009 10.500000000000002 0.6569296419620515 607.50000000000011 0.89512962102890026 34.500000000000007 0.13529412448406222 3.5000000000000004
decision_type=9 9 2 10 9 2 10 9 8 8 10 9 8 10 10 8 10 8 8 8 2 10 10 10 8
left_child=12 2 10 7 13 6 11 14 -9 -7 -2 -6 -1 -3 -4 24 17 -17 -8 -5 -11 22 -15 -21 -14
right_child=1 4 3 19 5 9 18 8 -10 20 -12 -13 15 21 -16 16 -18 -19 -20 23 -22 -23 -24 -25 -26
leaf_value=-0.033641744989547612 -0.030548431550023607 -0.035547946373588137 0.068903756206536632 0.040539478314472799 -0.0083904534146163195 -0.070243524970070956 -0.019754576824751149 -0.034612424079125348 0.016166211540771774 -0.024347189336246706 0.0057338978535814867 0.024452897439524064 -0.040581841064307761 -0.0028562695140789784 0.025953183832613774 -0.037288552015938593 0.0027934880161732353 -0.030899038239444142 0.0030479283929613541 0.048790538518056897 -0.035193043601929971 -0.05410636315158663 -0.059716791297961598 0.044036456469513527 -0.047691680776666218
leaf_weight=35 28 26 63 39 107 27 50 57 320 120 33 251 33 30 44 46 29 39 28 51 47 26 30 26 26
leaf_count=35 28 26 63 39 107 27 50 57 320 120 33 251 33 30 44 46 29 39 28 51 47 26 30 26 26
internal_value=0 0.000864045 0.00329621 0.00424657 -0.00131764 -0.00033176 0.0013798 0.00292462 0.0013259 -0.00419538 -0.00551063 0.00276775 -0.00714238 -0.00638113 0.00771238 -0.00623874 -0.00434566 -0.00645262 -0.00499019 0.00976171 -0.00264871 -0.00493749 -0.00294865 0.0075825 -0.00989552
internal_weight=0 1403 661 600 742 630 436 484 377 194 61 358 208 112 107 173 114 85 78 116 167 86 60 77 59
internal_count=1611 1403 661 600 742 630 436 484 377 194 61 358 208 112 107 173 114 85 78 116 167 86 60 77 59
cat_boundaries=0 3 5 6 7 8
cat_threshold=1381003778 1605 4096 1232270562 14466 133251 1042 2318
is_linear=0
shrinkage=0.0176943


Tree=92
num_leaves=29
num_cat=6
split_feature=3 1 9 17 35 8 42 28 8 42 46 42 49 5 42 35 25 17 21 21 17 49 21 17 17 25 28 23
split_gain=41.5873 15.8737 14.3087 11.821 11.4595 10.7447 10.7288 10.1829 9.29205 6.08682 6.0427 5.70829 5.58069 7.16993 5.31136 4.02185 3.20717 3.60417 2.98451 2.8497 2.79235 2.75881 2.60589 1.85425 1.55438 1.36803 0.97591 0.69199
threshold=0 1 2 7.5000000000000009 5.5000000000000009 3 11.500000000000002 1.5000000000000002 4 1.5000000000000002 0.044127190485596664 1.5000000000000002 5.5000000000000009 5 20.500000000000004 14.500000000000002 14.500000000000002 11.500000000000002 28.500000000000004 29.500000000000004 1.5000000000000002 4.5000000000000009 30.500000000000004 3.5000000000000004 10.500000000000002 6.5000000000000009 14.500000000000002 -3.2499999999999996
decision_type=9 9 9 10 10 9 10 10 9 10 10 10 10 9 10 10 10 8 2 2 10 10 2 10 10 10 8 10
left_child=11 4 8 5 18 10 -7 24 16 20 -4 22 13 -13 -9 21 27 -18 -2 -11 -10 -6 26 -20 -5 -24 -1 -3
right_child=1 2 3 7 15 6 -8 14 9 19 -12 12 -14 -15 -16 -17 17 -19 23 -21 -22 -23 25 -25 -26 -27 -28 -29
leaf_value=-0.013277947969979066 -0.015158028908328545 0.013095800998064011 -0.056801612893248692 0.046989130438341506 -0.042501110007215334 0.005834509997097689 0.043919657596743392 0.019341907018245709 0.069985633419598917 0.026778598443602985 -0.0028677756059770037 0.015842449652227794 -0.036168388616478843 -0.075009293340445427 -0.021971833698373328 -0.014416368590830857 0.044858659127971927 -0.018062466661543375 0.0054948733970493734 0.0086797742937790683 0.080058041567866153 -0.033252102652242578 -0.084609038643174789 0.03431856756904527 0.032110692594152765 -0.056488690387273881 -0.040644701316401632 -0.014174210193860733
leaf_weight=26 33 26 55 29 41 552 35 107 55 45 48 48 26 35 26 47 30 27 34 55 60 27 26 30 61 35 28 26
leaf_count=26 33 26 55 29 41 552 35 107 55 45 48 48 26 35 26 47 30 27 34 55 60 27 26 30 61 35 28 26
internal_value=0 0.00168573 0.00245476 0.0012844 -0.00270983 0.000153859 0.00109661 0.00483996 0.00561541 0.00778521 -0.00485384 -0.00635158 -0.00373338 -0.00149213 0.0017294 -0.00661567 0.00104076 0.00403498 0.00164159 0.00495401 0.0109236 -0.0093665 -0.00938503 0.00387014 0.00943614 -0.0118914 -0.0065525 -0.00204132
internal_weight=0 1449 1237 913 212 690 587 223 324 215 103 224 109 83 133 115 109 57 97 100 115 68 115 64 90 61 54 52
internal_count=1673 1449 1237 913 212 690 587 223 324 215 103 224 109 83 133 115 109 57 97 100 115 68 115 64 90 61 54 52
cat_boundaries=0 2 4 5 6 7 8
cat_threshold=629159562 617 326657 1 2220446186 17184 3141 1
is_linear=0
shrinkage=0.0176943


Tree=93
num_leaves=30
num_cat=5
split_feature=25 7 1 21 39 10 39 25 7 14 14 39 47 7 25 30 47 21 49 49 14 19 25 14 39 19 19 49 14
split_gain=22.7467 17.5766 9.71153 9.68898 8.39724 7.48807 7.26798 9.75203 6.73662 6.51933 6.4253 5.91722 5.3237 3.8073 7.84378 3.77368 3.71914 3.55806 3.49634 5.79339 3.9713 3.48734 3.13614 2.76769 2.58303 2.43123 2.34778 1.94585 1.68007
threshold=8.5000000000000018 0 1 39.500000000000007 0.98437118530273449 2 0.22370500862598422 49.500000000000007 3 6.2500000000000009 32.500000000000007 0.99545454978942882 7.5000000000000009 4 19.500000000000004 11.500000000000002 1.5000000000000002 30.500000000000004 8.5000000000000018 12.500000000000002 3.5000000000000004 7.5000000000000009 17.500000000000004 8.5000000000000018 0.027222222648561004 92.500000000000014 10.500000000000002 19.500000000000004 21.500000000000004
decision_type=8 9 9 2 10 9 8 8 9 8 8 10 8 9 8 8 8 2 10 10 10 8 10 8 10 10 10 8 10
left_child=3 4 18 8 13 9 21 -8 12 -4 16 25 -1 22 15 -15 -10 -11 20 -20 -3 -7 23 -2 -24 -12 -14 -16 -18
right_child=1 2 5 -5 -6 6 7 -9 10 17 11 -13 26 14 27 -17 28 -19 19 -21 -22 -23 24 -25 -26 -27 -28 -29 -30
leaf_value=-0.029138718446480649 0.039360292985085782 -0.011039827068673326 0.013378727051961014 -0.049416119830796246 -0.011235541036941934 0.047387135754803453 -0.019986666116290661 0.015939130565375076 0.029964914028673243 -0.021466387889036494 -0.053443318328997159 0.01374526795299575 -0.031547054531041632 -0.0078139795137750455 0.038011710741494384 0.025285535512579341 -0.0080624405473232411 0.040213724194053169 0.040605843150659418 0.016695794891282777 0.032113087491849289 0.0007866053646528446 0.015780199645881881 0.0081348417615541308 -0.022171742062734982 -0.0070622343901139877 -0.034678527935026793 0.069249434846095248 0.02434512866119139
leaf_weight=44 26 32 26 28 26 27 425 156 36 35 72 43 31 26 58 68 91 44 29 42 27 34 46 26 27 30 37 52 27
leaf_count=44 26 32 26 28 26 27 425 156 36 35 72 43 31 26 58 68 91 44 29 42 27 34 46 26 27 30 37 52 27
internal_value=0 0.000861726 -0.000498704 -0.00382898 0.00412049 -0.00128556 -0.00200822 -0.00264953 -0.00314271 0.00292319 -0.00154606 -0.0042708 -0.00667119 0.0050016 0.00644908 0.00301153 0.000919126 0.000671847 0.00379141 0.00672808 0.000899564 0.00377042 0.00196591 0.00544358 -0.000242337 -0.00659148 -0.00416288 0.00997244 -0.000599752
internal_weight=0 1232 877 439 355 747 642 581 411 105 299 145 112 329 204 94 154 79 130 71 59 61 125 52 73 102 68 110 118
internal_count=1671 1232 877 439 355 747 642 581 411 105 299 145 112 329 204 94 154 79 130 71 59 61 125 52 73 102 68 110 118
cat_boundaries=0 2 3 4 5 6
cat_threshold=2713900200 3 333152 8454 4263110 2155889672
is_linear=0
shrinkage=0.0176943


Tree=94
num_leaves=30
num_cat=2
split_feature=25 7 20 28 7 14 32 46 20 20 14 20 28 20 34 42 14 41 48 48 17 28 14 48 25 25 46 28 25
split_gain=37.1828 21.8112 10.3641 10.3122 9.40187 7.46305 10.0929 6.81034 6.28601 4.95845 6.47713 4.83517 9.26562 4.55502 4.46619 4.77923 4.26122 3.25411 2.87617 4.37711 4.91809 3.29333 7.20807 2.80711 2.61843 2.56794 2.47948 2.16529 2.08954
threshold=20.500000000000004 0 29.500000000000004 2.5000000000000004 1 16.500000000000004 0.25186567008495336 0.25949975848197943 83.500000000000014 157.50000000000003 16.500000000000004 195.50000000000003 17.500000000000004 74.500000000000014 1.2500000000000002 16.500000000000004 18.500000000000004 5.5000000000000009 0.7379862666130067 0.50087109208107006 2.5000000000000004 10.500000000000002 3.5000000000000004 0.85960590839385997 37.500000000000007 23.500000000000004 0.92131063342094432 10.500000000000002 36.500000000000007
decision_type=8 9 2 8 9 8 10 8 2 2 10 2 8 2 8 8 10 10 8 10 10 10 8 8 8 10 8 8 10
left_child=1 2 -1 26 25 6 -4 -8 -6 10 14 12 -10 27 15 -3 -7 -18 19 20 -11 22 -20 -16 -13 -5 -2 -12 -27
right_child=3 9 5 4 8 16 7 -9 11 18 13 24 -14 -15 23 -17 17 -19 21 -21 -22 -23 -24 -25 -26 28 -28 -29 -30
leaf_value=-0.028957729835868608 0.026424906200673205 -0.027082373911191542 0.058695458993751809 0.040344160493896865 -0.025146431477549896 -0.034760818298987035 0.024703143516884643 0.004647033026768747 -0.013370394927190393 -0.063259603005501472 -0.043367524155294289 -0.0068076066909332628 0.039056934755247026 -5.4361435420823891e-05 0.0018557763290573727 0.0025865150740445471 -0.0077876595549901109 0.020094211603898644 -0.068501585615210872 0.0080895646209771365 -0.018945726183243156 -0.013305859474564601 -0.034064917296005595 -0.0063515058640704267 0.026134712101344548 0.075986996409492219 0.095049742561157793 -0.017914153291210141 0.07709298416726687
leaf_weight=31 29 45 33 50 40 50 26 129 28 36 34 147 90 30 38 36 74 40 27 41 66 50 141 33 204 39 29 37 34
leaf_count=31 29 45 33 50 40 50 26 129 28 36 34 147 90 30 38 36 74 40 27 41 66 50 141 33 204 39 29 37 34
internal_value=0 -0.00211193 0.00121561 0.00323109 0.00257571 0.0021112 0.00451749 0.00262546 0.00139779 -0.00413995 -0.00230787 0.00199953 0.00509801 -0.00578085 0 -0.00283954 -0.00064731 0.00124161 -0.00553853 -0.00358815 -0.00555072 -0.00681773 -0.00800418 0.00323943 0.000957783 0.00678462 0.0103711 -0.00822321 0.00945212
internal_weight=0 997 383 690 632 352 188 155 509 614 253 469 118 101 152 81 164 114 361 143 102 218 168 71 351 123 58 71 73
internal_count=1687 997 383 690 632 352 188 155 509 614 253 469 118 101 152 81 164 114 361 143 102 218 168 71 351 123 58 71 73
cat_boundaries=0 2 3
cat_threshold=2710817969 1 591000
is_linear=0
shrinkage=0.0176943


Tree=95
num_leaves=23
num_cat=3
split_feature=3 24 37 9 10 24 37 15 14 35 29 36 21 21 15 24 29 35 26 21 21 21
split_gain=28.0924 16.2164 17.0312 12.2783 10.3377 8.989 8.01766 7.18272 6.79393 6.14922 5.05266 4.19392 3.9992 3.46133 2.81347 2.47883 2.29783 2.19089 1.78059 1.30079 0.11451 0.00233566
threshold=0 21.500000000000004 9.5000000000000018 1 2 0.58500000834465038 4.5000000000000009 -100.49999999999999 6.2500000000000009 9.5000000000000018 2.5000000000000004 2.5000000000000004 31.500000000000004 25.500000000000004 -2.2499999999999996 9.5000000000000018 4.0699999332427987 17.500000000000004 9.5000000000000018 29.500000000000004 32.500000000000007 23.500000000000004
decision_type=9 8 10 9 9 10 10 10 10 8 8 8 2 2 10 8 8 10 8 2 2 2
left_child=7 2 3 5 9 16 -6 15 17 -5 -7 12 -9 21 -13 -1 -2 -4 -15 -20 -21 -3
right_child=1 13 8 4 6 10 -8 11 -10 -11 -12 14 -14 18 -16 -17 -18 -19 19 20 -22 -23
leaf_value=-0.04410037907233031 -0.021356163985968589 0.014949396689880174 0.026620479640994073 -0.00022897270494500076 -0.0014573233807218711 -0.017418488293062168 -0.028249513051396131 -0.050266625504442108 0.042493415440515887 0.027934044475483834 -0.034960612326674724 0.016222667909103223 -0.008874947891878723 0.027641869366613572 -0.040076984236614648 -0.07883790025515762 -0.0043327475311153276 0.003641449194304289 0.07351591824681207 0.095191134519437018 0.039112108628390464 0.016203119441736542
leaf_weight=29 65 29 29 85 599 32 67 51 26 151 38 44 29 26 29 29 100 37 48 34 46 33
leaf_count=29 65 29 29 85 599 32 67 51 26 151 38 44 29 26 29 29 100 37 48 34 46 33
internal_value=0 0.000766138 -1.43957e-05 -0.000606921 0.000349224 -0.00411649 -0.000785237 -0.00600463 0.00730789 0.00345243 -0.00960442 -0.00427878 -0.00707703 0.00524255 -0.00121179 -0.0115913 -0.00203742 0.00428901 0.00666374 0.00580558 0.00442313 0.00171211
internal_weight=0 1445 1229 1137 902 235 666 211 92 236 70 153 80 216 73 58 165 66 154 128 80 62
internal_count=1656 1445 1229 1137 902 235 666 211 92 236 70 153 80 216 73 58 165 66 154 128 80 62
cat_boundaries=0 3 4 5
cat_threshold=3938718730 1083394 33 46146055 24114
is_linear=0
shrinkage=0.0176943


Tree=96
num_leaves=34
num_cat=8
split_feature=1 13 8 13 40 8 2 46 19 19 34 14 2 36 19 33 19 19 17 22 14 22 37 14 33 33 13 21 21 17 14 46 17
split_gain=24.2841 23.6455 20.8497 16.3687 13.585 10.1126 10.0978 9.49457 7.17153 5.42147 6.15701 5.85807 5.25605 6.75452 6.36963 7.06669 4.91088 5.048 4.69596 5.11995 4.19097 4.18926 4.11384 5.25597 3.76782 2.76209 2.69619 5.99565 3.13541 2.56916 2.31105 2.09665 1.81056
threshold=0 1 2 3 -11.499999999999998 4 5 0.97277778387069713 15.500000000000002 10.500000000000002 1.0000000180025095e-35 12.500000000000002 6 3.5000000000000004 7.5000000000000009 -10.499999999999998 16.500000000000004 134.50000000000003 6.5000000000000009 1.7500000000000002 18.500000000000004 16.250000000000004 7.5000000000000009 4.5000000000000009 1.0000000180025095e-35 1.5000000000000002 7 26.500000000000004 31.500000000000004 9.5000000000000018 24.500000000000004 0.34821428358554846 4.5000000000000009
decision_type=9 9 9 9 10 9 9 8 10 10 8 8 9 8 10 10 8 8 10 10 10 10 8 10 8 8 9 2 2 10 8 10 10
left_child=3 4 7 22 8 20 18 25 26 10 -8 -11 13 -7 24 -16 -9 -18 19 -4 32 -15 -1 -24 -14 -3 27 -2 -28 30 -10 -6 -5
right_child=1 2 6 5 31 12 9 16 29 11 -12 -13 14 21 15 -17 17 -19 -20 -21 -22 -23 23 -25 -26 -27 28 -29 -30 -31 -32 -33 -34
leaf_value=-0.052101618212091166 -0.029154727815575154 0.035592261556850413 -0.010839451682266403 0.033605737159710582 -0.043081267615883725 -0.054780591079177446 0.040161124913638657 0.0028462118234754965 -0.02949207268870082 -0.025383280066752275 0.015600872485613738 0.018820433954138762 0.023901545273118583 -0.047177864847458326 -0.0022688176065426696 -0.027265657249628032 0.059878126860388556 0.049891693893081145 0.032727775348451699 -0.053241769196003264 -0.027184007775554291 0.010669869264200221 -0.020819820886715586 -0.027526486319719205 -0.013313626072161976 0.071999730881411095 0.0088140709168243458 0.031696837265819205 -0.01053360576350751 0.0019819490193451815 -0.020212369624236354 -0.032599684916309025 0.0060136393122366761
leaf_weight=36 26 26 41 27 36 44 40 49 47 61 112 161 26 33 84 47 31 67 29 38 27 28 29 39 26 46 67 77 39 39 110 28 50
leaf_count=36 26 26 41 27 36 44 40 49 47 61 112 161 26 33 84 47 31 67 29 38 27 28 29 39 26 46 67 77 39 39 110 28 50
internal_value=0 0.00071976 0.00276236 -0.00391645 -0.00232718 -0.0021127 0.000647337 0.00718564 -0.00117959 0.00202742 0.00465614 0.000318796 -0.00380001 -0.00692338 -0.00174185 -0.00391681 0.00493487 0.00722158 -0.00389847 -0.00649473 0.00248323 -0.00377042 -0.00993296 -0.00832578 0.00340222 0.0127779 0.00110055 0.00297493 -0.000915146 -0.00361093 -0.00462056 -0.00995184 0.00482522
internal_weight=0 1170 701 496 469 392 482 219 405 374 152 222 288 105 183 131 147 98 108 79 104 61 104 68 52 72 209 103 106 196 157 64 77
internal_count=1666 1170 701 496 469 392 482 219 405 374 152 222 288 105 183 131 147 98 108 79 104 61 104 68 52 72 209 103 106 196 157 64 77
cat_boundaries=0 2 4 5 6 7 8 9 10
cat_threshold=190920983 4 1572446260 16468 8342 4233731 2179 14466 1425 1056816
is_linear=0
shrinkage=0.0176943


Tree=97
num_leaves=24
num_cat=3
split_feature=3 17 8 8 22 26 50 35 22 20 20 36 33 20 22 35 49 17 17 49 17 49 17
split_gain=27.9435 17.58 13.0434 9.24378 7.24665 6.87063 13.4437 6.30493 5.88146 5.35907 5.40257 4.92315 6.22783 4.90154 4.69426 4.67891 4.41691 3.42894 3.40019 3.22136 3.22086 2.83082 1.77862
threshold=0 9.5000000000000018 1 2 25.069999694824222 1.0000000180025095e-35 0.35416667163372045 16.500000000000004 40.500000000000007 111.50000000000001 222.50000000000003 6.5000000000000009 -6.4999999999999991 242.50000000000003 38.500000000000007 21.500000000000004 10.500000000000002 14.500000000000002 11.500000000000002 3.5000000000000004 2.5000000000000004 10.500000000000002 4.5000000000000009
decision_type=9 10 9 9 8 10 10 10 8 2 2 8 8 2 10 10 10 10 10 10 10 10 10
left_child=4 2 7 17 11 15 -7 8 20 -5 21 12 -1 -10 -8 16 -4 18 -3 -14 -2 -11 -13
right_child=1 3 5 9 -6 6 14 -9 13 10 -12 22 19 -15 -16 -17 -18 -19 -20 -21 -22 -23 -24
leaf_value=-0.029765925553152515 -0.0060977928385909938 0.040334446999460663 -0.0050839474768258949 -0.0043042342320961874 -0.089060964140952811 -0.089430377105328251 0.0023797647513894874 0.047141082496292827 0.095242653636499156 0.032058531308418931 -0.0022447349218386726 -0.043084291070346344 -0.016053268147325685 0.037445127853696074 -0.050951471832772023 0.024316937866892274 -0.034110138154342141 0.0894693787314398 0.023726334566347981 0.013608710244865247 0.015716421901658461 0.048877437323952208 -0.064902022128690631
leaf_weight=26 153 32 574 50 42 31 47 41 27 27 29 47 41 32 30 28 71 28 40 39 170 32 32
leaf_count=26 153 32 574 50 42 31 47 41 27 27 29 47 41 32 30 28 71 28 40 39 170 32 32
internal_value=0 0.000804279 -5.8783e-05 0.00520402 -0.00574858 -0.00140926 -0.00557002 0.00241095 0.00176012 0.00167368 0.00442317 -0.00449511 -0.00200297 0.00689687 -0.00160839 -0.000762446 -0.00106987 0.00900736 0.00786328 0.000442292 0.00082169 0.0074966 -0.00783847
internal_weight=0 1442 1204 238 227 781 108 423 382 138 88 185 106 59 77 673 645 100 72 80 323 59 79
internal_count=1669 1442 1204 238 227 781 108 423 382 138 88 185 106 59 77 673 645 100 72 80 323 59 79
cat_boundaries=0 4 5 6
cat_threshold=1728205894 2057 2048 2048 33244 1204
is_linear=0
shrinkage=0.0176943


Tree=98
num_leaves=21
num_cat=1
split_feature=3 39 32 35 46 23 40 39 46 32 33 48 17 32 48 17 35 48 39 32
split_gain=27.8225 20.6817 12.3518 9.83358 8.88815 9.02506 7.99795 6.68538 5.20423 4.80589 4.7322 4.30609 3.99787 5.58191 3.71853 4.92092 3.5329 3.23057 2.15557 1.47905
threshold=0 0.035991379991173751 0.55339369177818309 21.500000000000004 0.36088341474533087 -2.2499999999999996 -8.4999999999999982 0.21897435933351519 0.6975214183330537 0.53390806913375866 1.0000000180025095e-35 0.70678734779357921 8.5000000000000018 0.52803984284400951 0.51250782608985912 6.5000000000000009 18.500000000000004 0.35316231846809393 0.38972043991088873 0.26488797366619116
decision_type=9 8 10 10 8 8 10 10 8 8 8 8 10 8 10 8 10 8 10 10
left_child=7 8 12 4 6 -6 -4 14 19 -9 11 -11 16 18 15 -1 17 -3 -14 -2
right_child=1 2 3 -5 5 -7 -8 9 -10 10 -12 -13 13 -15 -16 -17 -18 -19 -20 -21
leaf_value=-0.06765990966061583 0.10835921291639772 -0.0098385423353221178 -0.0076682252142996664 0.031963651945350183 0.0090686749103430272 -0.022869887336685032 0.037876068851558642 -0.011856347771356116 0.020725329637800678 -0.047949793685143578 -0.071331513917481507 -0.013337845798153971 0.042393401019832695 -0.0098254882242151884 0.0073876845418634008 0.0015331572114370361 -0.010371124400808333 0.017821995591574859 0.035826658334041701 0.053691035375587393
leaf_weight=26 29 91 46 44 64 286 30 37 49 38 31 29 47 50 34 26 31 603 40 26
leaf_count=26 29 91 46 44 64 286 30 37 49 38 31 29 47 50 34 26 31 603 40 26
internal_value=0 0.000562884 -2.65664e-05 -0.00233409 -0.00315666 -0.00434763 0.00232794 -0.00605108 0.00816598 -0.0087811 -0.0108324 -0.00818597 0.00123161 0.00400358 -0.00246873 -0.00544358 0.00070776 0.000968837 0.00671102 0.0119018
internal_weight=0 1436 1332 470 426 350 76 221 104 135 98 67 862 137 86 52 725 694 87 55
internal_count=1657 1436 1332 470 426 350 76 221 104 135 98 67 862 137 86 52 725 694 87 55
cat_boundaries=0 2
cat_threshold=671510603 34448
is_linear=0
shrinkage=0.0176943


Tree=99
num_leaves=27
num_cat=6
split_feature=7 13 14 2 39 7 13 2 14 20 39 37 16 19 22 20 21 29 22 24 22 21 21 20 16 23
split_gain=30.6312 18.2874 13.3567 10.724 8.97413 8.40158 6.34584 7.20049 4.82704 4.76345 4.07356 3.98032 5.77787 6.94745 6.1729 3.59412 3.24682 3.18932 4.22041 5.27263 3.1486 3.13544 3.26204 2.78439 2.36584 2.93019
threshold=0 1 6.2500000000000009 2 0.26713615655899053 3 4 5 1.5000000000000002 59.500000000000007 0.52521184086799633 6.5000000000000009 6.5000000000000009 168.50000000000003 2.5000000000000004 120.50000000000001 33.500000000000007 1.0000000180025095e-35 15.500000000000002 0.76500001549720775 1.7500000000000002 29.500000000000004 33.500000000000007 242.50000000000003 1.0000000180025095e-35 -0.93000000715255726
decision_type=9 9 10 9 10 9 9 9 8 2 10 10 8 8 10 2 2 10 10 10 8 2 2 2 8 8
left_child=4 2 9 11 23 8 20 -8 -5 -2 16 12 14 -14 -3 -10 -11 18 19 -4 -7 -6 -23 24 -1 -26
right_child=1 3 17 5 21 6 7 -9 15 10 -12 -13 13 -15 -16 -17 -18 -19 -20 -21 -22 22 -24 -25 25 -27
leaf_value=0.044466614601613406 -0.033241381834652792 0.011509898218386088 -0.042139827478076104 0.022309300623753428 0.012013189963851348 0.035935384283360933 -0.036346079448223725 -0.015781114201211251 -0.027553079338338178 0.018021177124276408 -0.024142506771990351 0.047210289547482472 0.048076987842035054 0.004775715865411906 -0.020527406964120667 0.0067780032720431791 -0.030766281647054129 -0.081969328259081209 -0.050952465494027356 -0.0018115499082280598 -0.0088896768365338691 -0.013144558417096565 0.022119567956273015 0.086616352569472158 0.051858891278308027 0.025333380434466059
leaf_weight=40 26 49 30 45 52 51 118 295 29 111 36 26 74 67 34 170 56 42 26 35 63 31 27 26 30 41
leaf_count=40 26 49 30 45 52 51 118 295 29 111 36 26 74 67 34 170 56 42 26 35 63 31 27 26 30 41
internal_value=0 -0.00148616 -0.00485155 -0.00025743 0.00516354 -0.00129137 -0.00253713 -0.00355552 0.0013932 -0.00239521 -0.00148172 0.00285821 0.0022117 0.00439195 -0.00149213 0.000266728 -0.000317836 -0.00944527 -0.00758262 -0.00517155 0.00114148 0.00160844 -0.00122011 0.00839462 0.00717285 0.00523294
internal_weight=0 1383 362 1021 247 771 527 413 244 229 203 250 224 141 83 199 167 133 91 65 114 110 58 137 111 71
internal_count=1630 1383 362 1021 247 771 527 413 244 229 203 250 224 141 83 199 167 133 91 65 114 110 58 137 111 71
cat_boundaries=0 2 4 5 6 8 9
cat_threshold=2284346368 2 142229522 844 25880 1048619 293666849 1 4292
is_linear=0
shrinkage=0.0176943


Tree=100
num_leaves=31
num_cat=3
split_feature=13 25 20 20 28 28 50 25 2 28 20 20 24 25 20 13 25 20 27 24 20 25 19 20 19 28 23 19 19 20
split_gain=24.5403 21.1101 11.3608 15.0933 10.7941 9.98226 9.62932 8.56021 7.32063 6.77862 6.70551 11.4802 7.11446 6.21298 6.02233 5.67751 5.5548 5.03896 4.68562 4.45655 3.87086 9.91492 3.72818 3.60407 3.44393 3.00145 2.53543 2.41743 2.09074 1.22876
threshold=0 20.500000000000004 320.50000000000006 48.500000000000007 1.5000000000000002 17.500000000000004 0.68333333730697643 5.5000000000000009 1 10.500000000000002 232.50000000000003 175.50000000000003 1.0000000180025095e-35 29.500000000000004 287.50000000000006 2 4.5000000000000009 109.50000000000001 5.5000000000000009 0.76500001549720775 554.50000000000011 13.500000000000002 106.50000000000001 362.50000000000006 163.00000000000003 13.500000000000002 -1.0000000180025095e-35 10.500000000000002 31.000000000000004 663.50000000000011
decision_type=9 8 2 2 8 8 10 8 9 8 2 2 8 10 2 9 10 2 8 10 2 10 10 2 10 8 10 8 10 2
left_child=2 10 3 27 -3 -6 8 -4 9 -5 11 15 26 -10 17 19 -17 -7 -13 -2 24 -22 28 -16 25 -9 -12 -1 -14 -23
right_child=1 4 7 6 5 14 -8 20 13 -11 12 18 22 -15 23 16 -18 -19 -20 -21 21 29 -24 -25 -26 -27 -28 -29 -30 -31
leaf_value=-0.029098759388831281 -0.017481687385197928 0.082617304413194453 -0.051114826440978763 0.042957271502327435 -0.031178136729735937 -0.010837323839771691 -0.0143294909153301 0.027054689334253777 0.029244656610510417 -0.012911975277896493 0.00076205249297101583 -0.0089448304647447574 -0.051804165558235762 0.13690398339192383 -0.047449001092048408 -0.094175912816352084 -0.020871550295521717 0.049360774652144196 0.039312879171526829 0.01243571339730542 0.013921533322034092 -0.062919718391176827 -0.041917395833850422 -0.0060346168798212406 0.059547356630936098 -0.017239856716939395 -0.047421131426458686 -0.01942595635123838 -0.082909991567123351 -0.031277909019937919
leaf_weight=26 44 33 29 29 37 44 35 35 261 73 34 41 49 26 33 31 139 94 32 56 38 26 32 112 32 92 44 27 29 26
leaf_count=26 44 33 29 29 37 44 35 35 261 73 34 41 49 26 33 31 139 94 32 56 38 26 32 112 32 92 44 27 29 26
internal_value=0 -0.00277089 0.00154968 0.0032272 0.000551362 -0.00044234 0.00434002 -0.00127293 0.00513987 0.000631879 -0.00503163 -0.0035594 -0.00771739 0.00649368 0.000687738 -0.00524259 -0.0070774 0.00333351 0.00266596 -0.00128675 -0.00021317 -0.00314537 -0.0106158 -0.00183033 0.00144662 0.000139302 -0.00362922 -0.00567469 -0.0127023 -0.00816539
internal_weight=0 884 755 477 353 320 424 278 389 102 531 343 188 287 283 270 170 138 73 100 249 90 110 145 159 127 78 53 78 52
internal_count=1639 884 755 477 353 320 424 278 389 102 531 343 188 287 283 270 170 138 73 100 249 90 110 145 159 127 78 53 78 52
cat_boundaries=0 2 3 4
cat_threshold=2170229869 12993 82160 402688386
is_linear=0
shrinkage=0.0176943


Tree=101
num_leaves=31
num_cat=5
split_feature=13 46 34 46 9 39 49 9 21 21 13 22 48 21 33 41 8 21 19 49 27 22 48 21 48 19 19 26 39 19
split_gain=30.0112 18.0731 15.5316 13.2042 11.0274 10.2454 8.01415 6.18121 11.8619 7.9444 6.04414 5.96943 6.11617 6.46845 4.35655 4.68692 4.31677 4.80421 4.20362 4.20135 3.94405 3.5047 2.5603 2.85257 2.41743 2.01649 1.44595 1.40556 1.37072 0.935992
threshold=0 0.77459675073623668 1.2500000000000002 0.77220910787582409 1 0.035991379991173751 2.5000000000000004 2 31.500000000000004 37.500000000000007 3 6.7500000000000009 0.75171232223510753 30.500000000000004 -6.4999999999999991 5.5000000000000009 4 26.500000000000004 78.500000000000014 10.500000000000002 17.000000000000004 10.750000000000002 0.70087718963623058 29.500000000000004 0.4668662697076798 161.00000000000003 213.50000000000003 1.0000000180025095e-35 0.95040982961654674 163.00000000000003
decision_type=9 10 10 10 9 8 10 9 2 2 9 10 8 2 10 10 9 2 8 8 8 10 8 2 8 10 8 10 8 8
left_child=1 5 4 21 19 -1 -5 8 29 10 -9 16 27 -14 22 -16 17 -7 -18 -2 -11 24 23 -3 -4 -10 -21 -13 -24 -6
right_child=2 14 3 6 7 11 -8 9 25 20 -12 12 13 -15 15 -17 18 -19 -20 26 -22 -23 28 -25 -26 -27 -28 -29 -30 -31
leaf_value=0.072799180469930391 0.021860752283468513 0.01947355172061032 -0.033462663757702578 -0.024845368525104373 -0.042526978687086499 0.041234738577439506 0.029607536177703179 0.028364565732542386 -0.0018222856897083311 -0.03350401662818013 0.0098028163981847358 -0.048814061103482013 0.044748161197574035 -0.066890540697925369 -0.055804519073226456 -0.024572319913824903 -0.0016516225885180365 0.011081767402292553 -0.045365875812974688 0.05996462983061486 0.0089061495349245911 -0.069443151673712747 -0.010754886554905011 -0.011308752888408045 -0.0075148370087996146 0.033154322958266765 0.16004170813292479 -0.062742543899963268 -0.030714630034015266 -0.023946563740671029
leaf_weight=26 33 26 26 42 28 27 27 243 26 26 256 35 26 29 41 30 175 107 74 42 49 26 26 29 27 32 26 30 27 26
leaf_count=26 33 26 26 42 28 27 27 243 26 26 256 35 26 29 41 30 175 107 74 42 49 26 26 29 27 32 26 30 27 26
internal_value=0 -0.00290794 0.00189112 -0.00334738 0.0029003 -0.00130447 0.00230767 0.00198295 -0.0017403 0.00272682 0.00358135 -0.00186437 -0.00530793 -0.000964978 -0.00780886 -0.0112135 -0.000785365 0.00172017 -0.00211778 0.00812924 -0.00259488 -0.00828639 -0.00557002 -0.002895 -0.00567469 0.00366038 0.011448 -0.00898219 -0.00834515 -0.00786301
internal_weight=0 708 935 148 787 529 69 686 112 574 499 503 120 55 179 71 383 134 249 101 75 79 108 55 53 58 68 65 53 54
internal_count=1643 708 935 148 787 529 69 686 112 574 499 503 120 55 179 71 383 134 249 101 75 79 108 55 53 58 68 65 53 54
cat_boundaries=0 2 3 4 6 7
cat_threshold=3600952984 25898 5260448 3 135057445 4 2566
is_linear=0
shrinkage=0.0176943


Tree=102
num_leaves=29
num_cat=6
split_feature=3 7 13 10 16 19 35 44 24 48 13 23 44 24 16 44 2 15 19 37 23 23 35 15 19 48 19 35
split_gain=27.9242 23.2887 18.9723 10.9298 10.6254 7.03661 6.96356 6.0384 4.76255 6.22879 4.72658 4.47891 4.06963 3.92814 3.85917 4.11212 3.77511 6.30691 3.85921 3.41942 3.2686 3.1753 3.14075 3.67445 2.83082 2.65622 2.5134 2.87231
threshold=0 1 2 3 4.5000000000000009 8.5000000000000018 10.500000000000002 15.500000000000002 0.34500001370906835 0.70087718963623058 4 -1.0000000180025095e-35 2.5000000000000004 0.76500001549720775 4.5000000000000009 11.500000000000002 5 -2.2499999999999996 6.5000000000000009 2.5000000000000004 -1.0000000180025095e-35 -1.8199999928474424 7.5000000000000009 -0.74999999999999989 11.500000000000002 0.71611723303794872 115.00000000000001 21.500000000000004
decision_type=9 9 9 9 10 10 8 8 10 10 9 8 10 10 8 8 9 10 10 10 10 8 8 8 10 8 8 8
left_child=14 4 6 19 16 12 8 -7 -3 -10 13 -12 -5 -8 15 -1 17 18 -2 20 -4 -6 -16 -24 -19 -17 27 -18
right_child=1 2 3 5 21 7 10 -9 9 -11 11 -13 -14 -15 22 25 26 24 -20 -21 -22 -23 23 -25 -26 -27 -28 -29
leaf_value=0.018360437698071448 0.017077346972448178 0.024593404720055709 -0.042101869985526376 -0.0083621152500986586 -0.022792554580037351 0.045904504158624231 0.0058177927820486728 0.022758895799627383 -0.024078312820208166 0.014273353585463756 -0.016304687113349276 -0.032616984828216136 0.011889282101744175 -0.017675637445902483 -0.069836321249631447 -0.019972865049321557 0.031887428226418331 0.060565511606234808 -0.032347622877507795 0.0064904684975449507 -0.023496241745476491 0.025592955360345202 -0.035929035568250271 -0.0038181520195778511 0.026644462207668588 -0.044659667956692087 0.11041295812308023 0.023043544004931266
leaf_weight=29 38 32 29 128 43 44 84 267 26 26 74 162 41 29 32 34 78 32 37 34 45 29 37 26 27 50 51 59
leaf_count=29 38 32 29 128 43 44 84 267 26 26 74 162 41 29 32 34 78 32 37 34 45 29 37 26 27 50 51 59
internal_value=0 0.000956104 -0.000463375 0.00159779 0.00455487 0.00274437 -0.00323523 0.00438078 0.00126374 -0.00204132 -0.00441079 -0.00575405 -0.000104684 -0.00100691 -0.00584377 -0.00391439 0.00604448 0.00294888 -0.000235875 -0.00329871 -0.00573808 -0.00147434 -0.0087533 -0.00645902 0.0074966 -0.00589755 0.00768509 0.00684484
internal_weight=0 1415 1021 588 394 480 433 311 84 52 349 236 169 113 208 113 322 134 75 108 74 72 95 63 59 84 188 137
internal_count=1623 1415 1021 588 394 480 433 311 84 52 349 236 169 113 208 113 322 134 75 108 74 72 95 63 59 84 188 137
cat_boundaries=0 3 5 7 8 10 11
cat_threshold=3264610376 42818 32768 270189876 2 749474261 1282 4622 545525761 256 16906
is_linear=0
shrinkage=0.0176943


Tree=103
num_leaves=29
num_cat=5
split_feature=25 7 1 25 7 25 2 42 20 7 32 17 20 29 17 20 20 32 20 40 25 42 20 25 23 32 17 15
split_gain=33.2965 23.3249 12.8392 11.6048 7.3257 7.27456 7.03736 6.54529 6.53144 6.20268 5.6436 5.29109 5.77794 5.77009 5.06064 4.86896 4.33781 6.42497 4.91542 4.33743 4.31916 3.99646 3.90893 3.77322 3.2686 2.855 2.13494 1.38023
threshold=3.5000000000000004 0 1 23.500000000000004 2 18.500000000000004 3 5.5000000000000009 229.50000000000003 4 0.70064935088157665 8.5000000000000018 87.500000000000014 1.2500000000000002 2.5000000000000004 234.50000000000003 351.50000000000006 0.47196015715599066 522.50000000000011 -7.4999999999999991 48.500000000000007 4.5000000000000009 117.50000000000001 67.500000000000014 -1.0000000180025095e-35 0.98709622025489818 14.500000000000002 -1.0000000180025095e-35
decision_type=8 9 9 8 9 8 9 10 2 9 8 8 2 10 8 2 2 8 2 10 8 8 2 8 10 8 8 10
left_child=14 3 7 6 5 10 8 15 24 25 -4 13 -13 -6 21 -3 17 26 -18 -11 -7 -1 -23 -20 -2 -8 -5 -19
right_child=1 2 4 16 11 20 9 -9 -10 19 -12 12 -14 -15 -16 -17 18 27 23 -21 -22 22 -24 -25 -26 -27 -28 -29
leaf_value=-0.035024915295750851 -0.017190958091289905 -0.03181712763093477 0.0032780626160392708 -0.0056039383711736458 0.019398502460285082 0.010987738034920614 0.022828050936383144 -0.01184198963575812 0.0084302604672294619 0.019947114684294009 -0.046645539335114838 -0.025972620293343879 0.00033136299972385359 -0.0091343786283130911 -0.058804724438771654 -0.061089819645727905 -0.036857755955430588 0.090081714098968285 0.0068238716820783925 -0.030581967110443791 -0.045681536640111403 0.010647226001487745 -0.043383596234695433 0.075365288140311695 -0.024646509005362166 0.043048689278348984 0.052557656500341214 0.02620259108752529
leaf_weight=41 45 32 26 27 167 95 70 45 35 109 101 27 271 33 38 38 29 80 28 43 55 28 38 29 29 41 28 26
leaf_count=41 45 32 26 27 167 95 70 45 35 109 101 27 271 33 38 38 29 80 28 43 55 28 38 29 29 41 28 26
internal_value=0 0.000457303 -0.00137621 0.00306621 -0.000518423 -0.00277428 0.00114154 -0.00665263 -0.00252758 0.0026573 -0.00599061 0.000766272 -0.000712496 0.0030079 -0.00841958 -0.0106154 0.00608893 0.00780269 0.00288019 0.000218426 -0.000235899 -0.00644885 -0.00375288 0.00589729 -0.00573808 0.00570274 0.002895 0.0103487
internal_weight=0 1509 890 619 775 277 372 115 109 263 127 498 298 200 145 70 247 161 86 152 150 107 66 57 74 111 55 106
internal_count=1654 1509 890 619 775 277 372 115 109 263 127 498 298 200 145 70 247 161 86 152 150 107 66 57 74 111 55 106
cat_boundaries=0 2 4 6 7 8
cat_threshold=23840572 1 99338 1 268705923 16 209 21136656
is_linear=0
shrinkage=0.0176943


Tree=104
num_leaves=21
num_cat=3
split_feature=3 3 19 8 32 18 20 20 28 48 19 40 33 42 21 20 32 20 30 20
split_gain=43.7849 11.371 13.7505 18.3413 9.66804 8.51476 8.15204 9.58881 6.62951 5.76926 5.36238 5.28658 4.87579 4.61044 4.25232 3.10413 2.91187 2.53363 2.15771 0.698548
threshold=0 1 223.00000000000003 2 0.96961539983749401 2.5000000000000004 89.500000000000014 327.50000000000006 1.0000000180025095e-35 0.37232102453708654 246.00000000000003 -1.0000000180025095e-35 -1.0000000180025095e-35 12.500000000000002 32.500000000000007 292.50000000000006 0.19581377506256106 287.50000000000006 3.5000000000000004 199.50000000000003
decision_type=9 9 8 9 8 10 2 2 8 8 10 8 10 8 2 2 10 2 10 2
left_child=5 9 3 4 13 11 -4 19 -5 -2 -9 -1 -10 -3 -11 -6 17 -13 -18 -8
right_child=1 2 6 8 15 -7 7 10 12 14 -12 16 -14 -15 -16 -17 18 -19 -20 -21
leaf_value=-0.0097571194484386541 0.0011734193443694919 0.051896876119404793 -0.020901463679047026 0.04867898110076304 0.012565595758152521 -0.069543650546546848 0.09920983352174001 0.045779718504175754 -0.014054333020467571 0.024500291747627297 -0.0072375684271256428 -0.013917004628394739 0.0036910357996151012 0.01483950683206485 0.034682797110554268 -0.029426191001189983 -0.049820064272917207 -0.089742680718868068 -0.048052877638859785 0.066200806678227711
leaf_weight=44 33 64 26 29 75 29 33 118 696 39 86 33 64 81 45 26 43 28 36 40
leaf_count=44 33 64 26 29 75 29 33 118 696 39 86 33 64 81 45 26 43 28 36 40
internal_value=0 0.00119571 0.000708815 -0.000256435 0.0038705 -0.00722028 0.00402928 0.00491848 -0.00157231 0.00626924 0.00294893 -0.00615427 -0.0019091 0.00695531 0.00926758 -0.000175159 -0.0078356 -0.00493056 -0.010078 0.0104216
internal_weight=0 1455 1338 1035 246 213 303 277 789 117 204 184 760 145 84 101 140 61 79 73
internal_count=1668 1455 1338 1035 246 213 303 277 789 117 204 184 760 145 84 101 140 61 79 73
cat_boundaries=0 3 6 7
cat_threshold=1371538443 1068097 8388864 1048996 1073741826 69206016 29344
is_linear=0
shrinkage=0.0176943


Tree=105
num_leaves=29
num_cat=4
split_feature=7 25 20 25 14 20 1 8 16 8 20 25 42 25 49 25 14 49 20 17 20 20 19 22 25 14 27 25
split_gain=29.3891 16.5252 13.5307 25.8769 12.6258 8.66391 7.93723 7.07009 6.76209 6.54475 5.75763 4.95431 4.53959 4.40727 4.25521 4.2112 4.39122 3.63131 3.51362 3.14414 3.1396 2.74005 3.8807 2.5821 2.37773 2.17539 1.99693 1.35357
threshold=0 14.500000000000002 277.50000000000006 30.500000000000004 22.500000000000004 305.50000000000006 1 2 1.2500000000000002 3 249.50000000000003 10.500000000000002 9.5000000000000018 23.500000000000004 3.5000000000000004 24.500000000000004 1.5000000000000002 9.5000000000000018 82.500000000000014 3.5000000000000004 543.50000000000011 391.50000000000006 13.500000000000002 42.500000000000007 23.500000000000004 57.250000000000007 1.5000000000000002 63.500000000000007
decision_type=9 8 2 10 10 2 9 9 8 9 2 8 10 10 8 8 10 8 2 10 2 2 8 10 10 10 10 10
left_child=1 10 3 4 6 -4 8 -8 -2 11 12 -7 14 19 18 16 17 -3 -1 -11 21 22 -17 25 -13 -6 -12 -15
right_child=2 15 5 -5 23 9 7 -9 -10 13 26 24 -14 27 -16 20 -18 -19 -20 -21 -22 -23 -24 -25 -26 -27 -28 -29
leaf_value=-0.0072364566568695107 -0.00025860768556015492 -0.0047328812769028977 -0.056989393561685156 0.13373652004649583 -0.028979890263588375 -0.026763493194116798 -0.0078577741084901436 0.016537420190373311 -0.055506859100440266 -0.047444953475317277 -0.0056455673740555181 0.024687265060686806 0.024911382277214809 -0.021444313936924052 -0.025109882928591554 0.076315983476213101 0.046586350629093588 0.024962016828451006 0.027805550569109806 -0.061015067472161261 0.050436006726353642 0.084720304037391975 0.028048387329580392 -0.01523828692302618 -0.011666951377887369 -0.038291428027519669 -0.06723384034071149 0.025216622755837925
leaf_weight=30 62 28 34 48 90 31 112 288 48 152 29 60 34 76 32 40 51 45 41 26 26 30 63 51 55 30 27 30
leaf_count=30 62 28 34 48 90 31 112 288 48 152 29 60 34 76 32 40 51 45 41 26 26 30 63 51 55 30 27 30
internal_value=0 0.00364073 -0.00151496 -2.42691e-05 -0.000909384 -0.00388962 0.000485714 0.00163992 -0.00353862 -0.0032096 -0.00027502 0 0.00167891 -0.00469427 -0.000171758 0.00643978 0.00399522 0.00121179 0.00224267 -0.00656051 0.00834595 0.00944527 0.00807348 -0.00507005 0.00169237 -0.00648748 -0.0050548 -0.00200297
internal_weight=0 476 1193 729 681 464 510 400 110 430 193 146 137 284 103 283 124 73 71 178 159 133 103 171 115 120 56 106
internal_count=1669 476 1193 729 681 464 510 400 110 430 193 146 137 284 103 283 124 73 71 178 159 133 103 171 115 120 56 106
cat_boundaries=0 1 2 3 4
cat_threshold=3887253516 412 28993 74
is_linear=0
shrinkage=0.0176943


Tree=106
num_leaves=30
num_cat=6
split_feature=13 40 22 50 10 15 8 46 13 32 50 13 15 13 32 15 21 22 21 21 15 15 21 32 42 18 36 36 36
split_gain=25.747 15.9063 13.5186 11.448 8.82759 8.38516 7.92227 6.93439 6.65583 5.79088 7.07084 6.35027 4.94023 4.92759 4.71756 4.79092 4.63076 4.14205 7.09515 3.9901 3.90713 3.73959 3.6856 2.24282 2.05543 2.72795 1.57105 1.37938 0.690168
threshold=0 -3.4999999999999996 11.414999961853029 0.44949495792388922 1 -7.7499999999999991 2 0.6012820601463319 3 0.77303028106689464 0.94999998807907116 4 -0.74999999999999989 5 0.29198718070983892 -3.2499999999999996 31.500000000000004 7.2500000000000009 32.500000000000007 26.500000000000004 -2.7499999999999996 -0.74999999999999989 29.500000000000004 0.93062433600425731 4.5000000000000009 3.5000000000000004 4.2500000000000009 4.2500000000000009 9.5000000000000018
decision_type=9 10 10 8 9 10 9 10 9 8 10 9 8 9 10 10 2 8 2 2 8 8 2 10 10 8 8 8 8
left_child=2 4 6 -4 5 28 8 -3 23 14 11 -11 26 24 16 -16 -6 18 -15 -10 -9 -21 -7 27 25 -8 -5 -1 -2
right_child=1 7 3 12 9 22 13 20 19 10 -12 -13 -14 17 15 -17 -18 -19 -20 21 -22 -23 -24 -25 -26 -27 -28 -29 -30
leaf_value=-6.3469599263742672e-05 0.043189473792980514 -0.053701062621485919 -0.059762793624124559 0.0045407047513910679 -0.035502424525449508 -0.017102212263171886 0.024503235479100115 -7.0019489191423381e-05 -0.031501744306608896 0.011299239797581458 -0.050922629824591573 -0.014240293288481193 -0.045538196474046735 0.020238659188572185 -0.086373418381976638 -0.016645039412724921 0.026707411890838407 0.064835319620860948 0.049913156467948409 0.008460156505907963 -0.032770639307722338 -0.029859080794968202 0.027209608875686644 0.014881128628043529 -0.0040020020710678662 0.016815402591040852 0.044946473127919405 0.043345184152768348 0.064534625858155475
leaf_weight=36 26 41 36 35 41 33 29 28 29 214 27 285 40 147 28 46 30 48 56 36 26 41 26 33 37 49 41 41 26
leaf_count=36 26 41 36 35 41 33 29 28 29 214 27 285 40 147 28 46 30 48 56 36 26 41 26 33 37 49 41 41 26
internal_value=0 -0.00189508 0.00256849 -0.00209526 -0.00108608 0.00336315 0.00383066 -0.0087533 0.000939479 -0.00184475 -0.00100916 -0.00053188 0.000610092 0.00536464 -0.00500294 -0.00812896 -0.0017443 0.006847 0.00601408 -0.00213536 -0.00458674 -0.000229749 -0.000899564 0.0038335 0.00184008 0.00362922 0.00325913 0.00252748 0.00884584
internal_weight=0 877 734 152 782 111 582 95 216 671 526 499 116 366 145 74 71 251 203 106 54 77 59 110 115 78 76 77 52
internal_count=1611 877 734 152 782 111 582 95 216 671 526 499 116 366 145 74 71 251 203 106 54 77 59 110 115 78 76 77 52
cat_boundaries=0 2 3 4 5 6 7
cat_threshold=3160638074 387 7562 22337 2281734256 34879617 67174418
is_linear=0
shrinkage=0.0176943


Tree=107
num_leaves=24
num_cat=4
split_feature=3 8 43 2 2 19 21 25 41 37 19 21 27 25 41 46 19 18 29 25 36 24 25
split_gain=24.5908 15.8034 12.1122 6.7481 6.33122 8.07673 5.31249 5.07159 4.98858 4.95344 4.46951 4.45229 4.38279 10.1835 7.17433 4.23834 4.17602 3.75949 4.8876 3.63622 2.58078 2.00366 1.32492
threshold=0 1 2.5000000000000004 2 3 283.00000000000006 27.500000000000004 23.500000000000004 1.0000000180025095e-35 8.5000000000000018 40.500000000000007 27.500000000000004 6.5000000000000009 17.500000000000004 6.5000000000000009 0.96480908989906322 14.500000000000002 3.5000000000000004 1.0000000180025095e-35 22.500000000000004 1.0000000180025095e-35 0.76500001549720775 10.500000000000002
decision_type=9 9 10 9 9 10 2 8 8 8 10 2 8 8 8 8 8 10 10 8 8 10 8
left_child=8 2 3 11 6 12 16 10 -1 -8 -5 -2 14 -14 -6 -9 -3 18 20 -11 -10 -13 -22
right_child=1 4 -4 7 5 -7 9 15 17 19 -12 21 13 -15 -16 -17 -18 -19 -20 -21 22 -23 -24
leaf_value=-0.00089809774428725904 -0.026382188382497968 -0.035598016777041899 -0.026818727520583865 0.019555484861213532 -0.012585735188319496 0.051834222232193965 0.033057365176990303 0.084964982315110196 -0.042222236001264866 -0.0027449471474739347 -0.0085981638100633556 0.017409554862901636 -0.051662793822834584 -0.010937198983666206 0.010533978931071147 0.054351471700320245 0.0066056842065150279 -0.063415783190694519 -0.0080389381925858767 0.038298280764102417 -0.046116106028553379 -0.0091215111785750772 -0.035069117772652078
leaf_weight=45 31 30 32 149 110 38 40 27 26 104 54 42 120 226 118 105 41 32 47 66 38 27 32
leaf_count=45 31 30 32 149 110 38 40 27 26 104 54 42 120 226 118 105 41 32 47 66 38 27 32
internal_value=0 0.000103322 0.00270788 0.00353879 -0.00127366 -0.00227576 0.000912045 0.00466707 -0.00615432 0.00235914 0.00305061 -0.000643367 -0.00283597 -0.00409106 -0.000931238 0.00750622 -0.00323943 -0.00778513 -0.00655766 0.00104078 -0.00884643 0.00179485 -0.00707693
internal_weight=0 1360 467 435 893 612 281 335 220 210 203 100 574 346 228 132 71 175 143 170 96 69 70
internal_count=1580 1360 467 435 893 612 281 335 220 210 203 100 574 346 228 132 71 175 143 170 96 69 70
cat_boundaries=0 3 4 5 6
cat_threshold=2257356809 536937666 1 45780 65537 419780
is_linear=0
shrinkage=0.0176943


Tree=108
num_leaves=32
num_cat=2
split_feature=13 20 20 17 13 14 49 20 24 40 35 15 41 35 40 41 20 35 21 20 20 14 30 40 40 21 49 20 21 20 14
split_gain=35.57 9.40834 8.68021 8.15093 6.62612 8.76885 5.20055 6.74816 6.07619 5.98245 8.55939 6.32529 4.90101 4.78763 3.92054 6.30127 4.50725 3.86933 7.77369 5.69686 5.49042 4.02419 3.67927 3.44227 3.98826 3.40936 3.21766 3.21395 2.72412 2.54697 2.23247
threshold=0 172.50000000000003 120.50000000000001 10.500000000000002 1 1.5000000000000002 18.500000000000004 232.50000000000003 0.76500001549720775 -1.4999999999999998 26.500000000000004 -5.7499999999999991 5.5000000000000009 23.500000000000004 -1.0000000180025095e-35 3.5000000000000004 156.50000000000003 3.5000000000000004 32.500000000000007 47.500000000000007 100.50000000000001 13.500000000000002 8.5000000000000018 -6.4999999999999991 -2.4999999999999996 30.500000000000004 12.500000000000002 518.50000000000011 30.500000000000004 642.50000000000011 7.2500000000000009
decision_type=9 2 2 10 9 8 8 2 10 8 8 10 8 8 8 8 2 10 2 2 2 10 8 10 10 2 10 2 2 2 10
left_child=3 2 17 4 5 -1 9 -8 27 -3 11 -11 -4 25 16 30 -6 19 21 -2 -21 -19 -17 29 -25 -5 -15 -9 -12 -7 -16
right_child=1 6 12 13 14 23 7 8 -10 10 28 -13 -14 26 15 22 -18 18 -20 20 -22 -23 -24 24 -26 -27 -28 -29 -30 -31 -32
leaf_value=-0.014675143729507931 -0.012641800193472375 -0.037247320877504847 0.016558377254569889 0.032557753831701321 0.0011585856817188608 0.013996036425337711 0.041914974027250876 -0.033754690065681277 -0.083814912574331893 0.023747062868516213 -0.033846038039602733 -0.023960205394381231 0.065717097843453406 -0.01934645749817766 -0.0090153357627906633 -0.016132673320168114 0.026528284798332514 0.001266914785912656 -0.042225397757091818 0.040751884444860657 -0.0073425805741249286 -0.027295650225237469 0.034903940286564163 -0.018755764278889621 0.0039673437703288128 0.048797978786426638 0.065986691135910949 0.0052598168887485518 -0.0607854198747887 -0.037182728069358531 0.015463413970231198
leaf_weight=42 30 48 34 30 26 232 29 105 31 32 47 58 27 28 43 27 45 84 30 51 27 38 179 33 41 31 30 63 64 35 27
leaf_count=42 30 48 34 30 26 232 29 105 31 32 47 58 27 28 43 27 45 84 30 51 27 38 179 33 41 31 30 63 64 35 27
internal_value=0 -0.00280302 -0.000496083 0.00236882 0.00169669 4.50179e-05 -0.00441422 -0.00248332 -0.00364541 -0.00618214 -0.00484152 -0.000786326 0.00551063 0.00669067 0.00341982 0.00256431 0.00722645 -0.00190547 -0.00372491 0.000655281 0.00317557 -0.0017403 0.00412278 0.00098587 -0.00239085 0.0101512 0.00305031 -0.00231699 -0.00812924 0.00192179 -0.00202196
internal_weight=0 798 321 849 730 383 477 228 199 249 201 90 61 119 347 276 71 260 152 108 78 122 206 341 74 61 58 168 111 267 70
internal_count=1647 798 321 849 730 383 477 228 199 249 201 90 61 119 347 276 71 260 152 108 78 122 206 341 74 61 58 168 111 267 70
cat_boundaries=0 2 3
cat_threshold=823997166 4321 270021254
is_linear=0
shrinkage=0.0176943


Tree=109
num_leaves=28
num_cat=4
split_feature=9 22 2 7 17 42 49 22 43 49 49 47 21 27 15 34 14 22 14 42 29 14 14 33 21 5 22
split_gain=20.0654 16.9417 10.4515 8.96696 9.65021 9.01139 6.52093 6.06499 7.99503 6.39631 6.21449 5.84307 5.71032 5.07214 4.43089 4.36872 3.66795 3.39335 3.32045 3.81956 2.94855 5.37761 2.78774 2.60088 2.24339 2.19544 2.07335
threshold=0 6.7500000000000009 1 2 10.500000000000002 17.500000000000004 11.500000000000002 11.164999961853029 1.0000000180025095e-35 8.5000000000000018 4.5000000000000009 1.0000000180025095e-35 33.500000000000007 8.5000000000000018 -3.7499999999999996 4.2500000000000009 46.500000000000007 47.500000000000007 2.2500000000000004 18.500000000000004 1.0000000180025095e-35 31.500000000000004 30.500000000000004 2.5000000000000004 31.500000000000004 3 1.7500000000000002
decision_type=9 10 9 9 8 10 10 8 8 8 10 8 2 8 8 8 10 10 10 10 8 8 10 8 2 9 10
left_child=7 2 20 14 5 -5 -6 8 10 -10 -1 12 25 -9 -4 23 22 -18 19 -12 -2 -22 -17 -13 -11 -3 -16
right_child=1 11 3 4 6 -7 -8 13 9 24 18 15 -14 -15 26 16 17 -19 -20 -21 21 -23 -24 -25 -26 -27 -28
leaf_value=-0.02306418446206546 -0.0056473285156977051 -0.023533269127270585 -0.0022073262128757417 -0.0075324438529178819 0.0028488950473122467 -0.029388132904757353 0.048082471767974269 -0.031392334676666633 0.036686845623785859 0.015155589447354257 -0.0059762475159535347 -0.030624689819843218 -0.011469668986948109 0.01704189931764306 0.03446540840013796 -0.036201159464907658 0.0042874986449805263 -0.030502349098506461 0.025766954028243139 0.025491628088496369 -0.071369820860182079 -0.03358081625837625 -0.049738366085831577 0.028895838603260844 0.064784395727213728 -0.062117759888928273 0.0066998063268336808
leaf_weight=30 37 26 36 209 346 28 43 26 46 34 27 29 27 50 169 89 46 33 47 30 27 40 28 34 28 29 31
leaf_count=30 37 26 36 209 346 28 43 26 46 34 27 29 27 50 169 89 46 33 47 30 27 40 28 34 28 29 31
internal_value=0 -0.00111512 7.32656e-05 0.000730488 -0.000389489 -0.00321024 0.00131908 0.00377612 0.00526424 0.00884651 0.0023767 -0.00451427 -0.00863055 -0.000465568 0.00359628 -0.00321083 -0.00451366 -0.00156768 0.00442323 0.00155189 -0.00496647 -0.00765784 -0.00650259 0.000842455 0.0051364 -0.0119018 0.00477726
internal_weight=0 1307 966 862 626 237 389 318 242 108 134 341 82 76 236 259 196 79 104 57 104 67 117 63 62 55 200
internal_count=1625 1307 966 862 626 237 389 318 242 108 134 341 82 76 236 259 196 79 104 57 104 67 117 63 62 55 200
cat_boundaries=0 1 2 3 4
cat_threshold=1075435920 265536 1132563860 2
is_linear=0
shrinkage=0.0176943


Tree=110
num_leaves=23
num_cat=6
split_feature=3 13 22 20 7 30 21 21 30 2 21 20 20 16 19 20 5 30 19 6 21 20
split_gain=54.008 19.7564 16.1502 14.6238 11.3452 7.67991 6.70511 7.06124 6.46978 6.35259 10.0322 6.00226 5.77771 5.17226 10.9499 6.29785 7.44167 3.05882 2.73273 2.35939 2.1814 0.96926
threshold=0 1 27.250000000000004 64.500000000000014 2 5.5000000000000009 25.500000000000004 34.500000000000007 8.5000000000000018 3 25.500000000000004 138.50000000000003 135.50000000000003 4.5000000000000009 16.500000000000004 320.50000000000006 4 6.5000000000000009 9.5000000000000018 5 30.500000000000004 220.50000000000003
decision_type=9 9 10 2 9 10 2 2 10 9 2 2 2 10 10 2 9 8 10 9 2 2
left_child=6 3 4 19 5 12 -1 17 -7 10 -6 -11 -3 15 -15 16 -5 -8 -17 -2 21 -19
right_child=1 2 -4 13 9 8 7 -9 -10 11 -12 -13 -14 14 -16 18 -18 20 -20 -21 -22 -23
leaf_value=-0.012841672728183018 -0.019068997025316121 0.041848380899049145 -0.060132510210063383 0.015949802798826997 -0.049999198323419383 -0.029056311359461268 -0.070756742586169763 -0.0098987584425519748 0.0030982862323367965 -0.0028579913554806556 0.010180196419221152 -0.028564564108049036 0.017127254667720557 -0.044711953841870961 0.028003737138999868 0.048053287911158871 0.073284429379437702 -0.03670776316068039 0.0062506574696150445 -0.0093790632080493139 -0.060916842315607143 -0.074518715876629102
leaf_weight=33 28 73 49 90 28 28 48 27 53 94 323 141 158 28 29 53 109 29 86 40 45 28
leaf_count=33 28 73 49 90 28 28 48 27 53 94 323 141 158 28 29 53 109 29 86 40 45 28
internal_value=0 0.000897167 -0.000573162 0.00385302 -3.94057e-05 0.00263759 -0.00852512 -0.0102962 -0.00196583 -0.0014844 4.90084e-05 -0.00368318 0.00436597 0.00524098 0.000310353 0.00607245 0.00809103 -0.0117956 0.00318224 -0.00364251 -0.0100607 -0.0077596
internal_weight=0 1410 947 463 898 312 210 177 81 586 351 235 231 395 57 338 199 150 139 68 102 57
internal_count=1620 1410 947 463 898 312 210 177 81 586 351 235 231 395 57 338 199 150 139 68 102 57
cat_boundaries=0 3 5 7 8 9 10
cat_threshold=399679496 2099329 131104 2874820617 4161 1143627956 2 38061 1 1
is_linear=0
shrinkage=0.0176943


Tree=111
num_leaves=26
num_cat=5
split_feature=7 1 2 9 47 28 28 47 7 47 48 17 33 36 34 28 21 17 28 33 28 28 28 21 34
split_gain=25.3907 17.0466 16.354 12.1504 8.61949 6.97342 8.83008 8.06582 6.80492 6.4643 5.72288 4.02015 3.60977 3.6049 3.52506 3.17831 2.84109 2.19146 2.42886 2.11939 2.88333 2.10556 1.38319 0.955632 0.412344
threshold=0 1 2 3 -3.4999999999999996 1.0000000180025095e-35 14.500000000000002 1.0000000180025095e-35 4 -9.4999999999999982 0.1132478639483452 5.5000000000000009 -10.499999999999998 1.0000000180025095e-35 1.0000000180025095e-35 20.500000000000004 29.500000000000004 14.500000000000002 12.500000000000002 -8.4999999999999982 19.500000000000004 13.500000000000002 24.500000000000004 33.500000000000007 1.2500000000000002
decision_type=9 9 9 9 8 8 8 8 9 10 8 8 10 10 10 10 2 8 8 10 8 10 8 2 10
left_child=5 10 11 17 21 -1 7 24 -6 12 -2 -3 15 16 19 -8 -9 18 -4 20 -12 -5 -13 -19 -7
right_child=1 2 3 4 8 6 9 13 -10 -11 14 22 -14 -15 -16 -17 -18 23 -20 -21 -22 -23 -24 -25 -26
leaf_value=0.1106514242193385 -0.011184402321842805 -0.060774333451862457 -0.018406007601744805 -0.016765333126956515 -0.015823343287066922 0.03023388221153955 0.037456085155242375 -0.039620478584549215 0.0012846696883760437 0.052973394999492503 0.016181503484461745 -0.056350436739974682 0.028140690993392479 -0.050192452150686143 -0.0069939209941100181 -0.010352129589194535 0.012957586397697677 -0.03887150479230627 -0.053552565587514353 0.042621431498887224 0.039767048273862231 -0.018183070183570564 -0.059805390449689418 -0.030444312870438129 0.013319792217313877
leaf_weight=39 51 44 28 29 106 26 132 42 578 29 35 31 27 37 44 30 58 31 27 28 65 27 41 34 27
leaf_count=39 51 44 28 29 106 26 132 42 578 29 35 31 27 37 44 30 58 31 27 28 65 27 41 34 27
internal_value=0 -0.00168306 -0.0026918 -0.00178975 -0.000896498 0.00321356 0.00260204 -0.000186238 -0.000362156 0.00503213 0.00265784 -0.00870617 0.00383828 -0.0024538 0.00432049 0.00283968 -0.000707699 -0.00680508 -0.00997176 0.00580558 0.00460015 -0.00758222 -0.00688037 -0.00517155 0.00567469
internal_weight=0 1199 976 860 740 447 408 190 684 218 223 116 189 137 172 162 100 120 55 128 100 56 72 65 53
internal_count=1646 1199 976 860 740 447 408 190 684 218 223 116 189 137 172 162 100 120 55 128 100 56 72 65 53
cat_boundaries=0 2 4 5 6 7
cat_threshold=2741715120 198 2417951138 2 14976 278929929 1342221312
is_linear=0
shrinkage=0.0176943


Tree=112
num_leaves=23
num_cat=5
split_feature=3 13 2 25 48 28 47 17 2 35 48 25 25 25 41 42 13 44 25 48 17 48
split_gain=23.2456 21.3336 9.75336 7.82741 6.83472 8.54043 6.76311 6.12989 5.26408 7.69579 8.73864 4.67088 4.98032 4.53678 6.36804 6.00743 4.10939 3.28174 2.42587 1.9562 2.8147 1.31532
threshold=0 1 2 7.5000000000000009 0.73431372642517101 8.5000000000000018 -1.0000000180025095e-35 15.500000000000002 3 16.500000000000004 0.31267458200454717 37.500000000000007 16.500000000000004 9.5000000000000018 1.0000000180025095e-35 7.5000000000000009 4 1.5000000000000002 8.5000000000000018 0.46978260576725012 1.5000000000000002 0.4629120826721192
decision_type=9 9 9 8 10 8 10 10 9 8 10 8 10 10 10 8 9 10 10 8 10 8
left_child=4 7 3 -3 17 -6 13 8 19 10 -10 12 -5 15 -15 -4 -11 18 -1 -2 -21 -20
right_child=1 2 6 11 5 -7 -8 -9 9 16 -12 -13 -14 14 -16 -17 -18 -19 21 20 -22 -23
leaf_value=-0.08038205940196827 0.044523602573571255 -0.022633269197830163 -0.047557232911239783 0.019506595677397133 0.022651599037194742 -0.025560953119374934 0.0019918161940483499 0.088546438155342827 -0.022765225046963038 0.037441967967789945 0.0054637832100843109 0.051606116287658536 -0.015135920343803552 -0.022662692611082731 0.035960009363710847 -0.0051109440657135597 0.0062612241220149538 -0.020924464811499992 -0.069964400217559161 0.043484317736411857 -0.0022714852833507996 -0.026301092188298958
leaf_weight=46 38 34 32 53 30 45 26 28 84 103 102 27 64 359 29 190 184 35 31 60 33 26
leaf_count=46 38 34 32 53 30 45 26 28 84 103 102 27 64 359 29 190 184 35 31 60 33 26
internal_value=0 -0.000437492 -0.00231913 0.0013176 -0.00658553 -0.00259488 -0.0033416 0.00198438 0.0016405 0.000696033 -0.00209278 0.00319462 0.00166344 -0.00377086 -0.00492511 -0.00175342 0.00252768 -0.00923128 -0.0108219 0.00464292 0.00361465 -0.00838037
internal_weight=0 1446 814 178 213 75 636 632 604 473 186 144 117 610 388 222 287 138 103 131 93 57
internal_count=1659 1446 814 178 213 75 636 632 604 473 186 144 117 610 388 222 287 138 103 131 93 57
cat_boundaries=0 3 5 6 7 9
cat_threshold=1418856010 2147492360 4096 2836073366 9362 94468 18632 17369600 2
is_linear=0
shrinkage=0.0176943


Tree=113
num_leaves=25
num_cat=4
split_feature=13 9 17 49 48 32 13 13 48 49 32 19 27 46 49 27 32 36 16 40 46 34 34 19
split_gain=26.8436 11.3106 9.50746 8.87177 8.14611 6.98674 7.96461 7.24701 9.298 6.26242 4.48188 6.60639 5.78426 5.60898 4.60687 4.44165 4.35237 3.85995 3.69233 3.11975 2.98601 2.23546 2.14411 2.41487
threshold=0 1 13.500000000000002 13.500000000000002 0.66885966062545787 0.2340706139802933 2 3 0.7559294104576112 4.5000000000000009 0.95683228969573986 15.500000000000002 1.5000000000000002 0.48972746729850775 1.5000000000000002 1.5000000000000002 0.9745212495326997 1.0000000180025095e-35 3.2500000000000004 7.5000000000000009 0.57735043764114391 1.2500000000000002 12.500000000000002 213.50000000000003
decision_type=9 9 10 10 8 10 9 9 10 8 10 10 10 8 8 8 8 8 8 8 10 8 8 10
left_child=2 4 5 10 -2 6 22 17 18 -8 13 12 -12 -3 -15 -5 -6 19 -9 -7 -10 -11 -1 -24
right_child=1 3 -4 15 16 7 9 8 20 21 11 -13 -14 14 -16 -17 -18 -19 -20 -21 -22 -23 23 -25
leaf_value=0.018635685055007501 -0.014374012517315521 0.012247772835740765 0.045574252983068421 0.035579793025256566 0.03385094767336165 0.0087519438991015344 -0.0050290748247970507 -0.015204743116518371 0.0060745158043642349 0.023597169852103219 -0.031014696592119133 0.011515654706008016 -0.033643979339228768 -0.056758400419488722 -0.0098847617327909379 -0.0077702065180992597 0.036728106072499489 -0.025153559193626124 0.014323050325683009 -0.027576045410889226 0.025490612249413579 0.035245615345106646 -0.0073696799285579645 0.032150339186549581
leaf_weight=39 40 32 41 44 36 29 28 87 29 27 41 32 92 55 398 34 47 38 82 38 27 134 155 42
leaf_count=39 40 32 41 44 36 29 28 87 29 27 41 32 92 55 398 34 47 38 82 38 27 134 155 42
internal_value=0 -0.00203451 0.00245873 -0.00287708 0.00279366 0.00203892 0.00353878 0.00010723 0.0018823 0.00613496 -0.00359325 -0.00611228 -0.00784888 -0.00273618 -0.00324194 0.00272191 0.00618176 -0.00353861 -0.000104684 -0.00132029 0.00821408 0.00780269 0.0011508 0.000449066
internal_weight=0 851 796 728 123 755 425 330 225 189 650 165 133 485 453 78 83 105 169 67 56 161 236 197
internal_count=1647 851 796 728 123 755 425 330 225 189 650 165 133 485 453 78 83 105 169 67 56 161 236 197
cat_boundaries=0 2 3 4 6
cat_threshold=3947862062 2656 16778208 21598214 134486018 32
is_linear=0
shrinkage=0.0176943


Tree=114
num_leaves=27
num_cat=4
split_feature=3 13 37 20 48 48 7 44 48 23 20 22 13 29 14 46 15 15 48 48 46 20 48 22 20 20
split_gain=31.5287 24.3717 15.4724 11.1779 10.5799 9.20072 8.87915 9.35405 7.46317 7.43969 6.16993 5.51192 7.8697 5.0006 4.25255 3.76805 3.4676 3.26837 4.40353 5.90793 2.80513 8.97735 2.50697 1.75342 1.72286 4.14847
threshold=0 1 8.5000000000000018 221.50000000000003 0.78759399056434642 0.70087718963623058 2 5.5000000000000009 0.39043444395065313 -1.0000000180025095e-35 82.500000000000014 1.7500000000000002 3 1.2500000000000002 2.2500000000000004 0.77220910787582409 -8.7499999999999982 -2.7499999999999996 0.47269116342067724 0.83176100254058849 0.084523811936378493 122.50000000000001 0.63680925965309154 13.250000000000002 526.50000000000011 355.50000000000006
decision_type=9 9 8 2 10 8 9 10 8 10 2 8 9 8 10 10 8 10 10 10 10 2 8 8 2 2
left_child=9 3 4 5 8 13 7 10 15 17 -4 12 -8 -2 -11 -3 -13 18 -1 -20 21 -7 -10 24 25 -5
right_child=1 2 6 23 -6 20 11 -9 22 14 -12 16 -14 -15 -16 -17 -18 -19 19 -21 -22 -23 -24 -25 -26 -27
leaf_value=-0.062390681714450121 -0.0018021770733225059 -0.023989891350868139 0.0021027115795931367 -0.015058603092490484 0.026387468037787191 -0.009058480589708982 -0.029830741332125075 -0.0039161286129364191 -0.048436721343032937 -0.051358468872157677 0.03180059755286703 -0.01173651189552018 0.010664884237495474 -0.037367917570703332 0.0014440694546454867 0.011454822814941968 0.021233282825171524 -0.066086719730991866 -0.051399197606045152 -0.0505169717907447 -0.015476815567141337 0.10249456256489178 -0.0077962195066276392 -0.051454379320989188 -0.046949807331965715 -0.066851660076369168
leaf_weight=33 41 26 56 50 30 32 122 43 36 31 248 38 228 48 39 26 226 33 44 26 27 39 37 43 33 33
leaf_count=33 41 26 56 50 30 32 122 43 36 31 248 38 228 48 39 26 226 33 44 26 27 39 37 43 33 33
internal_value=0 0.000360613 0.00163427 -0.00367794 -0.00353867 -0.000851552 0.00248564 0.00470845 -0.00580336 -0.00688086 0.00593674 0.00113423 -0.000303318 -0.00496986 -0.00252746 -0.000680416 0.003083 -0.00962722 -0.00807348 -0.00556044 0.00288862 0.00473456 -0.00945212 -0.00723315 -0.00610106 -0.00746075
internal_weight=0 1462 1116 346 155 187 961 347 125 206 304 614 350 89 70 52 264 136 103 70 98 71 73 159 116 83
internal_count=1668 1462 1116 346 155 187 961 347 125 206 304 614 350 89 70 52 264 136 103 70 98 71 73 159 116 83
cat_boundaries=0 3 5 6 7
cat_threshold=3858846794 164480 1 1167212816 25412 2168689701 264838
is_linear=0
shrinkage=0.0176943


Tree=115
num_leaves=28
num_cat=4
split_feature=7 48 42 49 8 18 49 24 32 16 49 24 7 14 48 43 8 49 32 42 48 34 34 46 49 32 49
split_gain=24.1914 21.0607 9.37597 7.84547 8.88425 10.0971 7.09521 8.13113 5.85558 5.79847 7.83795 5.00225 4.91028 8.12876 4.87238 4.67651 4.41438 4.37047 4.17392 4.16881 4.16675 6.46409 3.64017 3.29031 2.48524 1.6663 0.814361
threshold=0 0.20169491320848468 17.500000000000004 4.5000000000000009 1 1.0000000180025095e-35 11.500000000000002 3.2500000000000004 0.40487939119338995 4.5000000000000009 14.500000000000002 1.5699999928474428 2 4.5000000000000009 0.36237373948097235 4.2500000000000009 3 7.5000000000000009 0.019334952346980575 2.5000000000000004 0.36417113244533544 3.5000000000000004 6.5000000000000009 0.98786765336990368 14.500000000000002 0.89059829711914074 15.500000000000002
decision_type=9 10 10 10 9 10 10 8 10 10 10 10 9 8 10 8 9 10 8 10 8 8 8 8 10 8 10
left_child=9 6 3 4 11 -6 7 16 18 10 12 -3 20 -14 -11 -15 25 23 -8 -16 -1 -22 -18 -5 -10 -2 -20
right_child=1 2 -4 17 5 -7 8 -9 24 14 -12 -13 13 15 19 -17 22 -19 26 -21 21 -23 -24 -25 -26 -27 -28
leaf_value=-0.038266726639484834 0.0040701781836767308 0.032567265017308882 0.048023569456358738 -0.015155336906255958 0.0053702020621272878 -0.048702472665789177 0.041422818080606043 0.041261047281309332 0.014803769370518747 -0.048336961746155573 0.013763513632711775 0.0032129241062369557 -0.032571838304631541 0.010293514866171463 -0.033758039342576235 -0.040959819237212473 0.012734687807308923 0.00011091686576123277 0.058813095960764242 -0.0040998093799575171 0.018909790651823681 -0.0088135860388016511 -0.017648121449133965 -0.030332977849930561 -0.016410332683042914 0.027815745725195299 0.030676030685084454
leaf_weight=26 40 46 27 41 97 103 34 141 38 27 37 73 35 26 33 70 92 26 35 30 54 143 159 42 32 80 31
leaf_count=26 40 46 27 41 97 103 34 141 38 27 37 73 35 26 33 70 92 26 35 30 54 143 159 42 32 80 31
internal_value=0 0.0013421 -0.0015944 -0.00223241 -0.000831993 -0.00303319 0.00332088 0.00228086 0.00645291 -0.0033514 -0.00248891 0.00288028 -0.00329885 -0.00589776 -0.00747028 -0.003686 0.000906152 -0.00633053 0.00920032 -0.00477405 -0.00144283 -0.000628697 -0.000474538 -0.00831341 0.00252746 0.00353864 0.0117948
internal_weight=0 1137 455 428 319 200 682 512 170 481 391 119 354 131 90 96 371 109 100 63 223 197 251 83 70 120 66
internal_count=1618 1137 455 428 319 200 682 512 170 481 391 119 354 131 90 96 371 109 100 63 223 197 251 83 70 120 66
cat_boundaries=0 2 3 5 6
cat_threshold=623128654 24 31750 4166 16 201
is_linear=0
shrinkage=0.0176943


Tree=116
num_leaves=25
num_cat=3
split_feature=32 2 8 25 48 14 8 14 32 48 23 21 21 32 32 29 15 22 25 27 21 25 25 15
split_gain=14.0881 10.8867 17.1674 9.47881 12.3512 10.3927 8.97457 8.88648 6.38049 6.08613 6.04596 5.93668 5.54372 5.29325 4.61114 4.22547 3.76094 3.70449 3.34288 2.35839 1.95131 1.25403 0.649043 0.0759469
threshold=1.0000000180025095e-35 0 1 19.500000000000004 0.88927203416824352 32.500000000000007 2 8.5000000000000018 0.54616478085517894 0.50981903076171886 -1.4150000214576719 36.500000000000007 37.500000000000007 0.97202658653259288 0.9401492476463319 1.2500000000000002 -1.2499999999999998 1.0000000180025095e-35 29.500000000000004 3.5000000000000004 30.500000000000004 30.500000000000004 21.500000000000004 -1.0000000180025095e-35
decision_type=8 9 9 8 8 10 9 8 8 8 8 2 2 10 8 8 10 10 10 8 2 8 8 10
left_child=17 6 7 4 5 -4 15 14 20 -9 19 -10 16 -6 -3 -2 -12 21 -11 -8 -5 23 -17 -1
right_child=1 2 3 8 13 -7 10 9 11 18 12 -13 -14 -15 -16 22 -18 -19 -20 -21 -22 -23 -24 -25
leaf_value=0.024420576551746995 -0.013251785690450204 0.013919813394961225 0.024049795237667277 -0.011736134171149734 -0.010904636269329642 -0.0099852702461907979 -0.024331477609165087 -0.041487501922586413 0.037059917596600843 -0.040917180415742882 -0.032574221869535611 -0.0044838070086512978 0.051059159959875242 -0.044619835843535752 -0.0043986672413808079 0.01177413962842294 0.0020178778188187801 -0.0010935792873825931 0.016982892909694128 -0.053380877966051933 0.011538301743480538 0.079771104399413817 0.032252185069631262 0.032307523684730582
leaf_weight=26 46 41 176 26 150 86 28 33 244 97 164 38 32 45 36 29 44 26 27 51 30 26 40 26
leaf_count=26 46 41 176 26 150 86 28 33 244 97 164 38 32 45 36 29 44 26 27 51 30 26 40 26
internal_value=0 -0.000955459 5.10881e-05 0.00129683 -0.000348455 0.00216106 -0.0032678 -0.00406085 0.00355971 -0.00664911 -0.00478648 0.00464304 -0.00353873 -0.00372018 0.000689296 0.000990805 -0.00459353 0.00578423 -0.00485135 -0.00918221 -0.00189553 0.00771213 0.00384614 0.00612403
internal_weight=0 1463 1029 795 457 262 434 234 338 157 319 282 240 195 77 115 208 104 124 79 56 78 69 52
internal_count=1567 1463 1029 795 457 262 434 234 338 157 319 282 240 195 77 115 208 104 124 79 56 78 69 52
cat_boundaries=0 1 2 3
cat_threshold=923704 32771 5129
is_linear=0
shrinkage=0.0176943


Tree=117
num_leaves=28
num_cat=5
split_feature=13 17 2 43 33 46 13 42 13 25 2 17 35 46 35 33 25 18 17 19 25 22 22 35 35 19 42
split_gain=29.9174 16.5692 13.3753 9.83119 8.74018 8.44256 7.71489 6.71018 5.99964 6.7334 5.17924 5.17089 4.98852 4.96875 5.804 4.55324 6.27257 4.08531 4.24241 3.41183 2.79225 2.67532 2.42213 1.2635 0.907247 0.903457 0.691799
threshold=0 3.5000000000000004 1 1.0000000180025095e-35 3.5000000000000004 0.094788860529661192 2 3.5000000000000004 3 5.5000000000000009 4 3.5000000000000004 22.500000000000004 0.57735043764114391 16.500000000000004 -13.499999999999998 16.500000000000004 1.0000000180025095e-35 10.500000000000002 8.5000000000000018 5.5000000000000009 19.500000000000004 1.7500000000000002 18.500000000000004 18.500000000000004 68.500000000000014 14.500000000000002
decision_type=9 8 9 10 8 10 9 8 9 8 9 10 8 8 10 10 8 10 10 10 10 10 10 8 8 10 10
left_child=3 7 11 5 -5 8 15 -2 20 -10 -11 -3 21 26 -15 16 -4 18 19 -7 -1 -9 -17 -22 -13 -14 -8
right_child=1 2 6 4 -6 17 13 12 9 10 -12 24 25 14 -16 22 -18 -19 -20 -21 23 -23 -24 -25 -26 -27 -28
leaf_value=-0.013817865102517986 -0.037480301324155141 -0.041192799179708216 0.0019662348137099652 -0.063704497362901347 -0.0053488631972157287 0.0024308791459457381 -0.0017751027964934549 0.012158129124549328 -0.05605791185108884 0.0047468456315490756 -0.018742017779440723 -0.0060238484231070356 -0.020722029901424913 0.012120515218185369 0.032045115479379944 0.046584679870969349 0.043572603372762433 0.026025067056870944 0.033755397009098943 -0.020685702667401381 -0.060540134109369516 -0.013973708287722066 0.040632742206319357 -0.041856908087811256 0.0054507305537298944 -0.018535983777665532 -0.022879797988062143
leaf_weight=27 28 49 87 43 29 52 26 48 47 103 200 29 26 282 37 27 196 32 27 58 26 27 43 47 26 33 26
leaf_count=27 28 49 87 43 29 52 26 48 47 103 200 29 26 282 37 27 196 32 27 58 26 27 43 47 26 33 26
internal_value=0 0.00166325 0.00269258 -0.00310466 -0.00933765 -0.00242971 0.00351953 -0.00349499 -0.00369607 -0.00235918 -0.00145988 -0.00310404 -0.00184854 0.00162542 0.00249599 0.00541052 0.00456412 0.000942245 -0.000387431 -0.00193014 -0.0073989 0.00117948 0.00960442 -0.00993684 0.000321637 -0.00569741 -0.00340222
internal_weight=0 990 828 691 72 619 724 162 450 350 303 104 134 371 319 353 283 169 137 110 100 75 70 73 55 59 52
internal_count=1681 990 828 691 72 619 724 162 450 350 303 104 134 371 319 353 283 169 137 110 100 75 70 73 55 59 52
cat_boundaries=0 2 3 5 7 8
cat_threshold=614384056 21232 136384 39858691 10254 8421392 16896 113
is_linear=0
shrinkage=0.0176943


Tree=118
num_leaves=22
num_cat=4
split_feature=13 41 20 1 2 10 32 29 46 32 42 20 46 22 21 48 23 20 48 48 22
split_gain=32.0818 14.3949 12.0796 9.36168 8.3714 7.11257 7.46895 6.43542 7.79903 6.14384 6.77762 6.04931 5.88668 5.14622 4.54528 4.73724 4.31793 4.16669 2.64945 2.10619 0.358608
threshold=0 3.5000000000000004 56.500000000000007 1 2 3 0.027973395772278312 1.0000000180025095e-35 0.98229950666427623 0.32278166711330419 17.500000000000004 101.50000000000001 0.44246532022953039 40.500000000000007 30.500000000000004 0.51356607675552379 -1.0000000180025095e-35 220.50000000000003 0.5308423936367036 0.63680925965309154 2.5000000000000004
decision_type=9 10 2 9 9 9 8 8 8 8 8 2 10 8 2 10 10 2 10 8 10
left_child=1 3 14 19 11 12 -7 8 -6 -8 -11 -5 16 -13 15 -2 -4 -9 -3 -1 -21
right_child=2 18 5 4 7 6 9 17 -10 10 -12 13 -14 -15 -16 -17 -18 -19 -20 20 -22
leaf_value=0.025027546471417333 -0.028584738563620139 -0.015647744344458436 -0.044717058924818864 -0.01312533945639632 0.0129287127293889 0.032347151266798387 -0.026008522356766324 0.056243377473621382 -0.0219547229768907 0.019588550848058647 -0.014264911034587687 -0.0010760716503571239 -0.0046342567159071034 0.048660730397130716 -0.039598525702104585 -0.012950252587033863 -0.018017849269690096 0.053216594781091198 -0.035227738403698375 0.052249515600687857 0.04267027784621899
leaf_weight=48 51 40 27 50 78 33 44 58 52 101 469 204 48 37 34 36 46 52 27 27 26
leaf_count=48 51 40 27 50 78 33 44 58 52 101 469 204 48 37 34 36 46 52 27 27 26
internal_value=0 0.00222111 -0.00281452 0.00307966 0.00199507 -0.00202744 -0.00121192 0.00438804 0.00190541 -0.00167142 -0.0011796 -5.87772e-05 -0.0058077 0.00110126 -0.00804234 -0.00589756 -0.00945212 0.0077206 -0.00554532 0.00781044 0.0110156
internal_weight=0 699 889 632 531 768 647 240 130 614 570 291 121 241 121 87 73 110 67 101 53
internal_count=1588 699 889 632 531 768 647 240 130 614 570 291 121 241 121 87 73 110 67 101 53
cat_boundaries=0 2 3 4 5
cat_threshold=1079731665 6784 541752 1581 7304
is_linear=0
shrinkage=0.0176943


Tree=119
num_leaves=23
num_cat=3
split_feature=19 13 23 40 46 28 46 9 28 49 28 23 25 17 42 28 13 17 32 23 46 35
split_gain=24.8744 28.3262 13.6559 10.2474 9.43455 9.39997 8.76574 8.19967 6.49694 8.09834 6.48372 4.92679 6.40422 4.76616 4.50236 4.38142 4.86292 3.61526 7.81268 3.28079 2.51607 1.81131
threshold=932.50000000000011 0 -1.4150000214576719 -5.4999999999999991 0.98675438761711132 7.5000000000000009 0.14201681315898898 1 3.5000000000000004 1.5000000000000002 9.5000000000000018 -0.43000000715255732 25.500000000000004 6.5000000000000009 11.500000000000002 2.5000000000000004 2 11.500000000000002 0.97515434026718151 -1.4150000214576719 0.96128869056701671 13.500000000000002
decision_type=8 9 10 10 8 10 10 9 10 10 10 8 10 8 8 8 9 10 8 10 8 8
left_child=1 5 3 8 -5 6 17 13 9 -3 -7 14 -13 -4 -12 -9 -17 18 -1 -8 -15 -10
right_child=-2 2 7 4 -6 10 19 15 21 -11 11 12 -14 20 -16 16 -18 -19 -20 -21 -22 -23
leaf_value=-0.041341853300936503 0.049239706726670385 -0.078867983427576727 -0.018786244555753638 0.017618235791202357 -0.033499910485449438 0.023719650515376195 -0.033685806622111424 0.020001203950488173 -0.071119388604894973 -0.0015116115619996943 0.0058865034346503109 -0.0026010175795516729 0.031047598882884973 0.043693198736775837 0.025688325658269163 -0.00085021244589794252 -0.028339365032241423 0.043383515313641527 0.014184253728285603 -0.0061724277379168234 0.037277180618614798 -0.034477671687511757
leaf_weight=26 183 60 36 42 34 32 39 37 26 36 26 115 29 31 49 145 331 31 220 39 33 27
leaf_count=26 183 60 36 42 34 32 39 37 26 36 26 115 29 31 49 145 331 31 220 39 33 27
internal_value=0 -0.000833242 -0.00292119 -0.00668427 -0.00139675 0.00206813 0.000249204 -0.00158755 -0.00938104 -0.00663482 0.00472302 0.00363567 0.00172017 0.00289521 0.00731288 -0.00246971 -0.00297377 0.00172466 0.00100695 -0.00499019 0.00608167 -0.0143537
internal_weight=0 1444 838 225 76 606 355 613 149 96 251 219 144 100 75 513 476 277 246 78 64 53
internal_count=1627 1444 838 225 76 606 355 613 149 96 251 219 144 100 75 513 476 277 246 78 64 53
cat_boundaries=0 2 3 5
cat_threshold=424487509 6152 68175882 1644298242 8721
is_linear=0
shrinkage=0.0176943


Tree=120
num_leaves=24
num_cat=2
split_feature=3 28 8 28 28 44 49 22 33 41 32 23 22 33 34 49 32 15 30 34 41 36 22
split_gain=23.9412 17.6215 12.1949 6.90254 6.45881 6.27922 5.68707 7.56744 5.34955 5.15333 9.58646 6.80069 6.57208 5.75911 4.45884 4.00974 3.86853 3.78614 3.72383 2.66355 1.22966 0.9759 0.173979
threshold=0 12.500000000000002 1 4.5000000000000009 10.500000000000002 2.5000000000000004 1.5000000000000002 1.7500000000000002 -2.4999999999999996 12.500000000000002 0.96899038553237926 -1.0000000180025095e-35 32.250000000000007 -15.499999999999998 2.2500000000000004 7.5000000000000009 0.96449580788612377 -1.7499999999999998 9.5000000000000018 1.2500000000000002 2.5000000000000004 1.2500000000000002 1.1650000214576723
decision_type=9 8 9 10 10 8 10 10 10 8 10 10 10 10 8 10 10 8 8 8 10 8 8
left_child=1 8 3 6 -5 -4 7 22 14 10 13 12 -11 -7 -1 -12 19 -3 -13 -6 -10 -8 -2
right_child=2 17 5 4 16 9 21 -9 20 11 15 18 -14 -15 -16 -17 -18 -19 -20 -21 -22 -23 -24
leaf_value=-0.010847333684655951 0.074786571475827887 -0.03265979782316783 -0.041122261308166763 -0.01855871593678917 0.014149565053598516 0.01178353419260866 0.033184067390358743 -0.055933812389839042 -0.053547606732192533 0.015669233562533913 -0.012160207409217416 -0.039539744507273718 -0.054266344055470539 0.034352355491469373 0.016036582579699105 0.0067948039392016135 -0.000290884503352107 -0.059102408005690922 -0.011241641142106983 0.037219542139351157 -0.011633557011793584 0.056933900817048452 0.066177764477101081
leaf_weight=29 46 38 32 51 51 192 27 28 26 331 71 27 27 32 37 27 51 50 372 38 26 31 27
leaf_count=29 46 38 32 51 51 192 27 28 26 331 71 27 27 32 37 27 51 50 372 38 26 31 27
internal_value=0 -0.00540638 0.000902149 0.00373537 0.00157481 -1.57826e-05 0.00656548 0.00402907 -0.00119952 0.000213181 0.00208809 -0.000584346 0.00118618 0.00410745 0.00214449 -0.00252754 0.00353865 -0.0116611 -0.00217293 0.00576505 -0.00544358 0.0109812 0.00702849
internal_weight=0 206 1461 350 191 1111 159 101 118 1079 322 757 358 224 66 98 140 88 399 89 52 58 73
internal_count=1667 206 1461 350 191 1111 159 101 118 1079 322 757 358 224 66 98 140 88 399 89 52 58 73
cat_boundaries=0 3 4
cat_threshold=1754006091 1179720 536870912 11288
is_linear=0
shrinkage=0.0176943


Tree=121
num_leaves=26
num_cat=4
split_feature=27 8 2 2 17 6 39 41 42 17 14 46 27 17 20 32 17 14 22 14 32 18 27 41 17
split_gain=19.939 13.572 11.5038 10.0248 9.94981 9.0521 8.47166 7.97972 7.23638 6.94815 6.72613 5.94499 5.61859 5.26599 5.25218 5.03498 5.78273 5.11315 5.04698 3.89226 3.24604 2.98337 3.94815 4.86593 2.65689
threshold=3.5000000000000004 0 1 2 13.500000000000002 3 0.95861870050430309 2.5000000000000004 16.500000000000004 17.500000000000004 46.500000000000007 0.2014492750167847 9.5000000000000018 6.5000000000000009 190.50000000000003 0.95419579744339 5.5000000000000009 4.5000000000000009 8.2500000000000018 11.250000000000002 0.70064935088157665 1.0000000180025095e-35 6.5000000000000009 2.5000000000000004 8.5000000000000018
decision_type=10 9 9 9 8 9 10 8 8 8 10 8 10 10 2 10 8 10 10 8 10 10 10 10 8
left_child=1 3 15 4 5 13 8 -2 24 -10 11 -4 21 -1 -13 16 18 -17 -3 -18 -8 -9 -23 -24 -5
right_child=7 2 10 6 -6 -7 20 12 9 -11 -12 14 -14 -15 -16 17 19 -19 -20 -21 -22 22 23 -25 -26
leaf_value=0.026729569290727277 0.0048587056275807014 -0.028205122946520278 0.034298687179143125 0.012376900934426381 0.026716412130820814 -0.060733157630424313 0.052351881255288654 -0.010633103604365342 0.049627225633389428 0.0062130757046492601 0.070454443049888502 0.0091608933605725057 -0.04642907416049797 -0.026196300244902233 -0.0091570830514501704 -0.039712414725184789 0.01075860863379945 -0.0099048210851772102 -0.018148873126923183 -0.017108789495543512 0.036548480208578663 -0.059887352421530683 -0.058243156166360374 0.0048693106095000329 -0.025545258543330458
leaf_weight=27 50 35 29 28 26 37 28 45 86 56 39 166 35 28 387 44 124 26 42 148 33 41 27 29 38
leaf_count=27 50 35 29 28 26 37 28 45 86 56 39 166 35 28 387 44 124 26 42 148 33 41 27 29 38
internal_value=0 0.000111595 -0.000943685 0.00289699 -0.00138227 -0.00423088 0.00475639 -0.00553414 0.00323248 0.00548243 0.000588864 0.000121605 -0.00729732 0.000321637 -0.000287964 -0.00317583 -0.00238284 -0.00758243 -0.00666341 -0.0011709 0.0107313 -0.00573163 -0.00747843 -0.00442295 -0.00160836
internal_weight=0 1427 1040 387 118 92 269 227 208 142 621 582 177 55 553 419 349 70 77 272 61 142 97 56 66
internal_count=1654 1427 1040 387 118 92 269 227 208 142 621 582 177 55 553 419 349 70 77 272 61 142 97 56 66
cat_boundaries=0 1 2 3 4
cat_threshold=51440 14870 8364 1
is_linear=0
shrinkage=0.0176943


Tree=122
num_leaves=21
num_cat=4
split_feature=3 7 44 21 39 39 35 48 48 17 7 24 35 28 35 25 2 21 25 28
split_gain=23.5446 22.6287 15.0032 7.01644 8.2241 10.2828 6.95832 6.11809 6.06407 5.96071 5.90664 10.9564 5.69239 5.23209 5.17482 5.6873 4.37497 3.20423 1.94725 1.87418
threshold=0 1 3.5000000000000004 37.500000000000007 0.87411972880363475 0.16064515709877017 2.5000000000000004 0.26006440818309789 0.45340338349342352 3.5000000000000004 2 0.76500001549720775 6.5000000000000009 8.5000000000000018 8.5000000000000018 9.5000000000000018 3 39.500000000000007 2.5000000000000004 17.500000000000004
decision_type=9 9 8 2 10 10 8 8 8 8 9 10 8 10 10 10 9 2 8 8
left_child=7 3 -3 4 5 12 -4 -1 -9 -6 11 -8 -2 -7 15 18 -12 -5 -10 -11
right_child=1 2 6 17 9 13 10 8 14 19 16 -13 -14 -15 -16 -17 -18 -19 -20 -21
leaf_value=-0.051763142075624463 0.067451115485957308 -0.04639948944246626 0.073285981577262793 -0.034021919722245768 0.0063317288143025464 -0.043230723723103437 -0.01027401492263009 0.01557862900963377 -0.026441392975307475 0.0485943058931513 -0.023964647238500524 -0.034869293036078594 0.029586263440722325 0.005486246305535172 -0.04293958922268562 0.013178924896698228 0.0040174777339947124 0.011823236569342399 -0.037508245673449556 0.034891542454089305
leaf_weight=26 37 31 29 30 36 28 126 38 26 64 119 48 253 50 40 32 451 48 51 33
leaf_count=26 37 31 29 30 36 28 126 38 26 64 119 48 253 50 40 32 451 48 51 33
internal_value=0 0.00087645 -0.00104338 0.00351477 0.00434403 0.00298103 -0.000572251 -0.00531603 -0.00444703 0.00811495 -0.000903727 -0.00365409 0.00451496 -0.00272191 -0.00605611 -0.00405802 0 -0.00136094 -0.00666341 0.0103968
internal_weight=0 1383 804 579 501 368 773 213 187 133 744 174 290 78 149 109 570 78 77 97
internal_count=1596 1383 804 579 501 368 773 213 187 133 744 174 290 78 149 109 570 78 77 97
cat_boundaries=0 4 6 8 9
cat_threshold=2151682063 172179 134217728 32768 2767275964 1 794626 8 40800
is_linear=0
shrinkage=0.0176943


Tree=123
num_leaves=21
num_cat=3
split_feature=9 3 22 8 24 32 22 32 19 19 35 26 49 21 21 49 35 21 19 21
split_gain=27.4468 9.673 9.14211 7.91024 6.9164 5.66463 5.14923 5.08759 4.63951 4.55425 4.3803 4.29228 3.50153 3.12772 2.95734 4.85158 2.18123 1.74555 0.18397 0.052356
threshold=0 1 21.500000000000004 2 -1.0000000180025095e-35 0.7902592420578004 13.250000000000002 1.0000000180025095e-35 4.5000000000000009 10.500000000000002 16.500000000000004 1.5000000000000002 1.0000000180025095e-35 33.500000000000007 37.500000000000007 1.5000000000000002 4.5000000000000009 29.500000000000004 16.500000000000004 26.500000000000004
decision_type=9 9 10 9 10 10 10 8 10 10 8 10 10 2 2 10 10 2 8 2
left_child=2 5 7 6 17 18 14 -1 16 10 -10 12 -6 -11 15 -3 -9 19 -2 -5
right_child=1 3 -4 4 11 -7 -8 8 9 13 -12 -13 -14 -15 -16 -17 -18 -19 -20 -21
leaf_value=0.06241558363978638 -0.078448404299962804 0.015794663979617783 -0.022209268827704926 0.0083214440613018654 -0.013724971250294538 -0.0094752406675191105 -0.041589138729367578 0.066848687305149757 -0.013766174280031903 0.01237515016283184 0.028101521842753968 -0.047390238003845155 0.0036635953700139695 0.033908308309996284 -0.042684751663091505 -0.011879818124016396 0.040455374904377027 0.074996752510277959 -0.059523718033831802 0.018440364439202349
leaf_weight=32 26 109 26 27 262 51 43 41 51 72 29 49 442 36 44 193 35 44 29 29
leaf_count=32 26 109 26 27 262 51 43 41 51 72 29 49 442 36 44 193 35 44 29 29
internal_value=0 -0.00119872 0.00447675 -0.000734899 0.000225531 -0.00610106 -0.00279377 0.00549942 0.00469152 0.00319989 0 -0.000352469 0 0.00557002 -0.00214781 -0.0015233 0.00838065 0.00460015 -0.0106151 0.00252738
internal_weight=0 1348 322 1242 853 106 389 296 264 188 80 753 704 108 346 302 76 100 55 56
internal_count=1670 1348 322 1242 853 106 389 296 264 188 80 753 704 108 346 302 76 100 55 56
cat_boundaries=0 1 3 4
cat_threshold=1155007842 22024 2272 64033
is_linear=0
shrinkage=0.0176943


Tree=124
num_leaves=29
num_cat=5
split_feature=3 13 2 8 10 15 19 19 16 23 41 42 21 15 16 35 19 16 19 19 15 23 41 19 15 16 35 21
split_gain=38.6083 22.0544 15.8988 13.1001 13.0463 13.0069 11.3912 8.48452 5.70309 5.50199 5.95525 5.18569 5.09377 9.21771 5.10159 4.9529 4.41991 4.38414 3.9344 3.65626 3.44813 2.62486 2.56897 2.35668 2.07843 2.04185 0.423648 0.171977
threshold=0 1 2 3 4 -10.749999999999998 14.500000000000002 8.5000000000000018 1.7500000000000002 -2.7499999999999996 1.2500000000000002 22.500000000000004 29.500000000000004 -8.7499999999999982 5.2500000000000009 18.500000000000004 206.50000000000003 6.5000000000000009 4.5000000000000009 153.50000000000003 -1.2499999999999998 -1.0000000180025095e-35 9.5000000000000018 19.500000000000004 -24.499999999999996 3.2500000000000004 24.500000000000004 32.500000000000007
decision_type=9 9 9 9 9 8 8 8 10 10 8 8 2 8 8 10 8 10 10 10 8 10 8 10 10 8 8 2
left_child=12 2 8 6 7 17 9 -4 16 -3 -11 25 13 -1 21 19 -2 -5 -13 -7 -9 -14 -15 26 -16 -6 -8 -25
right_child=1 3 4 5 11 15 23 20 -10 10 -12 18 14 22 24 -17 -18 -19 -20 -21 -22 -23 -24 27 -26 -27 -28 -29
leaf_value=0.021061854196906087 -0.029055152829352067 -0.024225461361117976 -0.021496615759150149 -0.0034729591108149157 0.033376353124741458 -0.019365958624299514 0.026895181576695598 -0.0071879368978707723 0.0079105553810315705 -0.018440304977007348 0.026455102598468835 0.038394071301657479 -0.016954490145606658 -0.01323172626956284 -0.06436548066375021 0.018496278717788424 -0.010952989356328449 0.055142173740049524 0.030356542694641712 -0.048920174420943867 0.038864418580856305 -0.060294041986270766 -0.066057131563639321 0.029201399822513897 -0.065862550014511703 0.035755606757970453 0.031499087592802968 0.021769665518001233
leaf_weight=27 48 32 45 30 49 293 28 29 32 79 66 73 30 30 31 32 28 27 251 38 48 31 43 27 27 29 30 33
leaf_count=27 48 32 45 30 49 293 28 29 32 79 66 73 30 30 31 32 28 27 251 38 48 31 43 27 27 29 30 33
internal_value=0 0.000977937 0.00336242 -0.00114706 0.00463888 -0.0031273 0.00168236 -0.000536145 -0.00269894 -0.00109959 0.000366056 0.00618428 -0.00687658 -0.00424629 -0.00966431 -0.00443565 -0.00558709 0.00465575 0.00535184 -0.00507829 0.00298703 -0.0060907 -0.00751321 0.00599766 -0.0134215 0.0104341 0.00854094 0.00353839
internal_weight=0 1347 632 715 524 420 295 122 108 177 145 402 219 100 119 363 76 57 324 331 77 61 73 118 58 78 58 60
internal_count=1566 1347 632 715 524 420 295 122 108 177 145 402 219 100 119 363 76 57 324 331 77 61 73 118 58 78 58 60
cat_boundaries=0 2 4 5 6 7
cat_threshold=1300399626 2151680578 1658064445 4486 34144 37082 12656
is_linear=0
shrinkage=0.0176943


Tree=125
num_leaves=25
num_cat=5
split_feature=3 7 1 30 5 19 20 35 7 35 20 19 35 20 20 34 20 14 14 14 19 15 20 14
split_gain=38.1633 16.7108 12.871 11.0129 7.93484 7.53691 10.0609 8.66602 8.50365 5.25276 5.15251 4.76833 5.43011 4.50268 3.64022 3.22527 2.90424 2.26357 2.48763 2.07068 3.44854 3.42976 1.9022 1.75292
threshold=0 1 2 2.5000000000000004 3 590.50000000000011 261.50000000000006 10.500000000000002 4 7.5000000000000009 488.50000000000006 10.500000000000002 9.5000000000000018 417.50000000000006 395.50000000000006 5.5000000000000009 186.50000000000003 1.0000000180025095e-35 8.5000000000000018 1.5000000000000002 17.500000000000004 -9.7499999999999982 627.50000000000011 41.500000000000007
decision_type=9 9 9 10 9 8 2 10 9 10 2 10 10 2 2 10 2 10 10 10 10 8 2 10
left_child=3 2 11 17 -5 6 8 14 9 -3 19 12 -2 16 -8 -10 -7 -1 -19 20 -4 -21 -15 -20
right_child=1 5 10 4 -6 13 7 -9 15 -11 -12 -13 -14 22 -16 -17 -18 18 23 21 -22 -23 -24 -25
leaf_value=-0.049965560789474547 -0.032419597513105192 -0.0036026905269188002 0.028420079261540578 0.018483909602723978 -0.033392806259640563 0.017556723151684637 -0.041249588578087498 0.010267793281444395 0.010396622494669569 -0.030447220944535398 -0.015686994264769365 0.007682580982001687 -0.0019244473358074402 0.08489122899391878 -0.02266648881748231 -0.038982517496762591 -0.034684794618056403 -0.014373558499542617 -0.048856173771957452 0.036309045445962501 0.071267016482352535 0.014155810666938679 0.031409628088761687 -0.05587068760291003
leaf_weight=32 28 55 156 45 26 31 121 39 276 52 32 49 36 31 191 26 37 37 41 38 56 129 27 41
leaf_count=32 28 55 156 45 26 31 121 39 276 52 32 49 36 31 191 26 37 37 41 38 56 129 27 41
internal_value=0 0.00057319 0.0030484 -0.00716899 -0.0017443 -0.000908401 -0.00158315 -0.00378074 0.000302826 -0.00378057 0.00449703 -0.00215769 -0.00552879 0.00308928 -0.00476372 0.00181475 0 -0.0101942 -0.00906959 0.00518212 0.00634299 0.0037082 0.00671073 -0.0107882
internal_weight=0 1410 524 222 71 886 760 351 409 107 411 113 64 126 312 302 68 151 119 379 212 167 58 82
internal_count=1632 1410 524 222 71 886 760 351 409 107 411 113 64 126 312 302 68 151 119 379 212 167 58 82
cat_boundaries=0 2 4 5 6 8
cat_threshold=1569218636 5243522 598957217 8 3730 1 2148008460 4
is_linear=0
shrinkage=0.0176943


Tree=126
num_leaves=20
num_cat=4
split_feature=3 9 39 19 35 48 39 33 50 6 4 19 39 19 32 30 49 49 19
split_gain=23.8212 25.5458 9.18717 8.94104 8.924 6.96639 5.96802 5.58557 4.56763 7.09786 7.44906 4.36222 3.72683 3.68729 2.37874 2.84932 2.6631 2.29152 0.271395
threshold=0 1 0.2276190519332886 636.00000000000011 11.500000000000002 1.0227272510528567 0.46201923489570623 -4.4999999999999991 0.13392857462167743 2 3 4.5000000000000009 0.70064935088157665 5.5000000000000009 0.39408974349498754 5.5000000000000009 16.500000000000004 3.5000000000000004 4.5000000000000009
decision_type=9 9 8 8 10 8 10 8 10 9 9 8 8 10 10 10 8 10 10
left_child=5 11 14 4 7 8 -6 -4 9 -1 -11 -2 -13 18 16 -16 -3 -15 -14
right_child=1 2 3 -5 6 -7 -8 -9 -10 10 -12 12 13 17 15 -17 -18 -19 -20
leaf_value=-0.030349124155889022 -0.018946371840664753 0.029612244754055519 0.01417544859999097 0.050101345672636008 -0.0072189848586091355 -0.049827266750719267 0.020302299674446501 -0.005083009662575755 -0.046672720054921339 0.047829171823986188 -0.02764142304007005 0.022961477096385938 0.010441872098606721 -0.025466887480232587 0.011531262517791865 0.055401143197461193 0.11946739689457889 -0.042473617334741087 -0.011883821485671506
leaf_weight=45 35 37 71 136 33 42 180 569 49 30 46 27 34 107 31 33 26 43 26
leaf_count=45 35 37 71 136 33 42 180 569 49 30 46 27 34 107 31 33 26 43 26
internal_value=0 0.00113911 0.00232569 0.0017712 0.0010994 -0.00510087 0.0042365 5.5291e-05 -0.00374685 -0.0019009 0.00139675 -0.00363914 -0.00291161 -0.00370723 0.00682651 0.00442303 0.00926731 -0.00519005 0
internal_weight=0 1388 1116 989 853 212 213 640 170 121 76 272 237 210 127 64 63 150 60
internal_count=1600 1388 1116 989 853 212 213 640 170 121 76 272 237 210 127 64 63 150 60
cat_boundaries=0 2 3 4 5
cat_threshold=1352343626 263437 401939 1 1
is_linear=0
shrinkage=0.0176943


Tree=127
num_leaves=28
num_cat=6
split_feature=13 9 25 14 2 20 25 25 7 13 20 20 47 40 46 28 25 2 14 28 25 22 25 20 46 14 14
split_gain=22.8776 17.502 16.0514 14.2298 11.9918 9.08243 8.50947 8.45745 7.49851 11.8899 6.82441 6.91216 6.23874 7.87499 5.4642 6.8187 4.52645 4.44011 4.41256 4.10154 3.92489 3.61642 3.39591 2.88415 2.18743 2.40592 1.24609
threshold=0 1 7.5000000000000009 48.500000000000007 2 403.50000000000006 23.500000000000004 13.500000000000002 3 4 76.500000000000014 234.50000000000003 -10.499999999999998 -3.4999999999999996 0.10620300844311716 10.500000000000002 3.5000000000000004 5 3.5000000000000004 13.500000000000002 31.500000000000004 1.0000000180025095e-35 35.500000000000007 180.50000000000003 0.52336955070495617 10.500000000000002 21.500000000000004
decision_type=9 9 8 10 9 2 10 8 9 9 2 2 10 8 10 10 10 9 10 10 8 8 8 2 10 8 8
left_child=2 14 5 8 6 10 7 -4 21 22 -1 23 13 -6 15 20 -5 -11 -14 -15 -2 -3 -10 -12 -16 -26 -23
right_child=1 3 4 16 12 -7 -8 -9 9 17 11 -13 18 19 24 -17 -18 -19 -20 -21 -22 26 -24 -25 25 -27 -28
leaf_value=-0.034453162652392774 -0.0067588522252348552 -0.045427559395540031 0.0081682560899906005 -0.032963611488602447 0.038398599406803124 -0.063514523217479163 0.036284232281989653 -0.055275664276080792 0.021920268170656988 -0.04348008469827918 0.0091056209775182417 -0.018806080197424944 0.032813057026558817 0.036617989971860387 -0.017749267676071649 0.022517709516355847 0.029678673274088536 -0.015786642535653185 -0.016041545698787307 0.0049265410287418826 0.10254578394398017 -0.019366804098423313 -0.023067857058626372 0.031351906779357966 0.016072099063238376 -0.0071447335990162866 -0.078940058816276831
leaf_weight=42 47 48 27 27 43 29 36 41 80 134 34 41 29 305 32 31 33 272 29 67 38 27 27 27 46 51 28
leaf_count=42 47 48 27 27 43 29 36 41 80 134 34 41 29 305 32 31 33 272 29 67 38 27 27 27 46 51 28
internal_value=0 -0.00199557 0.00214191 -0.00345627 0.00358787 -0.00255685 -0.00186242 -0.00572396 -0.00430861 -0.00321401 -0.00073721 0.00173459 0.00472572 0.00558531 0.00201222 0.00488085 0.00471786 -0.00459361 -0.000610037 0.00475642 0.00228962 -0.00861167 0.00196589 0.00551063 -0.000411456 0.000911986 -0.0125451
internal_weight=0 921 750 676 577 173 104 68 616 513 144 102 473 415 245 116 60 406 58 372 85 103 107 61 129 97 55
internal_count=1671 921 750 676 577 173 104 68 616 513 144 102 473 415 245 116 60 406 58 372 85 103 107 61 129 97 55
cat_boundaries=0 2 3 4 5 7 8
cat_threshold=1712657116 6494 1611975080 8904 140298 155189249 1152 6194
is_linear=0
shrinkage=0.0176943


Tree=128
num_leaves=22
num_cat=6
split_feature=28 13 32 1 13 10 20 13 32 46 49 39 39 13 49 14 28 19 20 39 20
split_gain=23.4855 20.6656 16.0478 13.4378 10.036 12.797 7.89687 7.38759 7.22937 6.87636 6.78956 6.24138 5.60513 3.74288 6.05143 5.5411 3.38831 2.77796 2.53728 2.30488 1.77741
threshold=21.500000000000004 0 0.014389234129339458 1 2 3 577.50000000000011 4 0.9856107532978059 0.28436657786369329 3.5000000000000004 0.98260739445686351 0.96172159910202037 5 6.5000000000000009 15.500000000000002 7.5000000000000009 35.500000000000007 156.50000000000003 0.98675438761711132 668.50000000000011
decision_type=10 9 8 9 9 9 2 9 10 10 8 10 8 9 10 10 8 8 2 8 2
left_child=1 3 -3 13 12 9 7 8 -4 -6 -7 -9 -5 15 16 -1 -15 -14 -2 -17 -8
right_child=18 2 6 4 5 10 20 11 -10 -11 -12 -13 17 14 -16 19 -18 -19 -20 -21 -22
leaf_value=-0.036821118025035758 0.02254000954751658 0.068706305543571794 -0.010629570494121192 -0.0016751662716479486 0.037736474882256239 0.015004607273554316 -0.045483121494987948 0.018468563891104971 0.018778099722677469 0.0017934450951960549 -0.013931195411615022 0.022889856536007867 -0.05178449172691163 -0.022713012272446077 0.026759114560937162 -0.0031949966864796794 -0.0063553702097271765 -0.038953379898369667 0.048671212925411773 -0.057018940766011016 -0.020844097852471231
leaf_weight=47 30 44 211 35 59 58 40 297 56 46 342 50 31 63 30 27 52 36 42 29 28
leaf_count=47 30 44 211 35 59 58 40 297 56 46 342 50 31 63 30 27 52 36 42 29 28
internal_value=0 -0.000503628 0.00168286 -0.00235239 -0.000889001 0.000171783 0.00103777 0.00167142 -0.000574881 0.00538485 -0.00129467 0.0033207 -0.00568705 -0.00576075 -0.00331037 -0.00861167 -0.00538485 -0.00924222 0.00982911 -0.00568666 -0.00468324
internal_weight=0 1581 726 855 607 505 682 614 267 105 400 347 102 248 145 103 115 67 72 56 68
internal_count=1653 1581 726 855 607 505 682 614 267 105 400 347 102 248 145 103 115 67 72 56 68
cat_boundaries=0 2 3 5 6 8 9
cat_threshold=2936061561 5209 10555 2164293632 81 1352 1087521024 8198 33568809
is_linear=0
shrinkage=0.0176943


Tree=129
num_leaves=25
num_cat=3
split_feature=13 7 32 7 19 40 23 32 48 19 32 20 48 15 20 27 20 21 37 32 32 15 32 20
split_gain=28.0528 19.0209 11.8449 11.0785 9.03622 7.99693 7.5252 7.33148 10.2012 8.00764 5.76284 5.65914 5.28244 4.33735 3.97283 3.87394 3.6319 3.33093 3.27979 2.86823 4.03743 2.34057 1.36963 1.12449
threshold=0 1 0.98856207728385936 2 339.00000000000006 -8.4999999999999982 -1.8199999928474424 0.025158228352665905 0.57223114371299755 12.500000000000002 0.97385507822036754 344.50000000000006 0.017862838692963127 -6.4999999999999991 279.50000000000006 6.5000000000000009 83.500000000000014 40.500000000000007 8.5000000000000018 0.050316456705331809 0.95683228969573986 -14.749999999999998 0.59517836570739757 330.50000000000006
decision_type=9 9 10 9 8 8 8 10 10 10 10 2 10 10 2 8 2 2 8 8 8 10 10 2
left_child=1 6 3 11 10 -3 -1 12 15 -10 16 13 17 -2 19 -9 -5 -7 21 -8 -21 -4 -15 -6
right_child=2 5 18 4 23 7 14 8 9 -11 -12 -13 -14 22 -16 -17 -18 -19 -20 20 -22 -23 -24 -25
leaf_value=0.00013719191857058558 0.0073858622239522925 0.040739809767038206 -0.028205636730081435 -0.028931717413423628 0.058996672628118293 0.033902360116093599 0.017135354948403094 -0.026228806974340824 0.020554939885219961 -0.013165587857269276 0.0057486736209861602 -0.018868630679820208 -0.0071949386537618776 0.075792207667032263 0.029393859012801945 0.0044633827101059455 -0.024299402905405446 -0.023621351816089854 -0.047838917727067075 0.060986831969650837 0.03593998639173808 -0.0067978034554977071 0.015798416592593321 0.0096494307508296438
leaf_weight=42 42 30 31 66 27 196 26 117 46 35 50 30 47 31 36 38 352 30 42 35 98 26 29 50
leaf_count=42 42 30 31 66 27 196 26 117 46 35 50 30 47 31 36 38 352 30 42 35 98 26 29 50
internal_value=0 0.00243125 -0.00229618 -0.00148975 -0.00258237 0.000547899 0.00651873 3.47586e-05 -0.00224919 0.00283954 -0.00355391 0.00299041 0.00200918 0.0052038 0.008257 -0.00490848 -0.004233 0.00313162 -0.00804223 0.00945874 0.0105095 -0.00527652 0.00825627 0.00298703
internal_weight=0 776 776 677 545 539 237 509 236 81 468 132 273 102 195 155 418 226 99 159 133 57 60 77
internal_count=1552 776 776 677 545 539 237 509 236 81 468 132 273 102 195 155 418 226 99 159 133 57 60 77
cat_boundaries=0 2 3 5
cat_threshold=4198708551 2730 23708705 537009280 64
is_linear=0
shrinkage=0.0176943


Tree=130
num_leaves=24
num_cat=6
split_feature=3 13 36 8 46 2 8 49 20 2 33 22 49 22 49 42 16 16 16 36 16 22 16
split_gain=30.0733 18.441 12.2402 10.0441 8.14072 6.53501 8.58831 10.0245 5.94226 5.36811 9.70776 5.15537 4.65109 4.15308 5.47144 3.99602 3.65844 3.58089 4.6879 3.12989 2.56098 7.50943 2.2827
threshold=0 1 5.5000000000000009 2 0.056873315945267684 3 4 2.5000000000000004 132.50000000000003 5 -5.4999999999999991 8.2500000000000018 15.500000000000002 1.0000000180025095e-35 5.5000000000000009 7.5000000000000009 3.7500000000000004 11.250000000000002 4.5000000000000009 inf 1.0000000180025095e-35 3.1649999618530278 12.500000000000002
decision_type=9 9 10 9 8 9 9 10 2 9 8 10 10 8 10 10 8 10 10 8 8 8 8
left_child=15 4 3 8 -2 13 19 -8 11 10 -5 -3 -10 22 -15 17 -11 18 20 -7 -1 -22 -6
right_child=1 2 -4 9 5 6 7 -9 12 16 -12 -13 -14 14 -16 -17 -18 -19 -20 -21 21 -23 -24
leaf_value=-0.035094884942347346 0.027149263931429485 0.0019340676964228469 -0.0532284152579773 -0.020688367860987166 -0.022022032549452848 -0.019555455310740828 0.025681389896500754 -0.023255384417455848 0.034575351119495161 0.018747876836667596 0.0081902561595191062 0.02038382874869616 0.065975835935017671 0.0018590175098834388 0.019942869364291661 -0.041080540988880671 0.012799113896511458 -0.040275865992819425 0.019660539904234789 -0.054866954590733326 0.0054843242682005222 -0.049676145709717942 -0.0049549883964133548
leaf_weight=28 26 80 33 50 26 47 133 152 133 81 305 29 26 92 27 43 157 40 32 54 36 38 38
leaf_count=28 26 80 33 50 26 47 133 152 133 81 305 29 26 92 27 43 157 40 32 54 36 38 38
internal_value=0 0.000908905 0.00250536 0.00293874 -0.00149156 -0.00195909 -0.00321707 -0.00149947 0.0057282 0.00155519 0.000145424 0.00275945 0.00812339 0.000825079 0.00282494 -0.00600181 0.00356728 -0.00508433 -0.00369709 -0.00749165 -0.00555072 -0.00382538 -0.00276438
internal_weight=0 1489 894 861 595 569 386 285 268 593 355 109 159 183 119 217 238 174 134 101 102 74 64
internal_count=1706 1489 894 861 595 569 386 285 268 593 355 109 159 183 119 217 238 174 134 101 102 74 64
cat_boundaries=0 3 5 6 7 8 9
cat_threshold=1477771395 2640576 1 2100617282 1758 26188 161 721 66711
is_linear=0
shrinkage=0.0176943


Tree=131
num_leaves=19
num_cat=3
split_feature=9 9 42 2 42 20 36 35 35 39 24 16 39 19 28 20 28 24
split_gain=18.362 11.3496 10.3434 7.26539 8.98871 6.7266 6.09351 5.86665 8.47181 5.70795 5.49176 5.60878 4.46677 3.99 3.8656 3.48104 2.88688 2.70474
threshold=0 1 18.500000000000004 2 8.5000000000000018 104.50000000000001 1.2500000000000002 2.5000000000000004 8.5000000000000018 0.53410854935646068 1.1650000214576723 2.7500000000000004 0.10300619155168535 152.50000000000003 10.500000000000002 453.50000000000006 22.500000000000004 0.76500001549720775
decision_type=9 9 10 9 10 2 10 8 8 10 10 10 8 10 8 2 8 10
left_child=6 15 3 10 9 -6 7 -1 -9 -5 12 -12 -3 14 -10 17 -4 -2
right_child=1 2 16 4 5 -7 -8 8 13 -11 11 -13 -14 -15 -16 -17 -18 -19
leaf_value=0.086942946742494503 -0.056567099615982545 0.034799827326266596 0.036333012763537835 0.0231699141696016 0.0013620507593748229 -0.043338773478013327 -0.0065560409128576766 -0.013441380945486973 0.0023273739106589994 -0.0070568383512615079 -0.043461165932221719 -0.013538765123348704 -0.0069884613651188254 -0.0050173219022839124 0.024687106213531863 -0.0029634772612841475 0.018498917593429046 -0.017826061966362758
leaf_weight=28 50 34 50 258 26 31 49 32 36 107 40 74 511 38 168 32 41 37
leaf_count=28 50 34 50 258 26 31 49 32 36 107 40 74 511 38 168 32 41 37
internal_value=0 -0.000639219 -8.98164e-05 -0.000572889 0.00122874 -0.00527652 0.00387207 0.00492145 0.00413285 0.00227839 -0.00171915 -0.00527688 -0.00100645 0.00526424 0.0062448 -0.00562342 0.00563835 -0.00793121
internal_weight=0 1291 1172 1081 422 57 351 302 274 365 659 114 545 242 204 119 91 87
internal_count=1642 1291 1172 1081 422 57 351 302 274 365 659 114 545 242 204 119 91 87
cat_boundaries=0 2 3 4
cat_threshold=616680740 4 402792960 73099
is_linear=0
shrinkage=0.0176943


Tree=132
num_leaves=23
num_cat=4
split_feature=35 2 19 25 8 10 21 21 17 2 32 24 32 20 16 28 25 17 21 20 25 19
split_gain=12.3977 11.0379 9.88401 8.86226 8.0634 5.94803 9.1515 10.3141 7.8609 7.10716 6.32524 5.31939 5.011 4.8982 4.12481 4.11444 3.18796 3.65865 3.62655 3.03273 1.80293 1.67785
threshold=1.0000000180025095e-35 0 97.000000000000014 42.500000000000007 1 2 28.500000000000004 36.500000000000007 8.5000000000000018 3 0.98449519276618969 4.2500000000000009 0.13136324286460879 518.50000000000011 38.500000000000007 8.5000000000000018 20.500000000000004 8.5000000000000018 29.500000000000004 539.50000000000011 26.500000000000004 211.00000000000003
decision_type=8 9 10 10 9 9 2 2 10 9 10 8 8 2 8 10 10 8 2 2 10 10
left_child=20 3 4 5 11 6 10 -8 9 -7 -2 15 -10 14 -4 -3 17 -6 -18 -5 -1 -16
right_child=1 2 13 19 16 8 7 -9 12 -11 -12 -13 -14 -15 21 -17 18 -19 -20 -21 -22 -23
leaf_value=0.020140302117465175 -0.026116675425136213 -0.026855737947793893 -0.0083371979658002707 0.067234454070556435 0.028976279983542682 0.0013775941213620528 0.0014657084423030438 -0.030816943351728913 -0.046878039119643063 -0.027670546804951911 -0.0019007777725391249 0.049127397926141979 0.02040379719647992 0.044168133205627229 -0.048242945532459926 0.0053129259067619099 0.066962655093385379 0.011086856676138842 0.033361546786660479 0.010001769380366402 0.026735795652498718 -0.042389624219003677
leaf_weight=27 94 35 45 27 109 290 190 59 26 250 31 32 118 51 26 49 27 73 27 26 31 27
leaf_count=27 94 35 45 27 109 290 190 59 26 250 31 32 118 51 26 49 27 73 27 26 31 27
internal_value=0 -0.000395154 0.00176593 -0.00137323 0.00341813 -0.00173931 -0.00350192 -0.00163435 -0.000713879 -0.00170386 -0.00750191 -0.000561675 0.00294888 -0.0020187 -0.00433294 -0.00294876 0.00517864 0.00427755 0.00917351 0.00567469 0.00793087 -0.00767754
internal_weight=0 1612 501 1111 352 1058 374 249 684 540 125 116 144 149 98 84 236 182 54 53 58 53
internal_count=1670 1612 501 1111 352 1058 374 249 684 540 125 116 144 149 98 84 236 182 54 53 58 53
cat_boundaries=0 1 2 3 4
cat_threshold=405815 26890 13619 3
is_linear=0
shrinkage=0.0176943


Tree=133
num_leaves=35
num_cat=6
split_feature=13 2 2 25 25 10 14 30 23 14 27 24 25 24 20 8 24 42 20 20 20 14 5 25 40 20 20 25 25 23 23 25 20 14
split_gain=19.8576 13.134 11.8926 11.4751 11.1537 9.56185 8.65736 6.62166 7.75493 4.46488 4.42043 7.91489 6.16366 5.90875 4.20636 4.92043 4.35276 4.28922 4.10409 3.87006 11.3922 2.88279 5.33791 3.25519 2.87082 2.66447 5.1089 3.21296 2.55857 2.25591 1.85645 2.9944 1.03613 0.0862
threshold=0 1 2 17.500000000000004 20.500000000000004 3 13.500000000000002 6.5000000000000009 -6.2499999999999991 4.5000000000000009 13.500000000000002 2.7500000000000004 14.500000000000002 0.58500000834465038 53.500000000000007 4 0.76500001549720775 5.5000000000000009 77.500000000000014 346.50000000000006 254.50000000000003 1.5000000000000002 5 44.500000000000007 -3.4999999999999996 403.50000000000006 522.50000000000011 30.500000000000004 22.500000000000004 -1.4150000214576719 -0.93000000715255726 15.500000000000002 501.50000000000006 13.500000000000002
decision_type=9 9 9 8 8 9 10 10 10 10 8 10 10 8 2 9 10 10 2 2 2 10 9 8 8 2 2 8 10 10 8 10 2 10
left_child=1 6 3 7 14 30 9 8 -2 25 13 12 -12 18 -3 16 -16 -17 -7 20 28 22 -5 -24 -10 27 -27 -1 -6 -15 -4 -32 -21 -23
right_child=2 4 5 21 19 10 -8 -9 24 -11 11 -13 -14 29 15 17 -18 -19 -20 32 -22 33 23 -25 -26 26 -28 -29 -30 -31 31 -33 -34 -35
leaf_value=0.040045440332065446 -0.007715630580898458 -0.024879585247886731 -0.025678996309672675 0.031850830433504972 0.04291556576732846 -0.021228691286756366 0.064946411536488183 0.0071659023817009443 -0.0065650679884902427 -0.017623185172285387 0.029392595812770376 -0.055904950568203014 -0.0073079189175131679 0.02174016037066755 -0.00058164799080174623 -0.010543831025416226 -0.038077452258562586 0.02890203583259994 0.01353775198097705 0.020554525296191183 0.093904046486604567 -0.027903648877105832 -0.033067914505414263 0.01213264477112842 -0.05077988045363728 -0.034749759631437734 0.035797068595489381 0.1125543748230739 -0.00513439632640042 0.050665354081390744 0.0094490285821037575 -0.02025357135458028 -0.039357001580997322 -0.019740638738131783
leaf_weight=79 45 50 37 36 30 26 41 35 29 38 73 29 73 30 49 61 56 42 91 38 28 29 56 88 154 26 42 29 44 41 28 43 26 26
leaf_count=79 45 50 37 36 30 26 41 35 29 38 73 29 73 30 49 61 56 42 91 38 28 29 56 88 154 26 42 29 44 41 28 43 26 26
internal_value=0 0.00177197 -0.00215076 -0.00404036 -0.000163074 -0.000110354 0.00487412 -0.00666038 -0.00776038 0.00363794 0.00128079 -0.00070773 0.000969486 0.00319989 -0.00246889 -0.00136104 -0.00384631 0.00140917 0.000756101 0.00341078 0.00555072 -0.00127996 -0.000196584 -0.00172017 -0.00937853 0.00482549 0.00208142 0.00655296 0.00191268 0.00722645 -0.00449824 -0.00323943 0 -0.00482503
internal_weight=0 679 969 498 424 471 255 263 228 214 363 175 146 188 258 208 105 103 117 166 102 235 180 144 183 176 68 108 74 71 108 71 64 55
internal_count=1648 679 969 498 424 471 255 263 228 214 363 175 146 188 258 208 105 103 117 166 102 235 180 144 183 176 68 108 74 71 108 71 64 55
cat_boundaries=0 2 3 4 5 6 7
cat_threshold=189189729 2689 11466 43277 10255 433 1
is_linear=0
shrinkage=0.0176943


Tree=134
num_leaves=30
num_cat=4
split_feature=13 10 22 13 17 21 39 1 46 48 42 22 30 42 21 14 39 48 48 22 41 49 39 21 39 49 14 21 46
split_gain=20.1383 11.3118 10.4352 7.88324 7.85694 7.8195 7.2411 5.13213 11.0462 6.72121 8.89371 6.41727 5.08035 5.01924 7.394 6.50572 5.83134 4.58911 5.41298 4.58475 4.52645 4.29467 3.90754 4.93509 3.80664 3.37398 2.60255 1.3554 0.358608
threshold=0 1 8.2500000000000018 2 13.500000000000002 29.500000000000004 0.98765245079994213 3 0.19576325267553332 0.021749408915638927 8.5000000000000018 2.5000000000000004 8.5000000000000018 13.500000000000002 28.500000000000004 7.2500000000000009 0.97350877523422252 0.39433813095092779 0.62622550129890453 21.500000000000004 4.2500000000000009 12.500000000000002 inf 29.500000000000004 0.95266106724739086 2.5000000000000004 3.5000000000000004 30.500000000000004 0.53984129428863536
decision_type=9 9 10 9 10 2 8 9 10 10 10 10 10 8 2 8 8 10 8 10 10 10 8 2 10 10 10 2 10
left_child=4 13 3 22 7 6 -4 8 27 10 11 -9 21 15 16 -2 -15 -11 -19 -7 -17 -5 -3 -24 -10 -16 -27 -1 -12
right_child=1 2 5 12 -6 19 -8 9 24 17 28 -13 -14 14 25 20 -18 18 -20 -21 -22 -23 23 -25 -26 26 -28 -29 -30
leaf_value=-0.088039087316339956 -0.027609437551565322 -0.027616510516702809 -0.047153494702799885 0.00085375864437703495 0.041274329168605954 -0.066955484142405541 0.010449071062797587 -0.014185840149381259 -0.037721844746712752 0.036002133342983841 -0.045527042436070871 -0.039032935230075352 0.029200471154907294 -0.038689662768040117 0.044595385142075505 0.04936844236661421 0.026074914810879458 -0.029825223339327789 0.0010215650331536423 -0.0059647810674701629 -0.0011293501352013261 0.020773758632354315 0.024638402138593751 -0.035915720735700367 0.0089648389735864902 0.03944059751298256 0.02232237580553327 -0.062839128353452026 -0.031770976932099695
leaf_weight=26 49 33 30 400 27 49 40 214 26 42 27 27 49 28 41 33 38 30 94 26 27 67 34 37 43 34 27 31 26
leaf_count=26 49 33 30 400 27 49 40 214 26 42 27 27 49 28 41 33 38 30 94 26 27 67 34 37 43 34 27 31 26
internal_value=0 0.00063914 -0.00047945 0.000513695 -0.00337976 -0.00475889 -0.00050547 -0.0038649 -0.00702527 -0.00278586 -0.00445354 -0.00301013 0.00141283 0.00363739 0.00568718 0.000811591 0.00107223 0 -0.00171223 -0.00872828 0.00471786 0.000871434 -0.00372485 -0.0017443 -0.0028205 0.00867301 0.0113113 -0.0133465 -0.0110156
internal_weight=0 1042 765 620 613 145 70 586 126 460 294 241 516 277 168 109 66 166 124 75 60 467 104 71 69 102 61 57 53
internal_count=1655 1042 765 620 613 145 70 586 126 460 294 241 516 277 168 109 66 166 124 75 60 467 104 71 69 102 61 57 53
cat_boundaries=0 2 3 5 6
cat_threshold=2179040852 15874 4080 33703936 4 2259
is_linear=0
shrinkage=0.0176943


Tree=135
num_leaves=30
num_cat=6
split_feature=13 1 10 13 23 16 16 19 2 19 37 41 50 2 28 33 19 47 14 28 19 23 19 28 28 14 41 33 23
split_gain=28.2263 15.5017 9.69308 9.70153 9.01476 8.38662 8.3063 5.62579 5.60512 5.33274 5.32624 5.43865 6.73022 5.32552 6.92857 5.10389 4.98496 5.76755 4.88655 4.21945 4.11406 4.03365 4.00949 3.35097 3.0609 2.02907 1.91925 1.02394 0.88323
threshold=0 1 2 3 -0.93000000715255726 15.750000000000002 32.500000000000007 310.50000000000006 4 7.5000000000000009 2.5000000000000004 3.5000000000000004 0.48333333432674414 5 11.500000000000002 2.5000000000000004 31.000000000000004 -12.499999999999998 2.2500000000000004 2.5000000000000004 239.00000000000003 -10.835000038146971 14.500000000000002 4.5000000000000009 11.500000000000002 5.5000000000000009 4.2500000000000009 -10.499999999999998 -1.4150000214576719
decision_type=9 9 9 9 8 10 10 8 9 10 10 10 8 9 10 8 10 10 10 10 8 10 10 10 10 10 8 10 10
left_child=7 5 4 15 -3 9 -7 8 16 24 11 12 -10 19 -15 -4 17 26 -12 -5 -6 -17 25 -24 -2 -11 -1 -20 -9
right_child=1 2 3 13 20 6 -8 28 10 22 18 -13 -14 14 -16 21 -18 -19 27 -21 -22 -23 23 -25 -26 -27 -28 -29 -30
leaf_value=0.044177137340698704 -0.015780624785833499 -0.0067780075612408393 -0.013656008465266182 0.0092436277640549833 0.073098751729965133 0.022609168897658603 -0.065981946344046624 0.031937344569405203 -0.011997046109819248 -0.056180456090801661 -0.017867157409793753 0.029183325679569445 0.011385890277085106 -0.04431261089030189 -0.0016228241103982402 -0.025942318645417222 -0.0052664128466066475 0.0035828546341909379 -0.012253909521801743 -0.030317606229059765 0.03683495965412624 0.029005566434007039 -0.05815896005873581 -0.015470251540416093 0.0071435812753298401 -0.033760151261496292 0.040819812859404336 0.0061655693954607866 0.062901792002730703
leaf_weight=26 38 33 48 91 49 27 26 91 27 26 41 35 309 167 58 33 27 26 27 56 35 134 40 29 26 47 26 33 28
leaf_count=26 38 33 48 91 49 27 26 91 27 26 41 35 309 167 58 33 27 26 27 56 35 134 40 29 26 47 26 33 28
internal_value=0 -0.00209129 -0.000693882 -0.0016301 0.00376154 -0.00572251 0.000333772 0.00255636 0.0018706 -0.00755843 0.000954443 0.00195539 0.00126384 -0.00333497 -0.00504458 0.00133685 0.00538485 0.00816578 -0.00262765 -0.000563473 0.00716131 0.00286061 -0.00946966 -0.00641025 -0.00331726 -0.0123605 0.0115676 0.000589705 0.00609595
internal_weight=0 963 704 587 117 259 53 696 577 206 472 371 336 372 225 215 105 78 101 147 84 167 142 69 64 73 52 60 119
internal_count=1659 963 704 587 117 259 53 696 577 206 472 371 336 372 225 215 105 78 101 147 84 167 142 69 64 73 52 60 119
cat_boundaries=0 2 3 4 6 7 8
cat_threshold=4060130474 2758 284871 3596 5784324 4376 139984 35849
is_linear=0
shrinkage=0.0176943


Tree=136
num_leaves=30
num_cat=3
split_feature=7 25 25 32 28 28 32 37 42 7 25 32 5 22 25 37 37 32 33 48 28 37 28 41 25 22 48 17 14
split_gain=17.2319 14.9189 10.0324 7.6655 14.2753 8.97002 7.32554 10.5867 6.16725 4.90545 4.54414 4.26356 4.63245 3.97168 3.83693 3.73202 3.4103 3.19006 3.43667 3.09172 3.13632 3.07852 2.97635 6.93165 3.321 2.96926 2.05069 1.43591 1.10052
threshold=0 8.5000000000000018 21.500000000000004 0.033060109242796905 15.500000000000002 12.500000000000002 0.98709622025489818 2.5000000000000004 4.5000000000000009 1 45.500000000000007 0.21547619253396991 2 11.414999961853029 22.500000000000004 7.5000000000000009 3.5000000000000004 0.49263271689414984 -8.4999999999999982 0.40138889849185949 11.500000000000002 3.5000000000000004 10.500000000000002 9.5000000000000018 24.500000000000004 10.750000000000002 0.81872946023941051 9.5000000000000018 3.5000000000000004
decision_type=9 8 8 8 8 10 10 10 8 9 10 10 9 10 10 10 10 8 10 8 8 10 10 8 10 10 8 10 8
left_child=2 8 6 -3 5 16 9 13 -2 19 22 12 -6 -8 -13 21 -5 -10 25 -1 -21 -11 24 -24 -4 -19 -20 -26 -7
right_child=1 3 10 4 11 28 7 -9 17 15 -12 14 -14 -15 -16 -17 -18 18 26 20 -22 -23 23 -25 27 -27 -28 -29 -30
leaf_value=0.0080805047048438643 -0.047238257987335129 0.028495384881605693 0.035893194188306693 0.0012449056887342282 -0.032212389950641802 -0.022761224789703875 0.018672609573845134 0.047330260089318718 0.032371270699947156 0.0060555437223846079 -0.0010618193250785412 0.019987345351059733 0.0069752251710352249 -0.020332989696957599 -0.01598584525833556 0.026667977515873915 -0.020079160147384922 -0.052684516997668615 -0.014260198114443028 -0.016537180264529369 -0.03919435523093568 -0.0066686540696537407 0.029410879650384695 -0.0075018204263888307 0.062814743613482368 -0.049417914179500144 0.010040824939509621 0.066141346608612109 -0.066653540461826741
leaf_weight=36 42 42 80 70 26 29 33 39 31 143 44 81 336 31 28 30 29 32 47 34 51 28 39 26 51 70 35 35 29
leaf_count=36 42 42 80 70 26 29 33 39 31 143 44 81 336 31 28 30 29 32 47 34 51 28 39 26 51 70 35 35 29
internal_value=0 -0.00111414 0.00254196 0.000264088 -0.000225399 -0.00484596 0.000874285 0.0049815 -0.00475045 -0.000439593 0.00521162 0.00131484 0.00039102 0.000552853 0.00438267 0.00125783 -0.00160843 -0.00353872 -0.00442338 -0.00310644 -0.00520372 0.000310401 0.00620427 0.00299404 0.00746109 -0.00659148 -0.00172609 0.009875 -0.0103711
internal_weight=0 927 700 670 628 157 425 103 257 322 275 471 362 64 109 201 99 215 184 121 85 171 231 65 166 102 82 86 58
internal_count=1627 927 700 670 628 157 425 103 257 322 275 471 362 64 109 201 99 215 184 121 85 171 231 65 166 102 82 86 58
cat_boundaries=0 2 3 4
cat_threshold=1621845309 8 131132 1
is_linear=0
shrinkage=0.0176943


Tree=137
num_leaves=28
num_cat=3
split_feature=7 32 8 46 32 23 46 48 40 15 46 32 27 46 48 46 8 32 17 15 15 17 46 23 29 32 23
split_gain=13.2266 9.32335 6.73844 6.67922 6.10995 7.78273 5.9719 5.88105 5.85061 5.8043 6.41465 9.25914 6.63564 5.3254 4.86761 4.58121 4.43395 4.35429 3.15056 2.69224 3.50142 2.63089 2.63755 2.20362 2.09816 1.32849 0.0368474
threshold=0 0.97202658653259288 1 0.61754387617111217 0.85092595219612133 -7.819999933242797 0.97202658653259288 0.66563147306442272 -1.4999999999999998 -10.749999999999998 0.18795289844274524 0.027973395772278312 1.0000000180025095e-35 0.85037314891815197 0.064583335071802153 0.96273148059844982 2 0.47634127736091619 2.5000000000000004 -3.2499999999999996 -0.74999999999999989 10.500000000000002 0.70817202329635631 -1.0000000180025095e-35 1.0000000180025095e-35 0.94312667846679699 -1.0000000180025095e-35
decision_type=9 10 9 8 10 8 10 10 8 8 10 8 8 10 8 10 9 10 10 8 8 8 10 10 10 8 10
left_child=1 3 9 17 5 -4 19 24 -7 -2 11 -11 15 -14 -10 -12 23 -1 -13 -6 -21 22 -18 -5 -3 -25 -23
right_child=2 7 4 16 6 8 -8 -9 14 10 12 18 13 -15 -16 -17 21 -19 -20 20 -22 26 -24 25 -26 -27 -28
leaf_value=-0.00021023885350180695 0.031331218512780014 -0.027297586998194713 -0.037921442972143692 -0.025276653961098818 0.0082005712850443061 0.042515104489839091 0.012472389665970399 -0.051440041429768157 0.046229360099400756 0.042806274564145014 0.010410552026114765 -0.010279903935549242 -0.085529293598636091 -0.0090570042552333314 0.015316447322406165 -0.0051239835325414046 0.00058887899325295952 0.024756738637889578 0.0066357592094118453 -0.037808185093796916 -0.017384353301223808 -0.072340953122475071 -0.014944871449467066 -0.0040127829425328524 -0.010001911726827002 0.01307041764890802 -0.063999474895766892
leaf_weight=45 28 28 27 37 26 39 43 37 38 34 49 216 27 49 384 34 35 36 140 28 38 28 29 35 34 37 27
leaf_count=45 28 28 27 37 26 39 43 37 38 34 49 216 27 49 384 34 35 36 140 28 38 28 29 35 34 37 27
internal_value=0 -0.0025398 0.00111137 -0.00108796 0.00237597 0.00333575 -0.000917416 -0.00732736 0.00387655 -0.000271285 -0.000676817 0.000544423 -0.00367221 -0.00744947 0.00327044 -0.000213142 -0.00263852 0.00327639 -0.000298206 -0.00346162 -0.00536127 -0.00480048 -0.00276438 0.000148666 -0.00399497 0.0019658 -0.00804173
internal_weight=0 408 1200 309 623 488 135 99 461 577 549 390 159 76 422 83 228 81 356 92 66 119 64 109 62 72 55
internal_count=1608 408 1200 309 623 488 135 99 461 577 549 390 159 76 422 83 228 81 356 92 66 119 64 109 62 72 55
cat_boundaries=0 2 3 4
cat_threshold=5300644 64 9403 4387
is_linear=0
shrinkage=0.0176943


Tree=138
num_leaves=28
num_cat=6
split_feature=1 13 25 2 44 10 36 13 30 19 44 27 30 36 25 36 13 36 50 34 44 27 16 36 19 25 19
split_gain=25.8641 20.0741 11.0435 8.94999 9.24702 5.9729 5.84539 5.42338 10.9884 5.91743 4.93635 4.61626 4.28073 4.17438 7.34732 6.1452 5.33739 3.77414 3.58501 7.07672 3.22406 2.26177 2.1666 1.97373 1.29549 0.800047 3.88725
threshold=0 1 12.500000000000002 2 2.5000000000000004 3 6.5000000000000009 4 11.500000000000002 1.5000000000000002 1.5000000000000002 13.500000000000002 2.5000000000000004 1.2500000000000002 10.500000000000002 1.2500000000000002 5 9.5000000000000018 0.48333333432674414 3.5000000000000004 2.5000000000000004 1.5000000000000002 1.2500000000000002 1.0000000180025095e-35 90.500000000000014 19.500000000000004 10.500000000000002
decision_type=9 9 10 9 10 9 8 9 8 10 10 8 10 10 8 8 9 8 10 10 10 8 8 8 8 10 10
left_child=2 5 6 17 7 10 18 8 -5 -9 23 -8 -6 14 15 -7 -16 22 19 20 -1 25 -3 -2 -19 26 -4
right_child=1 3 21 4 12 13 11 9 -10 -11 -12 -13 -14 -15 16 -17 -18 24 -20 -21 -22 -23 -24 -25 -26 -27 -28
leaf_value=0.0035220246781529898 0.026173530485130828 -0.034706291817918719 -0.021431147622510239 -0.050613454908960215 0.055587715982436836 -0.049355155515994745 -0.053884505001200074 -0.00045273230221623567 0.018761279940361555 0.034167961699818367 -0.0068018026260099895 -0.012749630830280209 0.015347026357657627 0.026039810821780182 0.011876817344648237 -0.039656266426267406 -0.011706216823742378 0.014648042193870166 -0.038061650894566583 0.052734374687707967 -0.014290146263762253 -0.050399393959307717 -0.0076956805013196133 0.016119158839219057 -0.027985602757198951 -0.0040866410309518004 -0.0084378694054436012
leaf_weight=38 39 27 33 47 43 29 29 50 215 180 30 39 27 31 105 54 247 31 31 34 30 39 26 36 26 27 27
leaf_count=38 39 27 33 47 43 29 29 50 215 180 30 39 27 31 105 54 247 31 31 34 30 39 26 36 26 27 27
internal_value=0 0.00105911 -0.00446284 0.00311332 0.00402137 -0.00137045 -0.00202463 0.0032367 0.00130101 0.00516066 0.00230778 -0.00624433 0.0101099 -0.00223033 -0.00272527 -0.00746075 -0.00160853 -0.00147442 0.000133018 0.00173459 -0.00156106 -0.00870617 -0.00500708 0.00495388 0.00155189 -0.00711775 -0.00825627
internal_weight=0 1243 327 672 562 571 201 492 262 230 105 68 70 466 435 83 352 110 133 102 68 126 53 75 57 87 60
internal_count=1570 1243 327 672 562 571 201 492 262 230 105 68 70 466 435 83 352 110 133 102 68 126 53 75 57 87 60
cat_boundaries=0 1 3 4 5 6 7
cat_threshold=50340615 815891413 490 79680 11274 85210122 8388737
is_linear=0
shrinkage=0.0176943


Tree=139
num_leaves=21
num_cat=7
split_feature=35 7 1 8 24 24 7 1 6 37 17 35 4 21 21 37 21 48 17 17
split_gain=19.3147 16.563 11.8246 13.0442 8.15479 7.58261 6.0689 4.83767 6.73754 4.39744 4.11013 4.00029 3.94117 4.25426 4.20685 3.24305 3.39778 2.31249 1.92808 1.15678
threshold=1.0000000180025095e-35 0 1 2 2.7500000000000004 2.1649999618530278 3 4 5 9.5000000000000018 11.500000000000002 13.500000000000002 6 34.500000000000007 28.500000000000004 1.0000000180025095e-35 29.500000000000004 0.49735587835311895 1.0000000180025095e-35 1.5000000000000002
decision_type=8 9 9 9 10 8 9 9 9 10 10 8 9 2 2 10 2 10 10 10
left_child=10 5 15 4 6 12 -4 8 -5 -9 -1 -7 -2 14 -14 16 -3 -17 -13 -15
right_child=1 2 3 7 -6 11 -8 9 -10 -11 -12 18 13 19 -16 17 -18 -19 -20 -21
leaf_value=0.043103263020426316 -0.062297825192915462 -0.022412360780138391 0.00024649238991547812 -0.044760512183813543 -0.027749283121248445 -0.025677132730236595 0.027247176991338926 -0.002137326878342631 -0.0020505782405431422 0.02391569610784296 0.067278937939772354 -0.0089069150180629466 -0.021789536391540153 -0.044066293602986896 -0.0097827438709342206 -0.017589010065512511 -0.027306955967768255 0.010405500901699616 0.010946430284006775 -0.026302268030951252
leaf_weight=29 28 44 105 36 44 34 263 515 67 31 33 31 58 34 74 26 45 31 27 26
leaf_count=29 28 44 105 36 44 34 263 515 67 31 33 31 58 34 74 26 45 31 27 26
internal_value=0 -0.000943532 1.45376e-05 0.000677365 0.00310273 -0.00450588 0.00403882 -0.000886042 -0.00422754 -0.000190939 0.0091314 -0.000384607 -0.00643405 -0.00552923 -0.0037531 -0.00453676 -0.00695782 -0.00155189 0.00244024 -0.00943575
internal_weight=0 1519 1207 1061 412 312 368 649 103 546 62 92 220 192 132 146 89 57 58 60
internal_count=1581 1519 1207 1061 412 312 368 649 103 546 62 92 220 192 132 146 89 57 58 60
cat_boundaries=0 2 3 4 5 6 7 8
cat_threshold=889659472 65 1086325506 39036 2097670 45108 1 2
is_linear=0
shrinkage=0.0176943


Tree=140
num_leaves=29
num_cat=5
split_feature=3 7 1 2 42 7 24 39 32 37 48 42 16 37 21 48 39 46 16 48 46 33 21 39 29 21 32 21
split_gain=25.1017 13.7794 10.3127 8.76802 13.3891 8.69884 6.19693 5.57518 5.9933 8.77655 5.90625 5.47389 7.23928 6.66198 5.21762 4.89312 9.25826 4.84764 4.75931 4.40334 3.8577 3.43387 3.11964 2.44136 2.48142 2.3755 2.0811 0.0171276
threshold=0 1 2 3 10.500000000000002 4 1.0000000180025095e-35 0.4171940833330155 0.19581377506256106 2.5000000000000004 0.50087109208107006 3.5000000000000004 4.5000000000000009 4.5000000000000009 33.500000000000007 0.58842146396636974 0.35873246192932134 0.96128869056701671 9.7500000000000018 0.33436854183673864 0.66215473413467418 -2.4999999999999996 28.500000000000004 0.12294197082519533 2.5000000000000004 25.500000000000004 0.97515434026718151 37.500000000000007
decision_type=9 9 9 9 8 9 8 8 10 10 8 8 10 10 2 10 10 8 10 10 10 8 2 10 8 2 8 2
left_child=11 7 6 15 -5 -6 17 10 14 -10 -2 -1 13 23 25 16 -4 -3 -14 -8 -21 -11 -19 24 -13 -9 -17 -16
right_child=1 2 3 4 5 -7 19 8 9 21 -12 12 18 -15 27 26 -18 22 -20 20 -22 -23 -24 -25 -26 -27 -28 -29
leaf_value=-0.024428629154058662 -0.0044204523576729642 0.019021137292559425 0.035742965321947082 -0.028261950305034714 0.037004946237410623 0.0044697149882346821 -0.030478111822286429 -0.06424154392412848 -0.039273543316387577 0.0034468691162611361 0.039930270345689953 -0.018781768837328489 0.020698585839732074 -0.0042640216130583625 0.0053472852243068043 0.017687577498787896 -0.014936356657651962 0.018205200216535936 -0.025926506136103922 -0.019438912786085477 0.0081055877741777506 -0.016305049398999141 -0.036170243912731506 -0.052250509829390508 -0.036463772419826276 -0.026145109518432977 0.060779396840595384 0.0040931606503863509
leaf_weight=26 26 31 184 49 108 354 29 26 50 28 39 27 36 29 34 29 64 33 39 55 38 33 31 26 26 105 26 28
leaf_count=26 26 31 184 49 108 354 29 26 50 28 39 27 36 29 34 29 64 33 39 55 38 33 31 26 26 105 26 28
internal_value=0 0.000702745 0.00175071 0.0026627 0.00118865 0.00214472 -0.00163685 -0.00219423 -0.00325938 -0.00653526 0.00244967 -0.00573629 -0.00493098 -0.00786356 -0.00137514 0.00503115 0.00413804 0.00167615 -0.000707676 -0.00435077 -0.00247317 -0.00203021 -0.00110573 -0.010526 -0.00834515 -0.00337656 0.00997176 0.00285354
internal_weight=0 1400 1031 814 511 462 217 369 304 111 65 209 183 108 193 303 248 95 75 122 93 61 64 79 53 131 55 62
internal_count=1609 1400 1031 814 511 462 217 369 304 111 65 209 183 108 193 303 248 95 75 122 93 61 64 79 53 131 55 62
cat_boundaries=0 2 4 5 6 7
cat_threshold=2697249995 2816 205791562 16 1208021530 114950 3673089
is_linear=0
shrinkage=0.0176943


Tree=141
num_leaves=31
num_cat=5
split_feature=13 9 50 23 42 13 7 42 7 39 39 23 39 18 22 22 18 23 22 23 39 22 39 18 23 42 23 18 39 42
split_gain=24.3886 14.0696 10.4706 10.3749 8.19926 7.90888 9.03019 7.01474 6.24883 5.49531 4.81486 3.80116 3.18164 2.92052 2.77641 6.35599 4.53261 1.96247 1.91843 2.47885 1.75551 2.36104 1.61962 1.60152 1.32948 1.29937 1.0745 0.671187 0.670865 0.306436
threshold=0 1 0.15476191043853763 -1.4150000214576719 21.500000000000004 2 3 6.5000000000000009 4 0.97007465362548839 0.98290473222732555 -11.499999999999998 0.8896499276161195 1.0000000180025095e-35 44.250000000000007 19.500000000000004 1.0000000180025095e-35 -0.58500000834465016 2.5000000000000004 -2.2499999999999996 0.38688170909881597 0.75000000000000011 0.97162976861000072 8.5000000000000018 -1.0000000180025095e-35 1.5000000000000002 -0.93000000715255726 5.5000000000000009 0.73375529050827037 14.500000000000002
decision_type=9 9 10 10 8 9 9 8 9 10 8 10 8 8 8 10 8 10 10 8 8 10 8 8 10 10 8 8 8 10
left_child=3 4 5 14 9 18 12 -8 10 24 29 -4 -7 20 15 16 -1 -15 28 -20 -10 -22 -6 26 -2 -13 -24 -12 -3 -5
right_child=1 2 11 8 22 6 7 -9 13 -11 27 25 -14 17 -16 -17 -18 -19 19 -21 21 -23 23 -25 -26 -27 -28 -29 -30 -31
leaf_value=-0.043776536425460123 -0.0070760157758853514 0.026140997795024833 -0.054982634716766128 0.021358482161929458 0.037748924085355393 0.033825400078639434 0.021413213678071096 -0.017005712414097686 0.0019984467718373164 0.025673065903013135 -0.010138557983377311 0.0077632792348019631 0.012834822955320341 0.019997428472218349 -0.026338175649974847 -0.061074035599371371 -0.01466497005728087 -0.012809487430294586 0.030623101987748324 0.00066141841131986802 -0.030117610502133518 -0.017820657728133474 0.020419167225115907 0.11702299041998683 0.0043664348321825648 -0.016024353413415703 0.029288236409992664 0.0098857111532203567 0.027986355750094876 0.053194562866645805
leaf_weight=35 30 26 39 26 29 64 29 267 26 47 26 28 148 28 63 32 40 90 31 54 59 48 28 41 33 31 34 32 143 26
leaf_count=35 30 26 39 26 29 64 29 267 26 47 26 28 148 28 63 32 40 90 31 54 59 48 28 41 33 31 34 32 143 26
internal_value=0 0.00219585 0.00109825 -0.00238754 0.0058979 0.0018112 0.000478213 -0.00150339 -0.000735198 0.00257352 0.00265396 -0.00433294 0.00318804 -0.00223713 -0.00603659 -0.00777169 -0.00495388 -0.000299868 0.00428939 0.00228962 -0.00412398 -0.005126 0.0091147 0.00807348 -0.000842455 -0.00149929 0.00627783 -0.000610037 0.00554883 0.00680448
internal_weight=0 1102 860 531 242 762 508 296 361 110 110 98 212 251 170 107 75 118 254 85 133 107 132 103 63 59 62 58 169 52
internal_count=1633 1102 860 531 242 762 508 296 361 110 110 98 212 251 170 107 75 118 254 85 133 107 132 103 63 59 62 58 169 52
cat_boundaries=0 2 3 5 6 7
cat_threshold=1219012102 292 537119170 608456768 1154 4311047 11141176
is_linear=0
shrinkage=0.0176943


Tree=142
num_leaves=22
num_cat=2
split_feature=3 8 43 42 25 32 50 32 42 16 25 33 25 32 32 16 39 16 39 16 32
split_gain=25.9178 11.5448 10.5839 7.66794 6.18883 5.95977 7.3811 4.79395 4.72392 4.68156 4.60294 6.06381 5.93922 3.56886 6.094 3.17665 3.1221 3.01069 2.35139 2.2223 1.41964
threshold=0 1 3.5000000000000004 9.5000000000000018 14.500000000000002 0.98675438761711132 0.94999998807907116 0.52803984284400951 18.500000000000004 1.0000000180025095e-35 24.500000000000004 -1.4999999999999998 26.500000000000004 0.7902592420578004 0.94160273671150219 8.2500000000000018 0.9745212495326997 4.5000000000000009 0.44913792610168463 1.0000000180025095e-35 0.97419247031211864
decision_type=9 9 8 8 8 10 10 8 10 8 10 10 10 8 8 8 8 8 10 8 8
left_child=2 3 16 17 15 8 18 9 10 -5 11 -3 -12 -9 -15 -4 20 -2 -7 -10 -1
right_child=1 5 4 7 -6 6 -8 13 19 -11 12 -13 -14 14 -16 -17 -18 -19 -20 -21 -22
leaf_value=-0.032945325848001278 0.044435438685083629 -0.0084898496269708128 -0.022059070247710054 0.018679392557716182 -0.05171187273551487 -0.044622858611552532 0.015948670018990755 -0.038465349713316305 0.0085107588928777442 0.016905016785806404 0.042361226747261845 0.035746581556157175 0.0059798834604840321 0.053504862548545216 0.004389700808390247 0.022136297408179267 -0.020628871115593354 0.02422721375768825 -0.021271958421903013 0.032777244073392733 -0.057023464453765403
leaf_weight=38 40 596 51 39 39 28 35 26 28 41 35 41 230 26 186 40 26 47 47 33 26
leaf_count=38 40 596 51 39 39 28 35 26 28 41 35 41 230 26 186 40 26 47 47 33 26
internal_value=0 0.000689691 -0.00569274 0.0031977 -0.00272202 -0.000277746 -0.00418198 0.00200307 0.000165364 0.00575008 -0.00015693 -0.000972198 0.00180275 0.000743425 0.00150228 -0.000194406 -0.0106157 0.00793121 -0.00731288 0.00493056 -0.0127163
internal_weight=0 1478 220 405 130 1073 110 318 963 80 902 637 265 238 212 91 90 87 75 61 64
internal_count=1698 1478 220 405 130 1073 110 318 963 80 902 637 265 238 212 91 90 87 75 61 64
cat_boundaries=0 4 5
cat_threshold=3893428419 2147493026 0 2048 28296
is_linear=0
shrinkage=0.0176943


Tree=143
num_leaves=26
num_cat=6
split_feature=3 13 8 13 1 35 13 22 30 25 20 20 49 20 27 25 25 35 22 27 14 14 33 25 22
split_gain=39.1141 20.2244 12.5197 15.8376 8.92555 9.6057 7.24184 11.3031 6.59741 6.51056 6.25068 5.17496 8.87659 5.04152 5.87321 4.48224 4.34271 4.11845 3.57602 7.27043 7.41946 4.03698 3.40833 2.95286 1.82869
threshold=0 1 2 3 4 2.5000000000000004 5 29.500000000000004 11.500000000000002 7.5000000000000009 237.50000000000003 74.500000000000014 9.5000000000000018 339.50000000000006 1.0000000180025095e-35 36.500000000000007 29.500000000000004 6.5000000000000009 21.500000000000004 3.5000000000000004 1.5000000000000002 4.5000000000000009 -9.4999999999999982 18.500000000000004 4.0699999332427987
decision_type=9 9 9 9 9 8 9 8 8 8 2 2 10 2 8 10 10 10 10 8 10 10 10 8 10
left_child=18 8 6 9 22 -6 7 16 -2 -4 11 -10 -13 14 -8 -11 -3 -15 19 20 -1 -21 -5 -12 -22
right_child=1 2 3 4 5 -7 13 -9 10 15 23 12 -14 17 -16 -17 -18 -19 -20 21 24 -23 -24 -25 -26
leaf_value=-0.029146066375079216 -0.052218323221996571 -0.0041190402228487048 -0.017240622098107648 -0.015586181926288039 0.053254764080834398 -0.0061047831334545451 0.012809557271016441 0.051689147222505068 -0.027469044138271646 0.033439401908812623 -0.046603044611603722 0.029378396285443281 -0.010719754278124525 -0.00012296190721974767 0.055383995417202465 0.026112377212693601 0.058339500098913442 0.063204309957527849 -0.004413634260342008 -0.065759932379194974 0.01221998022934143 -0.067952883635334027 -0.0080311261928822479 -0.031088399891998734 -0.020115544064914136
leaf_weight=27 30 161 43 69 33 380 59 30 31 166 28 49 29 52 104 43 26 27 48 41 31 42 38 44 27
leaf_count=27 30 161 43 69 33 380 59 30 31 166 28 49 29 52 104 43 26 27 48 41 31 42 38 44 27
internal_value=0 0.00102363 0.00189631 0.000497785 -0.00126862 -4.18252e-05 0.0041877 0.00163685 -0.00392302 0.004052 -0.00283487 -0.000162304 0.00226826 0.00631918 0.00835825 0.00550279 9.46079e-05 0.00291142 -0.00688956 -0.00842545 -0.00478742 -0.0121504 -0.00559525 -0.00688037 -0.00122011
internal_weight=0 1442 1231 772 520 413 459 217 211 252 181 109 78 242 163 209 187 79 216 168 85 83 107 72 58
internal_count=1658 1442 1231 772 520 413 459 217 211 252 181 109 78 242 163 209 187 79 216 168 85 83 107 72 58
cat_boundaries=0 3 5 6 7 8 10
cat_threshold=135811146 79824913 524288 880803856 5382 28422 22020135 69382 1075839275 2064
is_linear=0
shrinkage=0.0176943


Tree=144
num_leaves=20
num_cat=4
split_feature=3 3 36 2 47 23 47 21 14 21 8 37 22 21 32 32 37 32 23
split_gain=26.4524 9.44412 8.88743 9.50267 9.1566 7.52558 7.11769 6.28868 5.30138 5.85584 4.88649 4.12211 3.87071 3.85055 3.73984 5.04886 2.73376 2.4303 1.50671
threshold=0 1 2.5000000000000004 2 -10.499999999999998 -1.0000000180025095e-35 -6.4999999999999991 36.500000000000007 2.2500000000000004 27.500000000000004 3 3.5000000000000004 21.500000000000004 31.500000000000004 0.98726060986518871 0.88589513301849376 4.5000000000000009 0.62593284249305736 -1.4150000214576719
decision_type=9 9 10 9 10 10 10 2 8 2 9 10 10 2 8 10 10 10 10
left_child=7 5 3 8 10 17 -6 12 9 -3 -5 13 14 -4 15 -1 -10 -2 -16
right_child=1 2 11 4 6 -7 -8 -9 16 -11 -12 -13 -14 -15 18 -17 -18 -19 -20
leaf_value=-0.041224732218897282 0.049468281624014482 0.019921076067880489 0.025115968259581938 0.0029742304369058566 -0.032560147270994613 0.010576055584901319 0.0053663414585242977 0.0034574036724674875 -0.012728951700136172 -0.012460108766102958 0.024779585594796271 -0.04006264195117494 -0.043201066654342764 -0.019361452716403504 -0.060127097730749708 0.00056990575631897446 0.019877922644779181 0.014953467459341358 -0.058043885284518919
leaf_weight=36 32 28 35 252 41 46 78 42 151 34 594 30 38 33 26 30 29 31 36
leaf_count=36 32 28 35 252 41 46 78 42 151 34 594 30 38 33 26 30 29 31 36
internal_value=0 0.00159049 0.00114373 0.00156858 0.00234107 0.00639331 -0.00223021 -0.00503213 -0.00154468 0.00285354 0.00301176 -0.00397186 -0.00682157 -0.00156106 -0.00829369 -0.00536127 -0.00314551 0.0109523 -0.0114143
internal_weight=0 1414 1305 1207 965 109 119 208 242 62 846 98 166 68 128 66 180 63 62
internal_count=1622 1414 1305 1207 965 109 119 208 242 62 846 98 166 68 128 66 180 63 62
cat_boundaries=0 3 6 7 8
cat_threshold=881070154 67176742 1 3278896 4096 64 31024 2342
is_linear=0
shrinkage=0.0176943


Tree=145
num_leaves=21
num_cat=4
split_feature=25 13 25 25 2 2 16 25 25 25 2 21 22 34 39 19 47 39 19 25
split_gain=18.7184 18.8713 9.63812 9.76845 9.49914 8.68494 8.59471 7.28111 5.07693 10.0458 4.40134 7.01375 5.80615 5.70699 4.04953 3.45564 4.14084 3.27745 2.17702 1.85396
threshold=2.5000000000000004 0 67.500000000000014 23.500000000000004 1 2 9.2500000000000018 19.500000000000004 30.500000000000004 40.500000000000007 3 30.500000000000004 2.5000000000000004 1.2500000000000002 0.39485752582550054 13.500000000000002 -14.499999999999998 0.26713615655899053 111.00000000000001 17.500000000000004
decision_type=8 9 10 8 9 9 8 10 10 10 9 2 8 8 8 10 10 8 10 8
left_child=15 8 3 4 7 14 -6 -3 10 -10 17 12 -12 -13 -5 16 -1 -2 -7 -19
right_child=1 2 -4 5 6 18 -8 -9 9 -11 11 13 -14 -15 -16 -17 -18 19 -20 -21
leaf_value=-0.033940988923667238 -0.0048136001259407191 -0.019709252398051998 -0.084357778465671426 0.071248881705196457 0.0058576202807306505 -0.005512904653615998 -0.015900783837937232 -0.067887242856824737 0.070888347142525662 0.021742031763896032 -0.01995602445166321 0.02945081954880131 0.013392242858682044 0.0044895549603434235 0.021209930900322055 -0.018121073351668751 -0.048396229335400831 0.018423767728630389 -0.022613997645135386 0.028048787174210135
leaf_weight=28 26 238 33 28 307 111 135 29 35 37 68 43 62 76 226 45 32 58 28 48
leaf_count=28 26 238 33 28 307 111 135 29 35 37 68 43 62 76 226 45 32 58 28 48
internal_value=0 0.000467981 -0.000757215 -0.00048169 -0.00172199 0.00175588 -7.82877e-05 -0.00427972 0.00347764 0.00786328 0.00274 0.00116136 -0.00163321 0.00431176 0.00361917 -0.00724569 -0.0100255 0.00523323 -0.0017812 0.00701043
internal_weight=0 1588 1135 1102 709 393 442 267 453 72 381 249 130 119 254 105 60 132 139 106
internal_count=1693 1588 1135 1102 709 393 442 267 453 72 381 249 130 119 254 105 60 132 139 106
cat_boundaries=0 2 3 4 5
cat_threshold=3255242800 4337 36257 1295 16993
is_linear=0
shrinkage=0.0176943


Tree=146
num_leaves=26
num_cat=5
split_feature=3 13 21 37 7 7 41 13 19 27 26 41 23 33 41 19 48 21 49 41 21 49 33 21 48
split_gain=31.9009 20.0585 8.497 18.0698 10.436 7.87385 6.18772 5.32054 5.16465 5.13159 4.9922 4.30355 4.28968 4.05256 4.41029 3.89306 4.01672 3.26642 2.82469 2.67776 2.66215 2.62303 2.33243 2.71456 2.56092
threshold=0 1 31.500000000000004 7.5000000000000009 2 3 3.5000000000000004 4 14.500000000000002 8.5000000000000018 1.0000000180025095e-35 2.5000000000000004 -0.93000000715255726 1.5000000000000002 2.5000000000000004 9.5000000000000018 0.10172414034605028 38.500000000000007 1.5000000000000002 1.0000000180025095e-35 38.500000000000007 15.500000000000002 -2.4999999999999996 33.500000000000007 0.60733273625373851
decision_type=9 9 2 8 9 9 10 9 10 8 8 8 8 8 8 8 8 2 10 8 2 8 8 2 8
left_child=6 5 4 -4 12 13 10 11 19 -9 22 -6 -3 -2 -15 -7 -17 -18 -16 -5 -10 -14 -1 24 -24
right_child=1 2 3 8 7 15 -8 9 20 -11 -12 -13 21 14 18 16 17 -19 -20 -21 -22 -23 23 -25 -26
leaf_value=-0.029728533441505667 -0.012463570916821235 0.0078153657207011909 -0.041302407772161882 -0.0065205745971376669 -0.013562486058600595 -0.027812298508972048 0.0034151946416904849 0.0021622400761843867 0.066975908591523609 -0.030006429176086098 -0.063382054859086059 0.050130595109388942 0.050691666408040362 0.031884537574112005 0.028427349305612696 0.012084341465485683 -0.01517869298806666 -0.059260252296002312 -0.023166567966941276 0.033562772418505804 0.04085497003502947 0.025578957071949873 -0.037825207329422211 -0.027909366639395083 -0.017601562534782747
leaf_weight=27 27 31 46 41 28 28 36 228 115 166 32 76 40 34 38 29 245 39 30 126 48 36 41 40 43
leaf_count=27 27 31 46 41 28 28 36 228 115 166 32 76 40 34 38 29 245 39 30 126 48 36 41 40 43
internal_value=0 0.000690325 0.00212472 0.00423524 0.000848141 -0.00228547 -0.00641299 -0.000278642 0.00568348 -0.00122631 -0.00802493 0.00310404 0.00559525 0.00140018 0.00312227 -0.00367992 -0.00322219 -0.00386272 0.000520335 0.0034963 0.00792405 0.00838065 -0.00667895 -0.00770509 -0.00589755
internal_weight=0 1451 981 376 605 470 219 498 330 394 183 104 107 129 102 341 313 284 68 167 163 76 151 124 84
internal_count=1670 1451 981 376 605 470 219 498 330 394 183 104 107 129 102 341 313 284 68 167 163 76 151 124 84
cat_boundaries=0 2 4 5 6 8
cat_threshold=436488259 263491 3582790404 1346 1098884 25131 9 648
is_linear=0
shrinkage=0.0176943


Tree=147
num_leaves=26
num_cat=6
split_feature=3 7 1 7 8 10 26 47 15 48 21 48 23 15 41 23 15 21 48 42 47 35 21 15 37
split_gain=31.7801 23.8384 13.657 10.0354 8.9692 7.14273 5.88429 5.16069 7.59292 4.78163 7.28483 5.96444 5.40525 6.5308 4.37751 4.36625 6.91415 4.27893 3.49806 3.41671 3.94078 2.96193 2.85164 2.04927 1.91996
threshold=0 1 2 3 4 5 1.0000000180025095e-35 2.5000000000000004 -11.749999999999998 0.61721614003181469 33.500000000000007 0.71611723303794872 -5.2499999999999991 -1.2499999999999998 4.2500000000000009 -1.0000000180025095e-35 -2.2499999999999996 31.500000000000004 0.32719972729682928 14.500000000000002 -1.0000000180025095e-35 5.5000000000000009 30.500000000000004 -5.7499999999999991 4.5000000000000009
decision_type=9 9 9 9 9 9 10 8 10 8 2 8 10 10 8 10 10 2 10 10 8 10 2 8 10
left_child=9 5 14 7 22 15 -6 -4 -9 10 21 -11 -13 -14 24 -2 -17 18 -16 20 -7 -1 -5 -22 -3
right_child=1 2 3 4 6 19 -8 8 -10 11 -12 12 13 -15 17 16 -18 -19 -20 -21 23 -23 -24 -25 -26
leaf_value=-0.081362825250150317 0.0088897999495200133 -0.02913552405146726 -0.029307787585750651 0.0082257880263983153 0.00014513680327037109 0.059033526737126946 -0.019754959128967114 0.017313005818714325 -0.034214049682174098 0.018590393049089438 -0.02321831320070725 -0.056374799337500607 0.00048629228848612034 -0.029202509256269681 -0.039738719889589491 -0.051413082067606267 0.023866129881592816 0.010053846193784861 -0.015172920900148785 0.013392681142341861 0.045767334968978335 -0.038740868962342745 0.041808354759462145 0.034195059562749777 -0.018379633951766696
leaf_weight=30 44 26 35 112 528 26 47 46 38 28 32 30 33 31 27 40 29 29 30 47 26 26 111 166 26
leaf_count=30 44 26 35 112 528 26 47 46 38 28 32 30 33 31 27 40 29 29 30 47 26 26 111 166 26
internal_value=0 0.000625364 -0.000747638 5.72605e-05 0.000788348 0.00437787 -0.000393197 -0.00452616 -0.00252751 -0.0065949 -0.0100527 -0.00464082 -0.00677597 -0.00387014 -0.00573838 0.000431526 -0.00230767 -0.00370311 -0.00651806 0.00598371 0.00714238 -0.0139008 0.00372098 0.00626646 -0.0102067
internal_weight=0 1433 1055 917 798 378 575 119 84 210 88 122 94 64 138 113 69 86 57 265 218 56 223 192 52
internal_count=1643 1433 1055 917 798 378 575 119 84 210 88 122 94 64 138 113 69 86 57 265 218 56 223 192 52
cat_boundaries=0 3 5 6 8 9 10
cat_threshold=3506439258 3441730 1 3143239432 18 1073826305 8716352 1 45172 4145
is_linear=0
shrinkage=0.0176943


Tree=148
num_leaves=21
num_cat=4
split_feature=13 35 10 25 10 40 48 25 48 25 48 48 13 29 15 25 32 22 25 19
split_gain=23.0661 10.2651 9.97109 10.4288 9.95874 9.66629 9.07908 8.96417 8.51836 6.73379 6.4577 6.30303 6.15236 5.97445 5.70171 4.03064 3.99122 3.4544 2.12461 1.58046
threshold=0 1.0000000180025095e-35 1 38.500000000000007 2 -3.4999999999999996 0.57223114371299755 3.5000000000000004 1.0000000180025095e-35 13.500000000000002 0.89619252085685741 0.53427231311798107 3 1.2500000000000002 -1.0000000180025095e-35 33.500000000000007 0.98726060986518871 2.5000000000000004 28.500000000000004 249.50000000000003
decision_type=9 8 9 10 9 10 8 8 8 10 10 10 9 10 10 10 8 10 10 8
left_child=1 -1 9 7 6 10 -2 13 -9 -3 12 -7 15 -4 17 -6 -14 19 -11 -8
right_child=4 2 3 -5 5 11 14 8 -10 18 -12 -13 16 -15 -16 -17 -18 -19 -20 -21
leaf_value=0.059571600184433846 -0.012495796316220737 -0.047950267830432242 0.031411394777967817 -0.064863425795518709 -0.0050244279640594396 -0.043275126289570025 0.029083793258435346 -0.017030813440529664 0.017250788999462106 -0.0089517646840825971 0.036169170531818354 -0.023055658554417068 -0.033972565785261047 -0.030494908225287051 0.031272028200864839 0.022772730807427834 -0.028763889443728017 -0.0088441058686307972 0.016315021153575179 0.021361004776515796
leaf_weight=44 50 44 31 49 179 31 36 64 499 33 42 38 91 56 27 42 168 35 26 40
leaf_count=44 50 44 31 49 179 31 36 64 499 33 42 38 91 56 27 42 168 35 26 40
internal_value=0 0.00210841 0.00167674 0.00242077 -0.00208561 -0.00320907 0.00142978 0.00304882 0.00386565 -0.00328808 -0.00244055 -0.00948718 -0.00302272 -0.00223699 0.00384636 -0.000689356 -0.00480165 0.00207215 0.000299833 0.00419031
internal_weight=0 846 802 699 779 591 188 650 563 103 522 69 480 87 138 221 259 111 59 76
internal_count=1625 846 802 699 779 591 188 650 563 103 522 69 480 87 138 221 259 111 59 76
cat_boundaries=0 2 3 4 6
cat_threshold=713380283 15121 5124 1357 1141514820 68
is_linear=0
shrinkage=0.0176943


Tree=149
num_leaves=24
num_cat=2
split_feature=3 10 19 33 40 25 19 39 49 21 41 21 39 44 19 19 16 39 21 19 16 19 19
split_gain=28.4995 11.5621 6.26493 8.52341 6.02734 6.97002 6.01482 5.17954 4.70783 7.79857 4.49623 4.25245 4.24389 4.18658 5.06278 4.04861 3.80856 3.76635 3.5378 1.42062 1.23021 1.17805 0.90472
threshold=0 1 13.500000000000002 -1.0000000180025095e-35 -4.4999999999999991 6.5000000000000009 3.5000000000000004 0.97277778387069713 3.5000000000000004 34.500000000000007 1.2500000000000002 26.500000000000004 0.38061703741550451 3.5000000000000004 38.500000000000007 6.5000000000000009 13.250000000000002 0.067424245178699507 33.500000000000007 3.5000000000000004 3.7500000000000004 12.500000000000002 6.5000000000000009
decision_type=9 9 10 8 8 8 10 10 8 2 8 2 8 10 10 8 8 10 2 10 10 10 10
left_child=13 2 3 -2 7 8 11 -3 9 -6 -9 -7 -8 14 15 -1 -4 19 21 -5 -16 -17 -19
right_child=1 4 16 17 5 6 12 10 -10 -11 -12 -13 -14 -15 20 18 -18 22 -20 -21 -22 -23 -24
leaf_value=-0.026078125624644875 0.00048551081519664975 -0.0014144672340195561 -0.0074164172976755177 0.062215876118170241 -0.02542584785224572 -0.0011332169663469918 0.011930919315871171 0.0031933916332801261 -0.048790383781605468 0.027289306920363129 0.042975553649807791 0.021759595208724988 -0.0062918867662419588 -0.00086839614205261057 -0.040976923671126139 -0.067528291053173886 0.04159325625834167 0.035012000938435005 -0.041612070222652731 0.061922125270564378 -0.0074320446895858256 -0.049410747376549581 0.052885410700516562
leaf_weight=37 51 47 42 27 130 64 91 31 40 26 28 161 539 38 26 29 28 27 36 26 26 28 31
leaf_count=37 51 47 42 27 130 64 91 31 40 26 28 161 539 38 26 29 28 27 36 26 26 28 31
internal_value=0 0.000720919 0.00424063 0.00633468 -1.51605e-05 -0.000420886 0.000269031 0.00400595 -0.00343038 -0.00204154 0.0074966 0.00275234 -0.000617884 -0.00600046 -0.0073885 -0.00925492 0 0.00908562 -0.0112245 0.00567469 -0.00272177 -0.0139673 0.0122014
internal_weight=0 1389 232 162 1157 1051 855 106 196 156 59 225 630 220 182 130 70 111 93 53 52 57 58
internal_count=1609 1389 232 162 1157 1051 855 106 196 156 59 225 630 220 182 130 70 111 93 53 52 57 58
cat_boundaries=0 3 4
cat_threshold=820301842 33620672 167772160 18536
is_linear=0
shrinkage=0.0176943


Tree=150
num_leaves=25
num_cat=4
split_feature=7 2 14 9 1 25 23 15 48 42 14 25 20 46 48 30 20 25 20 40 46 46 20 15
split_gain=22.9199 19.2468 13.8318 13.4467 10.9801 10.9107 10.2004 10.5836 8.7744 6.2524 5.19215 5.086 7.03915 4.93359 4.88654 4.57577 4.44724 5.38683 3.99608 3.84018 2.64876 1.96578 4.76496 1.65689
threshold=0 1 7.2500000000000009 2 3 19.500000000000004 -7.2499999999999991 -1.0000000180025095e-35 0.88774341344833385 6.5000000000000009 5.5000000000000009 41.500000000000007 258.50000000000006 0.96693986654281627 0.60733273625373851 10.500000000000002 186.50000000000003 25.500000000000004 172.50000000000003 -12.499999999999998 0.98709622025489818 0.90161287784576427 186.50000000000003 -5.7499999999999991
decision_type=9 9 10 9 9 10 8 8 10 10 8 8 2 10 8 8 2 8 2 10 8 8 2 10
left_child=2 16 10 5 9 8 -6 -8 13 14 21 12 -7 -3 -5 -4 20 19 -12 23 -2 -1 -23 -18
right_child=1 3 15 4 6 11 7 -9 -10 -11 18 -13 -14 -15 -16 -17 17 -19 -20 -21 -22 22 -24 -25
leaf_value=0.039994690286164446 0.0012466666959367796 -0.027255932481438622 -0.020442618424026202 -0.066685481587821713 -0.050067984313627127 -0.0047158895353631809 0.02245111987685873 0.0029729802649982847 0.014562502701934068 -0.040767174630604142 0.019370189248768575 -0.035329829609198761 0.047918208134216392 -0.027702540627504681 0.011234053308713418 0.023976231211650049 -0.066180553776778173 -0.0080699607183811212 0.08260225014909818 -0.028834954302501166 -0.027896538521973716 -0.013481954955246903 0.02009564401956276 -0.048236785291332483
leaf_weight=37 33 127 35 39 33 50 223 417 34 33 32 34 36 44 28 49 45 26 32 27 51 47 31 34
leaf_count=37 33 127 35 39 33 50 223 417 34 33 32 34 36 44 28 49 45 26 32 27 51 47 31 34
internal_value=0 -0.00155024 0.00408317 -0.000574898 0.00070053 -0.00353877 0.00152847 0.00204587 -0.00612802 -0.00450367 0.00701809 0.000589757 0.00288019 -0.00776029 -0.00184842 -0.001685 -0.00626324 -0.00857854 0.0110576 -0.0103487 -0.00337002 0.00476943 0.00317557 -0.0123176
internal_weight=0 1314 263 1098 773 325 673 640 205 100 179 120 86 171 67 84 216 132 64 106 84 115 78 79
internal_count=1577 1314 263 1098 773 325 673 640 205 100 179 120 86 171 67 84 216 132 64 106 84 115 78 79
cat_boundaries=0 1 2 3 4
cat_threshold=1133122592 39744 406905119 2137089
is_linear=0
shrinkage=0.0176943


Tree=151
num_leaves=27
num_cat=5
split_feature=13 9 35 35 32 32 9 13 35 19 32 32 32 13 35 19 19 35 24 35 28 41 41 19 19 19
split_gain=29.6933 14.2821 10.5381 10.1558 10.2655 8.37642 10.8277 10.5262 7.66614 7.15059 6.48312 6.45847 6.49783 6.62377 4.76841 5.00078 4.13317 4.10437 3.957 3.77275 4.79455 3.32218 2.84375 2.58817 2.38345 1.22824
threshold=0 1 1.0000000180025095e-35 15.500000000000002 0.92619824409484874 0.033060109242796905 2 3 2.5000000000000004 92.500000000000014 0.70064935088157665 0.81233519315719616 0.36088341474533087 4 15.500000000000002 17.500000000000004 314.50000000000006 12.500000000000002 3.2500000000000004 16.500000000000004 12.500000000000002 1.0000000180025095e-35 6.5000000000000009 132.50000000000003 136.50000000000003 241.50000000000003
decision_type=9 9 8 8 8 10 9 9 10 8 8 10 10 9 8 8 8 10 8 10 10 10 8 10 10 10
left_child=11 3 -3 10 -5 7 17 9 -8 -4 -2 12 13 18 -15 -16 25 -7 23 20 22 -12 -13 -1 -9 -6
right_child=1 2 5 4 16 6 8 24 -10 -11 21 19 -14 14 15 -17 -18 -19 -20 -21 -22 -23 -24 -25 -26 -27
leaf_value=0.027748772168725299 -0.039326703872375017 0.067888057045573713 -0.047519877794764208 0.057283309746843425 -0.013159564713670894 0.010920591520649347 -0.02477288822540831 0.028701887858006359 0.0030116337849463038 0.010971240396523054 -0.018683479244107584 0.01356931776367822 -0.025969898790260623 0.0015714857157639829 -0.054087902058238595 -0.037143510688516318 0.063566596876631881 0.030988375973014477 -0.024317255613614464 0.024500384647722692 -0.028292046387978564 0.012841760737279362 -0.0048527127433822884 -0.01451684102954973 0.045689675976714667 -0.060565942654162722
leaf_weight=50 32 40 32 31 44 72 99 227 247 86 39 32 51 27 29 129 28 32 37 33 32 26 40 34 55 27
leaf_count=50 32 40 32 31 44 72 99 227 247 86 39 32 51 27 29 129 28 32 37 33 32 26 40 34 55 27
internal_value=0 0.00158572 0.00259513 -0.00231436 0.000816597 0.00220656 0.000550475 0.0040696 -0.000994033 -0.000552899 -0.00674882 -0.00358092 -0.0049067 -0.00393196 -0.00589785 -0.00739091 -0.00196586 0.00527688 -0.000405175 -0.000387431 -0.00204148 -0.00353842 0.000491431 0.001685 0.00581714 -0.00423619
internal_weight=0 1117 890 227 130 850 450 400 346 118 97 494 357 306 185 158 99 104 121 137 104 65 72 84 282 71
internal_count=1611 1117 890 227 130 850 450 400 346 118 97 494 357 306 185 158 99 104 121 137 104 65 72 84 282 71
cat_boundaries=0 2 3 4 5 6
cat_threshold=605655236 17539 377758496 3752065 272638978 538447876
is_linear=0
shrinkage=0.0176943


Tree=152
num_leaves=20
num_cat=2
split_feature=13 17 13 41 19 16 19 30 19 49 49 30 49 49 19 32 41 49 32
split_gain=18.4655 15.2306 8.97484 9.51238 5.97395 5.94938 6.48318 5.92127 6.12222 5.96817 5.87215 6.66242 4.01142 3.89332 5.32659 2.32281 2.78737 2.02246 1.1848
threshold=0 15.500000000000002 1 4.2500000000000009 308.50000000000006 3.2500000000000004 12.500000000000002 6.5000000000000009 15.500000000000002 15.500000000000002 1.5000000000000002 6.5000000000000009 13.500000000000002 9.5000000000000018 16.500000000000004 0.98095065355300914 3.5000000000000004 8.5000000000000018 0.96128869056701671
decision_type=9 10 9 10 10 8 8 8 10 10 8 8 10 10 10 8 8 8 10
left_child=10 2 3 5 7 12 -7 8 -4 -9 18 -12 -2 15 -15 16 -13 -17 -1
right_child=1 -3 4 -5 -6 6 -8 9 -10 -11 11 13 -14 14 -16 17 -18 -19 -20
leaf_value=-0.0059208214407210462 -0.011762888178120488 0.093059267232746268 0.0057062859403717078 -0.033541940256429703 0.064265836363764567 0.020762520147863214 -0.014017661118986984 -0.0029966678380699725 0.066978523936531739 0.03548792078392899 0.034490537405398466 0.018613322019524231 -0.066439321675799509 -0.0046753621511267784 0.028194029399231438 0.0029935974758021505 0.026267788339917105 0.051018266202251063 0.009153511257470574
leaf_weight=27 103 32 92 34 36 66 139 626 28 71 28 29 29 48 41 34 49 80 27
leaf_count=27 103 32 92 34 36 66 139 626 28 71 28 29 29 48 41 34 49 80 27
internal_value=0 0.00011181 -0.000202382 -0.00246135 0.000799615 -0.00162762 0.000258922 0.000498118 0.00412839 -0.000126927 0.00460136 0.00566889 -0.00455734 0.00484847 0.00178914 0.00626646 0.00861944 0.00465607 -0.000655219
internal_weight=0 1256 1224 371 853 337 205 817 120 697 363 309 132 281 89 192 78 114 54
internal_count=1619 1256 1224 371 853 337 205 817 120 697 363 309 132 281 89 192 78 114 54
cat_boundaries=0 2 4
cat_threshold=710183168 4100 1361183376 10352
is_linear=0
shrinkage=0.0176943


Tree=153
num_leaves=30
num_cat=4
split_feature=7 13 25 8 35 48 14 25 43 15 34 8 14 41 46 34 50 34 29 15 32 35 14 35 25 32 25 32 14
split_gain=25.9768 15.57 10.004 9.92029 9.83141 6.98317 6.05907 10.9108 5.8885 5.55891 7.31588 5.5031 5.70768 7.07799 5.437 5.13828 4.60411 4.42138 4.85388 3.80443 4.63158 3.65536 2.99332 10.4625 2.87177 2.20892 1.26694 1.81799 0.85691
threshold=0 1 18.500000000000004 2 18.500000000000004 0.41712453961372381 5.5000000000000009 3.5000000000000004 2.5000000000000004 -2.7499999999999996 1.0000000180025095e-35 3 19.500000000000004 9.5000000000000018 0.037617925554513938 1.2500000000000002 0.35416667163372045 2.2500000000000004 9.5000000000000018 -5.7499999999999991 0.92414653301239025 14.500000000000002 5.5000000000000009 15.500000000000002 34.500000000000007 0.98229950666427623 51.500000000000007 0.96128869056701671 8.5000000000000018
decision_type=9 9 10 9 10 8 8 10 8 8 10 9 8 8 10 8 8 8 8 10 10 10 8 10 10 8 10 8 10
left_child=3 4 11 19 9 8 14 28 -5 17 24 12 -3 -14 25 -9 -13 -2 -19 -1 -21 -18 23 -4 -11 -7 27 -24 -8
right_child=1 2 22 5 -6 6 7 15 -10 10 -12 16 13 -15 -16 -17 21 18 -20 20 -22 -23 26 -25 -26 -27 -28 -29 -30
leaf_value=0.052401078160011917 -0.052875339411854232 -0.010738096015288062 0.039075547598191873 0.013688921701275978 0.0089721808594106934 0.013472030233790917 0.014387564796009455 0.040853125435916092 -0.032968332268170468 -0.038882449284387201 -0.059375555591863513 -0.048355432262578518 0.032828883169650963 0.0018471306363578971 -0.015648530364781574 0.024868585456008785 -0.019707536972078867 0.021495961978067107 -0.024471839140198296 0.036893757099831254 0.0065394373100382411 0.015349449145331529 0.012219715314859124 -0.00067272728567860222 0.013831010162577172 0.034011167497901576 0.053349413043700444 -0.011108497608862166 -0.026355205695813552
leaf_weight=43 36 38 43 39 29 47 56 27 41 177 33 41 29 52 38 100 231 26 43 38 32 39 29 43 26 26 49 74 28
leaf_count=43 36 38 43 39 29 47 56 27 41 177 33 41 29 52 38 100 231 26 43 38 32 39 29 43 26 26 49 74 28
internal_value=0 -0.00141823 0.000208777 0.00340399 -0.00428378 0.00197553 0.00318708 0.0049475 -0.00265387 -0.0052407 -0.00674759 -0.00139905 0.00178303 0.00458696 -0.00015938 0.00821967 -0.00259068 -0.00185354 0.000769206 0.00791158 0.00606594 -0.0018349 0.00312241 0.0057604 -0.00549111 0.00266596 0.00162964 0.000515312 0
internal_weight=0 1038 668 515 370 402 322 211 80 341 236 430 119 81 111 127 311 105 69 113 70 270 238 86 203 73 152 103 84
internal_count=1553 1038 668 515 370 402 322 211 80 341 236 430 119 81 111 127 311 105 69 113 70 270 238 86 203 73 152 103 84
cat_boundaries=0 1 3 4 5
cat_threshold=1646452024 2354922944 82 25232 3660
is_linear=0
shrinkage=0.0176943


Tree=154
num_leaves=25
num_cat=4
split_feature=13 46 22 10 21 13 25 13 21 33 27 22 49 22 47 19 19 19 25 21 21 21 19 21
split_gain=21.4447 17.865 12.2839 8.53876 6.64275 7.33191 6.05163 7.55775 5.62169 6.4116 5.69558 5.05759 4.79848 4.7559 4.03281 3.97791 2.11473 2.0898 2.07466 1.8614 1.3434 1.08459 0.792939 0.451848
threshold=0 1.0000000180025095e-35 94.500000000000014 1 40.500000000000007 2 30.500000000000004 3 33.500000000000007 -3.4999999999999996 1.5000000000000002 0.75000000000000011 11.500000000000002 3.1649999618530278 -2.4999999999999996 10.500000000000002 13.500000000000002 72.500000000000014 26.500000000000004 27.500000000000004 32.500000000000007 28.500000000000004 44.500000000000007 25.500000000000004
decision_type=9 8 8 9 2 9 8 9 2 10 8 10 10 10 10 10 10 10 10 2 2 2 10 2
left_child=6 18 3 11 5 -5 7 13 9 10 -9 12 -3 15 -13 -1 -10 19 -2 -8 -21 23 -6 -4
right_child=1 2 21 4 22 -7 17 8 16 -11 -12 14 -14 -15 -16 -17 -18 -19 -20 20 -22 -23 -24 -25
leaf_value=0.029661093711764192 0.031062404744844323 -0.019034466853517545 0.0067953081307495725 -0.023308735791905982 -0.052649378612536726 -0.007049920802001875 0.01412906375849165 0.014388970235556808 0.027209871922074903 0.031273838989642685 -0.032384982263567112 0.024144582424137046 0.01223210571040256 -0.05053827024331408 -0.0034967451422610756 -0.0056390593346194121 0.031777846899379292 0.054065364477165506 0.087450849545636075 0.063629602799260665 0.021573440014117876 0.032292259542781553 -0.056983889996319113 0.019122147069487866
leaf_weight=36 26 57 31 124 27 637 29 79 30 34 79 98 34 34 30 37 41 31 27 28 30 51 26 34
leaf_count=36 26 57 31 124 27 637 29 79 30 34 79 98 34 34 30 37 41 31 27 28 30 51 26 34
internal_value=0 -0.00102194 -0.00149376 -0.00210685 -0.00292038 -0.00253437 0.00333983 0.00229542 0.00382392 0.002396 0.000895858 0.00100444 -0.00213867 -0.00166344 0.00331747 0.000727062 0.00822321 0.00689731 0.00901277 0.00549083 0.0073208 0.00396569 -0.00901277 0.00244967
internal_weight=0 1202 1149 1033 814 761 488 370 263 192 158 219 91 107 128 73 71 118 53 87 58 116 53 65
internal_count=1690 1202 1149 1033 814 761 488 370 263 192 158 219 91 107 128 73 71 118 53 87 58 116 53 65
cat_boundaries=0 2 3 5 7
cat_threshold=440469728 6369 16969 8405512 4 96 4096
is_linear=0
shrinkage=0.0176943


Tree=155
num_leaves=22
num_cat=3
split_feature=3 9 9 42 35 16 23 35 49 20 48 48 23 49 49 49 20 16 33 35 48
split_gain=21.9613 25.2267 13.1946 9.40728 11.152 7.33376 5.63736 8.30536 6.61025 5.33907 5.20214 6.99513 3.08599 7.55854 3.04474 2.96232 6.15546 2.80494 2.76835 2.52115 1.22591
threshold=0 1 2 2.5000000000000004 21.500000000000004 17.250000000000004 -1.4150000214576719 6.5000000000000009 4.5000000000000009 181.50000000000003 0.44507937133312231 0.80116280913352977 -1.0000000180025095e-35 6.5000000000000009 4.5000000000000009 7.5000000000000009 218.50000000000003 1.7500000000000002 -16.499999999999996 8.5000000000000018 0.50087109208107006
decision_type=9 9 9 8 10 10 8 8 10 2 8 8 10 10 10 10 2 10 10 8 10
left_child=6 10 9 -4 5 -5 7 -1 19 12 18 -12 17 -14 -11 16 -13 -3 -2 -8 -9
right_child=1 2 3 4 -6 -7 8 20 -10 14 11 15 13 -15 -16 -17 -18 -19 -20 -21 -22
leaf_value=-0.0085046361373689785 -0.029129390593729525 0.030508226392354759 0.047014173541853721 -0.0016932390097176456 0.039452255485575002 0.016419121943092647 -0.01444018722111004 -0.07591142275254896 -0.027728904306735264 0.055336082480354667 -0.05235306723125905 0.035466686836516929 -0.009050113368652692 0.014348634065959794 0.028405706758918084 -0.052423172082460799 -0.033775805466825334 0.015079160241691194 0.026359830895704983 0.012886607702718449 -0.085378037338659729
leaf_weight=26 26 33 35 862 39 43 27 26 50 28 30 28 38 63 44 34 86 50 26 50 26
leaf_count=26 26 33 35 862 39 43 27 26 50 28 30 28 38 63 44 34 86 50 26 50 26
internal_value=0 0.000539821 0.00154912 0.000590399 0.000262411 -0.000136858 -0.00551383 -0.00952675 -0.0034829 0.00505535 -0.00471831 -0.00636171 0.00365409 0.00157658 0.00933765 -0.00478198 -0.00341444 0.00618176 0 -0.000229749 -0.013609
internal_weight=0 1465 1235 979 944 905 205 78 127 256 230 178 184 101 72 148 114 83 52 77 52
internal_count=1670 1465 1235 979 944 905 205 78 127 256 230 178 184 101 72 148 114 83 52 77 52
cat_boundaries=0 2 4 5
cat_threshold=1442903041 49512 468856896 32 67209610
is_linear=0
shrinkage=0.0176943


Tree=156
num_leaves=30
num_cat=6
split_feature=3 13 8 42 48 8 13 48 28 28 48 34 32 32 42 34 49 42 35 28 2 49 32 36 34 34 49 24 49
split_gain=34.8666 31.9127 11.157 12.0777 7.89204 7.61255 7.56949 7.43635 5.20892 8.12787 4.12451 6.44405 3.78748 3.27326 3.23063 3.15202 3.04769 2.77621 2.73905 5.59597 2.69371 4.9704 7.13936 3.55882 2.58263 2.12072 1.72135 0.562533 0.438962
threshold=0 1 2 2.5000000000000004 0.37897555530071264 3 4 0.90586933493614208 15.500000000000002 7.5000000000000009 0.30825792253017431 3.5000000000000004 0.67242920398712169 0.33541667461395269 3.5000000000000004 1.0000000180025095e-35 -1.4999999999999998 20.500000000000004 9.5000000000000018 15.500000000000002 5 4.5000000000000009 0.84475743770599376 1.0000000180025095e-35 1.0000000180025095e-35 3.5000000000000004 18.500000000000004 5.5850000381469735 22.500000000000004
decision_type=9 9 9 8 10 9 9 10 8 10 8 8 8 10 8 10 10 8 8 8 9 10 8 8 10 10 8 8 8
left_child=4 2 3 -2 17 6 18 10 9 25 11 -4 13 -5 -12 16 -8 -1 -3 -20 27 23 -23 -22 -14 -6 -19 28 -7
right_child=1 5 7 12 8 20 15 -9 -10 -11 14 -13 24 -15 -16 -17 -18 26 19 -21 21 22 -24 -25 -26 -27 -28 -29 -30
leaf_value=-0.056287875384103875 0.037902623229154782 -0.033746138000826445 0.027861705036916873 -0.0057324251170657228 0.00060061231168747383 -0.0081374759312364594 -0.0008349432197160676 -0.0033344535681463271 0.014278851399737863 -0.050107833015854253 0.0081452094538794605 -0.019093332491709671 -0.01262722027569365 0.012725162290936254 0.041828992016973723 -0.003266206851860548 0.026595153833670861 -0.033295892575578051 0.0066669299690774522 -0.034757825005883584 -0.038324803702114496 -0.021213615674485497 0.0044556261330319247 -0.035900091821125635 -0.017617955217720624 -0.02136170064507802 -0.069314519483427914 0.0067050308300650651 -0.016717832544565995
leaf_weight=29 30 27 28 47 30 33 35 39 32 32 28 45 113 31 232 40 91 29 29 57 30 45 84 208 34 29 29 37 80
leaf_count=29 30 27 28 47 30 33 35 39 32 32 28 45 113 31 232 40 91 29 29 57 30 45 84 208 34 29 29 37 80
internal_value=0 1.23463e-05 0.00297215 6.67618e-05 -0.00756001 -0.00232701 6.12177e-05 0.00490982 -0.00503463 -0.00719376 0.00589795 0.00218124 -0.00133685 0.0018146 0.00694139 0.00241274 0.00393181 -0.0119985 -0.00330847 -0.00205727 -0.00359252 -0.00445867 -0.00178303 -0.00609614 -0.00300906 -0.00329849 -0.00976108 -0.001327 -0.00203547
internal_weight=0 1423 627 255 210 796 279 372 123 91 333 73 225 78 260 166 126 87 113 86 517 367 129 238 147 59 58 150 113
internal_count=1633 1423 627 255 210 796 279 372 123 91 333 73 225 78 260 166 126 87 113 86 517 367 129 238 147 59 58 150 113
cat_boundaries=0 3 5 6 7 9 10
cat_threshold=348128330 2149587106 8650752 710316968 3741 13105 35794 25616 96 1128
is_linear=0
shrinkage=0.0176943


Tree=157
num_leaves=31
num_cat=5
split_feature=25 2 8 25 25 2 49 49 8 25 28 28 44 49 28 46 28 2 28 39 39 17 25 25 25 25 17 17 25 24
split_gain=16.1634 11.8474 8.60595 8.06602 8.02352 6.52901 6.4163 6.02713 5.80731 5.07046 4.90854 4.37424 4.13954 8.16465 3.80664 3.45703 2.98108 2.88735 4.79175 4.42531 2.76835 2.51394 2.14257 5.39713 2.02755 1.88249 1.02324 0.932693 0.594736 0.0506312
threshold=31.500000000000004 0 1 40.500000000000007 3.5000000000000004 2 14.500000000000002 2.5000000000000004 3 9.5000000000000018 15.500000000000002 10.500000000000002 13.500000000000002 4.5000000000000009 9.5000000000000018 0.59677821397781383 12.500000000000002 4 6.5000000000000009 0.97350877523422252 0.55396828055381786 4.5000000000000009 73.500000000000014 59.500000000000007 50.500000000000007 34.500000000000007 6.5000000000000009 7.5000000000000009 37.500000000000007 -1.0000000180025095e-35
decision_type=8 9 9 10 10 9 8 8 9 10 8 8 8 10 10 10 8 9 10 8 10 8 10 8 10 8 10 8 10 10
left_child=1 8 5 25 16 6 14 11 9 -1 -9 -6 13 -7 -3 -14 -4 19 27 -10 -20 -21 23 24 -5 -2 -11 -19 29 -27
right_child=3 2 4 22 7 12 -8 10 17 26 -12 -13 15 -15 -16 -17 -18 18 20 21 -22 -23 -24 -25 -26 28 -28 -29 -30 -31
leaf_value=-0.012431523024198761 0.063106834577733084 -0.030548339211391967 -0.032488127749771244 -0.015185441203805333 0.024808595097651084 0.0020670443525322565 -0.023955118730122373 -0.0078721052903616851 -0.040410723032298493 -0.043656437302719987 0.01166427121162289 0.015531058431853964 -0.0022090323725388536 -0.02398071424163355 0.0047575533016305143 0.01059325418480405 -0.00056825281438422357 -0.045415869944745231 0.0041924670330958829 -0.012743758638533092 -0.0054503077172838995 0.047040601743345879 0.042243101120988689 -0.059534371143092103 0.057535648781688431 0.028123479518698053 -0.018970762759431308 -0.031763139379667599 0.085411976375882312 0.0076549971308329185
leaf_weight=45 32 26 36 48 34 60 37 137 36 28 296 46 191 40 43 31 26 40 26 44 26 29 28 27 27 182 29 33 26 32
leaf_count=45 32 26 36 48 34 60 37 137 36 28 296 46 191 40 43 31 26 40 26 44 26 29 28 27 27 182 29 33 26 32
internal_value=0 -0.000964654 1.74652e-05 0.00308103 0.00142157 -0.00185827 -0.00549096 0.00217294 -0.00378423 -0.00726679 0.0013485 0.00663471 -0.000532942 -0.00353857 -0.0028205 0.000797004 -0.00456569 -0.00203042 -0.00380077 0.000148666 0 0.00266596 -0.000544393 -0.00173459 0.000707676 0.00481374 -0.0114842 -0.00702849 0.00427597 0.00396866
internal_weight=0 1339 1003 402 575 428 106 513 336 102 433 80 322 100 69 222 62 234 125 109 52 73 130 102 75 272 57 73 240 214
internal_count=1741 1339 1003 402 575 428 106 513 336 102 433 80 322 100 69 222 62 234 125 109 52 73 130 102 75 272 57 73 240 214
cat_boundaries=0 1 2 3 4 5
cat_threshold=964832 29475 1538 5641 32864
is_linear=0
shrinkage=0.0176943


Tree=158
num_leaves=31
num_cat=4
split_feature=3 13 39 2 19 15 21 15 32 15 21 39 47 46 48 25 39 25 32 28 28 19 24 13 32 25 25 48 39 21
split_gain=33.6583 28.1304 12.8266 12.1132 10.6931 8.94901 8.3157 6.90102 7.0198 6.57357 6.3632 6.24249 12.826 7.68519 5.54609 5.68141 6.92398 5.98399 5.2826 4.83157 3.48319 3.34381 3.12514 2.67098 3.55347 2.53206 2.23306 3.57045 2.56102 1.47357
threshold=0 1 0.98795005679130565 2 12.500000000000002 -1.2499999999999998 32.500000000000007 -6.4999999999999991 0.27020861208438879 -3.2499999999999996 31.500000000000004 0.70064935088157665 -1.0000000180025095e-35 0.96026313304901134 0.5308423936367036 14.500000000000002 0.97700846195220958 25.500000000000004 0.96178188920021068 6.5000000000000009 6.5000000000000009 13.500000000000002 0.76500001549720775 3 0.86949115991592418 7.5000000000000009 5.5000000000000009 0.64346247911453258 0.97633051872253429 34.500000000000007
decision_type=9 9 10 9 10 8 2 10 10 10 2 10 8 8 10 8 8 10 10 10 10 8 10 9 10 10 10 8 8 2
left_child=2 4 10 20 14 9 11 21 -9 19 26 13 -13 -5 15 16 -2 -17 -16 -6 25 -8 -12 29 -25 -3 -1 -28 -29 -7
right_child=1 3 -4 6 5 23 7 8 -10 -11 22 12 -14 -15 18 17 -18 -19 -20 -21 -22 -23 -24 24 -26 -27 27 28 -30 -31
leaf_value=-0.053802089515176954 0.013107650795555139 0.049516306320322202 0.0046222756055866419 0.040627142445776081 -0.0092990351378357851 -0.0057631046287051173 -0.00023480562973855675 0.065292069174386111 0.035550029019666307 -0.063486224553935919 -0.03342777371643952 0.04514580590000019 -0.027361945179509524 0.020924753201039602 -0.0023407032869469384 0.013417773770234332 -0.022959226128883393 -0.011520274407793879 0.030155045411487773 -0.045267695109477021 -0.019099866232839574 0.030880391985443695 -0.0017400021618337754 -0.01807446601106347 0.0069743130988756579 -0.01160404472849288 -0.047175572102499626 -0.0017704755817707929 -0.040548691824000428 0.021868193256045523
leaf_weight=29 26 29 36 61 40 68 32 41 41 33 27 34 67 197 27 177 47 63 39 29 35 66 35 151 28 42 37 26 29 37
leaf_count=29 26 29 36 61 40 68 32 41 41 33 27 34 67 197 27 177 47 63 39 29 35 66 35 151 28 42 37 26 29 37
internal_value=0 0.000897167 -0.00641299 0.00359284 -0.00139269 -0.00348377 0.00467328 0.00786378 0.0116512 -0.00797917 -0.00860505 0.00320362 -0.000525515 0.00466346 0.000700282 -0.000282643 -0.00460486 0.00103213 0.00536127 -0.00487178 -0.00183031 0.00469402 -0.00399497 -0.00186906 -0.00308934 0.000249163 -0.0109668 -0.00961565 -0.00675505 0.000461543
internal_weight=0 1410 219 645 765 386 539 180 82 102 183 359 101 258 379 313 73 240 66 69 106 98 62 284 179 71 121 92 55 105
internal_count=1629 1410 219 645 765 386 539 180 82 102 183 359 101 258 379 313 73 240 66 69 106 98 62 284 179 71 121 92 55 105
cat_boundaries=0 2 4 5 7
cat_threshold=3779100930 2164788999 347577423 78 131144 8389642 64
is_linear=0
shrinkage=0.0176943


Tree=159
num_leaves=27
num_cat=6
split_feature=3 13 9 32 33 13 8 32 19 2 14 18 28 39 18 19 14 33 19 32 28 42 32 39 14 19
split_gain=31.9398 22.5217 10.154 9.98219 16.283 7.36533 6.73092 7.86257 6.27365 6.09597 5.89366 5.83203 5.65003 5.39715 5.05938 7.04305 4.7937 6.11258 3.98947 3.56134 3.2635 3.25335 2.76835 1.52008 0.791323 0.68803
threshold=0 1 2 0.97660738229751598 -4.4999999999999991 3 4 0.97385507822036754 6.5000000000000009 5 92.500000000000014 2.5000000000000004 9.5000000000000018 0.98346996307373058 1.5000000000000002 8.5000000000000018 3.5000000000000004 -3.4999999999999996 149.50000000000003 0.53390806913375866 12.500000000000002 10.500000000000002 0.98009902238845836 0.94935896992683422 12.500000000000002 3.5000000000000004
decision_type=9 9 9 10 10 9 9 8 10 9 8 8 10 8 10 8 10 10 8 8 10 8 8 10 8 10
left_child=14 2 8 4 6 11 7 -3 25 -8 19 13 -10 -4 15 22 -5 -18 -12 -7 24 -19 -1 -16 -17 -2
right_child=1 3 5 16 -6 10 9 -9 12 -11 18 -13 -14 -15 23 20 17 21 -20 -21 -22 -23 -24 -25 -26 -27
leaf_value=-0.0096067765068900725 0.030295046809282172 0.027261664000418993 -0.0064877154153637536 -0.031351658776264328 0.028949653177894281 0.035640698023760881 0.0014688910072244499 -0.012527466799047766 0.064240057103560316 -0.020848121194311574 -0.03307833991665167 0.015653246175083169 -0.0056793430400241349 -0.047505005881161841 -0.044967388545785858 -0.043692327050551878 0.017981066221630503 -0.02075220501331165 0.012228742645234637 0.021550980231162319 -0.019820467586907559 -0.036330454042099621 0.015592859242889886 -0.056108019953040572 -0.061897198609106488 0.036475892326962203
leaf_weight=26 26 56 41 31 28 64 213 44 31 316 53 39 28 28 30 32 34 28 84 189 29 39 26 31 38 26
leaf_count=26 26 56 41 31 28 64 213 44 31 316 53 39 28 28 30 32 34 28 84 189 29 39 26 31 38 26
internal_value=0 0.000527807 0.00305858 -0.00143944 -0.000565561 0.00188085 -0.00115334 0.00289521 0.00774989 -0.00193682 0.00300796 -0.00209917 0.00449795 -0.00538461 -0.00669489 -0.00527285 -0.00589774 -0.00402907 0.000129135 0.00468569 -0.00804223 -0.00712971 0 -0.0113113 -0.0101099 0.0129286
internal_weight=0 1398 609 789 657 498 629 100 111 529 390 108 59 69 212 151 132 101 137 253 99 67 52 61 70 52
internal_count=1610 1398 609 789 657 498 629 100 111 529 390 108 59 69 212 151 132 101 137 253 99 67 52 61 70 52
cat_boundaries=0 3 5 6 7 8 9
cat_threshold=2754221192 71305601 134217728 2387210657 11411 1147274 53504 624 24970
is_linear=0
shrinkage=0.0176943


Tree=160
num_leaves=32
num_cat=5
split_feature=7 1 9 25 7 23 21 25 25 8 14 14 14 42 35 48 36 48 48 14 14 25 48 48 42 42 35 35 21 25 25
split_gain=24.5105 12.7055 9.9199 9.19103 8.62278 5.87781 5.25981 6.87549 5.20001 5.05864 4.77945 9.33256 5.68817 5.32425 4.91287 4.73574 4.41715 4.24738 6.30102 4.15009 4.08583 3.18238 2.79566 2.64589 2.44565 2.80014 2.03119 1.2891 1.22367 1.02537 0.691157
threshold=0 1 2 17.500000000000004 3 -1.0000000180025095e-35 32.500000000000007 31.500000000000004 34.500000000000007 4 3.5000000000000004 8.5000000000000018 55.250000000000007 8.5000000000000018 17.500000000000004 0.17752101272344592 1.0000000180025095e-35 0.90121948719024669 0.39043444395065313 16.500000000000004 15.500000000000002 33.500000000000007 0.83438816666603099 0.32719972729682928 9.5000000000000018 21.500000000000004 6.5000000000000009 15.500000000000002 28.500000000000004 35.500000000000007 52.500000000000007
decision_type=9 9 9 8 9 10 2 10 8 9 10 10 10 10 10 8 8 10 10 8 8 10 8 10 8 8 10 8 2 8 8
left_child=2 22 3 17 24 9 26 -8 10 19 13 27 -13 16 -15 -7 -4 18 -1 -6 -11 -17 23 -2 -3 -26 29 -12 -10 -5 -30
right_child=1 4 8 6 5 15 7 -9 28 20 11 12 -14 14 -16 21 -18 -19 -20 -21 -22 -23 -24 -25 25 -27 -28 -29 30 -31 -32
leaf_value=-0.025988240698007033 -0.047201506921657234 -0.0035822684271025603 0.022264291898533229 0.017323563934621058 -0.0038099169146517831 0.016954937264579802 0.056749864692275422 -0.006241386583511377 0.09722663885081384 0.0036492985316355516 0.035158690131750533 0.0024525563181363999 0.045252300069951366 -0.0088151831379776387 0.0078202784971636765 -0.0026106610126423332 0.0013636998889838829 -0.031990227331561309 0.0081447760504182124 0.023743596515760988 -0.033780412147225707 0.035929729601590188 -0.074581050077305172 -0.021621716299033505 -0.034942341863090837 -0.03660845445773369 -0.0039645002090350915 0.033794367063527231 0.059291267071829225 -0.038945301745169109 0.10391835242228564
leaf_weight=46 36 29 53 39 30 47 28 26 30 58 31 135 30 49 29 207 60 26 34 84 143 68 34 39 31 48 29 29 26 26 26
leaf_count=46 36 29 53 39 30 47 28 26 30 58 31 135 30 49 29 207 60 26 34 84 143 68 34 39 31 48 29 29 26 26 26
internal_value=0 -0.0021708 0.00218273 -0.000670211 -0.00128897 -0.00046491 0.00215188 0.0065525 0.00362239 -0.00219066 0.00289227 0.00463967 0.00246635 0.000833719 -0.00272191 0.00120889 0.00328808 -0.00467361 -0.00265387 0.000856108 -0.00377352 0.000321698 -0.00758277 -0.00636928 -0.00569778 -0.00783847 -0.000376424 0.0106152 0.00776749 0.00136091 0.00612403
internal_weight=0 854 752 254 745 637 148 54 498 315 416 225 165 191 78 322 113 106 80 114 201 275 109 75 108 79 94 60 82 65 52
internal_count=1606 854 752 254 745 637 148 54 498 315 416 225 165 191 78 322 113 106 80 114 201 275 109 75 108 79 94 60 82 65 52
cat_boundaries=0 2 3 4 6 7
cat_threshold=1093301241 36 131188 189400133 583270400 576 541
is_linear=0
shrinkage=0.0176943


Tree=161
num_leaves=17
num_cat=1
split_feature=28 28 8 22 19 21 28 48 25 21 28 40 40 20 42 21
split_gain=9.12356 8.24896 8.31481 11.064 8.66659 8.11772 10.5256 6.80439 6.61015 4.94834 4.9075 10.8801 7.22065 4.13656 3.78469 4.92141
threshold=1.0000000180025095e-35 21.500000000000004 0 40.500000000000007 163.00000000000003 35.500000000000007 9.5000000000000018 0.34698997437953955 28.500000000000004 34.500000000000007 7.5000000000000009 -3.4999999999999996 -2.4999999999999996 447.50000000000006 25.500000000000004 30.500000000000004
decision_type=8 10 9 10 10 2 8 10 8 2 8 10 10 2 8 2
left_child=8 2 3 5 10 7 -7 -2 -1 13 12 -12 -4 -6 15 -3
right_child=1 14 4 -5 9 6 -8 -9 -10 -11 11 -13 -14 -15 -16 -17
leaf_value=0.0083349209923960534 -0.0073553061715823853 -0.010994075848089079 -0.033725629922461246 0.023620571721261044 0.0095437128139674119 -0.030559949946845532 0.046351028523469374 0.0058949414691695417 0.11168773839461608 -0.0014941171082564803 -0.0034343548705712758 -0.027941690244179994 0.0011856141435742347 0.099827864673512984 0.070109452453039872 0.043697045790304541
leaf_weight=38 351 26 102 30 27 27 88 192 30 50 488 58 55 29 30 26
leaf_count=38 351 26 102 30 27 27 88 192 30 50 488 58 55 29 30 26
internal_value=0 0.000145676 -0.000153655 0.00126748 -0.00136108 0.000806717 0.00507714 -9.77535e-05 0.00676469 0.00333829 -0.00208906 -0.00129626 -0.00484596 0.00695037 0.00560985 0.00272177
internal_weight=0 1579 1497 688 809 658 115 543 68 106 703 546 157 56 82 52
internal_count=1647 1579 1497 688 809 658 115 543 68 106 703 546 157 56 82 52
cat_boundaries=0 1
cat_threshold=6958
is_linear=0
shrinkage=0.0176943


Tree=162
num_leaves=22
num_cat=5
split_feature=3 9 13 39 47 32 14 13 2 25 20 49 32 47 22 14 22 49 14 20 50
split_gain=27.3685 19.6212 17.2324 6.93417 6.8248 9.4095 6.81743 6.56249 6.23615 9.70611 5.20499 4.93296 4.6746 3.97373 3.31681 3.45343 3.09327 3.54789 2.22191 1.66729 1.55941
threshold=0 1 2 0.56330129504203807 -8.4999999999999982 0.9745212495326997 29.500000000000004 3 4 28.500000000000004 355.50000000000006 13.500000000000002 0.27020861208438879 -9.4999999999999982 18.500000000000004 5.5000000000000009 1.0000000180025095e-35 2.5000000000000004 11.250000000000002 121.50000000000001 0.4083333313465119
decision_type=9 9 9 8 8 8 10 9 9 8 2 8 10 10 8 10 8 8 8 2 10
left_child=3 12 8 18 -4 6 -6 -7 9 11 -11 -3 -2 -14 15 -10 -5 20 -1 -19 -18
right_child=1 2 4 16 5 7 -8 -9 14 10 -12 -13 13 -15 -16 -17 17 19 -20 -21 -22
leaf_value=-0.014090406998535396 0.020824843255878332 0.022184979669563249 -0.027496174805468215 -0.024799674970206843 0.00088479970269904633 -0.044063112756061402 0.034119904685223933 -0.010136409358800145 -0.0078285280319952931 0.077566947574412154 0.056049195163188854 -0.011117398133278014 0.014280151902765534 0.046378105084014416 -0.048425724510672133 0.019384111946369905 -0.025809753918987884 -0.031409678432414115 0.01149098391425619 -0.060885191063559434 -0.051498474083047648
leaf_weight=27 49 125 31 32 257 116 27 437 74 44 45 53 34 27 38 43 30 29 28 37 33
leaf_count=27 49 125 31 32 257 116 27 437 74 44 45 53 34 27 38 43 30 29 28 37 33
internal_value=0 0.000527059 -0.000108886 -0.00610666 -0.00153161 -0.00124725 0.00137064 -0.00259171 0.00278515 0.00440747 0.00934336 0.00218683 0.00737214 0.0113113 -0.000107222 0.00136099 -0.00824228 -0.00946381 -0.000964978 -0.012331 -0.00645902
internal_weight=0 1400 1290 216 868 837 284 553 422 267 89 178 110 61 155 117 161 129 55 66 63
internal_count=1616 1400 1290 216 868 837 284 553 422 267 89 178 110 61 155 117 161 129 55 66 63
cat_boundaries=0 3 4 6 7 8
cat_threshold=1753224213 2166826 8388608 1146716160 1796790536 4 2433058 8207
is_linear=0
shrinkage=0.0176943


Tree=163
num_leaves=34
num_cat=5
split_feature=13 9 2 13 14 35 42 37 14 25 19 25 48 25 19 13 25 25 48 42 25 42 14 25 14 25 23 19 41 48 25 25 19
split_gain=29.1752 13.4322 12.7837 9.39979 8.29386 11.0244 7.38363 7.03161 6.95018 6.10273 6.76139 5.05569 4.78864 4.60378 4.59105 4.42158 10.8357 4.17385 5.95263 6.62415 3.93502 5.23095 4.48175 3.51034 3.23774 2.88353 2.76648 2.61761 2.57772 1.52136 1.12669 0.690168 0.511338
threshold=0 1 2 3 60.500000000000007 5.5000000000000009 19.500000000000004 8.5000000000000018 3.5000000000000004 7.5000000000000009 16.500000000000004 32.500000000000007 0.21557659655809405 26.500000000000004 7.5000000000000009 4 46.500000000000007 19.500000000000004 0.64093536138534557 11.500000000000002 14.500000000000002 2.5000000000000004 8.5000000000000018 20.500000000000004 14.500000000000002 38.500000000000007 -0.43000000715255732 92.500000000000014 1.0000000180025095e-35 0.37232102453708654 34.500000000000007 15.500000000000002 11.500000000000002
decision_type=9 9 9 9 8 10 8 10 10 8 10 8 10 10 10 9 8 8 10 8 8 10 10 10 8 8 8 10 10 8 10 10 10
left_child=1 6 4 8 5 13 12 14 31 10 28 27 -1 26 -7 20 29 18 19 -5 22 -22 -11 -8 32 -26 -2 -6 -3 -17 -13 -4 -19
right_child=2 9 3 17 11 7 23 -9 -10 15 -12 30 -14 -15 -16 16 -18 24 -20 -21 21 -23 -24 -25 25 -27 -28 -29 -30 -31 -32 -33 -34
leaf_value=0.011207760150589816 0.032207593467879797 -0.059740942729029689 0.029988985669074739 -0.039152489798352529 -0.039363023266130955 -0.0076333321726022888 0.054645682570915941 0.034787951634609501 -0.0044341050650392325 0.012988359441974427 -0.0085223633092496361 0.018879999267525018 -0.022045019405554287 0.10684629901876781 0.010191198620173135 -0.066865207391297712 0.025974956791899598 0.023120211270476483 0.0010314259223963024 -0.026394662739212271 -0.0061340946992884636 -0.016421908815975474 -0.013646991734403952 0.01812689860599535 -0.018175351929081277 0.0039585082330977558 0.011826215873785668 0.0015849057946517096 -0.027034445862070561 -0.046824229987629633 0.064286304596768748 0.051329123472410414 0.011168331954147761
leaf_weight=30 81 32 26 34 51 57 27 38 51 32 40 61 44 35 73 31 44 26 50 102 134 51 35 38 26 78 88 38 30 97 28 26 27
leaf_count=30 81 32 26 34 51 57 27 38 51 32 40 61 44 35 73 31 44 26 50 102 134 51 35 38 26 78 88 38 30 97 28 26 27
internal_value=0 -0.00306697 0.0016885 -0.000543232 0.00347561 0.00504181 0.0017812 0.00168508 0.00391439 -0.00435748 -0.00832609 0.000397597 -0.00191268 0.007806 -0.000272189 -0.0035054 -0.00563859 -0.00195484 -0.00380506 -0.00572429 -0.00175586 -0.00315614 0.00184842 0.00626031 0.000112685 -0.00170123 0.00659578 -0.00258432 -0.011985 -0.00857015 0.0033795 0.00884584 0.00367185
internal_weight=0 665 996 446 550 372 139 168 103 526 102 178 74 204 130 424 172 343 186 136 252 185 67 65 157 104 169 89 62 128 89 52 53
internal_count=1661 665 996 446 550 372 139 168 103 526 102 178 74 204 130 424 172 343 186 136 252 185 67 65 157 104 169 89 62 128 89 52 53
cat_boundaries=0 2 3 4 6 8
cat_threshold=3296779632 5984 116873 410675 407175168 130 2147518576 800
is_linear=0
shrinkage=0.0176943


Tree=164
num_leaves=22
num_cat=5
split_feature=7 25 42 44 2 2 8 8 42 25 17 32 32 42 32 25 32 44 32 20 20
split_gain=23.3495 22.3905 12.2716 11.3948 10.0069 8.06266 7.5883 5.89083 8.26491 6.75383 5.86865 5.37564 5.02329 8.8891 4.99943 4.92071 4.07421 3.84556 4.76613 2.87965 1.50377
threshold=0 31.500000000000004 21.500000000000004 5.5000000000000009 1 2 3 4 9.5000000000000018 9.5000000000000018 11.500000000000002 0.98540067672729503 0.96961539983749401 1.5000000000000002 0.6012820601463319 34.500000000000007 0.44658119976520544 7.5000000000000009 0.97752526402473461 308.50000000000006 136.50000000000003
decision_type=9 8 10 8 9 9 9 9 8 8 10 10 8 10 8 8 10 8 10 2 2
left_child=1 5 3 11 6 10 14 9 -9 -6 17 -2 16 -14 -5 -8 -7 -1 -19 -3 -18
right_child=2 19 -4 4 7 12 15 8 -10 -11 -12 -13 13 -15 -16 -17 20 18 -20 -21 -22
leaf_value=0.040048993269331958 -0.024787361833273208 0.1225119834663143 0.041556739862488111 0.034630249761558679 -0.053413942110127927 0.013477882391557505 -0.014123275135285916 0.027636897770904244 0.0031939253907928072 -0.0031477505383086832 -0.029823428659680226 -0.021970343461662198 0.04330699304909854 -0.015046030884305516 -0.0041612935290021909 -0.075540772454246438 0.030482260823981124 0.012143702865695714 -0.040492787043226744 0.067054141278430374 0.052326696208898266
leaf_weight=37 45 48 35 28 35 32 213 65 549 77 28 45 50 35 77 36 26 123 38 26 29
leaf_count=37 45 48 35 28 35 32 213 65 549 77 28 45 50 35 77 36 26 123 38 26 29
internal_value=0 0.0038912 -0.00071359 -0.00102838 -0.000524269 0.00231176 -0.00291657 0.000673142 0.00136108 -0.00290051 0 -0.0070771 0.00505529 0.00228962 0.00107696 -0.00457714 0.00833794 0.00107233 -0.000109886 0.0129107 0.0112584
internal_weight=0 472 1205 1170 1080 398 354 726 614 112 226 90 172 85 105 249 87 198 161 74 55
internal_count=1677 472 1205 1170 1080 398 354 726 614 112 226 90 172 85 105 249 87 198 161 74 55
cat_boundaries=0 2 3 4 5 6
cat_threshold=556455744 12 347092 59 2672 4928
is_linear=0
shrinkage=0.0176943


Tree=165
num_leaves=28
num_cat=4
split_feature=3 13 39 7 25 25 21 46 46 25 13 42 15 21 25 15 42 42 25 25 39 24 24 15 40 15 21
split_gain=23.2574 22.1131 13.972 11.2192 8.74175 9.95173 10.248 8.40306 9.77894 7.88122 7.74522 7.52079 6.58908 6.3404 6.18831 5.72512 5.0168 4.46303 4.03242 3.75575 3.47869 2.48229 4.33195 2.17356 1.63395 1.22966 0.666136
threshold=0 1 0.95803990960121166 2 32.500000000000007 8.5000000000000018 34.500000000000007 0.97036874294281017 0.98786765336990368 10.500000000000002 3 4.5000000000000009 -8.2499999999999982 27.500000000000004 9.5000000000000018 -6.4999999999999991 15.500000000000002 17.500000000000004 39.500000000000007 13.500000000000002 0.77888888120651256 0.76500001549720775 3.5700000524520878 -1.7499999999999998 -6.4999999999999991 -14.749999999999998 30.500000000000004
decision_type=9 9 8 9 10 8 2 8 8 8 9 8 10 2 10 8 8 10 10 8 10 10 10 8 10 10 2
left_child=14 3 11 4 5 25 -7 17 -9 21 12 -3 -11 -13 15 -1 -15 23 -10 -12 26 -4 -23 -5 -17 -2 -16
right_child=1 2 9 7 -6 6 -8 8 18 10 19 13 -14 16 20 24 -18 -19 -20 -21 -22 22 -24 -25 -26 -27 -28
leaf_value=-0.010218799925421476 0.025460715731205404 0.06382018590642885 -0.049133189526541034 0.028276763654236602 0.04684112244327869 -0.00021255645571729577 -0.025501440950218196 -0.011580250471475173 0.027781569069167143 -0.0065942697801988619 0.031515763245832717 -0.015977977597102139 0.031365573009429999 -0.0042848825547536287 -0.0030646360543189299 -0.052779507135603226 0.039395458098479087 0.050738603500114783 -0.0072841428100243674 -0.022828250772242476 -0.016664343075524266 -0.008816166297967231 -0.051741850283020391 0.080886377633524395 -0.050375079389692302 0.01110057715494076 0.0053064618234810951
leaf_weight=34 26 26 29 29 37 111 39 28 280 80 31 47 47 30 34 45 57 34 36 213 32 79 54 57 32 26 26
leaf_count=34 26 26 29 29 37 111 39 28 280 80 31 47 47 30 34 45 57 34 36 213 32 79 54 57 32 26 26
internal_value=0 0.00120813 -0.00103194 0.00339984 0.00021317 -0.00122628 -0.00353866 0.00500209 0.00370336 -0.00242338 -0.00100154 0.00353868 0.0024538 0.00184854 -0.00506718 -0.00812924 0.00467737 0.00914145 0.00459143 -0.00278641 -0.00192311 -0.00567937 -0.00465611 0.00699478 -0.0107993 0.00544358 0.000589705
internal_weight=0 1396 693 703 239 202 150 464 344 533 371 160 127 134 203 111 87 120 316 244 92 162 133 86 77 52 60
internal_count=1599 1396 693 703 239 202 150 464 344 533 371 160 127 134 203 111 87 120 316 244 92 162 133 86 77 52 60
cat_boundaries=0 2 4 6 7
cat_threshold=2701279978 68160 2420228066 14982 10785046 2 76955649
is_linear=0
shrinkage=0.0176943


Tree=166
num_leaves=23
num_cat=4
split_feature=1 7 22 23 14 40 9 7 15 40 22 24 30 15 41 14 41 32 35 14 32 32
split_gain=16.2744 14.4467 14.1437 8.8206 8.06836 8.05174 7.58913 7.75091 6.40303 5.41673 5.37709 4.92112 4.83378 9.2388 4.81552 4.31572 3.47619 3.45826 2.76832 2.28624 2.12613 0.608674
threshold=0 1 9.2500000000000018 -0.43000000715255732 24.500000000000004 -8.4999999999999982 2 3 -4.4999999999999991 -6.4999999999999991 3.1649999618530278 1.5699999928474428 7.5000000000000009 -3.2499999999999996 1.0000000180025095e-35 5.5000000000000009 5.5000000000000009 0.68703359365463268 7.5000000000000009 2.2500000000000004 0.77704679965972911 0.62163743376731884
decision_type=9 9 10 8 10 8 9 9 10 10 8 10 8 8 8 8 10 10 8 10 10 8
left_child=4 2 3 -2 9 15 12 11 10 14 -5 -8 18 -14 17 -3 -9 -1 -7 -10 21 -16
right_child=1 5 -4 8 -6 6 7 16 19 -11 -12 -13 13 -15 20 -17 -18 -19 -20 -21 -22 -23
leaf_value=0.014911575576818839 0.0080334698176746308 0.023163984872825449 -0.058786433545440255 0.021122054195479908 0.057833488758049785 -0.0066554242330376275 0.0078493381659792503 -0.0025364031156839303 -0.047620637129100994 -0.029674772122075463 -0.028447414784492739 0.01308791448468867 -0.021542391751658077 -0.0128976932891165 0.012348347591411644 0.037444062098732751 -0.036432595490379686 0.033848828021595605 0.021461163913605696 -0.046442053293776153 -0.0152748059224518 0.014204837974181608
leaf_weight=33 48 26 50 38 40 26 214 665 28 27 33 45 36 142 26 28 29 31 26 26 34 36
leaf_count=33 48 26 50 38 40 26 214 665 28 27 33 45 36 142 26 28 29 31 26 26 34 36
internal_value=0 -0.000890725 -0.004936 -0.0027614 0.00410613 -0.000127703 -0.000433752 0.000275607 -0.00523718 0.00274391 -0.0017443 0.00282837 -0.00324384 -0.00477128 0.00398101 0.0065525 -0.000703739 0.00774032 0.00136087 -0.00982877 0.00147439 0.00342426
internal_weight=0 1460 223 173 227 1237 1183 953 125 187 71 259 230 178 160 54 694 64 52 54 96 62
internal_count=1687 1460 223 173 227 1237 1183 953 125 187 71 259 230 178 160 54 694 64 52 54 96 62
cat_boundaries=0 1 3 4 5
cat_threshold=747766820 38046272 8 13010148 406519945
is_linear=0
shrinkage=0.0176943


Tree=167
num_leaves=27
num_cat=4
split_feature=1 7 28 23 8 34 16 50 17 48 7 23 16 33 14 28 23 17 28 34 39 28 16 39 17 14
split_gain=22.3599 18.3736 11.9569 8.90457 8.36503 7.5388 5.64731 7.00704 5.54777 7.2727 6.34421 8.56464 6.3283 4.87646 4.6263 3.65268 3.62496 3.305 2.96488 3.35147 2.63177 2.54278 2.21002 1.91304 1.41066 1.3278
threshold=0 1 21.500000000000004 -17.749999999999996 2 3.5000000000000004 1.7500000000000002 0.17424242943525317 5.5000000000000009 0.53427231311798107 3 -5.2499999999999991 5.2500000000000009 -4.4999999999999991 8.5000000000000018 6.5000000000000009 -10.835000038146971 11.500000000000002 3.5000000000000004 1.0000000180025095e-35 0.98473194241523754 9.5000000000000018 2.2500000000000004 0.35873246192932134 9.5000000000000018 34.500000000000007
decision_type=9 9 8 10 9 10 10 8 8 8 9 10 10 10 10 8 10 8 10 8 8 10 8 10 10 10
left_child=6 8 3 -3 13 -6 18 -8 12 -10 11 -11 21 -5 -9 -14 -4 -12 -1 23 22 -2 -18 -20 -22 -17
right_child=1 2 16 4 5 -7 7 14 9 10 17 -13 15 -15 -16 25 20 -19 19 -21 24 -23 -24 -25 -26 -27
leaf_value=0.029830859806746487 -0.026273413087743391 -0.048303986341266786 0.024609875134579337 0.01530658304700201 -0.019201206338330157 0.0084097545373673088 0.023378680398826578 0.010241497585950905 0.040789927823527049 0.054322393324349717 0.029625505864502119 -0.011428662852044727 -0.0015211033136297565 -0.011239643318374159 -0.026400997416229584 0.032493361730230118 -0.0034547699076211773 0.039267080303932715 0.070145469667052193 0.065077789795377636 -0.009580830561861934 0.00086246531158005394 0.023679878574123098 0.021680499702360002 -0.014829614389343744 0.016901045247833677
leaf_weight=41 46 36 134 78 266 51 26 26 43 35 33 82 28 40 33 29 29 88 26 26 258 26 38 32 27 28
leaf_count=41 46 36 134 78 266 51 26 26 43 35 33 82 28 40 33 29 29 88 26 26 258 26 38 32 27 28
internal_value=0 -0.000919339 -0.00228724 -0.00432018 -0.00362014 -0.00503219 0.00514724 0.00187332 0.00205376 0.00358913 0.00237898 -0.000696569 -0.000563473 0.000552899 -0.00149929 0.00270592 -0.00036407 0.00499732 0.007785 0.00968884 -0.00130693 -0.00442309 0.00184842 0.0073208 -0.00204875 0.00527652
internal_weight=0 1395 957 471 435 317 210 85 438 281 238 117 157 118 59 85 486 121 125 84 352 72 67 58 285 57
internal_count=1605 1395 957 471 435 317 210 85 438 281 238 117 157 118 59 85 486 121 125 84 352 72 67 58 285 57
cat_boundaries=0 2 3 4 5
cat_threshold=2359263296 8 1664643 7296 1122817
is_linear=0
shrinkage=0.0176943


Tree=168
num_leaves=28
num_cat=6
split_feature=1 1 9 46 9 14 48 27 36 20 14 20 4 48 28 15 28 48 46 28 28 15 28 48 16 28 6
split_gain=23.0332 11.8291 9.817 7.87962 7.10075 15.0927 5.74312 7.75445 8.17968 6.57436 5.69445 7.40853 5.43969 5.26508 4.913 4.30682 4.15721 5.3051 3.84431 3.27478 3.21102 4.04296 3.10707 3.0784 2.39908 1.92194 1.92059
threshold=0 1 2 0.33541667461395269 3 40.500000000000007 0.62426471710205089 3.5000000000000004 1.0000000180025095e-35 144.50000000000003 7.2500000000000009 135.50000000000003 4 0.31267458200454717 5.5000000000000009 -0.74999999999999989 3.5000000000000004 0.58397436141967785 0.9495762586593629 9.5000000000000018 10.500000000000002 -1.2499999999999998 5.5000000000000009 0.10172414034605028 2.2500000000000004 1.5000000000000002 5
decision_type=9 9 9 10 9 8 10 10 8 2 10 2 9 8 8 8 10 8 10 10 8 10 10 8 8 10 9
left_child=3 6 15 10 5 18 7 8 9 -2 20 -12 -10 -5 -8 26 23 -18 -4 -15 -1 -22 -17 -6 -16 -13 -3
right_child=1 2 4 13 16 -7 14 -9 12 -11 11 25 -14 19 24 22 17 -19 -20 -21 21 -23 -24 -25 -26 -27 -28
leaf_value=0.0062037642627445645 -0.024954810116172375 -0.01311328774087884 0.052434842688033251 0.042905769194619969 0.027402936727644218 -0.033822477662379766 0.019612585107235035 -0.050835116542118378 0.011368412312996146 -0.0081819157996025245 0.026292899233088765 -0.026131890709093105 -0.031462647302783579 0.047542705472363139 -0.015334729449810559 -0.073065474059896371 0.0077460503179663381 -0.014898740013276998 0.010216515081039872 0.017118310487079302 0.015805386029941432 0.041747855722765258 0.0090519075144134369 0.0026616829684177313 -0.00016124567098155582 -0.033504137810842827 -0.022876939024376382
leaf_weight=29 35 26 48 29 26 33 31 46 28 30 26 26 43 30 30 37 98 165 26 38 28 39 26 579 30 26 26
leaf_count=29 35 26 48 29 26 33 31 46 28 30 26 26 43 30 30 37 98 165 26 38 28 39 26 579 30 26 26
internal_value=0 -0.000837668 0 0.00472254 0.000592796 0.00468791 -0.00406394 -0.00602746 -0.00390292 -0.00843781 0.00264385 -0.000907288 0.000249163 0.00893764 -0.000583259 -0.00467099 4.03033e-05 -0.00181646 0.00956348 0.00624433 0.00552901 0.00765784 -0.00196577 0.000848141 -0.00353839 -0.00476313 -0.00884584
internal_weight=0 1363 1090 271 975 107 273 182 136 65 174 78 71 97 91 115 868 263 74 68 96 67 63 605 60 52 52
internal_count=1634 1363 1090 271 975 107 273 182 136 65 174 78 71 97 91 115 868 263 74 68 96 67 63 605 60 52 52
cat_boundaries=0 1 3 4 5 6 7
cat_threshold=4068520 2642 5 27263122 1131784 1 1
is_linear=0
shrinkage=0.0176943


Tree=169
num_leaves=22
num_cat=4
split_feature=9 7 20 4 41 32 7 35 15 20 39 30 20 19 32 20 35 32 19 40 41
split_gain=16.3503 12.3601 8.91588 6.98956 6.86977 6.73596 6.12497 7.167 5.08545 5.7026 5.06862 4.68439 4.31125 3.94936 5.2463 3.71246 3.62947 3.06871 4.75749 2.46989 2.16094
threshold=0 1 53.500000000000007 2 1.2500000000000002 0.68703359365463268 3 18.500000000000004 -2.7499999999999996 69.500000000000014 0.93257576227188121 7.5000000000000009 577.50000000000011 10.500000000000002 0.7838827669620515 103.50000000000001 18.500000000000004 0.11189358308911325 77.500000000000014 -2.4999999999999996 14.500000000000002
decision_type=9 9 2 9 10 10 9 10 8 2 10 8 2 10 10 2 8 10 8 8 8
left_child=2 5 -1 -4 13 17 12 8 11 -10 -9 -8 15 16 -15 -3 -5 18 -2 -7 -21
right_child=1 6 3 4 -6 19 7 10 9 -11 -12 -13 -14 14 -16 -17 -18 -19 -20 20 -22
leaf_value=-0.013022489332189186 -0.036826602446798348 0.0080908756075434608 0.035246474738118261 0.018275578213247556 -0.028933993300838536 -0.028441835244235814 0.019488278487579599 0.034890700312079852 -0.026398063160999598 -0.0041309268037585459 -0.011992191990199757 0.0011678726488912276 -0.0093122137826997745 0.01847688898995116 -0.0088253876029978206 0.040923282498981882 0.045548539576471037 0.014752158165952319 -0.0012597291951230477 -0.01312088870956229 -0.054843264043708491
leaf_weight=33 38 34 41 44 33 32 50 49 71 623 26 170 34 92 32 45 48 37 48 34 27
leaf_count=33 38 34 41 44 33 32 50 49 71 623 26 170 34 92 32 45 48 37 48 34 27
internal_value=0 -0.000612899 0.00377256 0.00488104 0.00376613 -0.00438427 0.000159118 -0.000301099 -0.000735639 -0.00147875 0.00495388 0.00160851 0.00388386 0.00491489 0.00285373 0.00649473 0.00769252 -0.00187 -0.00370311 -0.00818055 -0.0060907
internal_weight=0 1318 323 290 249 216 1102 989 914 694 75 220 113 216 124 79 92 123 86 93 61
internal_count=1641 1318 323 290 249 216 1102 989 914 694 75 220 113 216 124 79 92 123 86 93 61
cat_boundaries=0 1 3 4 5
cat_threshold=70764556 295977600 4 2 1077942288
is_linear=0
shrinkage=0.0176943


Tree=170
num_leaves=30
num_cat=7
split_feature=13 1 13 14 25 10 13 35 13 40 25 32 32 40 46 14 22 47 27 27 46 35 32 32 25 18 14 13 25
split_gain=22.7881 10.0737 13.2033 10.0412 9.73271 9.6858 7.05745 6.65529 5.7184 14.2943 9.26045 8.74605 6.54501 5.41968 7.89911 4.87467 4.68349 3.536 4.14982 4.78942 4.07794 3.37271 3.12739 4.14622 2.44038 5.42589 3.05374 1.97657 0.927002
threshold=0 1 2 22.500000000000004 3.5000000000000004 3 4 4.5000000000000009 5 -1.4999999999999998 11.500000000000002 0.6012820601463319 0.53390806913375866 -6.4999999999999991 0.85037314891815197 1.5000000000000002 3.1649999618530278 -2.4999999999999996 1.0000000180025095e-35 8.5000000000000018 0.077350430190563216 17.500000000000004 0.40487939119338995 0.98757717013359081 9.5000000000000018 1.5000000000000002 7.2500000000000009 6 13.500000000000002
decision_type=9 9 9 8 8 9 9 10 9 8 10 8 10 10 8 10 10 8 10 10 10 8 8 8 10 10 10 9 10
left_child=5 2 15 8 -5 16 7 -6 9 -3 21 -12 -11 14 -7 -2 28 -4 20 -20 -19 -10 -16 -24 25 -17 -26 -8 -1
right_child=1 3 17 4 6 13 27 -9 10 12 11 -13 -14 -15 22 24 -18 18 19 -21 -22 -23 23 -25 26 -27 -28 -29 -30
leaf_value=-0.0067335454201382285 -0.021896811811783237 -0.029501520892860969 -0.035612122525982289 -0.05850696728801251 0.059019804725369787 0.050988049459905899 -0.001885701963799609 -0.043068943002690881 0.026420090302904049 -0.015072817245443678 0.037137043572139448 -0.010407370105480334 0.016381170457302696 -0.001447665393254041 0.042827061051989981 -0.013705625648560416 -0.019866415699096317 -0.037540295684669135 -0.040048162411201238 -0.027102900627697282 0.015411644197059648 0.077541363352709114 -0.016509551723787697 0.061024882439409275 0.041082081037824243 0.015239641147883955 0.0019879829273996251 -0.014197459741158745 0.011028674773265103
leaf_weight=32 41 27 34 26 77 48 101 33 26 50 76 110 29 42 29 70 27 90 73 32 34 30 31 103 37 36 47 235 52
leaf_count=32 41 27 34 26 77 48 101 33 26 50 76 110 29 42 29 70 27 90 73 32 34 30 31 103 37 36 47 235 52
internal_value=0 -0.00125623 -0.00322985 -4.26341e-05 -0.00172441 0.00369017 -0.00111083 0.00265396 0.00223715 -0.0012202 0.00365108 0.00190252 0.0024635 0.00558395 0.00696005 -7.34101e-05 -0.000731108 -0.00589792 -0.00533128 -0.00791971 -0.0031391 0.0101096 0.00510178 0.00396117 0.00111748 -0.000667644 0.00337002 -0.00235236 0.00126374
internal_weight=0 1314 494 820 472 364 446 110 348 106 242 186 79 253 211 231 111 263 229 105 124 56 163 134 190 106 84 336 84
internal_count=1678 1314 494 820 472 364 446 110 348 106 242 186 79 253 211 231 111 263 229 105 124 56 163 134 190 106 84 336 84
cat_boundaries=0 2 3 4 5 6 7 8
cat_threshold=537199169 10763 33598399 201895316 4103 46120 4380688 1115684994
is_linear=0
shrinkage=0.0176943


Tree=171
num_leaves=24
num_cat=4
split_feature=3 13 48 8 16 28 42 28 35 35 2 28 27 28 25 41 29 16 25 16 46 35 15
split_gain=30.3858 20.4822 8.11839 8.00218 13.3028 11.6826 7.91862 7.21153 7.61022 6.04848 7.34962 8.18369 5.71541 5.51028 4.83749 11.2386 4.46736 7.05784 5.12486 3.26447 2.86046 1.90158 1.80849
threshold=0 1 0.2674796879291535 2 1.2500000000000002 14.500000000000002 4.5000000000000009 16.500000000000004 19.500000000000004 1.5000000000000002 3 6.5000000000000009 1.0000000180025095e-35 10.500000000000002 5.5000000000000009 9.5000000000000018 2.5000000000000004 11.250000000000002 10.500000000000002 1.0000000180025095e-35 0.11803405731916429 4.5000000000000009 -2.2499999999999996
decision_type=9 9 10 9 8 10 10 10 8 8 9 10 10 10 10 8 10 10 10 8 10 10 10
left_child=2 7 22 4 5 -3 21 9 20 -2 11 -11 -12 14 15 -4 17 18 -5 -10 -9 -6 -1
right_child=1 3 13 16 6 -7 -8 8 19 10 12 -13 -14 -15 -16 -17 -18 -19 -20 -21 -22 -23 -24
leaf_value=-0.05077093829656934 0.017882532283090224 0.073030304048495628 0.021347412559991744 0.028007562607425786 -0.034262672571751959 -0.0015005701110453523 0.013974841234049941 0.013915309397033135 0.018751273243626014 0.0073131300626905898 -0.030803906024732389 -0.033087201073321158 -0.0058017548475890685 0.0044865420710833454 -0.037100048207838257 -0.042674197262720599 0.026596878438223781 -0.035271792216269887 0.018223676885339317 -0.018599257227415893 0.032721716338286848 -0.011876133496608102 -0.046429102586165054
leaf_weight=30 48 37 28 122 80 40 36 32 29 163 270 62 89 35 50 33 33 50 290 26 27 34 34
leaf_count=30 48 37 28 122 80 40 36 32 29 163 270 62 89 35 50 33 33 50 290 26 27 34 34
internal_value=0 0.000454923 -0.0065949 0.00256225 -0.000223963 0.00574431 -0.00330275 -0.00159153 0.00248323 -0.00235174 -0.00284801 -0.000225869 -0.00436353 -0.00460511 -0.00653526 -0.00319035 0.0038191 0.00344687 0.00420875 -0.00225166 0.00689687 -0.00558728 -0.0121634
internal_weight=0 1468 210 722 227 77 150 746 114 632 584 225 359 146 111 61 495 462 412 55 59 114 64
internal_count=1678 1468 210 722 227 77 150 746 114 632 584 225 359 146 111 61 495 462 412 55 59 114 64
cat_boundaries=0 2 4 5 6
cat_threshold=143053836 2170128 12362707 36601 1315 41889
is_linear=0
shrinkage=0.0176943


Tree=172
num_leaves=24
num_cat=6
split_feature=1 7 10 1 7 47 32 42 20 37 20 47 19 47 36 42 30 20 32 5 32 19 19
split_gain=19.7924 12.8749 12.7412 7.85097 8.62652 7.81973 7.64825 6.22865 5.49629 5.17532 5.84949 3.53051 4.11236 3.17992 3.16088 5.05677 4.1633 2.37197 2.33497 2.37147 6.30866 6.23886 4.6887
threshold=0 1 2 3 4 -2.4999999999999996 0.51282894611358654 3.5000000000000004 64.500000000000014 2.5000000000000004 83.500000000000014 -19.499999999999996 18.500000000000004 1.0000000180025095e-35 3.5000000000000004 14.500000000000002 13.500000000000002 128.50000000000003 0.15122927725315097 5 0.93257576227188121 92.500000000000014 11.500000000000002
decision_type=9 9 9 9 9 8 8 10 2 10 2 10 8 8 8 10 8 2 8 9 10 10 10
left_child=5 9 14 7 6 -1 -5 17 -6 10 -2 12 -12 -11 15 16 -3 -4 -7 22 21 -21 -20
right_child=1 2 3 4 8 18 -8 -9 -10 13 11 -13 -14 -15 -16 -17 -18 -19 19 20 -22 -23 -24
leaf_value=0.051846324191217812 -0.01457694247955765 0.0064211487114032946 0.0091503384958799769 0.0020962356583120842 -0.027274038215646109 0.038285739714429223 -0.025833853420925697 -0.032676703183617935 0.0080078617084196856 0.036376600218937696 0.02736023454410973 -0.028125982159889752 0.0019030866942061934 0.011657002092731669 -0.027661208407353602 -0.017143713702042537 -0.025900767259094258 -0.059639406923494412 -0.022313335464355016 -0.030333467659984726 0.025499385892700097 0.025891312528956798 0.039370428912261834
leaf_weight=26 41 27 28 51 85 29 273 48 436 29 96 33 111 48 38 27 37 30 39 28 28 44 31
leaf_count=26 41 27 28 51 85 29 273 48 436 29 96 33 111 48 38 27 37 30 39 28 28 44 31
internal_value=0 -0.00124641 -0.00220771 -0.00145456 -0.000848487 0.00429166 -0.00307258 -0.00579601 0.000566471 0.00163476 0.000566698 0.00162192 0.00247881 0.00574431 -0.00725552 -0.0060272 -0.00331726 -0.00244024 0.00328976 0.00249789 0.00424629 0.00147434 0
internal_weight=0 1438 1080 951 845 225 324 106 521 358 281 240 207 77 129 91 64 58 199 170 100 72 70
internal_count=1663 1438 1080 951 845 225 324 106 521 358 281 240 207 77 129 91 64 58 199 170 100 72 70
cat_boundaries=0 2 4 5 6 8 9
cat_threshold=414384224 10 2155529984 25 45074 33608064 268773383 128 1
is_linear=0
shrinkage=0.0176943


Tree=173
num_leaves=35
num_cat=4
split_feature=2 7 10 17 20 20 20 35 35 20 2 20 46 20 35 16 16 16 46 20 17 46 47 39 41 16 24 24 47 16 20 17 17 20
split_gain=26.6563 16.9464 13.2989 11.6201 8.16716 10.7221 9.43453 6.62915 6.36964 6.23305 6.17551 6.13421 6.00645 5.61598 8.61465 5.3283 5.22132 5.03683 4.68273 4.63496 4.57293 3.93377 3.79169 7.92335 3.10817 2.80763 2.46372 2.2675 2.00284 4.17175 1.71212 0.851327 0.76126 0.537427
threshold=0 1 2 3.5000000000000004 320.50000000000006 104.50000000000001 165.50000000000003 19.500000000000004 16.500000000000004 55.500000000000007 3 650.50000000000011 0.044127190485596664 346.50000000000006 4.5000000000000009 0.75000000000000011 6.5000000000000009 7.2500000000000009 0.96480908989906322 597.50000000000011 7.5000000000000009 0.43232700228691107 -12.499999999999998 0.98437118530273449 12.500000000000002 2.2500000000000004 2.1649999618530278 0.76500001549720775 -1.4999999999999998 2.2500000000000004 498.50000000000006 10.500000000000002 9.5000000000000018 303.50000000000006
decision_type=9 9 9 10 2 2 2 8 10 2 9 2 10 2 8 10 8 8 8 2 10 8 10 8 8 8 8 10 8 8 2 8 10 2
left_child=2 17 18 13 5 8 12 28 9 -3 16 19 -7 14 -4 -16 -6 21 -1 -12 -8 -2 23 -23 -19 32 -18 30 -5 -30 -15 -20 -9 -26
right_child=1 4 3 7 10 6 20 25 -10 -11 11 -13 -14 27 15 -17 26 24 31 -21 -22 22 -24 -25 33 -27 -28 -29 29 -31 -32 -33 -34 -35
leaf_value=0.026993626469802683 -0.011716577065736139 0.0011815191003250582 0.029589915595516988 -0.001019991511516341 -0.021957070690804461 0.084857938760292378 0.025769175757918306 0.016516971430691793 0.013392420218389756 -0.024040166471676668 -0.020494062773637214 0.019099455800755793 0.018428054788772182 -0.032146246977584357 -0.017785158416888526 -0.033135961921906334 0.013869148935569035 0.046168158431797522 -0.0028737020277826964 -0.063845618174726865 -0.010352730067453698 0.049638176464790906 -0.0050927811162529485 0.0063179159618036943 0.027500492432961193 -0.015478951928641807 0.05839169527986892 -0.08349610169297482 -0.04882097494906492 -0.00090885651412015973 -0.053212434405136726 0.012562238327157664 0.0096432791200745573 0.10002434188146579
leaf_weight=30 32 99 29 32 32 50 137 27 33 90 151 28 40 27 36 49 103 39 42 29 58 37 33 66 44 31 27 29 54 27 36 34 36 29
leaf_count=30 32 99 29 32 32 50 137 27 33 90 151 28 40 27 36 49 103 39 42 29 58 37 33 66 44 31 27 29 54 27 36 34 36 29
internal_value=0 0.00141007 -0.00337825 -0.00481041 0.000179532 0.00164027 0.00391125 -0.00196595 -0.00127521 -0.00252764 -0.00181721 -0.00373352 0.0086498 -0.007902 -0.00527688 -0.00811781 0.000822942 0.0051251 0.00213536 -0.00511145 0.00172398 0.00337018 0.00468351 0.00635572 0.00821463 0.00150576 0.00244982 -0.0111542 -0.00485384 -0.00633438 -0.00926731 0 0.00365074 0.00605904
internal_weight=0 1157 519 413 877 507 285 207 222 189 370 208 90 206 114 85 162 280 106 180 195 168 136 103 112 94 130 92 113 81 63 76 63 73
internal_count=1676 1157 519 413 877 507 285 207 222 189 370 208 90 206 114 85 162 280 106 180 195 168 136 103 112 94 130 92 113 81 63 76 63 73
cat_boundaries=0 1 2 3 4
cat_threshold=40084 2225292801 17958 8232
is_linear=0
shrinkage=0.0176943


Tree=174
num_leaves=32
num_cat=4
split_feature=13 20 25 20 13 32 20 30 13 25 25 25 13 25 23 32 35 48 33 35 32 35 20 48 33 25 35 20 20 19 20
split_gain=27.0073 12.6091 10.1638 13.6126 9.67441 9.26377 8.18478 7.93836 7.34717 6.45002 6.42149 7.58567 6.78495 9.19146 6.26447 6.42219 7.72755 4.88929 4.22784 4.07205 3.70227 3.68315 3.4957 4.00381 3.43242 3.81093 3.09467 2.19279 1.94931 1.68324 0.0754955
threshold=0 89.500000000000014 29.500000000000004 220.50000000000003 1 0.18118686974048617 346.50000000000006 3.5000000000000004 2 42.500000000000007 28.500000000000004 35.500000000000007 3 14.500000000000002 -7.2499999999999991 0.98540067672729503 14.500000000000002 0.31542897224426275 -8.4999999999999982 14.500000000000002 0.66165158152580272 2.5000000000000004 83.500000000000014 0.63582888245582592 -2.4999999999999996 8.5000000000000018 21.500000000000004 42.500000000000007 176.50000000000003 590.50000000000011 529.50000000000011
decision_type=9 2 8 2 9 8 2 10 9 10 8 8 9 10 10 8 10 8 10 10 10 10 2 10 10 10 8 2 2 8 2
left_child=2 14 3 8 7 -5 26 17 22 30 12 -12 18 -14 -2 16 -16 -3 -6 20 -7 -19 -1 -24 25 -10 -4 -17 -28 -13 -8
right_child=1 4 6 5 10 19 9 -9 24 -11 11 29 13 -15 15 27 -18 21 -20 -21 -22 -23 23 -25 -26 -27 28 -29 -30 -31 -32
leaf_value=-0.014748524814892427 -0.047436844894489336 0.0017009939183129925 0.034752834563916889 0.010483053264974337 0.023202498557665364 -0.045681841905030371 0.025006490368674947 0.01505288327987579 0.044262837923321641 -0.026549712389226578 0.035494486818092127 -0.011201585305000768 0.0037762729245348304 -0.027145464268156044 -0.02716222423382213 -0.025205798828791981 -0.00010458262468729726 -0.044244564194769791 -0.0070617287624156174 0.01487348618204933 -0.0066089264848018083 -0.043649422437356797 0.029662768198627877 -0.0025059599791403312 0.0059139144416892756 0.017217327897028643 0.034467673771910852 0.021855936337157534 0.11785030539467184 0.034047108498270348 0.073460480672437725
leaf_weight=39 35 26 29 27 90 93 26 28 50 50 36 58 123 84 38 27 27 54 29 26 95 33 40 30 39 144 28 28 39 72 26
leaf_count=39 35 26 29 27 90 93 26 28 50 50 36 58 123 84 38 27 27 54 29 26 95 33 40 30 39 144 28 28 39 72 26
internal_value=0 -0.00150776 0.00310933 0.00197274 -0.000419287 -0.0012481 0.00661275 -0.00433545 0.00424238 0.00312227 0.00077543 0.00362395 -0.000651302 -0.00252766 -0.00604999 -0.00412839 -0.00789344 -0.00673276 0.00260597 -0.00248041 -0.00338812 -0.00874467 0.000148666 0.00252746 0.0058979 0.0071139 0.0103208 0.000321637 0.012411 0.00163321 0.00748494
internal_weight=0 788 781 583 633 241 198 141 342 102 492 166 326 207 155 120 65 113 119 214 188 87 109 70 233 194 96 55 67 130 52
internal_count=1569 788 781 583 633 241 198 141 342 102 492 166 326 207 155 120 65 113 119 214 188 87 109 70 233 194 96 55 67 130 52
cat_boundaries=0 2 4 5 6
cat_threshold=3360233371 25281 67149824 1296 134742552 589561952
is_linear=0
shrinkage=0.0176943


Tree=175
num_leaves=24
num_cat=2
split_feature=2 47 17 19 19 19 35 0 35 48 28 28 32 47 35 34 19 48 19 28 19 24 19
split_gain=15.6822 11.1693 9.34475 9.31522 7.72027 7.46641 6.79943 6.24131 8.58871 5.99627 5.57105 5.45135 5.37423 7.06985 4.95538 4.73173 4.44879 4.62168 6.01722 2.79243 0.896942 0.862188 0.141552
threshold=0 -9.4999999999999982 4.5000000000000009 101.00000000000001 22.500000000000004 467.50000000000006 11.500000000000002 1 10.500000000000002 0.5878676474094392 12.500000000000002 21.500000000000004 0.16100230067968371 1.5000000000000002 17.500000000000004 5.5000000000000009 76.500000000000014 0.8473193645477296 223.00000000000003 7.5000000000000009 153.50000000000003 1.1650000214576723 467.50000000000006
decision_type=9 8 10 10 8 8 10 9 8 10 8 8 10 8 8 8 10 8 10 10 10 8 10
left_child=4 -2 5 7 11 6 9 8 -4 -3 -9 12 -1 19 -15 -8 21 -18 20 -14 -19 -6 -7
right_child=1 2 3 -5 16 22 15 10 -10 -11 -12 -13 13 14 -16 -17 17 18 -20 -21 -22 -23 -24
leaf_value=-0.026756545905579115 -0.02298693715144182 -0.016112942950990271 -0.018032718631919138 0.039335173658256006 -0.050055058822733228 0.029879558214705875 0.01204494807878315 0.036888619544256922 0.01018286829750273 0.0071924929295885945 0.014496470000085113 0.03567536838026511 -0.00055952978339957591 0.022985869905577244 -0.011818781194531888 0.0335622923680566 0.013312008050568438 -0.054315587421429112 -0.0037252218537747314 -0.016234801851424136 -0.040112083598993986 -0.048711790789032643 0.041806384095882491
leaf_weight=47 44 315 54 45 31 98 44 76 194 93 93 37 29 60 28 28 40 26 50 27 28 77 26
leaf_count=47 44 315 54 45 31 98 44 76 194 93 93 37 29 60 28 28 40 26 50 27 28 77 26
internal_value=0 0.00148504 0.00185904 0.00375326 -0.00231105 0.000410124 -0.000589795 0.00292777 0.000960119 -0.00147449 0.00543655 0 -0.00120426 0.000491469 0.00361896 0.00442309 -0.00449364 -0.0024574 -0.00442323 -0.00442295 -0.00851826 -0.00720826 0.0042806
internal_weight=0 1110 1066 462 480 604 480 417 248 408 169 228 191 144 88 72 252 144 104 56 54 108 124
internal_count=1590 1110 1066 462 480 604 480 417 248 408 169 228 191 144 88 72 252 144 104 56 54 108 124
cat_boundaries=0 1 2
cat_threshold=694872 9
is_linear=0
shrinkage=0.0176943


Tree=176
num_leaves=32
num_cat=4
split_feature=13 1 9 13 25 35 20 20 41 25 35 24 15 44 35 15 20 15 24 44 29 22 49 20 15 20 20 20 20 35 15
split_gain=22.9626 17.5824 8.7779 10.8579 9.93443 8.59588 8.59192 7.57012 6.71784 6.7035 6.2564 7.85332 7.79872 5.9071 5.75523 5.6721 6.25229 5.01454 4.765 4.74294 4.66547 5.35983 4.49092 4.37407 4.38401 4.20513 3.69272 3.21727 3.20718 1.77229 0.724515
threshold=0 1 2 3 32.500000000000007 3.5000000000000004 136.50000000000003 83.500000000000014 1.0000000180025095e-35 19.500000000000004 5.5000000000000009 1.1650000214576723 -11.749999999999998 6.5000000000000009 12.500000000000002 -7.7499999999999991 221.50000000000003 -4.4999999999999991 4.2500000000000009 6.5000000000000009 3.0700000524520878 1.1650000214576723 4.5000000000000009 221.50000000000003 -3.7499999999999996 476.50000000000006 190.50000000000003 193.50000000000003 511.50000000000006 11.500000000000002 -2.7499999999999996
decision_type=9 9 9 9 10 10 2 2 8 8 10 8 8 10 8 10 2 8 8 8 8 8 8 2 8 2 2 2 2 10 8
left_child=10 5 7 17 19 23 29 8 -3 14 12 13 -1 15 -9 -12 -17 -4 -19 -5 21 27 -22 24 -2 -24 -11 -14 -6 -7 -8
right_child=1 2 3 4 28 6 30 9 -10 26 11 -13 20 -15 -16 16 -18 18 -20 -21 22 -23 25 -25 -26 -27 -28 -29 -30 -31 -32
leaf_value=0.082070617467460444 0.0050181446181015261 0.0022837045652813713 0.00049497331516220287 0.016266789107819812 0.060280904430408434 0.0081089576897497417 0.037364578353321042 -0.0087198905755707951 -0.020816923452079202 0.060697864934880066 -0.0097558832243689574 -0.022718336861431345 0.0052915382461709987 -0.023065601106913084 0.019581354693056947 0.012786333596832731 0.058495438820110081 -0.039116930888115686 -0.018806632930607976 -0.018815792236218494 -0.012207133454430393 0.041015675213525761 0.034195079327410623 -0.017402163507231422 -0.0012100315879393522 -0.0097597874848209983 0.028594581870658036 0.048309869086837397 0.00091036875307484841 -0.0095743428418442848 0.022628532938896859
leaf_weight=28 31 41 27 27 32 28 27 38 46 32 38 35 31 40 32 88 30 169 35 378 42 28 122 32 49 33 27 28 34 26 28
leaf_count=28 31 41 27 27 32 28 27 38 46 32 38 35 31 40 32 88 30 169 35 378 42 28 122 32 49 33 27 28 34 26 28
internal_value=0 -0.00109337 -0.00217363 -0.00313125 -0.00150821 0.00329362 0.00697981 0.000939479 -0.00305045 0.00370322 0.00329563 0.00114893 0.00499056 0.00252765 0 0.00408308 0.00599766 -0.00624051 -0.00745906 -0.00257763 0.00411193 0.00752448 0.00260463 0 0.00221155 0.00399527 0.00809633 0.00449795 0.00482514 0.00196573 0.0119018
internal_weight=0 1139 918 702 471 221 109 216 87 129 543 231 312 196 70 156 118 231 204 405 284 87 197 112 80 155 59 59 66 54 55
internal_count=1682 1139 918 702 471 221 109 216 87 129 543 231 312 196 70 156 118 231 204 405 284 87 197 112 80 155 59 59 66 54 55
cat_boundaries=0 2 3 4 6
cat_threshold=2554441344 2092 3175512 5326158 539099443 512
is_linear=0
shrinkage=0.0176943


Tree=177
num_leaves=29
num_cat=8
split_feature=3 13 7 13 27 8 13 32 41 27 49 41 32 8 32 7 49 32 18 36 41 46 21 21 16 16 30 18
split_gain=32.3552 20.1076 11.7396 9.31183 8.74734 8.74811 6.27416 6.20555 6.0543 5.65696 5.48331 5.40958 5.06111 4.52957 4.47913 4.00246 6.00689 3.90836 5.34666 3.88962 7.23182 5.59145 3.817 3.0571 2.57588 2.10842 0.919353 0.609399
threshold=0 1 2 3 6.5000000000000009 4 5 0.28660714626312261 1.0000000180025095e-35 1.0000000180025095e-35 6.5000000000000009 1.0000000180025095e-35 0.85798320174217235 6 0.92414653301239025 7 -1.0000000180025095e-35 0.9401492476463319 1.5000000000000002 4.2500000000000009 8.5000000000000018 0.98346996307373058 30.500000000000004 30.500000000000004 10.250000000000002 3.2500000000000004 13.500000000000002 1.0000000180025095e-35
decision_type=9 9 9 9 10 9 9 8 10 10 8 8 8 9 8 9 10 10 8 8 8 10 2 2 10 8 8 8
left_child=19 4 3 17 5 11 8 22 9 -4 26 -2 -13 -9 -12 23 -17 18 -3 20 21 25 -8 -7 27 -1 -5 -21
right_child=1 2 6 10 -6 15 7 13 -10 -11 14 12 -14 -15 -16 16 -18 -19 -20 24 -22 -23 -24 -25 -26 -27 -28 -29
leaf_value=-0.044849528647413123 0.048884690490585879 -0.031993384715795159 -0.012238930965292497 0.033420592797261048 -0.037341262020464186 -0.007232291289933258 0.026912842310375742 -0.012302076221968461 0.018343545291439861 -0.03027616910548752 0.012022707285827378 -0.011060343606454689 0.017951149356279287 0.016451075065486213 0.067058375616724536 -0.051626148630375783 -0.0054549229033704809 0.048023006805115051 0.010220019610149761 -0.039552352969619529 0.013268453645030109 -0.050269846752713176 0.035314696526691697 0.018457447339707205 -0.032205778590648292 -0.0040583224772099266 0.04365776924762764 -0.083769008813124726
leaf_weight=31 31 27 176 31 31 59 33 101 31 35 29 32 44 274 72 118 181 29 45 32 38 28 28 51 28 27 26 26
leaf_count=31 31 27 176 31 31 59 33 101 31 35 29 32 44 274 72 118 181 29 45 32 38 28 28 51 28 27 26 26
internal_value=0 0.000994851 0.00255976 0.00572251 -0.00168363 -0.00116588 0.0012859 0.00253904 -0.000982978 -0.00209639 0.00842545 0.00317568 0.000931162 0.00174579 0.00648156 -0.00232259 -0.00337843 0.00111576 -0.000982888 -0.0062732 -0.00456597 -0.00740624 0.00783091 0.000589757 -0.00946354 -0.00427045 0.0133465 -0.0115913
internal_weight=0 1484 937 259 547 516 678 436 242 211 158 107 76 375 101 409 299 101 72 210 124 86 61 110 86 58 57 58
internal_count=1694 1484 937 259 547 516 678 436 242 211 158 107 76 375 101 409 299 101 72 210 124 86 61 110 86 58 57 58
cat_boundaries=0 3 5 6 7 8 9 10 11
cat_threshold=1283744322 264728 4096 958080112 8758 103093569 2136076 728 2158236289 43014 268439688
is_linear=0
shrinkage=0.0176943


Tree=178
num_leaves=22
num_cat=4
split_feature=1 9 1 46 9 28 46 28 41 30 22 48 48 30 33 32 39 46 48 22 39
split_gain=13.8908 13.7401 13.2618 7.75403 6.29547 9.38919 6.11124 6.52356 5.46981 4.81216 11.1443 4.36271 4.2591 3.29762 3.18326 2.85185 2.67577 6.02235 1.91774 1.04857 0.752021
threshold=0 1 2 0.013956192880868913 3 11.500000000000002 0.22792208194732669 16.500000000000004 8.5000000000000018 5.5000000000000009 2.5000000000000004 0.49735587835311895 0.69309264421463024 2.5000000000000004 -2.4999999999999996 0.75162336230278026 0.97888889908790599 0.39208073914051061 0.36237373948097235 1.0000000180025095e-35 0.98437118530273449
decision_type=9 9 9 8 9 10 10 8 10 8 10 10 8 10 10 8 8 10 10 8 8
left_child=13 9 6 -4 5 -5 7 20 -6 14 16 -8 -12 15 -2 -1 17 -11 -9 -18 -3
right_child=1 2 3 4 8 -7 11 18 -10 10 12 -13 -14 -15 -16 -17 19 -19 -20 -21 -22
leaf_value=-0.033270637866512562 0.035756732768584383 -0.0082477078852824966 0.050860709635979856 -0.044963587199933555 -0.010071318367344368 0.016469419505874581 0.048477770836391439 0.034355103485084526 0.021226084502399011 0.051286035994478014 -0.0378618629743947 0.0070401210417874709 0.014918996471273586 -0.026232924415218815 0.0056097380393216193 -0.0032158792013451602 0.018819564508763466 0.0044004137112721312 0.005232629194310545 0.035242611707336474 -0.0049781510585107866
leaf_weight=33 28 26 38 107 790 26 41 49 31 50 49 31 26 36 29 38 56 52 30 34 28
leaf_count=33 28 26 38 107 790 26 41 49 31 50 49 31 26 36 29 38 56 52 30 34 28
internal_value=0 0.000427617 -0.000454446 -0.00130675 -0.00163216 -0.0050729 0.00353872 0.00146334 -0.00100075 0.00360234 0.00271701 0.00786328 -0.00306668 -0.0058977 0.00838037 -0.00423619 0.00497631 0.0069384 0.00470307 0.00275219 -0.00327623
internal_weight=0 1521 1197 992 954 133 205 133 821 324 267 72 75 107 57 71 192 102 79 90 54
internal_count=1628 1521 1197 992 954 133 205 133 821 324 267 72 75 107 57 71 192 102 79 90 54
cat_boundaries=0 2 3 4 5
cat_threshold=68096 160 2215241364 103695776 395521
is_linear=0
shrinkage=0.0176943


Tree=179
num_leaves=29
num_cat=6
split_feature=7 13 8 13 32 39 19 44 39 13 34 49 42 44 39 30 32 49 27 32 19 39 13 22 22 28 28 42
split_gain=22.9039 14.4755 11.8965 7.28169 10.5028 6.04943 5.9356 5.14783 6.7356 6.44804 6.13689 5.87117 5.72444 4.81052 6.10047 9.42279 5.38438 4.52802 5.33655 3.93691 4.64292 3.82625 3.60602 3.5435 2.2485 2.01376 1.86277 1.59988
threshold=0 1 2 3 0.83067876100540172 0.96362435817718517 3.5000000000000004 7.5000000000000009 0.98620623350143444 4 1.0000000180025095e-35 1.5000000000000002 1.0000000180025095e-35 7.5000000000000009 0.070925556123256697 5.5000000000000009 0.74322345852851879 16.500000000000004 4.5000000000000009 0.89059829711914074 8.5000000000000018 0.7679487168788911 5 1.0000000180025095e-35 6.1649999618530282 1.0000000180025095e-35 1.5000000000000002 17.500000000000004
decision_type=9 9 9 9 10 10 10 10 8 9 10 10 10 10 10 10 10 8 8 8 10 10 9 8 8 10 10 8
left_child=2 6 13 4 25 17 -2 8 10 11 23 -10 -11 14 16 21 24 18 -5 20 -8 -16 26 -3 -1 -4 -21 -24
right_child=1 7 3 5 -6 -7 19 -9 9 12 -12 -13 -14 -15 15 -17 -18 -19 -20 22 -22 -23 27 -25 -26 -27 -28 -29
leaf_value=0.053217781616473003 0.014215007398990735 0.0071005742257740376 -0.04676285589688231 0.021439160415369297 0.0080808738907033537 -0.024210202742013534 -0.030737904510520178 -0.015503412077511342 -0.028307560474984724 -0.016799242673114747 0.028625763396792674 -0.052514726178238283 -0.040572040296756241 -0.0032258028788236148 6.9045386843694733e-05 -0.027083073102742255 0.049626734655847736 0.025454153735332823 -0.017387700132273576 0.0057610891961403518 -0.003145147811429118 0.020075865462878192 0.006605864674454765 -0.015650307208990126 0.079762669349402862 -0.038385883463789586 0.014716300033928169 -0.033447823542749111
leaf_weight=100 74 61 40 49 44 27 27 50 74 277 39 40 29 43 41 33 43 41 52 78 34 77 33 62 31 27 27 75
leaf_count=100 74 61 40 49 44 27 27 50 74 277 39 40 29 43 41 33 43 41 52 78 34 77 33 62 31 27 27 75
internal_value=0 -0.00210899 0.00215125 -0.000610125 -0.00394805 0.00168038 0.000790783 -0.00369315 -0.00328342 -0.00446561 -0.000218426 -0.00799046 -0.00279965 0.00421283 0.00506316 0.00246066 0.00732144 0.00323961 0.00122623 -0.000387448 -0.00435049 0.00479813 0.00074761 -0.00215769 0.00553757 -0.00871409 0.00292319 -0.0014994
internal_weight=0 980 648 280 111 169 348 632 582 420 162 114 306 368 325 151 174 142 101 274 61 118 213 123 131 67 105 108
internal_count=1628 980 648 280 111 169 348 632 582 420 162 114 306 368 325 151 174 142 101 274 61 118 213 123 131 67 105 108
cat_boundaries=0 1 3 4 5 7 8
cat_threshold=3119207825 1419521128 64 10970 2294802 33558545 8448 1083706432
is_linear=0
shrinkage=0.0176943


Tree=180
num_leaves=24
num_cat=5
split_feature=3 13 9 8 16 27 13 16 20 50 50 20 43 15 46 27 49 20 20 22 20 20 20
split_gain=29.8405 23.0936 14.3622 8.32213 7.90625 7.59233 7.26322 6.66575 6.11236 4.45967 4.36729 4.29901 4.21362 4.27742 3.79641 5.07644 3.7848 3.58208 5.3895 3.43553 3.11296 2.05668 1.84926
threshold=0 1 2 3 28.500000000000004 4.5000000000000009 4 3.7500000000000004 621.50000000000011 0.21111111342906955 0.51666668057441723 676.50000000000011 2.5000000000000004 -31.499999999999996 0.11483516544103624 4.5000000000000009 2.5000000000000004 63.500000000000007 86.500000000000014 2.5000000000000004 43.500000000000007 232.50000000000003 206.50000000000003
decision_type=9 9 9 9 8 10 9 8 2 10 8 2 8 10 10 8 8 2 2 10 2 2 2
left_child=7 8 4 16 10 6 -5 14 9 17 -3 -10 -9 -14 15 -1 -4 20 -19 -12 -2 -18 -6
right_child=1 2 3 5 22 -7 -8 12 11 -11 19 -13 13 -15 -16 -17 21 18 -20 -21 -22 -23 -24
leaf_value=-0.014646686255496331 0.015304915627491452 -0.0095569221190090099 -0.013204753113665382 -0.021247905584426584 0.021537861798493978 0.014292148067184053 0.0017775608936152784 0.0052645464243666401 -0.059618197974142383 -0.0074512007363322225 8.7984546105248198e-05 0.023635504718441239 -0.017378818367996488 -0.058913278695848462 -0.04064425976662691 -0.07827544682169893 -0.022106711486429082 0.029684420142280631 0.029244983248392812 0.019965369525611464 -0.028943924051118324 -0.055816123258939587 0.1104843041289767
leaf_weight=43 33 30 27 234 27 36 304 30 26 42 79 27 51 27 28 26 29 26 350 65 27 64 27
leaf_count=43 33 30 27 234 27 36 304 30 26 42 79 27 51 27 28 26 29 26 350 65 27 64 27
internal_value=0 0.00105221 -0.000645491 -0.00191015 0.00312241 -0.000969533 -0.00151287 -0.0060076 0.00395744 0.0046641 0.0014236 -0.001669 -0.00327647 -0.00544385 -0.00966724 -0.00743589 -0.00598847 0.00519455 0.00583522 0.00270314 0.00117944 -0.00818055 0.00917351
internal_weight=0 1453 922 694 228 574 538 205 531 478 174 53 108 78 97 69 120 436 376 144 60 93 54
internal_count=1658 1453 922 694 228 574 538 205 531 478 174 53 108 78 97 69 120 436 376 144 60 93 54
cat_boundaries=0 3 5 7 8 10
cat_threshold=284894 12864 4096 2702392514 4104 1098190 1 1281 1552711704 528
is_linear=0
shrinkage=0.0176943


Tree=181
num_leaves=29
num_cat=7
split_feature=3 13 20 2 8 35 33 49 13 2 13 26 28 25 28 39 39 20 25 25 39 15 15 15 20 32 32 32
split_gain=22.7466 22.4721 17.6053 17.4891 13.3354 9.81735 9.44553 8.44948 8.1583 7.25832 7.14026 6.82162 6.34104 6.13689 6.05831 4.87757 4.73248 4.3274 4.31793 4.27495 4.15041 10.1105 7.08447 3.94395 3.08194 3.03215 2.76801 0.773941
threshold=0 1 539.50000000000011 2 3 16.500000000000004 -3.4999999999999996 12.500000000000002 4 5 6 4.5000000000000009 9.5000000000000018 43.500000000000007 22.500000000000004 0.93387979269027721 0.77888888120651256 479.50000000000006 19.500000000000004 37.500000000000007 0.4794366210699082 -13.749999999999998 -11.749999999999998 -5.7499999999999991 288.50000000000006 0.93257576227188121 0.94838494062423717 0.24837662279605868
decision_type=9 9 2 9 9 10 8 8 9 9 9 8 10 8 8 10 8 2 10 8 10 10 10 10 2 10 10 10
left_child=7 3 4 10 5 6 -3 20 14 15 12 17 23 24 18 -6 -11 -12 -5 -4 22 -22 -1 -2 -10 -14 -23 -24
right_child=1 2 19 8 9 -7 -8 -9 13 16 11 -13 25 -15 -16 -17 -18 -19 -20 -21 21 26 27 -25 -26 -27 -28 -29
leaf_value=0.0032576147020630564 -0.0054520265393644051 0.031936554189054035 -0.055184052683659085 0.017878394208289166 0.05056190708867974 0.031219605886250917 -0.017798065916679751 -0.055800936112473415 -0.0010972885805949956 -0.011657934401459 -0.022668795809716664 0.0063203287386380379 0.018207325761325041 0.044395268388701475 0.011047557283643835 0.011284629731283786 0.014977410684026856 -0.074363104369543354 0.035064209458224409 -0.028274878513479595 -0.036944304715598515 0.0067460875729406676 -0.037285035468474483 -0.023179456665311769 -0.032964312852511168 -0.00040431585880543555 -0.00024819388009181818 -0.035127836036748225
leaf_weight=34 146 40 38 46 184 51 172 41 83 26 186 34 30 39 40 51 111 37 27 26 34 26 27 30 40 26 26 26
leaf_count=34 146 40 38 46 184 51 172 41 83 26 186 34 30 39 40 51 111 37 27 26 34 26 27 30 40 26 26 26
internal_value=0 0.000997022 0.00326928 -0.00109731 0.00420756 0.000972179 -0.000667676 -0.00505533 0.00242125 0.0062994 -0.00308492 -0.00510269 -0.000731137 -0.000205727 0.00589772 0.00830521 0.00252761 -0.00642684 0.00945212 -0.00552879 -0.0035796 -0.000822896 -0.00630429 -0.00241274 -0.00215769 0.00442295 0.00408268 -0.010348
internal_weight=0 1463 699 764 635 263 212 214 275 372 489 257 232 162 113 235 137 223 73 64 173 86 87 176 123 56 52 53
internal_count=1677 1463 699 764 635 263 212 214 275 372 489 257 232 162 113 235 137 223 73 64 173 86 87 176 123 56 52 53
cat_boundaries=0 2 4 5 6 7 8 10
cat_threshold=949118082 147760 816638798 143 20571 5227 2132740 1559 537665606 129
is_linear=0
shrinkage=0.0176943


Tree=182
num_leaves=22
num_cat=1
split_feature=42 8 32 21 50 19 17 15 23 23 17 23 23 21 35 19 42 32 35 17 19
split_gain=14.8805 10.1407 7.34961 6.40967 16.473 12.9464 5.55977 5.75405 4.88225 4.09287 5.28778 3.94721 3.35566 5.84016 2.69072 2.64127 2.05098 3.5371 1.81869 1.57666 1.50903
threshold=1.0000000180025095e-35 0 0.98540067672729503 33.500000000000007 0.68333333730697643 10.500000000000002 10.500000000000002 -21.499999999999996 -0.93000000715255726 -0.58500000834465016 12.500000000000002 -29.499999999999996 -2.2499999999999996 31.500000000000004 4.5000000000000009 12.500000000000002 16.500000000000004 0.43308457732200628 16.500000000000004 14.500000000000002 4.5000000000000009
decision_type=8 9 10 2 8 8 8 8 8 10 10 10 10 2 8 10 8 8 8 8 10
left_child=19 9 3 6 -5 -6 7 -3 -8 12 16 -4 13 20 -13 -16 -11 -18 -14 -1 -2
right_child=1 2 11 4 5 -7 8 -9 -10 10 -12 14 18 -15 15 -17 17 -19 -20 -21 -22
leaf_value=0.056324170439030159 0.014077995654169249 0.010777757792143834 0.0079565699040389758 0.069934452502440986 -0.011826559351989403 0.013992379043173322 0.037180817054037391 -0.012727955151844918 -0.0027429901260020272 -0.023908794551061489 0.059265808233027191 -0.050666574560510873 0.0092884889753859588 0.032067389917065106 -0.024870308078582946 -0.0010778728790868059 0.028217001168406166 -0.0093265068712594709 0.032184657443727761 0.086517372034128556 -0.013886917929078764
leaf_weight=27 30 34 27 30 73 213 35 353 305 39 31 48 34 46 64 43 30 114 40 30 27
leaf_count=27 30 34 27 30 73 213 35 353 305 39 31 48 34 46 64 43 30 114 40 30 27
internal_value=0 -0.000197087 -0.000988578 -0.000424114 0.00167979 0.000371192 -0.00133861 -0.00278896 0.000312239 0.00225035 0.000661436 -0.00427755 0.00429841 0.00223308 -0.00536509 -0.00380316 -0.00048342 0.000491469 0.00717261 0.00900114 -0.00155189
internal_weight=0 1616 1225 1043 316 286 727 387 340 391 214 182 177 103 155 107 183 144 74 57 57
internal_count=1673 1616 1225 1043 316 286 727 387 340 391 214 182 177 103 155 107 183 144 74 57 57
cat_boundaries=0 1
cat_threshold=41048
is_linear=0
shrinkage=0.0176943


Tree=183
num_leaves=24
num_cat=2
split_feature=7 17 39 9 43 43 40 39 33 48 28 14 33 25 39 39 21 21 39 14 16 18 33
split_gain=16.0104 12.7517 9.52524 10.8224 9.64237 8.70313 8.62352 8.19587 7.94037 6.98073 5.42731 5.33736 4.52845 5.2653 6.45535 4.51506 4.11954 3.76224 3.19917 3.12311 1.82077 1.75364 1.22998
threshold=0 2.5000000000000004 0.27823315560817724 1 4.2500000000000009 2.5000000000000004 -2.4999999999999996 0.47196015715599066 -12.499999999999998 0.22295321524143222 20.500000000000004 51.500000000000007 3.5000000000000004 4.5000000000000009 0.16774892061948779 0.23453017324209216 35.500000000000007 29.500000000000004 0.97350877523422252 6.2500000000000009 1.0000000180025095e-35 1.0000000180025095e-35 6.5000000000000009
decision_type=9 8 8 9 8 10 10 10 10 8 10 10 8 10 10 8 2 2 8 8 8 8 8
left_child=5 6 9 18 8 10 11 -6 -5 -3 12 22 13 -1 -15 -14 -17 20 19 -4 -11 -20 -2
right_child=1 2 3 4 7 -7 -8 -9 -10 17 -12 -13 15 14 -16 16 -18 -19 21 -21 -22 -23 -24
leaf_value=-0.021038427547357956 -0.026351138700204078 -0.0068680927206159247 -0.0021055750500679994 -0.0017200218897905544 0.0063076988721126664 -0.027421271819419221 0.0096964934519217661 0.03500284283960077 -0.037275478278596487 0.067548264275051617 0.04170458145930557 -0.072862900649293419 -0.028903225220184112 0.025866605609236974 -0.0030614716001703076 -0.022197618607058048 0.0041674894260904406 0.0371268411988636 0.060846947694781453 0.048312285950586988 0.02847351476486866 0.055727182598608434 -0.037671821348634213
leaf_weight=40 26 27 31 111 454 37 47 46 70 30 33 32 32 32 69 269 73 48 27 28 29 31 26
leaf_count=40 26 27 31 111 454 37 47 46 70 30 33 32 32 32 69 269 73 48 27 28 29 31 26
internal_value=0 0.000972928 0.00170866 0.000975612 7.68167e-05 -0.00264667 -0.00418694 0.00134474 -0.00342139 0.0060738 -0.00213103 -0.00758256 -0.00257679 0.000125471 0.00227729 -0.00359555 -0.00300071 0.0081024 0.00571197 0.00329849 0.011095 0.00915101 -0.00408268
internal_weight=0 1063 932 798 681 585 131 500 181 134 548 84 515 141 101 374 342 107 117 59 59 58 52
internal_count=1648 1063 932 798 681 585 131 500 181 134 548 84 515 141 101 374 342 107 117 59 59 58 52
cat_boundaries=0 2 3
cat_threshold=3322127941 10 68157590
is_linear=0
shrinkage=0.0176943


Tree=184
num_leaves=25
num_cat=4
split_feature=13 35 1 13 23 20 1 21 28 35 23 30 20 30 37 20 35 28 21 28 48 28 28 48
split_gain=21.7276 10.9674 7.42455 9.28341 7.55245 7.37157 6.15526 5.91607 5.90421 5.88457 9.69291 4.92485 4.86174 4.81259 7.1001 6.17715 5.22491 4.58388 4.20118 4.1698 3.62754 3.26204 2.07459 1.85094
threshold=0 1.0000000180025095e-35 1 2 -2.2499999999999996 172.50000000000003 3 30.500000000000004 15.500000000000002 10.500000000000002 -1.8199999928474424 1.5000000000000002 118.50000000000001 6.5000000000000009 1.5000000000000002 205.50000000000003 14.500000000000002 7.5000000000000009 41.500000000000007 12.500000000000002 0.49735587835311895 3.5000000000000004 1.0000000180025095e-35 0.53788751363754284
decision_type=9 8 9 9 10 2 9 2 10 10 8 10 2 10 10 2 10 10 2 8 10 10 10 10
left_child=6 -2 4 8 20 7 9 -5 12 10 -1 22 -4 14 16 -15 18 -7 -8 23 -3 -22 -6 -16
right_child=1 2 3 5 11 17 13 -9 -10 -11 -12 -13 -14 15 19 -17 -18 -19 -20 -21 21 -23 -24 -25
leaf_value=0.002755674449321953 0.052963463619408936 -0.016510617050750475 -0.037842119994947299 0.0047851311550923181 -0.038284570720567034 -0.024495260661738981 0.017823409223595741 0.036287320685482648 0.018350216922050629 0.00045466849914010672 0.04089388608614164 -0.0092871259035249825 -0.024838631726596117 -0.024957127195677779 0.0042500721041377207 0.019476874081581073 -0.020401485864304212 0.0068690950322565962 -0.032783811804978837 0.019722115641239997 -0.05130529347161971 0.032741862476292655 -0.050827689411459112 0.016816627428831454
leaf_weight=32 33 31 42 88 26 158 400 37 44 34 51 51 233 39 27 35 28 70 28 27 27 31 52 27
leaf_count=32 33 31 42 88 26 158 400 37 44 34 51 51 233 39 27 35 28 70 28 27 27 31 52 27
internal_value=0 -0.00195337 -0.00234596 -0.0013491 -0.00512185 0.00063366 0.00210986 0.00410481 -0.00349574 0.00571197 0.00873974 -0.00809224 -0.00456821 0.00133916 0.00194403 -0.00286903 0.00108647 -0.00124165 0.00157095 0.00677124 -0.00139155 0.00122011 -0.0108877 0.00393149
internal_weight=0 923 890 672 218 353 728 125 319 117 83 129 275 611 537 74 456 228 428 81 89 58 78 54
internal_count=1651 923 890 672 218 353 728 125 319 117 83 129 275 611 537 74 456 228 428 81 89 58 78 54
cat_boundaries=0 2 3 5 6
cat_threshold=1795887782 930 38927 271862849 1032 27654
is_linear=0
shrinkage=0.0176943


Tree=185
num_leaves=27
num_cat=4
split_feature=9 1 25 33 39 9 8 48 21 25 41 21 48 25 15 24 15 21 39 22 48 33 25 15 48 16
split_gain=18.301 17.0582 11.0081 9.1762 9.93266 9.03947 7.62089 6.33568 9.53172 8.56518 6.79391 5.96917 5.46652 4.95625 4.93404 4.89145 4.5098 5.9246 4.30441 4.22134 4.05974 5.50309 6.62769 2.77838 6.43432 1.46734
threshold=0 1 6.5000000000000009 -2.4999999999999996 0.98726060986518871 2 3 0.7379862666130067 31.500000000000004 14.500000000000002 1.0000000180025095e-35 29.500000000000004 0.63211598992347728 24.500000000000004 -1.0000000180025095e-35 1.0000000180025095e-35 -17.749999999999996 29.500000000000004 0.97752526402473461 3.1649999618530278 0.8473193645477296 -4.4999999999999991 15.500000000000002 -3.7499999999999996 0.34698997437953955 2.2500000000000004
decision_type=9 9 8 10 8 9 9 10 2 10 10 2 8 8 10 10 10 2 8 10 8 10 10 8 10 8
left_child=7 16 3 23 -5 15 14 8 10 -10 12 -8 -1 -14 -7 25 17 -2 -11 -9 21 22 -18 -3 -25 -4
right_child=1 2 5 4 -6 6 11 19 9 18 -12 -13 13 -15 -16 -17 20 -19 -20 -21 -22 -23 -24 24 -26 -27
leaf_value=0.016201991305352867 0.010432730076983466 -0.058576013387442498 -0.0045694746388806069 -0.013369083035397401 0.031749088174795492 0.010129546773117892 0.0091779540005924257 0.004147185589613721 0.0010719675427181439 0.019556857626769616 -0.027373630908126355 -0.0085072128288687446 -0.02289674464503353 0.01466362705040938 0.031239238722702678 0.010311349697520721 0.0039312846504435213 -0.018204664006528017 0.058990489117688658 0.031868533777059435 -0.038624527614837235 -0.060883080927097821 -0.057092740717037627 -0.052102498723484797 0.00030808497499784074 -0.034705172414282753
leaf_weight=44 27 29 37 26 27 179 187 26 51 32 32 251 39 47 53 35 52 45 26 42 47 27 34 30 28 157
leaf_count=44 27 29 37 26 27 179 187 26 51 32 32 251 39 47 53 35 52 45 26 42 47 27 34 30 28 157
internal_value=0 -0.00117408 -0.000185542 -0.00480246 0.00100139 0.000531412 0.00156124 0.00339681 0.00228517 0.00633053 -0.000436864 0.000157978 0.001361 -0.00123436 0.00409441 -0.00244306 -0.00541047 -0.0019658 0.0109812 0.00832578 -0.00729853 -0.00548015 -0.00329165 -0.00833794 -0.00610066 -0.00364815
internal_weight=0 1271 1039 140 53 899 670 339 271 109 162 438 130 86 232 229 232 72 58 68 160 113 86 87 58 194
internal_count=1610 1271 1039 140 53 899 670 339 271 109 162 438 130 86 232 229 232 72 58 68 160 113 86 87 58 194
cat_boundaries=0 1 2 3 4
cat_threshold=1826934018 34179145 16785977 5451
is_linear=0
shrinkage=0.0176943


Tree=186
num_leaves=22
num_cat=4
split_feature=17 8 35 17 2 37 47 35 15 2 22 4 27 16 25 15 46 34 34 25 25
split_gain=9.07572 6.63226 10.5659 8.04641 5.8628 8.68656 5.62052 4.58876 4.05508 4.59615 15.4707 6.4211 3.7632 4.26794 3.76062 4.81544 3.38588 3.30649 2.6155 1.31885 0.698272
threshold=12.500000000000002 0 9.5000000000000018 2.5000000000000004 1 7.5000000000000009 -3.4999999999999996 3.5000000000000004 -21.499999999999996 2 4.0699999332427987 3 3.5000000000000004 3.2500000000000004 12.500000000000002 -5.7499999999999991 0.18795289844274524 2.2500000000000004 1.0000000180025095e-35 25.500000000000004 30.500000000000004
decision_type=10 9 8 8 9 8 10 10 8 9 8 9 10 10 8 10 10 8 10 10 10
left_child=1 2 3 -1 5 -3 14 -5 -6 10 -10 -11 13 -7 15 -4 19 -9 -16 -2 -21
right_child=16 4 6 7 8 12 -8 17 9 11 -12 -13 -14 -15 18 -17 -18 -19 -20 20 -22
leaf_value=0.011145902084541845 0.0059255799069750544 0.025398302874584288 0.045555794645724366 0.00045607965478279918 0.016407472983178285 -0.0034518562170358234 -0.010901176588183138 -0.022683410285613308 -0.05653369302893127 -0.044966571032070163 0.00016140960262049707 -0.0052082251380720628 -0.026474903868548574 0.033225998433419009 0.011029865579327829 0.0088399968708805302 -0.0016238048231512251 -0.036976417644124064 0.030981261496543688 0.054402889190117508 0.065102466270907683
leaf_weight=45 26 41 26 27 33 300 33 41 57 39 57 427 31 59 201 38 31 28 26 30 42
leaf_count=45 26 41 26 27 33 300 33 41 57 39 57 427 31 59 201 38 31 28 26 30 42
internal_value=0 -0.000363497 0.00137826 -0.00263516 -0.00114155 0.000441342 0.00316741 -0.00552901 -0.0022437 -0.00262359 -0.00570747 -0.00170992 -0.000362947 0.000147855 0.00395222 0.00774032 0.00452616 -0.00794872 0.00288398 0.00613834 0.00737183
internal_weight=0 1509 465 141 1044 431 324 96 613 580 114 466 390 359 291 64 129 69 227 98 72
internal_count=1638 1509 465 141 1044 431 324 96 613 580 114 466 390 359 291 64 129 69 227 98 72
cat_boundaries=0 1 2 3 4
cat_threshold=28978 51740 270624 2
is_linear=0
shrinkage=0.0176943


Tree=187
num_leaves=27
num_cat=5
split_feature=3 7 10 46 13 20 34 46 20 23 20 20 34 23 23 20 20 7 46 46 23 20 40 32 20 32
split_gain=35.6386 19.1521 13.4241 11.3173 10.0498 7.94272 6.99466 6.38661 6.34692 6.19129 5.98328 5.8155 5.52921 5.24038 4.72907 4.67905 4.32811 3.92603 5.1737 4.78314 3.0758 2.29402 2.07618 3.45785 2.28637 1.80822
threshold=0 1 2 0.64536544680595409 3 64.500000000000014 2.2500000000000004 0.98540067672729503 327.50000000000006 -11.499999999999998 326.50000000000006 130.50000000000003 2.2500000000000004 -0.43000000715255732 -17.749999999999996 212.50000000000003 647.50000000000011 4 0.98399898409843456 0.97484177350997936 -3.2499999999999996 169.50000000000003 -5.4999999999999991 0.43308457732200628 176.50000000000003 0.65622705221176159
decision_type=9 9 9 8 9 2 8 10 2 10 2 2 10 8 10 2 2 9 8 8 10 2 10 8 2 10
left_child=14 2 5 25 12 -2 13 9 21 -5 11 -8 17 -6 -1 -15 -12 18 -3 -19 -16 -7 23 -22 -25 -4
right_child=1 4 3 7 6 8 10 -9 -10 -11 16 -13 -14 15 20 -17 -18 19 -20 -21 22 -23 -24 24 -26 -27
leaf_value=-0.031802554044602395 0.0083656963337141246 0.028151054932821908 0.01628303913348501 0.033911481346619726 0.032638089218557119 -0.014013644257165532 -0.015309438700394654 0.0046421945882039392 0.022486761134396283 0.037929924313791885 -0.02336727235197348 0.033664381211748723 -0.043723736926324863 -0.0018981474337908101 -0.0047632636400007965 0.024129905536008283 0.024107489013758025 -0.024312510432683801 -0.017046233379696706 -0.015717559579047118 -0.0022988953353338349 -0.044025579757429996 -0.029909800864447854 -0.050477121004582182 -0.029326563783487788 -0.0081887922177995356
leaf_weight=31 26 26 47 59 45 29 67 51 28 235 152 93 36 58 31 35 31 30 94 275 26 28 27 43 49 37
leaf_count=31 26 26 47 59 45 29 67 51 28 235 152 93 36 58 31 35 31 30 94 275 26 28 27 43 49 37
internal_value=0 0.00123337 0.00386051 0.00527997 -0.000297378 -0.00160846 0.0014775 0.00682111 -0.00437112 0.00782379 0.000154751 0.002654 -0.00214131 0.00487206 -0.00644146 0.00247317 -0.0020304 -0.00162368 0.0010888 -0.00264003 -0.00562974 -0.0077596 -0.00671126 -0.00569778 -0.00730789 -0.000421233
internal_weight=0 1482 540 429 942 111 481 345 85 294 343 160 461 138 207 93 183 425 120 305 176 57 145 118 92 84
internal_count=1689 1482 540 429 942 111 481 345 85 294 343 160 461 138 207 93 183 425 120 305 176 57 145 118 92 84
cat_boundaries=0 2 4 5 7 8
cat_threshold=293879950 2153972864 2712307561 32 10305 1171391655 1032 34607106
is_linear=0
shrinkage=0.0176943


Tree=188
num_leaves=22
num_cat=4
split_feature=9 13 7 37 32 32 2 21 48 20 44 27 36 15 32 20 22 15 27 20 21
split_gain=22.4205 20.8499 8.70981 7.38453 6.38957 6.47529 5.56233 6.12641 6.35208 6.08666 5.53227 4.6482 5.95263 6.91915 4.62272 4.48577 4.04884 3.50898 3.33541 3.56708 2.8906
threshold=0 1 2 3.5000000000000004 0.014389234129339458 0.19581377506256106 3 31.500000000000004 0.4668662697076798 198.50000000000003 10.500000000000002 8.5000000000000018 1.2500000000000002 -5.7499999999999991 0.81233519315719616 117.50000000000001 1.1650000214576723 -8.7499999999999982 1.5000000000000002 150.50000000000003 30.500000000000004
decision_type=9 9 9 8 8 8 9 2 10 2 10 8 10 8 10 2 8 8 10 2 2
left_child=10 3 14 -2 -5 -6 18 9 -9 -8 11 12 13 -1 16 -13 -3 -7 19 -4 -15
right_child=1 2 6 4 5 17 7 8 -10 -11 -12 15 -14 20 -16 -17 -18 -19 -20 -21 -22
leaf_value=-0.0019286901237823566 0.014487189749865905 0.039202957902868117 0.019079174241284292 0.030265794280981941 -0.062368264540907541 0.0083073347912781953 -0.003002944691890796 0.019369258529256212 -0.031134336881334827 -0.029636810417046581 -0.013549700690553926 -0.019135259844163397 0.046958356947298288 0.017514603781884283 0.041914820797037587 0.018711637828688465 0.002615773060533249 -0.019477297216383201 -0.0065743576826537845 0.0059969706423400075 0.028887432041874054
leaf_weight=34 35 40 46 31 35 59 91 122 30 90 31 29 28 102 27 46 40 454 43 147 62
leaf_count=34 35 40 46 31 35 59 91 122 30 90 31 29 28 102 27 46 40 454 43 147 62
internal_value=0 -0.000952761 0.00118648 -0.00328927 -0.00381995 -0.00426206 0.000275033 -0.00118646 0.00139683 -0.00342139 0.00413891 0.00499659 0.00626324 0.00518296 0.00559525 0.00117948 0.00398082 -0.00375954 0.00230161 0.00339202 0.00668898
internal_weight=0 1290 676 614 579 548 569 333 152 181 332 301 226 198 107 75 80 513 236 193 164
internal_count=1622 1290 676 614 579 548 569 333 152 181 332 301 226 198 107 75 80 513 236 193 164
cat_boundaries=0 1 3 4 5
cat_threshold=202919368 74773429 25602 285410320 13315
is_linear=0
shrinkage=0.0176943


Tree=189
num_leaves=17
num_cat=4
split_feature=3 3 9 10 22 32 34 48 48 48 42 25 32 41 16 32
split_gain=21.024 13.4134 11.4698 9.84043 8.23573 10.3986 5.48523 5.42119 5.33336 4.81252 4.65232 2.80797 3.62705 2.8061 2.54955 1.40777
threshold=0 1 2 3 3.1649999618530278 0.98319208621978771 1.2500000000000002 0.95939296483993541 0.31899476051330572 0.26352339982986456 1.0000000180025095e-35 4.5000000000000009 0.95488464832305919 9.5000000000000018 13.250000000000002 0.96693986654281627
decision_type=9 9 9 9 10 10 8 8 10 10 10 8 10 8 8 8
left_child=7 6 8 11 5 -5 -2 13 10 -6 15 -4 -13 -1 -8 -3
right_child=1 2 3 4 9 -7 14 -9 -10 -11 -12 12 -14 -15 -16 -17
leaf_value=-0.0030446267147317412 0.0008339508365833644 -0.010491234373311188 -0.00083895329371781074 0.0037413233627035677 -0.064096300877001328 0.034345788092867938 0.037212498495659309 -0.05018788638461158 0.0025007419282851036 -0.01078917593011538 -0.038766753620217503 0.020118501535957123 0.033904559438718375 -0.019479529801369858 0.051214576299567646 -0.024866857295692223
leaf_weight=38 29 27 26 675 52 40 47 30 36 223 44 173 33 39 28 28
leaf_count=38 29 27 26 675 52 40 47 30 36 223 44 173 33 39 28 28
internal_value=0 0.000685633 0.000194155 0.000746829 -3.53864e-05 0.000965129 0.0065185 -0.00710748 -0.00451484 -0.00263797 -0.00696993 0.00394818 0.00480991 -0.00528477 0.00967188 -0.00353834
internal_weight=0 1461 1357 1222 990 715 104 107 135 275 99 232 206 77 75 55
internal_count=1568 1461 1357 1222 990 715 104 107 135 275 99 232 206 77 75 55
cat_boundaries=0 2 4 5 6
cat_threshold=671113288 2097280 16912692 4104 270573640 5676
is_linear=0
shrinkage=0.0176943


Tree=190
num_leaves=28
num_cat=3
split_feature=7 9 49 23 44 14 20 42 20 42 21 44 22 35 14 49 15 7 23 20 20 20 49 14 20 20 23
split_gain=29.0377 11.0276 12.3151 6.71844 9.39376 9.11008 8.95916 6.53243 5.3182 7.04197 5.25016 4.97989 4.70729 4.64744 4.24778 3.89824 3.88808 3.59617 3.37593 3.36697 2.65763 2.52795 2.24934 1.86351 1.74117 1.18397 1.05532
threshold=0 1 3.5000000000000004 -2.7499999999999996 8.5000000000000018 71.500000000000014 171.50000000000003 12.500000000000002 534.50000000000011 1.0000000180025095e-35 30.500000000000004 1.5000000000000002 2.5000000000000004 7.5000000000000009 1.5000000000000002 8.5000000000000018 -10.749999999999998 2 -0.58500000834465016 150.50000000000003 196.50000000000003 101.50000000000001 7.5000000000000009 6.2500000000000009 174.50000000000003 482.50000000000006 -1.4150000214576719
decision_type=9 9 8 8 10 8 2 8 2 10 2 10 8 8 8 10 10 9 10 2 2 2 8 8 2 2 10
left_child=8 2 -2 5 6 7 11 24 9 14 12 -5 23 -11 21 -6 -9 -8 -12 -15 22 -1 -16 -4 -3 -20 -22
right_child=1 3 10 4 15 -7 17 16 -10 13 18 -13 -14 19 20 -17 -18 -19 25 -21 26 -23 -24 -25 -26 -27 -28
leaf_value=0.018720584020488533 0.008693521404021208 -0.018363898427042828 -0.043625684989251956 0.010503432690474514 -0.026853550307858187 -0.037528232832880114 0.015441897307630558 0.066623921790471732 -0.02276683866648202 -0.0047532061754217763 0.0087242032487967486 0.038584792645567988 -0.016380631840183832 0.030900274099993078 0.018119207297482152 -0.00055812607567756951 -0.014869937699447828 -0.0041137298531802504 -0.00806206609828127 0.010021512367868685 0.0060425694057168579 0.07410918353251876 0.02455663325840815 -0.070873306182928988 -0.027728903003860824 -0.067651987342525449 0.032657504959856226
leaf_weight=26 41 34 28 247 35 39 105 27 36 46 40 37 36 38 30 27 33 453 27 38 26 33 29 29 26 27 42
leaf_count=26 41 34 28 247 35 39 105 27 36 46 40 37 36 38 30 27 33 453 27 38 26 33 29 29 26 27 42
internal_value=0 -0.000421612 -0.00386584 0.000346295 0.000939508 -0.00300453 0.00142897 -0.000589757 0.00529816 0.00620432 -0.00596092 0.00398733 -0.00894153 0.00290051 0.00837113 -0.00570712 0.00353839 0.000126835 -0.00301153 0.00558709 0.00654787 0.0122944 0.00929579 -0.012105 -0.00471786 -0.00589725 0.00416288
internal_weight=0 1291 228 1063 904 159 842 120 344 308 187 284 93 122 186 62 60 558 94 76 127 59 59 57 60 54 68
internal_count=1635 1291 228 1063 904 159 842 120 344 308 187 284 93 122 186 62 60 558 94 76 127 59 59 57 60 54 68
cat_boundaries=0 2 3 4
cat_threshold=1636495376 3 302725667 97
is_linear=0
shrinkage=0.0176943


Tree=191
num_leaves=33
num_cat=5
split_feature=13 7 20 8 35 23 23 36 7 17 20 40 17 20 13 48 17 44 40 20 48 42 40 17 16 16 16 16 28 48 23 48
split_gain=21.5376 17.7082 10.472 8.61355 10.5888 8.41678 7.55466 8.36691 7.71953 7.27078 11.04 7.08256 7.56279 6.90859 6.33081 5.70768 5.53928 4.60571 4.33893 4.31512 4.06956 3.96623 3.70081 3.46256 3.21157 4.26342 3.68898 3.2067 3.05407 2.12356 2.44825 1.3354
threshold=0 1 175.50000000000003 2 17.500000000000004 -0.93000000715255726 -1.4150000214576719 2.5000000000000004 3 6.5000000000000009 70.500000000000014 -3.4999999999999996 7.5000000000000009 275.50000000000006 4 0.32719972729682928 7.5000000000000009 5.5000000000000009 -10.499999999999998 230.50000000000003 0.72783389687538158 9.5000000000000018 1.0000000180025095e-35 6.5000000000000009 2.7500000000000004 5.2500000000000009 1.0000000180025095e-35 3.2500000000000004 11.500000000000002 1.0227272510528567 -0.93000000715255726 1.3541666865348818
decision_type=9 9 2 9 8 8 8 8 9 8 2 8 10 2 9 10 10 10 10 2 8 8 8 10 10 10 8 8 8 8 8 8
left_child=6 2 17 18 5 22 7 -1 16 -6 -11 -4 27 -7 15 19 28 29 21 -10 -9 -3 -5 -23 26 -26 -16 -13 -8 30 -2 -30
right_child=1 3 11 4 9 13 8 20 14 10 -12 12 -14 -15 24 -17 -18 -19 -20 -21 -22 23 -24 -25 25 -27 -28 -29 31 -31 -32 -33
leaf_value=0.041701271235953984 -0.0081469746741035347 0.05043544080810964 0.022078913727129112 0.020271413604653322 0.041521953431983803 -0.023437676261275315 -0.018259393231290163 -0.038101979411007278 -0.037549164865486616 -0.019836986343928137 0.027307679308515992 -0.030502098630330543 0.018622304484123865 0.00026102560711375197 -0.030568279904205981 0.042610958318865182 0.031420928067364802 -0.030753045890868243 0.02146595682253663 0.00045915140428979455 0.025108694629309959 0.028824521969111772 -0.0036959795191636117 0.041620768350005138 -0.042144911262186273 -0.030025486701288233 -0.01508661437625915 -0.0058057016608639034 0.0026759112012972315 0.0018669907795115445 -0.035168799010732742 -0.011592180391063732
leaf_weight=39 50 37 29 49 45 41 34 51 27 28 228 28 36 34 74 26 51 29 49 60 43 86 52 65 30 30 163 105 27 27 26 61
leaf_count=39 50 37 29 49 45 41 34 51 27 28 228 28 36 34 74 26 51 29 49 60 43 86 52 65 30 30 163 105 27 27 26 61
internal_value=0 0.00191378 -0.00145714 0.00347038 0.00199829 -0.00140743 -0.00204725 0.0017294 -0.00294394 0.00405605 0.00290287 0.00107233 -0.000314074 -0.00589748 -0.00421284 -0.000431526 0.000290048 -0.00536158 0.0062322 -0.00264372 -0.00112931 0.00771739 0.00192694 0.0064446 -0.00559055 -0.00943575 -0.0048527 -0.00226153 -0.0017403 -0.00360729 -0.0051215 0
internal_weight=0 1044 330 714 477 176 716 133 583 301 256 198 169 75 410 113 173 132 237 87 94 188 101 151 297 60 237 133 122 103 76 88
internal_count=1760 1044 330 714 477 176 716 133 583 301 256 198 169 75 410 113 173 132 237 87 94 188 101 151 297 60 237 133 122 103 76 88
cat_boundaries=0 2 4 5 6 8
cat_threshold=2090647589 54118 94734339 82 18108 1081606146 536870916 38
is_linear=0
shrinkage=0.0176943


Tree=192
num_leaves=23
num_cat=4
split_feature=1 7 35 1 7 32 21 24 24 32 32 49 35 35 15 44 32 17 21 24 49 15
split_gain=21.1765 17.9957 13.2982 10.568 14.6365 9.12616 8.90934 7.76055 6.38217 6.09176 5.91977 5.76427 13.8328 5.20027 5.06905 3.42133 3.20035 3.43996 4.03052 3.10759 1.74035 0.664398
threshold=0 1 3.5000000000000004 2 3 0.36088341474533087 28.500000000000004 9.5000000000000018 1.5699999928474428 0.13899821788072589 0.25186567008495336 8.5000000000000018 9.5000000000000018 3.5000000000000004 -0.74999999999999989 1.0000000180025095e-35 0.43308457732200628 1.0000000180025095e-35 30.500000000000004 1.0000000180025095e-35 8.5000000000000018 -1.0000000180025095e-35
decision_type=9 9 8 9 9 8 2 8 10 10 10 10 10 10 8 10 10 10 2 8 10 10
left_child=7 14 15 5 10 -4 -7 9 -6 20 -5 12 13 -11 19 21 17 18 -16 -2 -1 -3
right_child=1 2 3 4 8 6 -8 -9 -10 11 -12 -13 -14 -15 16 -17 -18 -19 -20 -21 -22 -23
leaf_value=0.048941719495437422 -0.049183405046140993 0.048352318118949834 -0.038564451132071693 0.062675891873975459 -0.0012847570726469079 -0.025053675996503908 0.0020878813300034237 -0.0597982339503801 -0.028332837864223671 0.012342516147816463 0.0062660109362347423 -0.0065254575243271131 0.064288709764267288 -0.013788125236552689 -0.054856278256217937 0.0016863099561541222 -0.023267693374731592 0.01307857348646115 -0.0074139627891551775 -0.031107009530585594 0.047819853791046328 0.036927707993311125
leaf_weight=35 35 27 42 64 672 70 111 27 74 56 36 41 28 38 31 26 33 28 53 31 33 27
leaf_count=35 35 27 42 64 672 70 111 27 74 56 36 41 28 38 31 26 33 28 53 31 33 27
internal_value=0 -0.00121405 -0.0003206 -0.000844152 8.26805e-05 -0.00417662 -0.00263936 0.00422537 -0.000795763 0.00543831 0.00611213 0.0035821 0.00551098 0.00225864 -0.0058445 0.00663471 -0.0042708 -0.00284352 -0.00463378 -0.0101864 0.00988687 0.00917351
internal_weight=0 1360 1149 1069 846 223 181 258 746 231 100 163 122 94 211 80 145 112 84 66 68 54
internal_count=1618 1360 1149 1069 846 223 181 258 746 231 100 163 122 94 211 80 145 112 84 66 68 54
cat_boundaries=0 1 3 5 6
cat_threshold=2216312882 1319172 8 1077979397 1024 2737152
is_linear=0
shrinkage=0.0176943


Tree=193
num_leaves=28
num_cat=3
split_feature=3 7 10 37 16 25 20 47 14 17 36 32 37 16 19 24 18 32 16 25 42 32 19 25 20 32 42
split_gain=30.0275 18.0641 14.0716 10.2711 6.22162 5.53592 11.817 7.01815 6.21405 4.73581 4.67123 5.06002 4.50007 8.22092 4.44864 3.9824 3.81333 3.7848 4.01934 3.58268 3.57135 4.5442 4.02774 3.65108 3.48734 2.03002 1.86177
threshold=0 1 2 9.5000000000000018 7.2500000000000009 32.500000000000007 543.50000000000011 4.5000000000000009 10.500000000000002 3.5000000000000004 1.0000000180025095e-35 0.60791924595832836 3.5000000000000004 7.2500000000000009 158.50000000000003 2.1649999618530278 2.5000000000000004 0.97484177350997936 1.2500000000000002 21.500000000000004 19.500000000000004 0.98518437147140514 6.5000000000000009 3.5000000000000004 647.50000000000011 0.9813067913055421 9.5000000000000018
decision_type=9 9 9 8 8 8 2 8 8 10 8 8 8 10 10 8 8 10 8 8 10 8 10 10 2 10 10
left_child=12 3 20 25 10 7 14 8 -4 -9 26 -12 -1 15 -7 17 -6 18 -14 -18 21 22 -3 -23 -8 -2 -5
right_child=1 2 5 4 16 6 24 9 -10 -11 11 -13 13 -15 -16 -17 19 -19 -20 -21 -22 23 -24 -25 -26 -27 -28
leaf_value=-0.044973716117614741 -0.0034414192547849659 -0.0034091823032707997 -0.0068648307309701895 0.026060387652568278 0.044227620211037363 0.073410312979241346 -0.06694097772760331 -0.026469005497786028 0.022550680128323678 -0.0010299481956252648 -0.029809897866216975 0.022058069607978233 -0.032745566231973264 0.0095266697301484172 -0.0021281938682721148 -0.067420629914963698 0.0041350213419207487 -0.00030319428530047987 -0.018956376561993418 0.055803879749090166 0.0076265460663138118 -0.050722704239148521 -0.034436536085644974 -0.010004814414244587 0.0034985821743717823 -0.036018083592924265 0.0063515128012141767
leaf_weight=27 31 28 47 69 40 111 27 189 72 254 27 65 44 37 29 28 45 27 49 101 28 28 73 99 34 27 42
leaf_count=27 31 28 47 69 40 111 27 189 72 254 27 65 44 37 29 28 45 27 49 101 28 28 73 99 34 27 42
internal_value=0 0.000287709 -0.00101453 0.00321356 0.00432113 0.000206009 0.00272886 -0.000692645 0.00312231 -0.00171747 0.00217901 -0.000769233 -0.00669489 -0.00602536 0.00556075 -0.00789028 0.00665885 -0.00648748 -0.00818055 0.00533223 -0.00452321 -0.00543226 -0.00823334 -0.00320427 -0.00377042 -0.00366038 0.0046225
internal_weight=0 1466 1019 447 389 763 201 562 119 443 203 92 212 185 140 148 186 120 93 146 256 228 101 127 61 58 111
internal_count=1678 1466 1019 447 389 763 201 562 119 443 203 92 212 185 140 148 186 120 93 146 256 228 101 127 61 58 111
cat_boundaries=0 2 4 5
cat_threshold=415518890 6357316 2186118712 1 12724
is_linear=0
shrinkage=0.0176943


Tree=194
num_leaves=24
num_cat=4
split_feature=3 25 2 10 14 23 36 32 36 10 25 27 14 33 25 24 36 47 32 32 14 33 32
split_gain=22.5284 17.1549 8.18436 10.3185 7.20075 7.08359 6.92288 6.36348 5.84223 5.21834 5.02504 4.67299 5.11459 4.4119 4.09641 3.97046 4.16765 3.13577 2.58352 2.44075 5.8472 3.62655 1.56126
threshold=0 3.5000000000000004 1 2 33.500000000000007 -3.2499999999999996 6.5000000000000009 0.033060109242796905 1.2500000000000002 3 6.5000000000000009 3.5000000000000004 33.500000000000007 -4.4999999999999991 32.500000000000007 4.2500000000000009 2.5000000000000004 -1.0000000180025095e-35 0.95916664600372326 0.66165158152580272 2.2500000000000004 -8.4999999999999982 0.95916664600372326
decision_type=9 8 9 9 10 8 8 10 10 9 10 10 10 10 10 8 8 8 8 10 10 10 10
left_child=4 8 3 10 17 -6 7 -5 22 15 -3 12 -11 -13 -8 16 -4 -1 -12 20 -19 -21 -2
right_child=1 2 9 6 5 -7 14 -9 -10 11 18 13 -14 -15 -16 -17 -18 19 -20 21 -22 -23 -24
leaf_value=-0.03891009959759073 -0.048221958977416227 0.02848276382800851 0.0057130762788581294 0.067321364987797241 -0.042811068898433502 0.030299391631267079 0.010054320177303769 0.017800923415564315 -0.01669274246076357 0.0010669172386656223 -0.0031142007585573841 -0.033313009893861455 -0.032802083216598124 -0.0086211824595593262 -0.03198613094260528 -0.0082988481858227454 0.042288736890846987 -0.024837472188849238 -0.024017467439399087 -0.051524772790843006 0.0017376555348462299 -0.031366801131333305 -0.065497459069933817
leaf_weight=34 28 27 80 43 28 39 132 154 42 568 38 29 38 29 33 41 68 36 41 27 29 27 26
leaf_count=34 28 27 80 43 28 39 132 154 42 568 38 29 38 29 33 41 68 36 41 27 29 27 26
internal_value=0 0.000582778 0.00111174 0.00296133 -0.00538503 -0.000792165 0.00437591 0.00673613 -0.00663482 6.15069e-05 -0.00183031 -0.000682557 -0.000233582 -0.00549059 0.00182295 0.00257845 0.00406468 -0.00774808 -0.00425516 -0.00639331 -0.0040828 -0.00917351 -0.010484
internal_weight=0 1417 1321 468 220 67 362 197 96 853 106 664 606 58 165 189 148 153 79 119 65 54 54
internal_count=1637 1417 1321 468 220 67 362 197 96 853 106 664 606 58 165 189 148 153 79 119 65 54 54
cat_boundaries=0 2 3 4 5
cat_threshold=1881441373 33558786 363922 357 3841
is_linear=0
shrinkage=0.0176943


Tree=195
num_leaves=20
num_cat=3
split_feature=2 8 44 8 21 39 15 33 39 28 44 28 33 28 18 44 28 28 16
split_gain=8.50216 8.9622 7.64263 7.04135 6.55446 6.55446 6.05312 5.51072 6.02098 5.24555 5.22089 8.36273 7.1918 6.58111 3.65944 3.13242 2.84432 2.59052 1.9692
threshold=0 1 3.5000000000000004 2 26.500000000000004 0.86729559302330028 -14.749999999999998 -7.4999999999999991 0.1086406745016575 8.5000000000000018 6.5000000000000009 19.500000000000004 3.5000000000000004 22.500000000000004 1.0000000180025095e-35 1.5000000000000002 16.500000000000004 10.500000000000002 1.2500000000000002
decision_type=9 9 8 9 2 10 8 10 10 8 8 8 8 8 8 10 10 10 8
left_child=3 4 -3 7 -2 6 -5 8 -1 -6 -4 12 -12 -13 18 16 -8 -11 -7
right_child=1 2 10 5 9 14 15 -9 -10 17 11 13 -14 -15 -16 -17 -18 -19 -20
leaf_value=-0.013144998955398519 0.047681128702552804 -0.018021528867748549 0.029152416369836818 0.023107049584601285 0.02379352564779506 -0.025823964684158991 -0.011005536656199686 -0.0027229523497487558 0.023243885821757813 -0.031337003901810219 0.0032593200330994568 0.027326006181311771 -0.012999674851193334 0.0081934587047339021 -0.04192785066828926 -0.048087900115864522 0.019390742680950757 0.011986701860775087 -0.0068554446524135898
leaf_weight=29 29 40 40 26 43 30 258 34 41 41 143 37 164 487 37 31 26 51 29
leaf_count=29 29 40 40 26 43 30 258 34 41 41 143 37 164 487 37 31 26 51 29
internal_value=0 0.00119048 0.000480294 -0.00150929 0.00488096 -0.00249378 -0.00140098 0.00248323 0.00556044 0.00353864 0.000832901 0.000532311 -0.00178667 0.00189096 -0.00663482 -0.00207832 -0.00149524 0.00115386 -0.00389822
internal_weight=0 1075 911 541 164 437 341 104 70 135 871 831 307 524 96 315 284 92 59
internal_count=1616 1075 911 541 164 437 341 104 70 135 871 831 307 524 96 315 284 92 59
cat_boundaries=0 1 2 3
cat_threshold=430996 2096 34882
is_linear=0
shrinkage=0.0176943


Tree=196
num_leaves=23
num_cat=2
split_feature=3 46 8 40 24 29 47 25 15 20 25 25 25 29 19 39 20 20 39 39 40 32
split_gain=27.5235 14.2145 8.08534 9.07357 7.6254 10.6636 7.04223 6.79231 6.54021 5.449 4.80047 4.77333 4.99686 4.04583 5.32681 4.41525 3.87605 3.7727 3.14694 2.97526 2.93913 2.13582
threshold=0 0.020545073784887794 1 -4.4999999999999991 2.7500000000000004 3.0700000524520878 -9.4999999999999982 20.500000000000004 -5.7499999999999991 159.50000000000003 28.500000000000004 15.500000000000002 11.500000000000002 2.5000000000000004 9.5000000000000018 0.71535181999206554 101.50000000000001 89.500000000000014 0.022474748082458976 0.19462481886148456 2.5000000000000004 0.7838827669620515
decision_type=9 8 9 10 10 10 10 8 10 2 8 10 8 10 10 8 2 2 10 10 8 10
left_child=6 18 7 13 16 -6 11 9 -8 17 -9 12 20 14 -4 -15 -5 -3 -2 -11 -1 -22
right_child=1 2 3 4 5 -7 8 10 -10 19 -12 -13 -14 15 -16 -17 -18 -19 -20 -21 21 -23
leaf_value=-0.059444029874887117 0.088457778952847885 0.0027569222339832206 0.011846731001247588 -0.0092373986875951917 0.020861014986614364 -0.032476014148529762 -0.035604946534760505 0.026494270952064091 0.0085109859992808703 0.004389964210633499 0.053770052592863452 -0.041311187970931272 -0.0015293465787866493 0.004421925426555783 -0.0028065751404514568 -0.028157438837787152 -0.028757305372062475 0.041462207355404686 0.021377863084803963 -0.023074865364980639 -0.056444260487020927 -0.019728981998504432
leaf_weight=26 30 43 342 28 27 27 30 38 32 28 48 41 33 26 619 34 55 40 37 32 27 26
leaf_count=26 30 43 342 28 27 27 30 38 32 28 48 41 33 26 619 34 55 40 37 32 27 26
internal_value=0 0.000749342 0.000369956 -0.000242384 -0.00452017 0.000655219 -0.00589788 0.00333144 -0.0011414 0.00111355 0.00740624 -0.00821065 -0.00631894 0.000329272 0.0006076 -0.00412812 -0.00788708 0.00405011 0.00871409 -0.00294865 -0.0087343 -0.00634231
internal_weight=0 1454 1387 1158 137 54 215 229 62 143 86 153 112 1021 961 60 83 83 67 60 79 53
internal_count=1669 1454 1387 1158 137 54 215 229 62 143 86 153 112 1021 961 60 83 83 67 60 79 53
cat_boundaries=0 4 5
cat_threshold=2827355202 1179747 0 32 53392
is_linear=0
shrinkage=0.0176943


Tree=197
num_leaves=29
num_cat=4
split_feature=9 25 14 1 47 32 2 32 2 25 21 25 14 14 14 25 14 34 32 25 14 34 35 25 32 14 24 34
split_gain=21.7916 13.931 13.7705 9.69335 7.18231 7.18006 5.99726 5.93266 5.83932 5.57943 9.46306 6.16926 5.38726 4.91297 4.65551 4.86911 4.30361 4.00645 3.58611 3.78653 3.52246 3.87757 2.75329 2.50189 1.90938 1.72155 1.27708 0.691799
threshold=0 10.500000000000002 81.500000000000014 1 -7.4999999999999991 0.86949115991592418 2 0.47634127736091619 3 26.500000000000004 39.500000000000007 22.500000000000004 8.5000000000000018 53.500000000000007 32.500000000000007 18.500000000000004 12.500000000000002 1.0000000180025095e-35 0.28187072277069097 15.500000000000002 19.500000000000004 9.5000000000000018 11.500000000000002 8.5000000000000018 0.92518657445907604 11.250000000000002 33.500000000000007 8.5000000000000018
decision_type=9 8 8 9 8 10 9 8 9 10 2 10 10 8 10 10 8 8 8 10 8 8 10 10 8 10 8 8
left_child=2 8 4 22 -1 7 18 17 13 11 -11 -8 -9 25 15 -7 23 -6 -5 -20 -18 -22 24 -10 -3 -2 -4 -27
right_child=1 3 26 6 5 14 9 12 16 10 -12 -13 -14 -15 -16 -17 20 -19 19 -21 21 -23 -24 -25 -26 27 -28 -29
leaf_value=-0.016911085643038067 -0.05066576753585568 0.023321469621580101 0.085173614005949763 -0.016238717620678991 0.0020513726697602812 0.020162078336012187 -0.011618650028958101 0.011190804929864863 -0.0087181684097537276 0.018940930957247637 -0.080764603095230814 -0.034743236027153235 -0.029076644658710255 -0.035471979315592289 -0.00035924710050156604 0.00043451360665658383 0.029421838877780902 0.024722421651517702 -0.00040253293881687991 0.028004018661059098 -0.041156807909315966 0.0041471893246874669 0.0046509589570249534 -0.03520778618235916 0.013318854929206198 -0.00578489196060943 0.063468344432857884 -0.034274375365487449
leaf_weight=33 28 33 48 26 65 77 291 39 39 157 35 54 27 38 27 28 30 41 67 99 58 88 41 28 43 26 38 26
leaf_count=33 28 33 48 26 65 77 291 39 39 157 35 54 27 38 27 28 30 41 67 99 58 88 41 28 43 26 38 26
internal_value=0 -0.00114859 0.0034734 8.36578e-05 0.00194264 0.00279376 -0.000694352 0.000411466 -0.00406812 -0.00164971 0.000737223 -0.0030259 -0.00375288 -0.00718786 0.00589774 0.0075827 -0.002168 0.00300446 0.00192702 0.00298443 -0.00080424 -0.00193899 0.00459744 -0.00607345 0.00698387 -0.00530776 0.009875 -0.00340222
internal_weight=0 1207 423 846 337 304 729 172 361 537 192 345 66 118 132 105 243 106 192 166 176 146 117 67 76 80 86 52
internal_count=1630 1207 423 846 337 304 729 172 361 537 192 345 66 118 132 105 243 106 192 166 176 146 117 67 76 80 86 52
cat_boundaries=0 2 3 4 5
cat_threshold=760332494 2 1384645 41985 6420
is_linear=0
shrinkage=0.0176943


Tree=198
num_leaves=20
num_cat=2
split_feature=3 2 16 46 49 34 46 34 35 22 16 49 19 20 49 46 19 48 18
split_gain=15.5267 11.6461 10.9802 8.26636 9.26159 7.80008 7.15239 8.79025 6.42425 4.73236 3.79422 2.92896 5.31651 2.66653 4.16419 4.29408 3.94992 3.41256 0.887873
threshold=0 1 13.250000000000002 0.030309988185763363 15.500000000000002 7.5000000000000009 0.90616354346275341 3.5000000000000004 8.5000000000000018 16.250000000000004 3.7500000000000004 11.500000000000002 11.500000000000002 155.50000000000003 5.5000000000000009 0.95571896433830272 10.500000000000002 0.60956555604934703 7.5000000000000009
decision_type=9 9 10 8 8 10 8 8 10 8 10 8 10 2 8 8 10 8 8
left_child=2 9 10 4 -3 6 7 -5 -8 13 11 12 -1 14 -2 -16 -15 -18 -11
right_child=1 3 -4 5 -6 -7 8 -9 -10 18 -12 -13 -14 16 15 -17 17 -19 -20
leaf_value=0.0021888171586773014 0.038587101151169728 0.042019585603030311 0.011813454307328244 -0.01819443454289775 -0.017069239943070368 -0.027429721780921724 -0.0013125969667352067 0.034287462236097181 0.020246115571835702 -0.037389521012388433 -0.054362939906764475 -0.041113683823185067 -0.015322832413079315 0.034566538343260754 0.018093203302895548 -0.00049693833308419016 0.028635696364729298 -0.0029226802668826232 0.020637250177588662
leaf_weight=42 42 43 41 109 29 40 733 26 178 26 49 42 38 38 29 27 26 57 31
leaf_count=42 42 43 41 109 29 40 733 26 178 26 49 42 38 38 29 27 26 57 31
internal_value=0 0.000882256 -0.00414445 9.0893e-05 0.00589746 -0.000293271 0 -0.00380077 0.000563257 0.00408318 -0.0063117 -0.00464082 -0.00265387 0.00541312 0.00758266 0.00442295 0.0036556 0.00149213 -0.000310353
internal_weight=0 1434 212 1158 72 1086 1046 135 911 276 171 122 80 219 98 56 121 83 57
internal_count=1646 1434 212 1158 72 1086 1046 135 911 276 171 122 80 219 98 56 121 83 57
cat_boundaries=0 3 4
cat_threshold=2898265369 1053216 4 116784
is_linear=0
shrinkage=0.0176943


Tree=199
num_leaves=33
num_cat=6
split_feature=7 2 8 8 48 48 28 48 19 32 20 2 24 20 42 19 8 32 42 15 19 20 32 24 20 28 20 19 16 15 15 19
split_gain=18.1259 15.9328 8.15116 7.71575 7.23953 14.9123 7.00733 6.84265 6.05578 6.45309 5.8965 5.84484 7.22323 5.1246 4.64369 5.38455 4.39676 5.19262 4.35941 4.34415 4.15834 4.05569 6.17447 3.83337 4.09683 3.51513 3.50597 3.21211 2.75169 2.723 2.51311 1.48091
threshold=0 1 2 3 0.20169491320848468 0.61390480399131786 1.0000000180025095e-35 0.98213717341423046 9.5000000000000018 0.67936623096466076 169.50000000000003 4 6.2500000000000009 339.50000000000006 16.500000000000004 206.50000000000003 5 0.54006412625312816 5.5000000000000009 -15.749999999999998 9.5000000000000018 526.50000000000011 0.93798077106475841 0.76500001549720775 195.50000000000003 9.5000000000000018 229.50000000000003 98.500000000000014 12.500000000000002 -1.2499999999999998 -4.4999999999999991 78.500000000000014
decision_type=9 9 9 9 8 8 10 10 8 8 2 9 8 2 8 10 9 10 10 10 8 2 10 10 2 8 2 8 8 10 10 10
left_child=2 6 11 4 -3 -6 10 16 9 -5 27 20 25 -7 -10 -16 18 -18 -8 31 -1 22 23 24 -4 -13 -22 29 -28 -2 -27 -12
right_child=1 3 21 8 5 13 7 -9 14 -11 19 12 -14 -15 15 -17 17 -19 -20 -21 26 -23 -24 -25 -26 30 28 -29 -30 -31 -32 -33
leaf_value=0.0048890361295577424 0.05089316990551563 0.022315198468210604 -0.019509611609978342 -0.01219120789183435 -0.048561441285912617 0.022836706553940087 -0.024717677441623891 0.039083770242246969 0.008605302014000853 -0.043367233044677572 0.045863256403892862 -0.031943721747022577 0.04103246823728781 -0.014104266060125027 -0.0080737182368625614 0.094094644093444785 -0.024291055255963499 0.0025120756511374199 0.02670357279397426 -0.015869672963384606 -0.031957923084201666 -0.0029866287258418062 -0.0059674632882095197 -0.010764216709782694 -0.062386300450262409 -0.0007180541427502079 0.002869751547815564 0.0441046280527966 -0.044064583878126347 0.078776175148268193 0.003929130833672044 0.041816711662013187
leaf_weight=41 26 40 29 43 43 115 38 34 45 46 40 27 30 45 243 31 34 104 64 30 36 40 50 29 44 62 28 41 42 31 27 28
leaf_count=41 26 40 29 43 43 115 38 34 45 46 40 27 30 45 243 31 34 104 64 30 36 40 50 29 44 62 28 41 42 31 27 28
internal_value=0 0.00123593 -0.00282389 -0.000562138 0.00188826 0.000610115 0.00368624 0.00193727 -0.00203184 -0.00616264 0.00631913 -0.000875926 0.00158786 0.00309634 -0.000942926 -0.00180812 0.000884678 -0.00119549 0.00347541 0.0032497 -0.0032682 -0.00560589 -0.00721703 -0.00971377 -0.0118757 -0.000305038 -0.00534127 0.00938806 -0.00303295 0.012105 0.00139155 0.00572396
internal_weight=0 1121 485 651 243 203 470 274 408 89 196 293 146 160 319 274 240 138 102 98 147 192 152 102 73 116 106 98 70 57 89 68
internal_count=1606 1121 485 651 243 203 470 274 408 89 196 293 146 160 319 274 240 138 102 98 147 192 152 102 73 116 106 98 70 57 89 68
cat_boundaries=0 2 3 4 5 6 7
cat_threshold=17052190 71 132198 4103 4048 263 1776
is_linear=0
shrinkage=0.0176943


Tree=200
num_leaves=14
num_cat=2
split_feature=11 49 20 10 15 39 20 43 49 20 47 14 39
split_gain=15.8131 14.4868 9.41572 9.39667 8.21721 8.40355 6.64655 5.83452 5.30702 5.26134 5.10897 3.2993 1.10052
threshold=0 22.500000000000004 23.000000000000004 1 -2.7499999999999996 0.98648402094841015 139.50000000000003 3.5000000000000004 13.500000000000002 15.000000000000002 -4.4999999999999991 13.500000000000002 0.95803990960121166
decision_type=9 10 2 9 8 10 2 8 10 2 8 10 8
left_child=7 2 9 6 8 -6 10 12 -5 -2 -4 -8 -1
right_child=1 -3 3 4 5 -7 11 -9 -10 -11 -12 -13 -14
leaf_value=-0.042353816089396569 -0.0056047433656564536 0.070100637509347127 -0.021482237875573025 0.0066851333873503881 -0.0030435646307424113 -0.02979953272605022 0.048373144151733945 -0.023298774143039026 0.026880113341830329 -0.028992974773623701 0.011067425768600689 0.010379376669179223 -0.012057816532310674
leaf_weight=29 38 33 29 220 771 45 95 50 28 38 121 39 29
leaf_count=29 38 33 29 220 771 45 95 50 28 38 121 39 29
internal_value=0 0.000735748 0.000472174 0.000813825 3.29482e-05 -0.000823987 0.00361098 -0.00599766 0.00285382 -0.00558709 0.00117955 0.00660196 -0.0103711
internal_weight=0 1457 1424 1348 1064 816 284 108 248 76 150 134 58
internal_count=1565 1457 1424 1348 1064 816 284 108 248 76 150 134 58
cat_boundaries=0 1 2
cat_threshold=2311 2410
is_linear=0
shrinkage=0.0176943


Tree=201
num_leaves=25
num_cat=6
split_feature=9 7 10 35 25 0 7 21 42 7 19 19 28 48 19 21 28 25 28 25 32 28 42 28
split_gain=24.0552 13.7089 11.3625 9.30349 6.89853 6.86013 5.9024 5.77151 5.64876 5.64369 5.60854 7.84588 5.48344 7.0057 5.40202 6.29967 5.15454 4.04091 3.71475 3.65107 2.27077 2.25231 2.19795 1.85057
threshold=0 1 2 2.5000000000000004 29.500000000000004 3 4 36.500000000000007 13.500000000000002 5 190.50000000000003 72.500000000000014 25.500000000000004 0.42947559058666235 256.50000000000006 28.500000000000004 11.500000000000002 5.5000000000000009 16.500000000000004 5.5000000000000009 0.95744466781616222 15.500000000000002 4.5000000000000009 1.5000000000000002
decision_type=9 9 9 8 8 9 9 2 8 9 10 10 8 10 10 2 8 10 10 10 8 8 10 10
left_child=3 7 22 -1 5 6 -4 12 -7 19 11 -6 13 18 15 20 -17 -15 -2 -5 -11 -21 23 -3
right_child=1 2 4 9 10 8 -8 -9 -10 14 -12 -13 -14 17 -16 16 -18 -19 -20 21 -22 -23 -24 -25
leaf_value=0.014064302363605201 -0.049018236818112911 0.088149512014630935 -0.0056178973483976009 0.031251332895633845 0.028614285364947551 -0.043249574029867191 0.011561104956293689 -0.054455830161216225 -0.001063151321562374 -0.028360548145185242 0.11949860134883919 -0.028938909960129305 0.011590883957515371 -0.04588580241708911 -0.052598289374721545 -0.036259559616839174 -0.0021295780298357272 0.058511761056198222 -0.014241738241284146 -0.023476270967431392 -0.042434797377322697 -0.0063346004727678849 0.018321582958563863 0.030189324416898096
leaf_weight=27 38 31 107 29 156 46 389 32 173 26 50 38 49 30 28 52 75 27 34 27 49 46 42 27
leaf_count=27 38 31 107 29 156 46 389 32 173 26 50 38 49 30 28 52 75 27 34 27 49 46 42 27
internal_value=0 0.00114825 0.00196969 -0.00397992 0.00133299 0.000470189 0.00160854 -0.00289532 -0.00208615 -0.00490311 0.00391582 0.0025537 -0.00178922 -0.00370322 -0.00634024 -0.00560589 -0.00320427 0.000931123 -0.00737183 -0.000947827 -0.00967188 -0.00315069 0.0073989 0.0103711
internal_weight=0 1269 1059 359 959 715 496 210 219 332 244 194 178 129 230 202 127 57 72 102 75 73 100 58
internal_count=1628 1269 1059 359 959 715 496 210 219 332 244 194 178 129 230 202 127 57 72 102 75 73 100 58
cat_boundaries=0 1 3 4 5 6 7
cat_threshold=327426163 1183126016 50 536 19 2131304 4236290
is_linear=0
shrinkage=0.0176943


Tree=202
num_leaves=25
num_cat=4
split_feature=3 7 2 16 9 49 15 27 35 16 35 21 22 35 35 49 21 16 21 35 49 24 33 35
split_gain=29.9445 19.5923 9.78085 8.07672 7.95987 6.93373 7.92683 6.89322 6.52288 6.03135 9.35425 5.40705 5.06809 5.0338 4.69251 4.24897 3.85845 3.61342 2.94477 2.59906 1.87834 3.44097 1.4618 1.1916
threshold=0 1 2 4.5000000000000009 3 8.5000000000000018 -1.2499999999999998 9.5000000000000018 19.500000000000004 1.0000000180025095e-35 12.500000000000002 29.500000000000004 2.5000000000000004 13.500000000000002 12.500000000000002 2.5000000000000004 33.500000000000007 1.0000000180025095e-35 28.500000000000004 1.0000000180025095e-35 2.5000000000000004 1.1650000214576723 1.5000000000000002 17.500000000000004
decision_type=9 9 9 10 9 10 10 8 8 8 10 2 10 10 8 8 2 8 2 10 10 8 8 10
left_child=3 9 7 17 13 6 -6 22 -7 14 12 -5 16 19 -2 -14 -11 -1 -12 -4 21 -19 -3 -16
right_child=1 2 4 11 5 8 -8 -9 -10 10 18 -13 15 -15 23 -17 -18 20 -20 -21 -22 -23 -24 -25
leaf_value=-0.041517856406329039 -0.00013391149796204981 0.016519171047510942 0.044087125623165024 0.02070850188438824 0.00089673605318905968 0.025044731169032899 -0.019621082833344142 0.01516886325905757 0.0069262498317447874 -0.013668301299663663 0.0081242973480575419 -0.032166963779424414 -0.015068689456078192 0.042961452382121804 -0.020299311909611584 -0.024522540623161389 0.025382626758500774 -0.022209198857160748 0.0049866995355332582 -0.00066642631680447146 -0.041819257916248812 -0.049121116070492472 0.04199188388667182 -0.015618885541748393
leaf_weight=38 29 27 46 32 548 65 87 46 109 95 28 46 32 27 46 65 46 30 27 29 45 31 41 31
leaf_count=38 29 27 46 32 548 65 87 46 109 95 28 46 32 27 46 65 46 30 27 29 45 31 41 31
internal_value=0 0.000296135 0.00158991 -0.00655886 0.000941378 0.000324065 -0.000529425 0.00627822 0.00345734 -0.00298504 -0.00175126 -0.00226826 -0.0032711 0.0053711 -0.0066766 -0.00638402 -0.00112935 -0.00933814 0.00482503 0.00353848 -0.0110164 -0.00899105 0.0104072 -0.00896114
internal_weight=0 1424 1025 222 911 809 635 114 174 399 293 78 238 102 106 97 141 144 55 75 106 61 68 77
internal_count=1646 1424 1025 222 911 809 635 114 174 399 293 78 238 102 106 97 141 144 55 75 106 61 68 77
cat_boundaries=0 3 5 6 8
cat_threshold=1015021660 2190655504 8388608 243311914 18 582016 1140879360 8
is_linear=0
shrinkage=0.0176943


Tree=203
num_leaves=24
num_cat=3
split_feature=7 9 20 17 41 7 23 37 43 23 15 20 37 16 43 17 20 16 14 43 30 20 41
split_gain=20.2717 11.9733 13.7386 8.12919 7.52879 5.94868 6.10741 6.89853 5.34955 5.27973 4.72199 4.37819 4.26208 11.2646 5.48947 5.08511 3.40141 3.59335 3.11531 3.78585 2.90861 2.90422 1.49664
threshold=0 1 513.50000000000011 14.500000000000002 1.2500000000000002 2 -1.0000000180025095e-35 1.5000000000000002 2.5000000000000004 -3.2499999999999996 -7.7499999999999991 59.500000000000007 6.5000000000000009 8.7500000000000018 1.0000000180025095e-35 10.500000000000002 63.500000000000007 2.2500000000000004 56.250000000000007 3.5000000000000004 7.5000000000000009 222.50000000000003 2.5000000000000004
decision_type=9 9 2 10 10 9 10 10 10 10 8 2 8 10 8 8 2 8 8 8 8 2 8
left_child=9 2 4 5 16 6 10 -8 11 18 -3 -7 14 15 -11 20 -2 -18 19 -1 -14 -20 -17
right_child=1 3 -4 -5 -6 8 7 -9 -10 12 -12 -13 13 -15 -16 22 17 -19 21 -21 -22 -23 -24
leaf_value=-0.026121159595190332 -0.028217804294487666 0.058919359903522171 0.055829994739663096 0.073031161114133145 0.011009853871181387 0.019045480750330968 0.014764498372445431 -0.019836311152068534 -0.042942031478710688 0.010082816582010601 0.035693775079137721 0.0059481882424735335 -0.0096974034163363459 0.014528172603728295 -0.014077607489108919 -0.0080934405648163329 -9.6949546354074256e-05 -0.036906330697987003 0.023922345881826804 0.015806325356988483 -0.025838688831780868 -0.001599098712362586 -0.010965164177261481
leaf_weight=30 41 34 41 36 33 65 164 32 26 26 129 459 34 28 27 47 44 75 30 33 118 46 98
leaf_count=30 41 34 41 36 33 65 164 32 26 26 129 459 34 28 27 47 44 75 30 33 118 46 98
internal_value=0 0.00165185 -0.00188539 0.00253832 -0.00394208 0.00223853 0.00397992 0.00198601 0.00101108 -0.00251812 0.00662147 0.00141822 -0.00365112 -0.00440985 0.00100139 -0.00542133 -0.00552919 -0.0040144 0.000381857 -0.00252743 -0.00768265 0.00279353 -0.00305057
internal_weight=0 1179 234 945 193 909 359 196 550 517 163 524 378 325 53 297 160 119 139 63 152 76 145
internal_count=1696 1179 234 945 193 909 359 196 550 517 163 524 378 325 53 297 160 119 139 63 152 76 145
cat_boundaries=0 2 3 4
cat_threshold=28584548 135 161817380 2181727641
is_linear=0
shrinkage=0.0176943


Tree=204
num_leaves=31
num_cat=8
split_feature=3 13 2 10 7 39 17 10 41 49 48 15 13 48 39 49 19 13 49 48 19 15 39 48 18 19 37 48 17 48
split_gain=27.6958 22.6235 20.0613 11.4924 9.16152 8.2713 8.02686 7.77183 8.34645 8.55266 4.46309 4.43545 4.42393 6.39208 4.33675 4.19204 4.18005 4.00147 6.90891 4.61869 3.95491 3.95336 3.59209 5.27241 4.43445 3.53156 3.33568 3.73541 2.76318 2.69657
threshold=0 1 2 3 4 0.18321596086025241 15.500000000000002 5 2.5000000000000004 7.5000000000000009 0.53873431682586681 -13.749999999999998 6 1.0227272510528567 0.91314655542373668 8.5000000000000018 395.00000000000006 7 11.500000000000002 0.97587209939956676 12.500000000000002 -0.74999999999999989 0.61326980590820324 0.8473193645477296 2.5000000000000004 129.50000000000003 8.5000000000000018 0.63582888245582592 2.5000000000000004 0.75171232223510753
decision_type=9 9 9 9 9 10 8 9 8 8 8 10 9 8 8 10 8 9 8 8 10 8 8 10 8 10 8 8 10 8
left_child=10 4 3 14 6 11 21 8 -4 -10 20 16 13 -5 -3 -13 -6 18 -9 -19 -1 -2 -12 24 29 -14 -7 -28 -16 -24
right_child=1 2 7 12 5 26 -8 17 9 -11 22 15 25 -15 28 -17 -18 19 -20 -21 -22 -23 23 -25 -26 -27 27 -29 -30 -31
leaf_value=-0.039957540722915075 0.0014257270823268213 -0.013109421693717002 -0.056093797053417056 0.031631482349133183 -0.055048058921341195 -0.0079395773368903053 0.089384240670084297 -0.027119222049611535 0.017228821970476014 -0.031657872531364872 -0.034675517231545702 0.015722534790829253 0.03051067901593579 -0.0049036201959443294 0.012690900530731406 -0.028290539391126857 -0.012378929086567835 0.028486331286939996 0.028665060181963759 0.0051165236639983055 -0.054564033054023298 -0.020318362854656675 -0.026590807815300356 0.01215401167352151 -0.0056997688343603803 0.058133040340057215 0.028987926414196123 -0.0040883834707998896 -0.0049393593036094873 -0.033190647718157766
leaf_weight=36 51 39 41 49 66 41 27 42 27 77 31 28 281 54 70 30 29 92 62 164 31 31 28 28 36 43 26 30 46 33
leaf_count=36 51 39 41 49 66 41 27 42 27 77 31 28 281 54 70 30 29 92 62 164 31 31 28 28 36 43 26 30 46 33
internal_value=0 0.000874985 0.00214523 0.00436373 -0.002925 -0.0047637 0.00133812 -0.000446641 -0.00376697 -0.00136098 -0.00569539 -0.00751679 0.00587099 0.00203547 0.000107222 -0.00366038 -0.00987075 0.000956422 -0.00186242 0.00212857 -0.00977035 -0.00129456 -0.00430992 -0.00297244 -0.00492481 0.00699278 -0.000911986 0.00189553 0.00183031 -0.00783091
internal_weight=0 1446 1087 582 359 250 109 505 145 104 223 153 427 103 155 58 95 360 104 256 67 82 156 125 97 324 97 56 116 61
internal_count=1669 1446 1087 582 359 250 109 505 145 104 223 153 427 103 155 58 95 360 104 256 67 82 156 125 97 324 97 56 116 61
cat_boundaries=0 2 4 5 6 8 9 10 11
cat_threshold=1899005033 34832 2357400592 1299 606611 9317 37752872 129 4291 269009026 1610613409
is_linear=0
shrinkage=0.0176943


Tree=205
num_leaves=29
num_cat=7
split_feature=13 1 1 1 8 32 13 34 33 33 13 21 34 49 49 34 46 14 28 15 33 46 14 32 14 23 14 46
split_gain=26.1559 16.0816 11.7465 10.77 9.60626 7.85004 7.2164 6.77693 7.18611 6.61347 8.79106 6.14873 5.79555 5.25128 4.96144 5.04099 4.83282 5.68289 4.15528 5.06616 4.6284 3.23943 3.14927 3.07832 3.18221 2.80999 2.48165 2.22616
threshold=0 1 2 3 4 0.056470900774002082 5 10.500000000000002 1.5000000000000002 -5.4999999999999991 6 36.500000000000007 4.2500000000000009 9.5000000000000018 4.5000000000000009 10.500000000000002 0.089220564812421813 1.5000000000000002 13.500000000000002 -4.4999999999999991 -1.4999999999999998 0.42163743078708654 12.500000000000002 0.9674775004386903 7.2500000000000009 -1.0000000180025095e-35 1.5000000000000002 0.27812939882278448
decision_type=9 9 9 9 9 8 9 8 8 8 9 2 8 8 8 8 10 10 8 8 10 8 10 10 10 10 10 10
left_child=2 18 7 23 11 -5 14 8 -1 26 -11 16 21 -14 -6 -16 17 -4 20 -20 27 -8 -10 24 -3 -18 -7 -2
right_child=1 3 4 5 6 9 12 -9 22 10 -12 -13 13 -15 15 -17 25 -19 19 -21 -22 -23 -24 -25 -26 -27 -28 -29
leaf_value=0.01187375798766252 -0.018553509044069827 0.043992012103816952 0.008945835923400685 0.026641302916663324 0.026911402051594337 -0.012877460272581969 0.038327005282165087 -0.038658879299367239 -0.01095680244483265 0.023921238324877771 0.0012243170445617637 0.063697445970730612 -0.0344513921060145 -0.028835935323254715 -0.052172848957701967 0.0097310895684157052 0.00087964340358599247 -0.021512832874448502 -0.035905788162197146 0.015033349311535448 -0.005618680776052435 -0.014473458994525863 -0.046819494022328115 0.025017598969218378 0.040498475786309371 0.043162838173829245 -0.0327305537024822 -0.031815825732922125
leaf_weight=28 26 50 76 48 32 29 33 47 26 235 351 29 38 100 28 41 43 38 33 31 36 70 28 38 43 27 29 28
leaf_count=28 26 50 76 48 32 29 33 47 26 235 351 29 38 100 28 41 43 38 33 31 36 70 28 38 43 27 29 28
internal_value=0 0.00188235 -0.00260057 0.00286759 -0.00140926 0.00191559 -0.00321706 -0.00725552 -0.00474679 0.00142871 0.00199284 0.00150752 -0.00486401 -0.0074363 0.000796969 -0.00179485 0.000384632 -0.00186242 -0.0032366 0 -0.00589758 -0.00188952 -0.00851826 0.00740358 0.00970251 0.00404395 -0.00427045 -0.00917351
internal_weight=0 977 684 823 555 692 342 129 82 644 586 213 241 138 101 69 184 114 154 64 90 103 54 131 93 70 58 54
internal_count=1661 977 684 823 555 692 342 129 82 644 586 213 241 138 101 69 184 114 154 64 90 103 54 131 93 70 58 54
cat_boundaries=0 2 3 4 5 6 8 10
cat_threshold=2627159344 5605 536911953 16430 197416 17532 201327616 5 1078462595 2048
is_linear=0
shrinkage=0.0176943


Tree=206
num_leaves=25
num_cat=2
split_feature=3 20 20 2 39 14 42 20 14 17 35 20 20 17 14 42 39 21 17 20 21 42 14 20
split_gain=17.9256 17.0093 9.93887 9.19444 8.58627 5.18439 5.31263 6.53126 4.99716 6.24785 6.93348 5.47528 5.18238 4.85772 4.70888 6.69035 8.50456 4.86911 3.71124 4.11265 3.63438 2.89935 2.7012 2.0301
threshold=0 362.50000000000006 647.50000000000011 1 0.5878676474094392 4.5000000000000009 15.500000000000002 98.500000000000014 3.5000000000000004 10.500000000000002 16.500000000000004 126.50000000000001 23.000000000000004 1.5000000000000002 50.500000000000007 10.500000000000002 0.28253507614135748 30.500000000000004 2.5000000000000004 402.50000000000006 29.500000000000004 9.5000000000000018 11.250000000000002 676.50000000000011
decision_type=9 2 2 9 8 10 8 2 8 10 8 2 2 10 10 8 10 2 8 2 2 8 8 2
left_child=14 3 4 5 -3 6 -2 -8 9 10 -5 -11 -10 -7 15 -1 22 -18 -6 -20 -15 -14 -17 -4
right_child=1 2 23 8 18 13 7 -9 12 11 -12 -13 21 20 -16 16 17 -19 19 -21 -22 -23 -24 -25
leaf_value=-0.056052793916655158 0.023914966429107162 0.014275233140526483 0.041363852555481972 -0.038150252574169478 0.0022949749988607723 -0.026547312858066004 -0.035093353086858389 -0.0038765808797461376 -0.0045049242002706078 -0.0039942546608895011 0.0010330659991451517 0.03121094604481843 0.0074302603655749021 -0.0032034028729317262 0.015190642400348047 -0.021203052953899841 0.012827471147548732 -0.035496210308750491 -0.050206905189466453 -0.032750496581732964 0.024545126866318042 0.025257596386454109 -0.057113366111868645 0.0057191908093404313
leaf_weight=36 34 34 28 27 31 32 40 120 47 35 67 64 87 54 27 48 30 29 57 251 111 306 35 46
leaf_count=36 34 34 28 27 31 32 40 120 47 35 67 64 87 54 27 48 30 29 57 251 111 306 35 46
internal_value=0 0.000776583 -0.00209794 0.00203897 -0.00327313 -0.000132369 -0.00218889 -0.00353868 0.00332967 0.00100843 -0.00225864 0.00411046 0.00442348 0.00188611 -0.00469087 -0.0059641 -0.00423642 0.000899564 -0.00412334 -0.00471069 0.00310975 0.00508756 -0.00788708 0.00382538
internal_weight=0 1471 447 1024 373 391 194 160 633 193 94 99 440 197 205 178 142 59 339 308 165 393 83 74
internal_count=1676 1471 447 1024 373 391 194 160 633 193 94 99 440 197 205 178 142 59 339 308 165 393 83 74
cat_boundaries=0 3 4
cat_threshold=682656898 1100064 33554432 2103068
is_linear=0
shrinkage=0.0176943


Tree=207
num_leaves=16
num_cat=4
split_feature=3 24 17 3 8 44 9 22 47 15 49 22 50 49 17
split_gain=18.2892 16.6496 10.172 7.16063 8.94226 6.09478 5.65888 4.08424 4.04509 4.02098 3.31802 3.68581 2.99093 1.2586 0.130926
threshold=0 7.5699999332427987 15.500000000000002 1 2 7.5000000000000009 3 33.250000000000007 -2.4999999999999996 -4.4999999999999991 10.500000000000002 2.5000000000000004 1.5000000000000002 4.5000000000000009 3.5000000000000004
decision_type=9 10 10 9 9 8 9 10 10 8 8 10 8 10 10
left_child=5 2 3 12 8 -1 -6 -3 -5 -7 11 -11 -2 -14 -13
right_child=1 7 -4 4 6 9 -8 -9 -10 10 -12 14 13 -15 -16
leaf_value=-0.011345192967399196 -0.059995978776051707 -0.039821541242940309 0.071756345158578136 0.010036649591764405 0.01284737934337896 0.047657573902208004 -0.0096441011458892542 -0.029009776781648219 -0.017958448565839141 -0.007085187231861332 0.015082386989813233 0.020146363646362409 -0.029323181635690837 -0.014767597723047419 0.013915815378846385
leaf_weight=35 37 29 37 464 108 40 607 40 42 33 48 26 35 29 28
leaf_count=35 37 29 37 464 108 40 607 40 42 33 48 26 35 29 28
internal_value=0 -0.000492187 -6.50985e-05 -0.000321224 7.18675e-05 0.00498639 -0.00119587 -0.00897436 0.00185169 0.00657186 0.00511138 0.00305045 -0.0046225 -0.00276438 0.00589725
internal_weight=0 1428 1359 1322 1221 210 715 69 506 175 135 87 101 64 54
internal_count=1638 1428 1359 1322 1221 210 715 69 506 175 135 87 101 64 54
cat_boundaries=0 3 5 6 7
cat_threshold=36475065 268436097 128 268517698 32 28982 67636
is_linear=0
shrinkage=0.0176943


Tree=208
num_leaves=22
num_cat=2
split_feature=3 1 30 20 22 14 22 21 46 48 20 27 21 14 20 17 44 46 18 22 20
split_gain=34.1554 13.2315 8.61175 6.31134 6.27038 5.86488 5.76286 6.09934 5.9304 7.26727 5.36721 6.61749 5.0619 4.87901 3.68558 3.17413 4.44941 6.54808 2.42476 2.2822 1.47871
threshold=0 1 7.5000000000000009 190.50000000000003 1.7500000000000002 4.5000000000000009 42.500000000000007 35.500000000000007 0.25949975848197943 0.064583335071802153 498.50000000000006 2.5000000000000004 43.500000000000007 21.500000000000004 183.50000000000003 1.5000000000000002 3.5000000000000004 0.39208073914051061 1.0000000180025095e-35 9.2500000000000018 126.50000000000001
decision_type=9 9 10 2 10 10 10 2 10 8 2 10 2 10 2 10 10 10 10 10 2
left_child=4 2 3 5 14 20 7 8 9 -3 11 -9 -12 -10 -1 -6 17 19 -5 -17 -2
right_child=1 6 -4 18 15 -7 -8 10 13 -11 12 -13 -14 -15 -16 16 -18 -19 -20 -21 -22
leaf_value=-0.042899779885582745 0.0095413832714816935 -0.02217534661473446 -0.0055761669881087021 0.034341897643494268 -0.031671017622430069 0.034772947160140517 0.038489227475559148 0.026819364752265939 -0.0023312931550399717 0.0010262229883016231 -0.036375171139566106 -0.0032834287602673271 0.0091347521095403398 -0.023804307631962177 -0.066925987019246513 -0.0088462104574498403 -0.035606153397686809 0.024579809785217819 0.032110471797300304 -0.048456095498320896 -0.020084356769603452
leaf_weight=28 28 70 38 44 33 33 31 115 190 632 75 33 44 52 30 26 28 28 39 34 27
leaf_count=28 28 70 38 44 33 33 31 115 190 632 75 33 44 52 30 26 28 28 39 34 27
internal_value=0 0.000593437 0.00460519 0.00651864 -0.00693068 0.00321685 -0.00011306 -0.000306833 -0.000974674 -0.000151229 0.00205433 0.00430378 -0.000743394 -0.00336326 -0.0122014 -0.00534363 -0.00396569 -0.00201052 0.0100187 -0.00530759 -0.000321637
internal_weight=0 1451 209 171 207 88 1242 1211 944 702 267 148 119 242 58 149 116 88 83 60 55
internal_count=1658 1451 209 171 207 88 1242 1211 944 702 267 148 119 242 58 149 116 88 83 60 55
cat_boundaries=0 4 5
cat_threshold=2835407442 11665408 4096 2048 2148664616
is_linear=0
shrinkage=0.0176943


Tree=209
num_leaves=23
num_cat=8
split_feature=2 28 8 9 35 8 30 2 9 34 2 28 17 17 10 23 15 35 25 17 25 25
split_gain=10.8677 8.49294 8.41432 7.78136 8.11783 10.1783 9.36921 6.05684 5.19513 7.01678 5.15397 6.4919 4.72108 4.60732 4.36529 3.94185 2.98899 4.77408 2.7391 1.59884 1.27823 1.22652
threshold=0 6.5000000000000009 1 2 1.0000000180025095e-35 3 10.500000000000002 4 5 1.0000000180025095e-35 6 8.5000000000000018 4.5000000000000009 9.5000000000000018 7 -0.93000000715255726 -4.4999999999999991 1.5000000000000002 37.500000000000007 3.5000000000000004 22.500000000000004 67.500000000000014
decision_type=9 10 9 9 10 9 10 9 9 8 9 8 8 8 9 8 10 10 8 10 8 8
left_child=1 20 8 16 5 19 14 -7 9 -2 12 -12 -10 -13 -6 -11 17 -4 -17 -5 -1 -14
right_child=2 -3 3 4 6 7 -8 -9 10 15 11 13 21 -15 -16 18 -18 -19 -20 -21 -22 -23
leaf_value=0.021883177479020875 0.018017037700461116 -0.012617428760039261 -0.015229019715950167 0.026877212659549413 0.0030354847933104709 0.017102583996194076 0.02104523512837906 -0.0017019436481802012 0.018534624230875024 0.023006441258408179 -0.055553199096950938 -0.00055144952242444124 -0.018740490430187159 -0.028015295820563019 -0.0099854654813006302 -0.034577866379061364 -0.027866706077359037 0.015521281475284048 -0.0072405665284162478 0.092135034001311802 0.059314685814039529 -0.023083671143179777
leaf_weight=36 35 45 41 82 100 127 41 306 38 32 45 72 72 83 301 35 40 26 26 28 33 27
leaf_count=36 35 45 41 82 100 127 41 306 38 32 45 72 72 83 301 35 40 26 26 28 33 27
internal_value=0 0.00513672 -0.000304876 0.000545915 0.0010492 0.00250909 -0.000720564 0.00115829 -0.00227228 0.000769261 -0.00341639 -0.00522383 -0.000601802 -0.00376697 -0.00154435 -0.00171219 -0.00378057 -0.00184842 -0.00435049 0.00707725 0.00948718 -0.00268073
internal_weight=0 114 1557 1092 985 543 442 433 465 128 337 200 137 155 401 93 107 67 61 110 69 99
internal_count=1671 114 1557 1092 985 543 442 433 465 128 337 200 137 155 401 93 107 67 61 110 69 99
cat_boundaries=0 1 2 3 4 5 7 8 9
cat_threshold=1360896 57413 287842305 2722 81 209981442 1 2154 4800
is_linear=0
shrinkage=0.0176943


Tree=210
num_leaves=31
num_cat=5
split_feature=3 13 2 17 40 48 16 19 10 17 20 17 17 16 20 48 17 19 20 32 6 17 20 27 32 19 47 20 19 19
split_gain=22.851 21.0251 9.17807 8.34956 8.06951 10.1105 7.0541 6.85954 6.72739 7.52459 6.76434 6.62241 6.62892 6.23245 6.23151 6.10638 6.09671 5.52994 5.38033 5.31184 4.0922 3.59463 3.54763 2.96993 2.58384 1.53457 1.24697 0.711738 0.307165 0.303091
threshold=0 1 2 6.5000000000000009 -7.4999999999999991 0.1132478639483452 3.2500000000000004 2.5000000000000004 3 9.5000000000000018 359.50000000000006 5.5000000000000009 9.5000000000000018 3.7500000000000004 126.50000000000001 0.49735587835311895 4.5000000000000009 14.500000000000002 549.50000000000011 0.98540067672729503 4 3.5000000000000004 162.50000000000003 3.5000000000000004 0.90954548120498668 243.50000000000003 -6.4999999999999991 436.50000000000006 7.5000000000000009 12.500000000000002
decision_type=9 9 9 8 10 10 8 10 9 10 2 10 10 10 2 10 8 10 2 10 9 8 2 10 10 8 10 2 10 10
left_child=11 2 4 13 6 -6 19 27 20 10 14 21 29 -4 -10 -15 -8 -12 -9 -2 -3 23 -11 -1 -23 -22 -25 -5 -7 -13
right_child=1 8 3 7 5 28 16 18 9 22 17 12 -14 15 -16 -17 -18 -19 -20 -21 25 24 -24 26 -26 -27 -28 -29 -30 -31
leaf_value=-0.047198239409207039 0.026837134873784332 0.021493388959889427 -0.031981585510633972 0.014874191777001586 -0.041015094071302632 0.014085507889586447 0.034995483156185093 0.012262443271290575 -0.023912903658006569 -0.025466117238921653 -0.06876372260723207 -0.058085590738891454 -0.0083458514404725903 -0.032897984542210303 0.0089543276378552788 0.027450485450291492 0.013315065755682306 -0.023289508846630644 -0.032069112306116185 0.051253653093680393 -0.028259558746504449 0.0089567982349777909 -0.042259860741691822 -0.022986220679277115 -0.020775754493250077 0.021423752064263918 -0.0068855925337596557 0.069657094845652454 0.010727011182191274 -0.046225178263082901
leaf_weight=29 139 36 45 29 34 26 35 155 103 49 38 26 29 32 169 27 159 74 47 27 32 30 37 30 26 34 27 26 26 26
leaf_count=29 139 36 45 29 34 26 35 155 103 49 38 26 29 32 169 27 159 74 47 27 32 30 37 30 26 34 27 26 26 26
internal_value=0 0.000445856 0.00227402 0.000143072 0.00395786 -0.000822896 0.00520986 0.00185887 -0.00212814 -0.00302272 -0.00202742 -0.00554351 -0.00982922 -0.00408298 -0.000520398 -0.000299833 0.00291852 -0.00568705 0.000350359 0.00788744 0.00189567 -0.00348881 -0.0078177 -0.0057604 0 -0.000536101 -0.00341421 0.00739839 0.00408268 -0.013609
internal_weight=0 1379 807 361 446 86 360 257 572 470 384 223 81 104 272 59 194 112 202 166 102 142 86 86 56 66 57 55 52 52
internal_count=1602 1379 807 361 446 86 360 257 572 470 384 223 81 104 272 59 194 112 202 166 102 142 86 86 56 66 57 55 52 52
cat_boundaries=0 3 5 6 7 8
cat_threshold=68160782 36312 131072 1799503357 8709 28307 6676 1
is_linear=0
shrinkage=0.0176943


Tree=211
num_leaves=32
num_cat=3
split_feature=7 28 7 48 8 14 28 39 32 48 18 29 32 39 22 39 39 28 25 14 25 29 39 22 48 39 32 14 32 25 25
split_gain=22.325 10.6377 9.11946 8.44876 6.73319 6.28738 7.8734 8.28295 5.23168 4.96322 4.70393 4.97675 4.45401 5.5478 4.18481 4.10491 5.97942 4.7716 3.85452 3.69305 3.37131 3.95492 3.37326 3.12439 2.84997 2.76832 2.66462 2.03471 1.87266 1.11703 0.307165
threshold=0 21.500000000000004 1 0.62622550129890453 2 2.2500000000000004 8.5000000000000018 0.53410854935646068 0.18795289844274524 0.8760964870452882 4.5000000000000009 1.2500000000000002 0.83438816666603099 0.5078604817390443 9.2500000000000018 0.088053796440362944 0.97419247031211864 8.5000000000000018 18.500000000000004 2.2500000000000004 19.500000000000004 1.2500000000000002 0.70926907658576976 3.1649999618530278 1.3541666865348818 0.91314655542373668 0.44658119976520544 120.50000000000001 0.95571896433830272 24.500000000000004 75.500000000000014
decision_type=9 10 9 10 9 8 8 8 8 10 8 8 10 8 8 10 10 8 10 10 10 10 10 8 8 8 10 8 10 10 8
left_child=1 4 8 5 10 12 14 -8 25 28 11 -1 13 -4 -7 24 18 -18 -17 -11 21 23 -23 -10 -6 -2 -21 -22 -5 -26 -12
right_child=2 -3 3 9 15 6 7 -9 20 19 30 -13 -14 -15 -16 16 17 -19 -20 26 27 22 -24 -25 29 -27 -28 -29 -30 -31 -32
leaf_value=0.0029470702279811656 -0.019784367613530189 0.041767566749205391 3.9356795922165991e-05 0.059599314988956827 0.0032326466958037723 -0.0012008377101497087 0.039414400955417546 0.0032762906994270777 -0.011475038105312901 0.037382408449084727 0.025894086155675896 -0.018989336541387087 0.0035195087004702141 -0.034230286913289436 -0.055713956718017953 -0.026330451974995121 -0.021489554768464092 0.0082123866807535181 -0.03615052761651396 -0.016970752002102251 0.037599853273002797 0.032026907049345486 0.0081831431464709399 0.023805882965285553 -0.022541309745108311 0.01600345357940143 0.011585492351006171 0.030387314133343404 0.016059183918108955 -0.010111956841359649 0.017999596813601377
leaf_weight=49 26 28 29 38 46 47 32 391 67 26 26 38 33 70 37 78 38 39 33 26 47 26 30 92 69 26 34 38 29 61 26
leaf_count=49 26 28 29 38 46 47 32 391 67 26 26 38 33 70 37 78 38 39 33 26 47 26 30 92 69 26 34 38 29 61 26
internal_value=0 -0.00297625 0.00137996 0.000308872 -0.00362322 -0.000581492 0.000314091 0.00129671 0.00371473 0.0040475 -0.000118735 -0.00264372 -0.00402118 -0.00589763 -0.00463378 -0.00482561 -0.00677625 -0.00298703 -0.00940441 0.00123436 0.00471835 0.00353872 0.00758222 0.0021143 -0.00301593 -0.00136087 -0.00117944 0.00770152 0.00765784 -0.00435525 0.00408268
internal_weight=0 531 1144 792 503 639 507 423 352 153 139 87 132 99 84 364 188 77 111 86 300 215 56 159 176 52 60 85 67 130 52
internal_count=1675 531 1144 792 503 639 507 423 352 153 139 87 132 99 84 364 188 77 111 86 300 215 56 159 176 52 60 85 67 130 52
cat_boundaries=0 2 4 5
cat_threshold=1384450457 129 2168063012 8 17436
is_linear=0
shrinkage=0.0176943


Tree=212
num_leaves=19
num_cat=6
split_feature=9 9 2 8 48 20 3 48 46 9 20 21 46 46 46 34 15 22
split_gain=20.2339 14.123 11.1201 10.3433 9.77084 7.84276 5.80669 7.65446 6.03938 7.96766 5.18452 4.92426 4.33427 3.18027 3.00533 2.70618 2.28144 0.755646
threshold=0 1 2 3 0.44327485561370855 456.50000000000006 4 0.49735587835311895 0.077350430190563216 5 261.50000000000006 35.500000000000007 inf 0.83009433746337902 0.47663043439388281 4.2500000000000009 -11.749999999999998 4.0699999332427987
decision_type=9 9 9 9 10 2 9 10 8 9 2 2 8 10 10 8 10 8
left_child=14 16 3 5 11 10 7 12 -8 -10 -3 -5 -4 -6 15 -1 17 -2
right_child=1 2 6 4 13 -7 8 -9 9 -11 -12 -13 -14 -15 -16 -17 -18 -19
leaf_value=0.048310954624112112 -0.034211787180092969 0.0029175359856446863 0.0095480845663505811 -0.0058424657249191349 -0.058093007025999448 -0.035360905001118111 0.041229369919219959 0.049780065811568845 -0.025209594146788181 0.0010066119380662225 0.056479933686192023 -0.033283075563216483 -0.042470236710246682 -0.040389116105913198 0.0082240038955459904 0.016406429003046442 -0.033677682119121845 -0.034063072446164425
leaf_weight=26 30 61 27 162 72 26 46 43 114 696 26 57 35 26 30 51 46 28
leaf_count=26 30 61 27 162 72 26 46 43 114 696 26 57 35 26 30 51 46 28
internal_value=0 -0.00114042 -0.000644112 -0.0029758 -0.00459931 0.0015823 0.000419117 0.00415402 -8.17258e-05 -0.000436889 0.00427064 -0.00266616 0.000570684 -0.00938806 0.00650259 0.00896114 -0.00713931 -0.00549059
internal_weight=0 1495 1391 430 317 113 961 105 856 810 87 219 62 98 107 77 104 58
internal_count=1602 1495 1391 430 317 113 961 105 856 810 87 219 62 98 107 77 104 58
cat_boundaries=0 1 3 4 5 7 8
cat_threshold=68306944 297796096 1 70081 1810 16779269 6147 300072
is_linear=0
shrinkage=0.0176943


Tree=213
num_leaves=27
num_cat=5
split_feature=3 9 42 1 7 42 8 25 20 16 15 40 33 17 21 33 21 15 20 15 27 17 16 15 39 21
split_gain=40.2184 17.8024 15.3563 14.1743 11.9552 9.10958 7.57762 7.83263 7.18446 4.81274 4.72883 4.30522 3.85849 3.62783 6.38262 5.37308 2.73035 4.91222 3.36618 2.72329 3.82804 2.61544 2.36813 2.74858 3.11576 1.44604
threshold=0 1 9.5000000000000018 2 3 16.500000000000004 4 24.500000000000004 357.50000000000006 12.500000000000002 -6.4999999999999991 -2.4999999999999996 4.5000000000000009 8.5000000000000018 32.500000000000007 -9.4999999999999982 28.500000000000004 -3.2499999999999996 126.50000000000001 -1.7499999999999998 1.0000000180025095e-35 5.5000000000000009 0.75000000000000011 -13.749999999999998 0.4530817717313767 29.500000000000004
decision_type=9 9 8 9 9 8 9 8 2 8 8 10 8 8 2 10 2 10 2 8 8 10 10 10 8 2
left_child=9 2 10 19 5 21 7 -6 -8 11 -2 22 -7 14 15 -4 17 -15 -18 25 -21 -5 -1 -24 -25 -3
right_child=1 3 13 4 6 12 8 -9 -10 -11 -12 -13 -14 16 -16 -17 18 -19 -20 20 -22 -23 23 24 -26 -27
leaf_value=0.00029526663869410105 0.010421915625995096 -0.039857140846174324 0.0025407973541105443 -0.03526414640762994 0.0054492554612389993 0.011454515172232184 0.016415928575748535 -0.060736241005750757 0.0022802148794467208 -0.054349606360433053 -0.017259485712863034 -0.037065332640207782 -0.020181962897588938 0.0074972955232198331 -0.0030858160390428769 0.017216038845946812 0.01684120010710979 0.023903604818549307 0.066772831246292325 -0.02988472082139627 0.011006192945168579 -0.021671559016564472 -0.0047563704057026115 -0.045267561165117862 -0.011725291006916163 -0.07260846369858559
leaf_weight=30 27 27 47 33 74 44 396 29 236 49 43 26 144 31 34 30 28 30 72 26 28 31 27 26 61 29
leaf_count=30 27 27 47 33 74 44 396 29 236 49 43 26 144 31 34 30 28 30 72 26 28 31 27 26 61 29
internal_value=0 0.00125776 0.00472507 0.000143853 0.000834124 -0.0024312 0.00197128 -0.00234863 0.00270096 -0.00672205 -0.00252746 -0.00562027 -0.000564678 0.00676526 0.00430371 0.00712296 0.00846207 0.00551063 0.0102619 -0.00560282 -0.00327623 -0.0082932 -0.00442332 -0.00558728 -0.00711775 -0.00884593
internal_weight=0 1439 342 1097 987 252 735 103 632 219 70 170 188 272 111 77 161 61 100 110 54 64 144 114 87 56
internal_count=1658 1439 342 1097 987 252 735 103 632 219 70 170 188 272 111 77 161 61 100 110 54 64 144 114 87 56
cat_boundaries=0 2 3 4 6 7
cat_threshold=948178002 539010056 18180946 2195602 572854540 16 388
is_linear=0
shrinkage=0.0176943


Tree=214
num_leaves=27
num_cat=2
split_feature=7 8 39 39 39 47 37 42 42 32 20 32 29 20 19 20 39 19 42 42 26 48 39 19 20 32
split_gain=17.5936 12.5634 7.395 5.84536 8.90361 4.88626 11.4648 5.62621 7.1668 5.57781 4.87546 10.3918 6.32346 5.2059 7.12308 5.19727 5.03784 4.74227 3.88311 3.87407 2.90889 2.66535 1.95131 1.14102 1.69308 1.24829
threshold=0 1 0.18708333373069766 0.9745212495326997 0.41137820482254034 -3.4999999999999996 3.5000000000000004 1.5000000000000002 5.5000000000000009 0.11189358308911325 206.50000000000003 0.82025641202926647 1.0000000180025095e-35 128.50000000000003 168.50000000000003 362.50000000000006 0.94849690794944774 13.500000000000002 8.5000000000000018 19.500000000000004 1.0000000180025095e-35 0.45340338349342352 0.022474748082458976 153.50000000000003 292.50000000000006 0.47196015715599066
decision_type=9 9 8 8 10 8 10 8 8 8 2 8 8 2 8 2 10 10 10 8 8 8 10 10 2 10
left_child=3 5 18 4 19 6 -2 -7 -9 -10 13 15 -13 14 -4 -12 -15 20 22 -1 -5 -19 -3 25 -25 -23
right_child=1 2 10 17 -6 7 -8 8 9 -11 11 12 -14 16 -16 -17 -18 21 -20 -21 -22 23 -24 24 -26 -27
leaf_value=0.01538997976825349 0.051528933172275818 0.0015167968187834592 0.0079493527309857457 0.029986677419939666 -0.02759752805806745 0.057084763834970111 0.0027281808871430216 -0.015179265096184377 -0.013739902533779004 0.016429777817149303 -0.021510719619082432 0.059770764639628084 0.00042671756785805611 0.050884042006042851 -0.036162588035707502 -0.060107617139430899 -0.013746374628444939 -0.060598767463238543 -0.044750845530063324 -0.010068595210477767 -0.01080108450885133 -0.013108790517749803 -0.033658741116164986 0.01083255889965678 -0.030245497969842945 -0.0035419639999954575
leaf_weight=30 26 30 226 44 47 36 34 34 30 185 58 41 405 92 28 27 28 30 31 29 42 37 26 28 39 28
leaf_count=30 26 30 226 44 47 36 34 34 30 185 58 41 405 92 28 27 28 30 31 29 42 37 26 28 39 28
internal_value=0 0.00127419 0.000247221 -0.00311101 -0.0066766 0.00413688 0.00884601 0.00329042 0.00234494 0.00353872 0.000723403 -0.000366539 0.000714102 0.00227087 0.000835917 -0.00603632 0.00530793 -0.00171229 -0.00467737 -0.00209902 0.00164581 -0.00349499 -0.00189553 -0.0024127 -0.000792165 -0.0040828
internal_weight=0 1337 992 354 106 345 60 285 249 215 905 531 446 374 254 85 120 248 87 59 86 162 56 132 67 65
internal_count=1691 1337 992 354 106 345 60 285 249 215 905 531 446 374 254 85 120 248 87 59 86 162 56 132 67 65
cat_boundaries=0 2 3
cat_threshold=1531773968 50 29360
is_linear=0
shrinkage=0.0176943


Tree=215
num_leaves=23
num_cat=2
split_feature=1 14 48 23 20 20 20 18 24 26 39 48 1 20 20 20 16 39 44 27 35 39
split_gain=12.3637 10.8069 7.90682 8.25236 7.60492 7.70105 7.55175 8.8959 5.15304 5.11578 7.66113 6.13023 5.85645 4.40453 4.34241 6.07522 4.14644 5.23695 4.07334 3.06932 5.40907 3.29969
threshold=0 8.5000000000000018 0.093073595315217986 -1.0000000180025095e-35 627.50000000000011 647.50000000000011 70.500000000000014 5.5000000000000009 4.2500000000000009 3.5000000000000004 0.77888888120651256 0.42340287566185003 1 687.50000000000011 261.50000000000006 484.50000000000006 4.5000000000000009 0.98399898409843456 8.5000000000000018 1.5000000000000002 14.500000000000002 0.98290473222732555
decision_type=9 10 10 10 2 2 2 8 10 8 8 10 9 2 2 2 10 8 8 8 10 8
left_child=1 19 -3 8 6 -6 7 16 18 10 11 -8 -12 -7 -11 -16 17 -2 -4 20 21 -1
right_child=4 2 3 -5 5 13 9 -9 -10 14 12 -13 -14 -15 15 -17 -18 -19 -20 -21 -22 -23
leaf_value=-0.048861074200885153 0.011609353208648327 0.078307884791550375 -0.010475352734612666 -0.053311961669403607 -0.06063728648407922 0.022017675128159345 0.013968310480669512 -0.047413363189912884 -0.047267929840905908 0.052997658719026168 0.028871003011944681 0.036498982840123616 -0.00069600311200949212 -0.030647520497741675 -0.00072049761133676307 0.037824055590584854 -0.028437683771054881 -0.0042330471762267253 0.016832393842357667 -0.012766013558632237 -0.026216221072326081 -0.028964395804222925
leaf_weight=34 42 28 29 36 28 28 150 36 41 51 104 41 554 46 61 30 31 35 79 48 45 36
leaf_count=34 42 28 29 36 28 28 150 36 41 51 104 41 554 46 61 30 31 35 79 48 45 36
internal_value=0 -0.00247531 8.30599e-05 -0.00124332 0.00114934 -0.00346919 0.00157454 -0.00221166 0.000593725 0.00212472 0.00160476 0.00472445 0.000699154 -0.00047815 0.00523323 0.00291638 0.000327632 0.00252748 0.00262117 -0.00597017 -0.00753879 -0.0106154
internal_weight=0 376 213 185 1237 102 1135 144 149 991 849 191 658 74 142 91 108 77 108 163 115 70
internal_count=1613 376 213 185 1237 102 1135 144 149 991 849 191 658 74 142 91 108 77 108 163 115 70
cat_boundaries=0 1 2
cat_threshold=277354798 16990209
is_linear=0
shrinkage=0.0176943


Tree=216
num_leaves=31
num_cat=4
split_feature=2 8 8 20 20 48 48 20 46 48 19 19 14 26 14 19 48 8 19 46 42 46 42 46 20 25 25 25 19 19
split_gain=10.9534 10.8922 10.0416 7.88699 7.80903 8.62838 9.1121 6.6873 8.52259 10.0694 5.97369 5.95077 5.53224 5.39484 4.70008 5.51211 4.3871 4.02474 7.72977 6.22169 3.9647 3.77806 3.50414 3.19263 3.10664 2.37519 2.2974 3.04254 1.77826 1.85026
threshold=0 1 2 135.50000000000003 417.50000000000006 0.61270162463188182 0.30825792253017431 304.50000000000006 0.17694497108459475 0.20169491320848468 3.5000000000000004 12.500000000000002 14.500000000000002 1.0000000180025095e-35 46.500000000000007 154.50000000000003 0.57223114371299755 3 101.00000000000001 0.98675438761711132 20.500000000000004 0.48064434528350836 3.5000000000000004 0.93161895871162426 429.50000000000006 22.500000000000004 26.500000000000004 14.500000000000002 54.000000000000007 5.5000000000000009
decision_type=9 9 9 2 2 8 10 2 10 8 10 8 8 10 10 10 8 9 8 8 8 10 10 8 2 10 10 10 10 10
left_child=1 3 11 16 5 6 22 8 14 -10 24 23 -12 -11 15 -4 -1 19 -19 -7 -5 -8 -3 -2 -9 -14 27 -22 29 -6
right_child=2 4 7 20 28 17 21 10 9 13 12 -13 25 -15 -16 -17 -18 18 -20 -21 26 -23 -24 -25 -26 -27 -28 -29 -30 -31
leaf_value=-0.017608607534050112 0.020463133607015297 -0.035833222886781875 0.019966899356836137 -0.038251037532527662 0.025574969975440422 -0.032503063880993555 0.019493175742700559 -0.0027039526154640347 0.022013089402793874 -0.017145862840719416 -0.040678415375671267 0.042899074170476961 -0.031997989850463815 0.015140034686836714 -0.018184019015179048 -0.022688989955437409 0.0092048597415393309 -0.034288181778015958 0.00063596136314867063 0.016341715747236828 -0.029294970703594825 0.048371513654076298 0.0022176821469354828 -0.00071712017743848515 0.048599353692447222 -0.00018848951538128931 -0.0085692525038721084 -0.040489892277439432 0.0039521820667316777 0.07869802558619543
leaf_weight=39 27 37 301 26 27 53 40 29 27 129 38 45 86 34 26 26 46 82 46 57 68 35 41 30 44 107 34 35 30 27
leaf_count=39 27 37 301 26 27 53 40 29 27 129 38 45 86 34 26 26 46 82 46 57 68 35 41 30 44 107 34 35 30 27
internal_value=0 -0.00185872 0.00101478 -0.00480062 -0.000255373 -0.00131233 0.00196592 0.000350989 0.00153152 -0.00148997 -0.00174609 0.006003 -0.00314043 -0.0031479 0.00315783 0.00373356 -0.000624427 -0.00341978 -0.00538491 -0.000589757 -0.00727276 0.00636928 -0.00226826 0.00279344 0.00266596 -0.0019252 -0.00606995 -0.00738638 0.00463378 0.0065525
internal_weight=0 723 949 248 475 391 153 847 543 190 304 102 231 163 353 327 85 238 128 110 163 75 78 57 73 193 137 103 84 54
internal_count=1672 723 949 248 475 391 153 847 543 190 304 102 231 163 353 327 85 238 128 110 163 75 78 57 73 193 137 103 84 54
cat_boundaries=0 1 2 3 4
cat_threshold=852465 33449 16386 9298
is_linear=0
shrinkage=0.0176943


Tree=217
num_leaves=30
num_cat=6
split_feature=13 7 39 39 7 9 5 48 17 23 35 23 48 48 47 46 23 46 39 17 34 33 46 17 35 4 39 17 39
split_gain=35.515 14.2592 6.53975 6.49863 7.61525 6.11117 6.80981 5.18511 4.89998 10.3223 4.67009 5.38503 4.56577 7.92255 4.50591 4.28123 3.63353 4.1091 3.37573 3.3431 3.27517 3.15636 4.34196 3.24626 3.21142 1.96123 1.46282 2.55048 1.42424
threshold=0 1 0.84262126684188854 0.60609558224678051 2 3 4 0.61390480399131786 6.5000000000000009 -0.58500000834465016 8.5000000000000018 -1.0000000180025095e-35 0.95553359389305126 0.69920635223388683 -13.499999999999998 0.80259740352630626 -1.4150000214576719 0.98675438761711132 0.97530490159988414 2.5000000000000004 1.0000000180025095e-35 -1.0000000180025095e-35 0.37175233662128454 8.5000000000000018 9.5000000000000018 5 0.96116137504577648 8.5000000000000018 0.96026313304901134
decision_type=9 9 10 8 9 9 9 8 8 10 8 10 10 10 10 10 10 8 8 10 10 8 10 10 10 9 10 10 8
left_child=1 2 7 21 8 20 -7 -1 9 19 25 15 13 -8 -4 -12 -9 -18 -13 -5 28 22 -2 24 -23 -6 27 -10 -3
right_child=3 5 14 4 10 6 12 16 26 -11 11 18 -14 -15 -16 -17 17 -19 -20 -21 -22 23 -24 -25 -26 -27 -28 -29 -30
leaf_value=-0.0022694238498235072 -0.038933739091283399 0.0032717546767593352 0.01815337874105041 0.037646681276906284 -0.022146554591522202 0.032600692940544712 0.01032486597800427 0.05979527262131145 0.015739954532266603 -0.040384231271983595 -0.022631775984243704 -0.026894096011580243 0.024756206502574134 -0.041063942671355595 0.042923067562292888 0.0053964055210982964 0.059046921543718607 0.0066791295332309219 -0.016357627680451913 -0.032014139051799811 -0.033335485949482914 0.040505719401269291 0.0041546802169234193 -0.0030171424210625889 0.0046164095614569991 -0.036899195222424616 0.020697400318432785 -0.016623944560113166 -0.010406732432142215
leaf_weight=48 26 38 43 28 33 46 395 29 70 31 150 37 45 27 42 27 40 59 148 32 31 37 27 40 33 27 26 28 65
leaf_count=48 26 38 43 28 33 46 395 29 70 31 150 37 45 27 42 27 40 59 148 32 31 37 27 40 33 27 26 28 65
internal_value=0 0.0025057 0.00594144 -0.00257766 -0.00341659 0.00105033 0.00192841 0.0042223 -0.000550462 -0.00369409 -0.00475115 -0.00410576 0.0013261 0.000754714 0.0101993 -0.00189929 0.00608204 0.00446789 -0.00621664 0.000589705 -0.00221166 0.000542732 -0.00300423 0.00225183 0.00454945 -0.00943575 0.00171223 0.000722141 -0.000858865
internal_weight=0 908 261 800 637 647 513 176 215 91 422 362 467 422 85 177 128 99 185 60 134 163 53 110 70 60 124 98 103
internal_count=1708 908 261 800 637 647 513 176 215 91 422 362 467 422 85 177 128 99 185 60 134 163 53 110 70 60 124 98 103
cat_boundaries=0 2 3 5 6 7 8
cat_threshold=1097590606 318 2231912778 134268562 1 272760841 2 1
is_linear=0
shrinkage=0.0176943


Tree=218
num_leaves=27
num_cat=4
split_feature=7 1 1 29 35 19 35 42 28 17 16 1 35 16 28 39 41 35 29 17 19 42 19 35 16 19
split_gain=19.9724 11.6843 7.98133 9.57683 6.26627 6.45072 5.75806 6.04574 6.28047 5.53798 4.67507 4.29358 8.85104 5.71348 3.902 5.76962 6.99459 4.02555 3.76253 3.50732 4.94384 3.22178 3.0195 5.86662 1.3956 0.460286
threshold=0 1 2 1.2500000000000002 15.500000000000002 15.500000000000002 12.500000000000002 10.500000000000002 13.500000000000002 13.500000000000002 2.7500000000000004 3 7.5000000000000009 2.7500000000000004 6.5000000000000009 0.22370500862598422 10.500000000000002 4.5000000000000009 1.0000000180025095e-35 7.5000000000000009 6.5000000000000009 2.5000000000000004 16.500000000000004 18.500000000000004 2.2500000000000004 209.50000000000003
decision_type=9 9 9 8 8 10 10 8 8 8 10 9 10 10 10 8 8 8 10 8 8 10 10 8 8 10
left_child=2 22 3 21 6 19 7 24 -9 10 -7 12 13 -3 15 -13 -17 -16 -19 -6 -21 -1 23 -2 -4 -11
right_child=1 11 4 -5 5 9 -8 8 -10 25 -12 14 -14 -15 17 16 -18 18 -20 20 -22 -23 -24 -25 -26 -27
leaf_value=-0.04448834512745517 -0.036855806787822395 0.028432189716910035 0.037112005687394388 0.022701410074151183 0.028991780503745082 0.020355536423550084 -0.025274902978237708 -0.016251434810161169 0.01049439872955448 -0.038938303427127945 0.0076832207456130888 -0.016778366180910331 0.032309987770017076 -0.027043180997029161 0.010220778053231228 0.014206261299036524 -0.0071144349889262918 -0.02640306708533997 5.6198122680015614e-05 0.0039217142530952442 0.043786039597454932 -0.01092164710637168 -0.032634074179002492 -0.0066634189703675848 0.012506440824803856 -0.0090373408199210525
leaf_weight=28 35 26 27 50 45 50 33 49 34 28 41 37 41 47 31 64 430 170 49 44 98 26 49 28 26 29
leaf_count=28 35 26 27 50 45 50 33 49 34 28 41 37 41 47 31 64 430 170 49 44 98 26 49 28 26 29
internal_value=0 -0.00151365 0.00251954 -0.00186242 0.00344241 0.00491202 0.000732855 0.00234175 -0.000639472 0.00215188 0.00486064 -0.000801609 0.00228298 -0.00121179 -0.00127505 -0.000433183 7.16318e-05 -0.00311409 -0.00395885 0.00709634 0.00573163 -0.00720775 -0.00667119 -0.00982896 0.00700992 -0.00217267
internal_weight=0 1007 608 104 504 335 169 136 83 148 91 895 114 73 781 531 494 250 219 187 142 54 112 63 53 57
internal_count=1615 1007 608 104 504 335 169 136 83 148 91 895 114 73 781 531 494 250 219 187 142 54 112 63 53 57
cat_boundaries=0 1 2 3 4
cat_threshold=942912940 58888 2577 268439636
is_linear=0
shrinkage=0.0176943


Tree=219
num_leaves=24
num_cat=4
split_feature=25 1 17 25 8 2 20 17 30 42 40 29 25 33 2 42 39 30 46 20 22 41 20
split_gain=9.88142 9.90784 7.26572 5.90884 5.5215 6.86831 11.2527 6.08716 6.28351 5.99915 7.86815 5.89739 5.57999 5.40199 4.81739 4.67018 6.51008 5.12079 4.06861 3.39458 2.68395 1.82869 1.54762
threshold=2.5000000000000004 0 2.5000000000000004 21.500000000000004 1 2 563.50000000000011 5.5000000000000009 11.500000000000002 5.5000000000000009 -6.4999999999999991 6.0699999332427987 7.5000000000000009 -1.0000000180025095e-35 3 19.500000000000004 0.97484177350997936 2.5000000000000004 0.038711288943886764 69.500000000000014 25.069999694824222 1.0000000180025095e-35 183.50000000000003
decision_type=8 9 8 10 9 9 2 8 10 8 10 8 10 8 9 8 10 10 8 2 8 10 2
left_child=2 3 13 15 7 11 20 9 14 -3 -11 18 -13 -1 -9 16 17 -2 -6 -17 -7 -15 -21
right_child=1 4 -4 -5 5 6 -8 8 -10 10 -12 12 -14 21 -16 19 -18 -19 -20 22 -22 -23 -24
leaf_value=-0.021125981549568629 -0.033588397728544113 -0.050360334833009127 -0.054760899301135854 -0.043270260852130787 -0.00039666610956175274 -0.0027935564380783691 0.06117768161341916 -0.010620300948174431 -0.042417620780216325 0.026684091259642429 -0.032269187038610397 -0.027731660464487794 0.022623625305861941 -0.015416228869978831 0.011912830498709222 0.025298265190544508 0.0014020420635065401 -0.013249196448590917 0.026725477332133596 -0.029749062105541645 -0.056765951855386416 0.017075003201128307 0.014715688841127762
leaf_weight=35 27 27 31 35 33 190 39 239 26 101 26 61 144 31 195 26 46 29 235 26 29 27 27
leaf_count=35 27 27 31 35 33 190 39 239 26 101 26 61 144 31 195 26 46 29 235 26 29 27 27
internal_value=0 0.000623432 -0.00456597 -0.00281845 0.00118831 0.00222071 -0.000132036 -5.67087e-05 -0.00107702 0.00298719 0.00459744 0.00348018 0.00129465 -0.00209268 -0.000570768 -0.00166181 -0.00416303 -0.00821408 0.00528171 0.00156768 -0.00169664 0.00122011 -0.00100139
internal_weight=0 1561 124 216 1345 731 258 614 460 154 127 473 205 93 434 181 102 56 268 79 219 58 53
internal_count=1685 1561 124 216 1345 731 258 614 460 154 127 473 205 93 434 181 102 56 268 79 219 58 53
cat_boundaries=0 1 2 3 4
cat_threshold=8698882 57623 17015 91
is_linear=0
shrinkage=0.0176943


Tree=220
num_leaves=32
num_cat=6
split_feature=13 7 7 25 2 35 30 41 13 17 30 17 24 17 24 41 36 25 17 22 7 22 26 48 30 17 25 22 25 17 25
split_gain=20.2206 10.9804 9.18716 5.84419 4.58565 9.38425 4.10016 4.03489 3.95498 5.5061 8.45523 5.43821 3.86153 5.65318 4.00573 3.27478 2.77912 3.93872 3.75821 2.73972 2.56147 4.06968 3.58275 3.02224 2.98755 3.61058 2.40323 4.59732 0.959176 0.942866 0.828458
threshold=0 1 2 25.500000000000004 3 17.500000000000004 2.5000000000000004 2.5000000000000004 4 2.5000000000000004 7.5000000000000009 7.5000000000000009 5.2500000000000009 7.5000000000000009 1.5699999928474428 10.500000000000002 1.0000000180025095e-35 32.500000000000007 7.5000000000000009 2.5000000000000004 5 23.500000000000004 3.5000000000000004 0.65450927615165722 1.5000000000000002 8.5000000000000018 18.500000000000004 28.069999694824222 39.500000000000007 7.5000000000000009 32.500000000000007
decision_type=9 9 9 10 9 8 10 10 9 8 8 10 8 10 10 8 8 8 8 10 9 8 8 8 10 8 10 8 10 10 10
left_child=2 7 3 6 5 -3 26 16 12 -10 -11 -12 13 14 -4 -8 29 18 -18 -7 24 23 -23 -22 25 -6 27 -1 -19 -2 -5
right_child=1 4 8 30 20 19 15 -9 9 10 11 -13 -14 -15 -16 -17 17 28 -20 -21 21 22 -24 -25 -26 -27 -28 -29 -30 -31 -32
leaf_value=-0.011452559282687099 -0.020824170207498421 0.0070043769493928279 0.0021987031337984183 0.076585951818224321 -0.039357193503831898 -0.013439064943342842 0.014727579321686224 -0.020898677379453032 -0.037701517052420912 0.01921311891320307 0.00048519955360666118 -0.013450009892286618 0.03012970180897457 0.015808060902885553 -0.05294565299555782 0.027753255111400737 -0.026515242222979515 -0.0020718319040530738 -0.047552012463424366 -0.060334153927218477 0.0027715083966648874 0.040978733583479372 0.0076078859562918261 -0.01386803596643363 0.012869472538408391 -0.014151434062183305 0.021504689644978738 0.035927427560689777 -0.029605233514708635 -0.0025423078498220879 0.048340317913525804
leaf_weight=94 32 50 121 26 27 38 38 34 47 30 143 64 58 40 30 30 57 36 33 29 97 32 33 136 39 44 44 55 26 43 39
leaf_count=94 32 50 121 26 27 38 38 34 47 30 143 64 58 40 30 30 57 36 33 29 97 32 33 136 39 44 44 55 26 43 39
internal_value=0 -0.00262299 0.00128277 0.0035809 -0.0010914 -0.00404017 0.0025083 -0.0055497 -0.000162925 -0.00156475 -0.000522591 -0.001795 0.00143462 0.0002779 -0.00128891 0.00624433 -0.00491057 -0.0062858 -0.0086498 -0.00871409 -0.000169316 0.000689364 0.00462718 -0.000379685 -0.00235907 -0.00473456 0.00119179 0.000118735 -0.00285354 -0.00212308 0.00843781
internal_weight=0 786 859 326 525 117 261 261 533 284 237 207 249 191 151 68 227 152 90 67 408 298 65 233 110 71 193 149 62 75 65
internal_count=1645 786 859 326 525 117 261 261 533 284 237 207 249 191 151 68 227 152 90 67 408 298 65 233 110 71 193 149 62 75 65
cat_boundaries=0 2 4 5 6 8 10
cat_threshold=57458630 2193 168952926 12 277566477 12752 18874886 144 16513 1
is_linear=0
shrinkage=0.0176943


Tree=221
num_leaves=34
num_cat=6
split_feature=13 7 7 32 37 2 21 43 13 21 37 48 15 21 36 2 28 29 26 27 43 15 32 28 48 21 37 48 48 41 48 21 21
split_gain=26.1801 14.7497 10.2359 10.1222 9.68728 8.91305 7.26232 7.21583 7.14109 5.25273 5.87928 4.66352 6.24735 4.715 4.8843 4.53721 5.74039 4.26403 4.26162 3.68301 4.3115 4.16727 3.03027 2.79653 2.75133 2.52336 2.51182 2.79786 2.02947 1.83407 1.09147 0.951574 0.269304
threshold=0 1 2 0.96019801497459423 7.5000000000000009 3 34.500000000000007 3.5000000000000004 4 28.500000000000004 2.5000000000000004 0.50087109208107006 -8.7499999999999982 26.500000000000004 1.0000000180025095e-35 5 19.500000000000004 2.5000000000000004 3.5000000000000004 1.0000000180025095e-35 2.5000000000000004 -36.499999999999993 0.97752526402473461 9.5000000000000018 0.56594201922416698 29.500000000000004 7.5000000000000009 0.34196458756923681 0.4668662697076798 6.5000000000000009 0.85960590839385997 31.500000000000004 37.500000000000007
decision_type=9 9 9 10 8 9 2 8 9 2 10 10 10 2 8 9 8 10 8 8 8 10 8 10 8 2 10 10 8 8 8 2 2
left_child=1 3 24 15 7 17 8 -4 25 -5 -11 13 -13 14 -6 16 23 26 -15 20 -17 -21 -14 -1 -2 -7 27 -3 -10 -26 -8 -31 -32
right_child=2 5 4 9 11 6 30 -9 28 10 -12 12 22 18 -16 19 -18 -19 -20 21 -22 -23 -24 -25 29 -27 -28 -29 -30 31 32 -33 -34
leaf_value=-0.01439458514839945 -0.045791251264916323 5.0071943393482036e-05 0.032104639367694678 -0.0010498642358805048 -0.0095798566404109303 -0.0094625826970233026 0.05848562304478077 -0.0091245598478200338 0.012400222626964129 -0.050313794604569161 -0.022585001687225607 -0.049849666311878281 0.033871206262284771 -0.03022802014284031 -0.066082489228615177 0.020237798708291736 0.01463856371861221 -0.022685321853706111 0.028636870640310817 0.016046615219176222 0.012592695715905721 -0.010930320117584083 -0.021719292313023643 -0.026077961276346904 -0.00086808877623618529 0.0068167397969535947 0.031428350361367763 0.020532616044898807 0.033768608537129388 0.036250572579995852 0.027402428737537985 0.065433393873688142 0.079137369143850084
leaf_weight=31 26 176 38 32 28 64 32 29 44 39 28 29 28 258 30 31 51 31 34 61 28 28 31 33 26 42 29 73 116 30 37 26 30
leaf_count=31 26 176 38 32 28 64 32 29 44 39 28 29 28 258 30 31 51 31 34 61 28 28 31 33 26 42 29 73 116 30 37 26 30
internal_value=0 0.00182693 -0.00275493 -0.00104641 -0.00381365 0.0033629 0.00523739 0.00237655 0.00385803 -0.00589763 -0.00871409 -0.00484765 -0.0012063 -0.00576314 -0.0103711 0.000740036 -0.00184008 0.00105386 -0.00484761 0.0026876 0.00629714 0.000596365 0.00209902 -0.00552879 0.00209917 0 0.0017821 0.001208 0.00603659 0.00388373 0.00947196 0.00568666 0.00818597
internal_weight=0 1036 613 362 505 674 365 67 266 99 67 438 88 350 58 263 115 309 292 148 59 89 59 64 108 106 278 249 160 82 99 56 67
internal_count=1649 1036 613 362 505 674 365 67 266 99 67 438 88 350 58 263 115 309 292 148 59 89 59 64 108 106 278 249 160 82 99 56 67
cat_boundaries=0 2 4 5 6 7 8
cat_threshold=1062599095 512 1208244551 3 2181047104 374 20975764 30
is_linear=0
shrinkage=0.0176943


Tree=222
num_leaves=34
num_cat=5
split_feature=13 35 8 13 15 2 46 15 10 23 20 20 36 20 15 22 15 15 20 49 20 49 27 49 20 20 20 46 33 35 33 22 20
split_gain=22.0718 8.76205 7.16225 8.66736 6.10301 8.19513 7.11061 5.99835 6.1626 8.31254 5.76929 4.32782 4.17348 3.88808 3.76267 3.2838 8.83589 3.93996 3.29287 3.27946 3.23054 5.53825 3.23026 3.0171 3.85028 6.79968 6.16785 2.99963 2.97803 2.9755 2.9325 2.91644 2.69915
threshold=0 21.500000000000004 1 2 -1.0000000180025095e-35 3 0.047845978289842613 -13.749999999999998 4 -0.93000000715255726 247.50000000000003 597.50000000000011 1.0000000180025095e-35 407.50000000000006 -0.74999999999999989 2.5000000000000004 -3.2499999999999996 -0.74999999999999989 74.500000000000014 3.5000000000000004 357.50000000000006 12.500000000000002 1.5000000000000002 11.500000000000002 402.50000000000006 137.50000000000003 473.50000000000006 0.18795289844274524 3.5000000000000004 11.500000000000002 1.5000000000000002 0.75000000000000011 670.50000000000011
decision_type=9 8 9 9 10 9 10 8 9 8 2 2 8 2 8 8 10 8 2 8 2 8 8 10 2 2 2 10 8 10 8 10 2
left_child=1 7 10 12 5 22 -7 -1 14 19 15 23 30 -12 -9 17 18 -2 -17 -10 21 -14 -5 24 25 -3 -26 -6 -16 -11 -4 -32 -13
right_child=2 11 3 4 27 6 -8 8 9 29 13 32 20 -15 28 16 -18 -19 -20 -21 -22 -23 -24 -25 26 -27 -28 -29 -30 -31 31 -33 -34
leaf_value=0.020940153429972016 0.031954322669877959 0.040866035901710986 -0.022373050682611053 -0.026128319966713005 0.0064425989341545652 0.019177634350139187 -0.014672854828438065 -0.0010158525074991408 -0.070415292821556882 0.037665614901580442 -0.071572707876473449 -0.033512146213067695 -0.034450535039335477 0.0030449495928612852 -0.013527225941626012 -0.013624099431377771 -0.026183630465173736 0.005663202088594289 0.016726225028533246 0.0071189360380282882 -0.037012484181005632 -0.0003189532899537623 -0.028433967335030941 0.051152499120608409 0.089722142701987306 0.0048127211368137893 0.015705007655284077 0.032882421310388606 -0.026910678281853766 0.0027052486111287782 -0.0067302159593426222 0.013639070476223357 0.035945605607902172
leaf_weight=34 33 87 44 26 40 180 81 47 33 43 27 40 56 33 26 31 26 43 43 28 29 35 127 50 30 127 40 27 31 43 36 30 27
leaf_count=34 33 87 44 26 40 180 81 47 33 43 27 40 56 33 26 31 26 43 43 28 29 35 127 50 30 127 40 27 31 43 36 30 27
internal_value=0 0.00264394 -0.00149762 -0.00238048 -0.000972985 -0.00179503 0.000195865 0.000310411 -0.000634429 0.00169044 0.0011508 0.00436832 -0.00516066 -0.00353839 -0.00372485 0.00281487 0.000707699 0.00558709 0.00382538 -0.00319035 -0.00766702 -0.0060272 -0.00488468 0.00519161 0.00448574 0.00330721 0.00808792 0.00396094 -0.00713883 0.00534895 -0.00289521 -0.000536101 0.000264036
internal_weight=0 686 947 711 481 414 261 285 251 147 236 401 230 60 104 176 100 76 74 61 120 91 153 334 284 214 70 67 57 86 110 66 67
internal_count=1633 686 947 711 481 414 261 285 251 147 236 401 230 60 104 176 100 76 74 61 120 91 153 334 284 214 70 67 57 86 110 66 67
cat_boundaries=0 2 3 5 6 7
cat_threshold=2826267270 2066 5172 34242864 1024 67 4434
is_linear=0
shrinkage=0.0176943


Tree=223
num_leaves=23
num_cat=3
split_feature=7 1 39 15 34 49 7 39 33 46 18 49 46 46 49 22 47 48 15 22 15 15
split_gain=24.6733 10.6497 7.57934 8.43753 9.41066 6.73684 6.19714 11.1783 4.69319 3.80707 3.53417 6.31926 3.22922 3.95396 3.21075 2.55896 2.51928 2.4261 2.27289 2.22333 1.10311 1.09373
threshold=0 1 0.16064515709877017 -9.7499999999999982 2.2500000000000004 21.500000000000004 2 0.90839162468910228 1.0000000180025095e-35 0.97122153639793407 1.0000000180025095e-35 3.5000000000000004 0.97484177350997936 0.49341991543769842 4.5000000000000009 6.1649999618530282 -10.499999999999998 0.90121948719024669 -0.74999999999999989 14.250000000000002 -17.749999999999996 -1.0000000180025095e-35
decision_type=9 9 8 8 10 8 9 10 10 8 10 10 10 10 10 8 10 8 8 10 10 10
left_child=5 10 9 4 19 12 7 -5 -8 21 11 -2 13 14 -1 -7 17 -13 -11 -4 -12 -3
right_child=1 2 3 6 -6 15 8 -9 -10 18 20 16 -14 -15 -16 -17 -18 -19 -20 -21 -22 -23
leaf_value=-0.037144777480820658 -0.055978345700699927 0.044128240782718625 0.036861745294832431 0.0012107019854144972 -0.006173694224665357 -0.00044770725587708687 -0.0076253888484608106 0.022817358402610288 0.016622164845120132 -0.00086539538139509924 -0.012682046554836958 -0.0051777940553949737 -0.013957963943212056 -0.033680276389977337 -0.033267948379240735 -0.033568045427074103 0.0013082026543076981 -0.024349293842124062 0.041573426367989906 0.025749627142880979 0.001793251193630995 0.039936850485804289
leaf_weight=31 30 31 49 251 47 67 599 101 28 30 29 48 26 29 46 26 29 41 27 31 29 34
leaf_count=31 30 31 49 251 47 67 599 101 28 30 29 48 26 29 46 26 29 41 27 31 29 34
internal_value=0 0.000686199 0.00131491 0.000863907 0.00515471 -0.00549633 0.00030725 0.00215063 -0.00074998 0.00551098 -0.00294893 -0.00454288 -0.00831046 -0.00968107 -0.0075825 -0.00209268 -0.00269894 -0.00417468 0.00217267 0.00884629 0.000610037 0.00843781
internal_weight=0 1434 1228 1106 127 225 979 352 627 122 206 148 132 106 77 93 118 89 57 80 58 65
internal_count=1659 1434 1228 1106 127 225 979 352 627 122 206 148 132 106 77 93 118 89 57 80 58 65
cat_boundaries=0 2 3 5
cat_threshold=3255042120 108 584384 30424370 2
is_linear=0
shrinkage=0.0176943


Tree=224
num_leaves=30
num_cat=4
split_feature=9 7 32 44 7 2 32 42 49 27 40 25 30 19 49 25 25 25 39 30 25 25 39 25 19 49 40 49 25
split_gain=13.5281 13.7078 9.62143 8.26001 7.56978 7.15592 9.84464 9.6911 6.34845 7.71208 5.37147 5.21369 8.71454 4.51906 4.4263 4.37578 10.3517 9.07472 4.31424 3.83261 3.7729 3.76087 3.3054 2.93101 1.61317 1.58846 1.22592 1.18982 1.15026
threshold=0 1 0.99004951119422924 3.5000000000000004 2 3 0.76592937111854564 14.500000000000002 12.500000000000002 3.5000000000000004 -7.4999999999999991 24.500000000000004 2.5000000000000004 9.5000000000000018 28.500000000000004 17.500000000000004 20.500000000000004 7.5000000000000009 0.082650274038314833 4.5000000000000009 37.500000000000007 7.5000000000000009 0.82761904597282421 4.5000000000000009 18.500000000000004 8.5000000000000018 1.5000000000000002 15.500000000000002 8.5000000000000018
decision_type=9 9 8 10 9 9 10 8 8 10 10 8 10 10 8 10 10 10 10 10 10 10 8 10 10 10 8 8 10
left_child=3 2 18 4 11 6 23 10 9 22 21 12 -1 -12 -10 17 -17 -9 25 -5 28 -7 -6 -3 -16 -2 -20 -25 -4
right_child=1 5 20 19 8 7 -8 15 14 -11 13 -13 -14 -15 24 16 -18 -19 26 -21 -22 -23 -24 27 -26 -27 -28 -29 -30
leaf_value=-0.037055217445173427 0.026737693626504647 0.022523037356715382 0.082729105524194532 -0.025532280261191621 -0.0076472908679591474 0.0081636289462878719 -0.050721647609196119 -0.0084660079791995229 -0.053043935441527308 -0.031509821998351062 0.019755293521191698 0.058763958698087801 0.015427205396720517 -0.019055213638969337 -0.0053261747378975247 -0.025013116488502688 -0.0013989473846539688 0.023486261846322593 0.0039457222037557194 -0.023067012103525103 0.018242517679390599 0.032715234148178507 0.0084566799133177668 -0.0087692796804344983 -0.044702103040790683 0.023529032190548818 -0.038368587332893937 -0.032870277508804481 0.04854230157410188
leaf_weight=43 27 28 51 40 42 30 29 217 27 36 44 42 30 31 53 52 223 144 31 29 26 64 78 36 31 29 27 27 45
leaf_count=43 27 28 51 40 42 30 29 217 27 36 44 42 30 31 53 52 223 144 31 29 26 64 78 36 31 29 27 27 45
internal_value=0 0.00131459 0.00503479 -0.00226452 -0.00129693 0.000321709 -0.00353864 0.000933551 -0.00287443 -0.000680504 0.00471127 0.00240626 -0.000242337 0.00117948 -0.00621647 -5.56387e-05 -0.0017372 0.00122533 0.00155201 -0.00794872 0.00870155 0.00752886 0.00147442 -0.000972112 -0.00421253 0.0050548 -0.00183018 -0.00308908 0.0103208
internal_weight=0 1161 236 451 382 925 120 805 267 156 169 115 73 75 111 636 275 361 114 69 122 94 120 91 84 56 58 63 96
internal_count=1612 1161 236 451 382 925 120 805 267 156 169 115 73 75 111 636 275 361 114 69 122 94 120 91 84 56 58 63 96
cat_boundaries=0 1 2 3 4
cat_threshold=327216562 69763348 155190312 14528
is_linear=0
shrinkage=0.0176943


Tree=225
num_leaves=21
num_cat=4
split_feature=13 28 34 1 20 7 20 34 1 32 29 34 20 32 50 20 32 46 40 20
split_gain=13.8619 12.7504 9.24193 9.31651 11.4118 12.6388 6.48438 6.19453 5.28151 3.97481 5.88517 8.19254 7.1937 5.80941 3.86143 3.0704 2.97796 2.30301 2.05665 1.59905
threshold=0 1.0000000180025095e-35 7.5000000000000009 1 627.50000000000011 2 234.50000000000003 1.2500000000000002 3 0.79814815521240245 1.0000000180025095e-35 1.0000000180025095e-35 522.50000000000011 0.17416666448116305 0.86607143282890331 87.500000000000014 0.94160273671150219 0.37756814062595373 -3.4999999999999996 663.50000000000011
decision_type=9 8 10 9 2 9 2 8 9 8 8 8 2 10 8 2 8 10 8 2
left_child=2 -2 3 7 5 17 -7 -1 14 13 11 -11 -12 -10 -3 -9 -16 -5 -15 -6
right_child=1 8 -4 4 19 6 -8 15 9 10 12 -13 -14 18 16 -17 -18 -19 -20 -21
leaf_value=-0.018751364750802746 0.051742799539355899 -0.032222361053266674 -0.026100384104524126 0.048770442309717936 -0.071269401202861321 0.011645033553051064 -0.0012297728290129894 0.021924728125093423 -0.00018750594818817801 -0.01103617124197699 -0.015251638751499413 0.011276233827421583 -0.070039120343894437 -0.053105459061676456 0.015062445264599926 -0.014604623975573848 -0.0021328495660250311 0.012123962966801885 -0.026006617301723104 -0.030073982684315239
leaf_weight=49 29 30 31 84 29 316 250 27 45 50 293 43 53 26 40 39 47 26 96 42
leaf_count=49 29 30 31 84 29 316 250 27 45 50 293 43 53 26 40 39 47 26 96 42
internal_value=0 -0.00232206 0.000920954 0.00127266 0.00198678 0.00272216 0.00153594 -0.00325554 -0.00281441 -0.00344689 -0.00261983 0.0013317 -0.00368196 -0.00582718 0.000696569 0 0.00264372 0.00796191 -0.00783139 -0.00473456
internal_weight=0 752 893 862 747 676 566 115 723 606 439 93 346 167 117 66 87 110 122 71
internal_count=1645 752 893 862 747 676 566 115 723 606 439 93 346 167 117 66 87 110 122 71
cat_boundaries=0 2 3 4 5
cat_threshold=2022336231 2334 276993 19923248 530177
is_linear=0
shrinkage=0.0176943


Tree=226
num_leaves=29
num_cat=5
split_feature=13 7 25 7 1 42 20 50 42 40 47 41 20 6 20 25 33 20 20 25 25 42 22 20 14 24 20 20
split_gain=22.1444 11.6209 8.73842 8.30451 13.9391 13.2674 7.60007 6.76992 6.86738 6.70711 5.86316 5.47553 6.42583 5.33719 4.65701 4.71362 4.18302 3.33659 3.33392 3.18676 3.08697 4.00241 2.99285 2.65823 2.52561 6.42101 2.0343 0.889823
threshold=0 1 78.500000000000014 2 3 12.500000000000002 549.50000000000011 0.4083333313465119 20.500000000000004 -9.4999999999999982 -9.4999999999999982 6.5000000000000009 668.50000000000011 4 279.50000000000006 27.500000000000004 -4.4999999999999991 153.00000000000003 136.50000000000003 6.5000000000000009 16.500000000000004 18.500000000000004 5.5000000000000009 473.50000000000006 15.500000000000002 0.58500000834465038 162.50000000000003 473.50000000000006
decision_type=9 9 8 9 9 8 2 10 8 10 10 8 2 9 2 8 10 2 2 8 10 8 8 2 8 8 2 2
left_child=1 6 3 5 16 18 9 8 -6 20 -11 24 14 -7 19 -16 17 -5 -2 -13 22 -22 -1 -15 25 26 -3 -4
right_child=2 11 27 4 7 13 -8 -9 -10 10 -12 12 -14 23 15 -17 -18 -19 -20 -21 21 -23 -24 -25 -26 -27 -28 -29
leaf_value=0.018754434639572701 -0.011613327710853124 0.038353004285627157 -0.039208047528786032 -0.00082125820761346413 -0.0097831923333686014 -0.034643571488148665 -0.043729910728359377 0.030275562603773534 0.014346134453920889 -0.021240049801660298 0.0068411054644005494 -0.010149635497179328 0.084925811438451168 -0.013700186177771682 -0.012235428969928167 0.04714456617616105 -0.03925135330753602 -0.040953800620294634 0.022228277386555185 0.04104212644878151 0.012392872170847304 -0.0089610053518591713 0.0074129706155614036 -0.074456011342542677 0.049509982304938346 -0.0042743395391985498 0.018850397616216267 -0.097019138131467647
leaf_weight=35 30 27 51 47 119 35 27 44 273 32 26 31 27 122 103 82 26 28 48 119 30 43 32 34 37 30 33 31
leaf_count=35 30 27 51 47 119 35 27 44 273 32 26 31 27 122 103 82 26 28 48 119 30 43 32 34 37 30 33 31
internal_value=0 0.00234617 -0.00181276 -0.00127327 3.23439e-05 -0.00374169 -0.000978792 0.00142821 0.000722196 0.000178714 -0.00488052 0.00386502 0.00283493 -0.00639191 0.00216551 0.000286912 -0.00557888 -0.00401028 0.00226826 0.00448231 0.00227484 -0.000242337 0.00501719 -0.00499044 0.00710514 0.00550441 0.00884601 -0.00733596
internal_weight=0 714 888 806 537 269 225 436 392 198 58 489 362 191 335 185 101 75 78 150 140 73 67 156 127 90 60 82
internal_count=1602 714 888 806 537 269 225 436 392 198 58 489 362 191 335 185 101 75 78 150 140 73 67 156 127 90 60 82
cat_boundaries=0 2 4 5 6 7
cat_threshold=1083209961 12951 139460901 10 2892849 8476 1
is_linear=0
shrinkage=0.0176943


Tree=227
num_leaves=30
num_cat=7
split_feature=3 13 7 7 13 24 34 2 0 37 42 44 40 42 20 46 44 34 20 46 24 29 24 20 46 29 20 20 20
split_gain=21.5514 24.0324 10.8113 7.23955 7.18295 6.18929 7.12416 5.2196 4.79619 7.95802 5.88709 4.47773 4.72685 4.43792 5.60375 4.30226 3.76757 3.73339 3.33963 2.98319 2.92951 2.43414 1.64824 1.46495 1.43118 1.51336 0.728901 0.516858 0.0502489
threshold=0 1 2 3 4 5.2500000000000009 1.0000000180025095e-35 5 6 8.5000000000000018 16.500000000000004 10.500000000000002 -1.4999999999999998 5.5000000000000009 122.50000000000001 0.41781598329544073 13.500000000000002 3.5000000000000004 305.50000000000006 0.40660224854946142 2.1649999618530278 3.0700000524520878 2.1649999618530278 339.50000000000006 0.084523811936378493 2.5000000000000004 429.50000000000006 121.50000000000001 223.50000000000003
decision_type=9 9 9 9 9 8 10 9 9 8 8 8 8 10 2 8 8 8 2 10 8 8 8 2 10 8 2 2 2
left_child=11 2 13 18 21 6 -6 15 9 -9 -10 22 -13 17 -15 -5 -16 -2 19 -3 -17 -4 -1 -19 25 -14 -7 -27 -23
right_child=1 3 4 7 5 26 -8 8 10 -11 -12 12 24 14 16 20 -18 23 -20 -21 -22 28 -24 -25 -26 27 -28 -29 -30
leaf_value=-0.0098706150346910652 0.019497760212686368 0.07413100074298383 -0.031721657988899997 -0.0027740806803482113 -0.01144538603052765 0.036486769538336787 -0.055808157507072347 -0.020123844696011497 0.043164574332032454 0.0023424646072216669 0.011470614897197548 0.0029836677255569008 -0.014174180048800942 0.019997795378219666 -0.0013861480461961374 0.027281923906222801 -0.030350945288525735 0.026866443652457321 0.016541635235729209 0.01677036307015016 0.010973156697117983 -0.05137917569973012 -0.02908450769384039 -0.012584897804855602 -0.032748782959226307 -0.004371910714486585 0.01448683007899113 -0.020626836397576714 -0.078429532729454687
leaf_weight=28 27 45 46 34 216 36 37 27 38 163 220 27 27 28 26 138 26 67 50 26 58 30 27 35 36 31 30 33 26
leaf_count=28 27 45 46 34 216 36 37 27 38 163 220 27 27 28 26 138 26 67 50 26 58 30 27 35 36 31 30 33 26
internal_value=0 0.00119273 -0.00138234 0.00321512 -0.00299688 -0.00155964 -0.00286736 0.0024175 0.00123626 -0.000884671 0.0027729 -0.00476678 -0.00344676 0.00185823 -0.00132692 0.00457087 -0.00476313 0.00397754 0.00715833 0.0102167 0.00577749 -0.00695084 -0.00932842 0.00242843 -0.00487607 -0.00369409 0.00321675 -0.0022115 -0.0101096
internal_weight=0 1429 630 799 421 319 253 678 448 190 258 209 154 209 80 230 52 129 121 71 196 102 55 102 127 91 66 64 56
internal_count=1638 1429 630 799 421 319 253 678 448 190 258 209 154 209 80 230 52 129 121 71 196 102 55 102 127 91 66 64 56
cat_boundaries=0 3 5 7 8 10 11 12
cat_threshold=680158220 34384 512 384840131 2133 26084642 256 1053504 370151424 2048 4657 5
is_linear=0
shrinkage=0.0176943


Tree=228
num_leaves=27
num_cat=5
split_feature=13 7 40 9 7 14 36 28 28 14 47 30 44 40 21 21 15 15 13 28 14 28 34 14 15 32
split_gain=22.0342 13.3121 6.84545 6.76802 7.0746 6.46406 6.14153 4.58293 4.48124 4.10078 5.53796 5.54252 3.92568 4.309 4.98999 3.58887 5.57667 3.53398 5.27413 4.93996 4.20877 3.40314 3.25545 2.07814 1.17885 1.05687
threshold=0 1 -3.4999999999999996 2 3 8.5000000000000018 2.5000000000000004 12.500000000000002 3.5000000000000004 7.2500000000000009 -9.4999999999999982 9.5000000000000018 5.5000000000000009 -1.0000000180025095e-35 28.500000000000004 27.500000000000004 -8.2499999999999982 -8.2499999999999982 4 8.5000000000000018 32.500000000000007 9.5000000000000018 1.0000000180025095e-35 3.5000000000000004 -19.499999999999996 0.97241246700286876
decision_type=9 9 8 9 9 8 8 10 10 10 10 8 8 8 2 2 10 10 9 10 10 8 10 10 10 8
left_child=3 12 5 8 6 -3 7 -5 24 10 11 -4 -2 -14 25 -11 -17 20 22 -20 21 -6 -19 -16 -1 -15
right_child=1 2 9 4 17 -7 -8 -9 -10 15 -12 -13 13 14 23 16 -18 18 19 -21 -22 -23 -24 -25 -26 -27
leaf_value=0.080277907658009767 -0.018379768506053318 0.014239498793188062 -0.033777692856236295 0.014485819049035609 -0.0055360096246063924 -0.0078686948217121955 -0.022705354723114045 -0.012126316423178882 0.0023166701053400074 -0.048916043452162654 0.021454193652682727 -0.021938832633452057 0.02074864435199951 -0.021097305725588687 -0.0046325210083890444 -0.044157029176324872 -0.00016981851024722917 0.021273059046458737 -0.027903990234777052 0.00096135409451775689 0.044475457076287216 0.010066609935619005 -0.0089825616355207402 0.015103766098818375 0.030388909311472753 -0.031888917721446232
leaf_weight=33 26 26 26 35 38 37 51 28 49 45 28 338 45 27 38 64 46 79 72 94 41 202 27 52 28 37
leaf_count=33 26 26 26 35 38 37 51 28 49 45 28 338 45 27 38 64 46 79 72 94 41 202 27 52 28 37
internal_value=0 -0.00270123 -0.0040525 0.00141642 0.000705669 0.00140411 -0.0031391 0.000280799 0.00530793 -0.00475506 -0.00379155 -0.00437486 0.000978792 0.00186715 0.000459557 -0.0071915 -0.00546875 0.00153997 0.000130094 -0.00180955 0.00295945 0.00206426 0.00305052 0.00314537 0.00899105 -0.00331726
internal_weight=0 835 610 777 667 63 114 63 110 547 392 364 225 199 154 155 110 553 272 166 281 240 106 90 61 64
internal_count=1612 835 610 777 667 63 114 63 110 547 392 364 225 199 154 155 110 553 272 166 281 240 106 90 61 64
cat_boundaries=0 2 3 4 5 7
cat_threshold=211111852 10776 2194336 1198112 2148868130 68736 2048
is_linear=0
shrinkage=0.0176943


Tree=229
num_leaves=28
num_cat=5
split_feature=13 1 1 10 36 46 20 25 25 28 33 20 28 16 21 20 20 20 28 13 33 16 42 40 20 43 25
split_gain=29.5362 11.633 8.26913 7.39085 7.10909 6.09146 7.43386 6.65554 5.58144 4.94969 4.67111 4.59363 5.0515 4.28051 4.15042 6.83509 4.10704 3.80615 5.02447 3.7203 3.61705 3.14694 2.76801 2.14477 1.91996 1.37452 1.33585
threshold=0 1 2 3 1.2500000000000002 0.94258242845535289 153.00000000000003 35.500000000000007 84.500000000000014 3.5000000000000004 -4.4999999999999991 169.50000000000003 10.500000000000002 0.75000000000000011 30.500000000000004 109.50000000000001 498.50000000000006 180.50000000000003 26.500000000000004 4 -3.4999999999999996 2.7500000000000004 7.5000000000000009 -18.499999999999996 439.50000000000006 4.2500000000000009 22.500000000000004
decision_type=9 9 9 9 8 10 2 10 8 10 10 2 10 8 2 2 2 2 8 9 10 10 10 10 2 8 10
left_child=2 17 4 14 20 7 -7 10 11 -6 19 12 -5 -13 15 -4 -9 18 22 -3 -1 -12 -2 26 -10 -17 -16
right_child=1 5 3 8 9 6 -8 16 24 -11 21 13 -14 -15 23 25 -18 -19 -20 -21 -22 -23 -24 -25 -26 -27 -28
leaf_value=-0.036317927180844423 0.035803607493781156 -0.032745802440515857 0.012088756058478515 0.04870486626237229 -0.010499548621579882 -0.020732795287603797 0.028072009009270631 0.060339800388431564 0.046999458678034393 0.027080119252815199 -0.046696717026918709 0.056956732842221358 0.0096357927460306563 0.0086239465138258729 0.022928510510771823 -0.021573419364727696 -0.02514946068273189 0.03095359321803539 -0.017946723378345734 -0.012595741057628854 -0.0018385460869332084 -0.028566874251329304 -0.0014291448406893357 -0.0033109766516102352 0.10777362007771997 -0.0084892371775374832 0.0044525166958368735
leaf_weight=33 26 215 38 59 29 50 44 33 26 33 30 34 64 197 55 28 48 36 26 326 26 37 26 26 26 57 33
leaf_count=33 26 215 38 59 29 50 44 33 26 33 30 34 64 197 55 28 48 36 26 326 26 37 26 26 26 57 33
internal_value=0 -0.00228248 0.00242322 0.00322449 -0.00175581 -0.00305686 0.00112931 -0.00367235 0.00467868 0.00228283 -0.0043071 0.00399861 0.0067608 0.00252766 0.000644703 -0.0015823 0.00109212 0.00285373 0.000907288 -0.0037612 -0.00629714 -0.00871409 0.00408268 0.00310404 0.0102067 -0.00437112 0.00442317
internal_weight=0 897 764 643 121 783 94 689 406 62 608 354 123 231 237 123 81 114 78 541 59 67 52 114 52 85 88
internal_count=1661 897 764 643 121 783 94 689 406 62 608 354 123 231 237 123 81 114 78 541 59 67 52 114 52 85 88
cat_boundaries=0 2 3 4 5 7
cat_threshold=1212299961 17865 2191648 34835 9495 104595716 2
is_linear=0
shrinkage=0.0176943


Tree=230
num_leaves=30
num_cat=4
split_feature=9 7 2 25 2 19 19 19 21 19 17 17 23 21 21 16 25 21 16 21 37 42 21 25 36 24 19 18 21
split_gain=29.44 18.5178 12.9309 11.3336 9.94592 7.49188 6.62604 5.96506 11.6649 6.70148 5.47655 4.72167 4.37444 4.29664 7.78686 6.27718 4.18312 4.15125 3.28783 5.75356 4.44522 3.20467 3.1923 3.17963 1.72352 1.10684 1.04025 0.923503 0.227816
threshold=0 1 2 3.5000000000000004 3 145.00000000000003 5.5000000000000009 5.5000000000000009 30.500000000000004 33.500000000000007 12.500000000000002 9.5000000000000018 -4.7499999999999991 29.500000000000004 30.500000000000004 20.500000000000004 8.5000000000000018 29.500000000000004 1.7500000000000002 28.500000000000004 11.500000000000002 12.500000000000002 26.500000000000004 15.500000000000002 2.5000000000000004 10.335000038146974 16.500000000000004 4.5000000000000009 25.500000000000004
decision_type=9 9 9 10 9 10 10 10 2 10 8 10 10 2 2 8 8 2 8 2 8 8 2 10 8 8 10 8 2
left_child=16 2 5 12 18 6 -2 8 27 11 -11 -9 17 15 -15 -6 24 28 19 -5 -20 -8 -18 -24 -1 -19 -25 -4 -3
right_child=1 3 7 4 13 -7 21 9 -10 10 -12 -13 -14 14 -16 -17 22 25 20 -21 -22 -23 23 26 -26 -27 -28 -29 -30
leaf_value=-0.00019958318521193133 -0.024891751029027347 -0.073605034332311164 -0.00038194173504701523 -0.0010172034400566829 -0.0057196957685483529 -0.046289556775870294 0.02977743656176865 0.0084948487785558493 0.070496149375449457 0.035840847108837795 0.011489907854494821 -0.014963843857760487 -0.042587834798335639 0.026458971313126876 -0.01143914387193881 -0.038319737686236116 0.034406561002718272 -0.020630144129171739 0.047061273869853863 0.037611900774385969 -0.001086061326641526 -0.0018430085180995489 0.043814909919807077 0.031067528168193404 0.021142836012322565 -0.0050318311405131589 0.020629926352545184 0.016094343363704335 -0.068443064973871579
leaf_weight=29 34 35 28 31 142 26 29 129 44 52 29 45 38 28 241 54 47 35 27 36 181 73 42 41 29 60 27 27 45
leaf_count=29 34 35 28 31 142 26 29 129 44 52 29 45 38 28 241 54 47 35 27 36 181 73 42 41 29 60 27 27 45
internal_value=0 -0.000657997 0.00201832 -0.002113 -0.0010999 -0.00205737 -0.000520377 0.00388876 0.00768479 0.00256732 0.00677124 0.00061011 -0.00573173 -0.00264478 -0.00124974 -0.00469421 0.00621244 -0.00454975 0.00155208 0.00501719 0.000510384 0.00173459 0.00800147 0.00965075 0.00244024 -0.00204863 0.00728505 0.00225166 -0.00751934
internal_weight=0 1469 516 953 740 162 136 354 99 255 81 174 213 465 269 196 215 175 275 67 208 102 157 110 58 95 68 55 80
internal_count=1684 1469 516 953 740 162 136 354 99 255 81 174 213 465 269 196 215 175 275 67 208 102 157 110 58 95 68 55 80
cat_boundaries=0 1 2 3 4
cat_threshold=102779712 3632873225 20764 86090
is_linear=0
shrinkage=0.0176943


Tree=231
num_leaves=27
num_cat=5
split_feature=13 1 8 40 20 35 16 25 13 20 20 25 20 15 27 8 27 20 24 47 25 27 16 43 24 16
split_gain=25.2035 16.644 5.98373 5.94069 5.07038 5.63903 5.54855 4.78832 7.67576 5.76131 8.62536 5.22962 4.62698 4.58623 4.69225 4.56507 5.27861 4.21678 4.16981 3.86014 3.2469 2.86714 2.53742 2.41181 2.15297 0.935238
threshold=0 1 2 -2.4999999999999996 83.500000000000014 15.500000000000002 2.2500000000000004 5.5000000000000009 3 221.50000000000003 351.50000000000006 9.5000000000000018 338.50000000000006 -2.7499999999999996 3.5000000000000004 4 6.5000000000000009 220.50000000000003 1.0000000180025095e-35 -2.4999999999999996 21.500000000000004 5.5000000000000009 1.0000000180025095e-35 2.5000000000000004 1.1650000214576723 12.500000000000002
decision_type=9 9 9 10 2 10 8 8 9 2 2 10 2 8 8 9 8 2 8 8 8 10 8 10 10 8
left_child=2 13 17 4 6 24 -4 9 15 21 -11 12 -10 14 -2 18 -17 20 -9 -13 -1 -3 -15 -23 -6 -19
right_child=1 7 3 -5 5 -7 -8 8 11 10 -12 19 -14 22 -16 16 -18 25 -20 -21 -22 23 -24 -25 -26 -27
leaf_value=0.00092520729939353746 0.017870417201969607 -0.0093912505150657213 0.012674523525846524 0.0055937304515026719 -0.025913869584458862 -0.036323960522902814 -0.015694467440740836 0.005862211372426881 0.028140303281960415 -0.034825321445458905 0.00086167790129790343 -0.0029881828703053359 0.0072326874146902394 -0.028209587567792772 -0.060927048039379948 -0.011202338217356689 0.0085205075053780034 -0.0035467273369414235 0.040761892232267061 0.020616048475875854 0.051726574056547701 0.022469680400881997 -0.025576857879635737 0.011989350320596013 -0.054210427779585381 -0.036958848478844411
leaf_weight=48 39 46 28 29 185 28 30 69 92 26 49 44 42 28 28 117 160 30 34 320 28 28 49 26 38 32
leaf_count=48 39 46 28 29 185 28 30 69 92 26 49 44 42 28 28 117 160 30 34 320 28 28 49 26 38 32
internal_value=0 0.00156858 -0.00320385 -0.00447431 -0.00532532 -0.00641485 -0.000610037 0.00234701 0.00290199 -0.000303307 -0.00401028 0.004319 0.00739419 -0.00390632 -0.000792165 0.000907376 -0.000308248 0 0.00391439 0.00330545 0.00279353 0.00247699 -0.00712296 0.00524199 -0.00547471 -0.00342426
internal_weight=0 1197 476 338 309 251 58 1053 878 175 75 498 134 144 67 380 277 138 103 364 76 100 77 54 223 62
internal_count=1673 1197 476 338 309 251 58 1053 878 175 75 498 134 144 67 380 277 138 103 364 76 100 77 54 223 62
cat_boundaries=0 2 3 4 6 7
cat_threshold=549455621 26706 270008520 1076 3224666266 9 2768
is_linear=0
shrinkage=0.0176943


Tree=232
num_leaves=30
num_cat=5
split_feature=13 20 1 34 32 15 1 13 49 15 13 20 33 43 44 49 42 24 33 20 20 34 49 20 40 30 32 49 34
split_gain=24.2961 11.3137 7.10868 10.914 11.1974 7.08786 6.88758 5.71719 5.17573 4.84648 4.67825 4.63081 4.43592 5.80332 4.53108 6.50172 5.9218 4.27618 5.50001 4.12228 6.64287 4.01997 4.756 3.81642 3.33851 3.61939 3.2989 1.92158 1.46588
threshold=0 69.500000000000014 1 1.2500000000000002 0.79814815521240245 -3.2499999999999996 2 3 9.5000000000000018 -10.749999999999998 4 169.50000000000003 -4.4999999999999991 4.2500000000000009 9.5000000000000018 10.500000000000002 20.500000000000004 3.2500000000000004 -3.4999999999999996 385.50000000000006 186.50000000000003 2.2500000000000004 8.5000000000000018 104.50000000000001 -4.4999999999999991 5.5000000000000009 0.39408974349498754 14.500000000000002 1.0000000180025095e-35
decision_type=9 2 9 8 10 10 9 9 10 10 9 2 10 8 8 10 8 8 10 2 2 10 8 2 8 10 10 10 8
left_child=1 21 3 -3 -5 9 12 8 11 10 -4 -8 14 -14 -2 16 -16 18 23 20 -19 22 -1 -9 -7 -26 -11 -10 -13
right_child=6 2 5 4 -6 24 7 17 27 26 -12 28 13 -15 15 -17 -18 19 -20 -21 -22 -23 -24 -25 25 -27 -28 -29 -30
leaf_value=0.020888129336447563 -0.034693449867212726 -0.036730475718740503 0.001534017574630647 -0.011181914776367966 0.040226728574421382 0.039040692659968741 0.043705155432858557 0.013355055280742269 0.021030254295388857 -0.026766515100270706 0.0298512281495199 0.0071747590301497128 0.018165169337407191 -0.020997914696872681 0.022854973955427745 -0.033294365554377592 -0.026369805329891166 -0.0017114831299572771 -0.035029820208548917 -0.045363240413798779 0.04267478249275402 -0.033675867644149891 -0.024287617158958639 -0.012402527115845167 0.047589572415639762 0.00095696754520755345 0.0011794943860254218 0.033021337543152889 -0.011707451306152189
leaf_weight=37 29 39 124 42 26 27 44 34 26 26 174 27 28 33 29 41 53 33 39 40 28 31 28 249 137 38 35 26 115
leaf_count=37 29 39 124 42 26 27 44 34 26 26 174 27 28 33 29 41 53 33 39 40 28 31 28 249 137 38 35 26 115
internal_value=0 0.00233178 0.00317857 -0.00105855 0.00312215 0.00393545 -0.00196156 -0.00102841 0.00114152 0.00251361 0.00344376 -0.000190243 -0.00468128 -0.000870073 -0.00651861 -0.00503463 -0.00215762 -0.0022475 -0.00329698 0.000875871 0.00377042 -0.0033174 -0.000816537 -0.00243836 0.00665699 0.00576302 -0.00203021 0.00612403 -0.0017444
internal_weight=0 764 668 107 68 561 874 661 238 359 298 186 213 61 152 123 82 423 322 101 61 96 65 283 202 175 61 52 142
internal_count=1638 764 668 107 68 561 874 661 238 359 298 186 213 61 152 123 82 423 322 101 61 96 65 283 202 175 61 52 142
cat_boundaries=0 2 3 4 6 8
cat_threshold=4098239397 23048 818 40487 159941640 148 389 512
is_linear=0
shrinkage=0.0176943


Tree=233
num_leaves=25
num_cat=0
split_feature=25 14 14 21 15 42 21 34 17 25 14 28 16 25 28 21 21 21 46 25 25 15 42 21
split_gain=18.4185 7.53588 8.94554 7.74816 12.1502 7.29144 6.63802 5.6539 5.57859 5.57722 7.30656 5.45835 5.35468 5.23832 4.6655 4.62963 3.74552 3.20534 3.14139 2.30325 2.83848 2.098 1.18997 0.0348329
threshold=33.500000000000007 30.500000000000004 45.500000000000007 33.500000000000007 -1.2499999999999998 7.5000000000000009 27.500000000000004 6.5000000000000009 13.500000000000002 11.500000000000002 13.500000000000002 6.5000000000000009 0.75000000000000011 18.500000000000004 6.5000000000000009 24.500000000000004 25.500000000000004 27.500000000000004 0.97277778387069713 58.500000000000007 43.500000000000007 -4.4999999999999991 21.500000000000004 23.500000000000004
decision_type=8 8 8 2 10 10 2 8 10 10 10 8 10 10 10 2 2 2 8 10 8 8 8 2
left_child=1 3 5 8 12 11 22 -2 9 15 -11 -3 -5 -6 18 -1 23 -18 -8 20 -19 -14 -4 -9
right_child=7 2 6 4 13 -7 14 16 -10 10 -12 -13 21 -15 -16 -17 17 19 -20 -21 -22 -23 -24 -25
leaf_value=-0.022525157398911786 0.086610333111534848 -0.046611568192889294 0.018612730739780967 0.0029235753362184024 -0.03689286209041371 -0.0040971323837903622 -0.027553546586100288 -0.0036613364384369585 0.027482151425154297 -0.0042395370336513194 -0.023631379932939855 -0.026121425996887066 0.039108886790448313 0.014629472829456322 0.030513384050597822 0.0043733075888453283 0.091825783723633272 0.0098632209143142448 -0.015795119379198145 -0.028908912806009691 0.034957232996692837 0.017147435379801554 0.021648415501405595 -0.0010812268585424288
leaf_weight=36 28 29 31 26 43 33 34 26 48 365 48 37 43 34 33 220 30 42 210 43 161 44 35 35
leaf_count=36 28 29 31 26 43 33 34 26 48 365 48 37 43 34 33 220 30 42 210 43 161 44 35 35
internal_value=0 -0.000747639 -0.00264208 0.000175573 0.00335246 -0.00732736 -0.00128964 0.00373268 -0.000666301 -0.00108439 -0.00235633 -0.0107226 0.00704591 -0.00206794 -0.00249118 0.000967619 0.00309773 0.00397468 -0.00333569 0.00330857 0.00409654 0.0091514 0.00375288 -0.000870073
internal_weight=0 1349 442 907 190 99 343 365 717 669 413 66 113 77 277 256 337 276 244 246 203 87 66 61
internal_count=1714 1349 442 907 190 99 343 365 717 669 413 66 113 77 277 256 337 276 244 246 203 87 66 61
is_linear=0
shrinkage=0.0176943


Tree=234
num_leaves=23
num_cat=5
split_feature=7 2 44 49 28 15 15 2 8 25 35 7 25 25 28 28 37 28 14 48 48 25
split_gain=25.6388 14.0391 12.0559 11.4393 9.61695 7.53795 7.00183 5.81892 7.67963 6.09496 5.37454 5.32968 4.67871 5.10487 4.55539 4.34051 3.99584 2.67927 2.13255 2.12366 1.34774 0.85595
threshold=0 1 9.5000000000000018 15.500000000000002 2.5000000000000004 -17.749999999999996 -1.7499999999999998 2 3 22.500000000000004 11.500000000000002 4 31.500000000000004 26.500000000000004 24.500000000000004 7.5000000000000009 14.500000000000002 4.5000000000000009 49.500000000000007 0.42340287566185003 0.74352160096168529 47.500000000000007
decision_type=9 9 8 10 10 8 8 9 9 8 8 9 10 8 8 10 8 10 8 10 10 8
left_child=2 17 19 5 -5 -3 16 9 10 15 -9 -8 13 -10 -12 -4 -7 18 -2 -1 -21 -11
right_child=1 3 7 4 -6 6 11 8 12 21 14 -13 -14 -15 -16 -17 -18 -19 -20 20 -22 -23
leaf_value=-0.043135460390871787 -0.030014271568031835 -0.054781506319219825 0.0023729233375517581 0.022652725566536476 -0.041883398041897058 0.028144709404486708 -0.0010694555915952281 0.0094867959274907137 0.0057383338508680808 -0.043090590610503486 -0.03522678092269934 0.018749060741572843 0.043193358963987398 -0.027167098807819225 -0.013316903599130831 -0.026158806116688981 0.017039996610137356 -0.049192887128364143 0.0045128186716422601 -0.013419796619120289 -0.028423381515590256 -0.081220371693638035
leaf_weight=28 27 46 50 36 33 86 132 33 121 29 56 438 28 38 130 38 170 45 45 38 27 27
leaf_count=28 27 46 50 36 33 86 132 33 121 29 56 438 28 38 130 38 170 45 45 38 27 27
internal_value=0 0.00182243 -0.00262836 0.00254899 -0.00435896 0.00312487 0.00351311 -0.00167289 -0.000510398 -0.00459568 -0.00270427 0.00242128 0.00206574 0.0010015 -0.00399531 -0.00201052 0.00594398 -0.00376154 -0.0019658 -0.00856104 -0.00680468 -0.00947779
internal_weight=0 1058 643 941 69 872 826 550 406 144 219 570 187 159 186 88 256 117 72 93 65 56
internal_count=1701 1058 643 941 69 872 826 550 406 144 219 570 187 159 186 88 256 117 72 93 65 56
cat_boundaries=0 2 3 4 5 6
cat_threshold=1138374810 43 170048 3300 3085 2376193
is_linear=0
shrinkage=0.0176943


Tree=235
num_leaves=27
num_cat=4
split_feature=13 28 46 19 32 39 48 19 16 39 41 13 19 41 13 19 20 46 19 19 20 19 5 28 25 29
split_gain=13.4177 14.9824 14.9105 10.1022 9.74131 9.76047 9.72103 8.05634 6.57524 6.12298 6.08954 5.91089 5.89669 5.64134 5.08984 6.733 5.01177 4.28676 4.16943 8.86654 5.61323 3.95829 3.5531 3.44364 2.47712 2.39703
threshold=0 17.500000000000004 0.65960046648979198 3.5000000000000004 0.13899821788072589 0.12687234580516818 0.14087302237749103 249.50000000000003 2.7500000000000004 0.96449580788612377 1.0000000180025095e-35 1 3.5000000000000004 4.2500000000000009 2 89.500000000000014 242.50000000000003 0.094788860529661192 335.00000000000006 179.50000000000003 529.50000000000011 11.500000000000002 3 2.5000000000000004 11.500000000000002 4.0699999332427987
decision_type=9 8 8 10 10 8 10 10 10 10 8 9 10 8 9 8 2 10 8 10 2 10 9 10 10 8
left_child=7 3 17 24 22 -6 -7 8 9 11 -10 12 -1 -12 15 -4 -17 -3 19 -16 -20 -13 23 -5 -2 -15
right_child=1 2 14 4 5 6 -8 -9 10 -11 13 21 -14 25 18 16 -18 -19 20 -21 -22 -23 -24 -25 -26 -27
leaf_value=-0.0054414487521011225 -0.038686961345849154 0.021866254884833555 0.067119058226926015 0.052716371259743967 0.03303365500199467 -0.027900308103093987 0.0027755843611606558 -0.043690709638301371 -0.03826381686057688 0.0048681658578261259 0.01302389255771094 -0.024303073444824439 0.017247928366246296 -0.018745740542592718 0.0088763265196713619 -0.033452154588337578 0.052509656369635546 0.030368089288224636 0.015607602776487069 -0.0465645083997034 0.056886380444228404 -0.0021465702423132463 0.047478478880990591 -0.0032917128527412067 -0.013104420346485306 -0.010215204059446681
leaf_weight=47 37 26 32 28 31 124 193 39 32 39 39 98 60 46 278 33 45 31 102 45 28 96 27 26 32 40
leaf_count=47 37 26 32 28 31 124 193 39 32 39 39 98 60 46 278 33 45 31 102 45 28 96 27 26 32 40
internal_value=0 0.00163137 0.00348173 -0.000639538 0.000371197 -0.000915195 -0.00184194 -0.00174995 -0.00117485 0.000208158 -0.00416978 -0.000646612 0.00257078 -0.00240626 0.00260853 0.00589771 0.00362922 0.012105 0.00164328 0.000602571 0.00435525 -0.00242853 0.00589753 0.00327623 -0.00692307 -0.00493749
internal_weight=0 1118 620 498 429 348 317 536 497 340 157 301 107 125 563 110 78 57 453 323 130 194 81 54 69 86
internal_count=1654 1118 620 498 429 348 317 536 497 340 157 301 107 125 563 110 78 57 453 323 130 194 81 54 69 86
cat_boundaries=0 2 4 5 6
cat_threshold=69290337 23833 2097217 1 1094713346 1
is_linear=0
shrinkage=0.0176943


Tree=236
num_leaves=22
num_cat=1
split_feature=8 33 19 26 48 23 20 20 42 23 20 20 20 16 20 19 33 40 16 39 20
split_gain=13.307 5.81798 8.05643 7.43705 7.28507 6.19075 5.73993 5.40514 4.96499 5.28879 4.68352 5.84633 4.54654 8.72667 6.04096 4.59641 2.80246 3.58035 2.74467 2.16161 2.07201
threshold=0 -6.4999999999999991 150.50000000000003 1.0000000180025095e-35 0.37897555530071264 -10.835000038146971 120.50000000000001 653.50000000000011 2.5000000000000004 -8.7499999999999982 109.50000000000001 247.50000000000003 351.50000000000006 14.250000000000002 308.50000000000006 8.5000000000000018 -8.4999999999999982 2.5000000000000004 11.250000000000002 0.98620623350143444 456.50000000000006
decision_type=9 10 8 10 10 10 2 2 8 8 2 2 2 8 2 8 10 8 10 8 2
left_child=8 2 5 4 6 -2 -3 10 -1 -10 -4 -12 14 -14 15 -11 17 -7 -5 -6 -15
right_child=1 3 7 18 19 16 -8 -9 9 12 11 -13 13 20 -16 -17 -18 -19 -20 -21 -22
leaf_value=0.035945348080274081 -0.065456850875393824 0.015596833400988363 -0.014475890371909758 -0.020312248560290298 0.0060462473341973758 -0.00033269336790795086 0.011121787268895315 -0.030429011893816076 -0.042334854852743319 -0.0099121566971630479 0.07973444807936883 0.0083508707784811578 -0.041844851701485032 -0.0067508846478473153 0.069866391152351673 0.013793982789221299 -0.033456790736426378 -0.022298344278757491 0.0021213138429294889 -0.019559832022916591 0.03452409327285693
leaf_weight=51 26 31 31 32 32 105 27 44 31 111 30 145 44 28 28 267 34 401 26 27 66
leaf_count=51 26 31 31 32 32 105 27 44 31 111 30 145 44 28 28 267 34 401 26 27 66
internal_value=0 -0.00199744 -0.00264544 0.000909941 0.00347812 -0.0038139 0.00793087 0 0.00127976 0.000830847 0.00120247 0.00232542 0.00123598 -0.00153854 0.00217905 0.00159151 -0.00340773 -0.00307721 -0.00427045 -0.000899564 0.00150576
internal_weight=0 991 816 175 117 566 58 250 626 575 206 175 544 138 406 378 540 506 58 59 94
internal_count=1617 991 816 175 117 566 58 250 626 575 206 175 544 138 406 378 540 506 58 59 94
cat_boundaries=0 1
cat_threshold=17718
is_linear=0
shrinkage=0.0176943


Tree=237
num_leaves=20
num_cat=2
split_feature=2 39 19 35 39 17 19 46 46 35 19 17 41 2 48 25 46 35 39
split_gain=10.5506 11.8717 5.97906 6.61868 11.343 8.44126 4.56738 5.773 4.25188 4.03377 5.99529 4.56611 4.34524 3.89191 9.14381 4.23099 3.61306 4.50667 3.66495
threshold=0 0.9860132932662965 5.5000000000000009 1.5000000000000002 0.25918047130107885 6.5000000000000009 3.5000000000000004 0.98496156930923473 0.93844696879386913 17.500000000000004 153.50000000000003 6.5000000000000009 1.2500000000000002 1 0.059411764144897468 21.500000000000004 0.96178188920021068 19.500000000000004 0.77388921380043041
decision_type=9 8 8 10 10 10 8 10 8 8 8 8 8 9 10 8 10 10 10
left_child=9 2 16 -4 8 -6 -3 13 -5 12 11 -11 -1 14 -8 -15 17 18 -2
right_child=1 6 3 4 5 -7 7 -9 -10 10 -12 -13 -14 15 -16 -17 -18 -19 -20
leaf_value=-0.015156451070621718 -0.010509309084847682 0.0042128713544180869 0.056089885638128112 -0.028669202997167093 0.026109328454832978 0.00017605389605507765 -0.025085027182676141 -0.033977379214892647 -0.0027285977041742091 0.031993096859168922 -0.0043853830073909547 0.02208724149568449 0.018187454781785847 -0.013806596208428721 -0.00030809486563949235 0.0034416867190541272 -0.018915237816613643 0.020113662752200907 0.018994450114481629
leaf_weight=42 62 43 42 27 122 134 142 51 49 44 30 50 48 253 114 281 49 26 30
leaf_count=42 62 43 42 27 122 134 142 51 49 44 30 50 48 253 114 281 49 26 30
internal_value=0 -0.000653511 0.00140636 0.00264935 0.00181202 0.00359403 -0.00192153 -0.00220913 -0.00419031 0.00347553 0.00570747 0.0079053 0.000786326 -0.0018366 -0.00359196 -0.000910718 -0.00137733 0.000299868 -0.00153849
internal_weight=0 1425 541 374 332 256 884 841 76 214 124 94 90 790 256 534 167 118 92
internal_count=1639 1425 541 374 332 256 884 841 76 214 124 94 90 790 256 534 167 118 92
cat_boundaries=0 1 2
cat_threshold=304320 17204
is_linear=0
shrinkage=0.0176943


Tree=238
num_leaves=24
num_cat=7
split_feature=13 10 8 39 39 13 43 15 4 13 14 33 15 37 13 48 24 37 14 39 37 39 24
split_gain=17.2599 9.34365 6.62796 7.33261 6.56644 5.90533 6.20184 5.47939 6.04672 7.14167 5.16254 4.65082 3.10278 2.86331 2.81874 5.6262 2.68051 2.58008 2.07984 1.9554 1.83511 4.16718 0.462574
threshold=0 1 2 0.20948986709117892 0.27475491166114813 3 1.0000000180025095e-35 -13.749999999999998 4 5 2.2500000000000004 -15.499999999999998 -7.7499999999999991 1.5000000000000002 6 0.52786380052566539 1.0000000180025095e-35 9.5000000000000018 6.2500000000000009 0.95266106724739086 6.5000000000000009 0.5032467544078828 -1.0000000180025095e-35
decision_type=9 9 9 8 8 9 8 8 9 9 8 10 8 10 9 10 8 8 10 8 10 10 10
left_child=1 18 3 -2 11 6 -6 -3 -9 10 -10 -4 -5 -8 16 -16 -7 -11 19 -1 21 -14 -21
right_child=2 7 4 12 5 14 13 8 9 17 -12 -13 20 -15 15 -17 -18 -19 -20 22 -22 -23 -24
leaf_value=0.022331489649116878 -0.020313544591975961 0.014696110505400439 0.00077959933927001515 0.0058429997718490428 -0.017262957979017956 -0.014151052940937572 0.0088130573167883933 0.021296953603589481 0.0010396193654501852 -0.059103931126515137 -0.023362450261908856 0.029216827384646753 0.034458563341364011 0.032064357381856701 -0.02152643451256183 0.010886987341604884 0.01311887520247901 -0.030645194137165245 -0.008720065823337772 -0.0066992539085748834 0.026309943238472532 0.00024750634919379333 0.019184110753411254
leaf_weight=37 32 40 39 45 42 143 154 47 59 36 180 44 124 33 108 44 118 172 34 27 27 47 37
leaf_count=37 32 40 39 45 42 143 154 47 59 36 180 44 124 33 108 44 118 172 34 27 27 47 37
internal_value=0 -0.00252772 0.00112121 0.00341459 0.00021666 -0.000385849 0.0018508 -0.00357783 -0.00415486 -0.00478964 -0.00234494 0.00490277 0.00458725 0.00331162 -0.00163135 -0.00349499 -0.000457028 -0.00714238 0.00158629 0.00297801 0.00554041 0.00486311 0.00110573
internal_weight=0 669 1000 275 725 642 229 534 494 447 239 83 243 187 413 152 261 208 135 101 198 171 64
internal_count=1669 669 1000 275 725 642 229 534 494 447 239 83 243 187 413 152 261 208 135 101 198 171 64
cat_boundaries=0 2 3 4 6 7 9 11
cat_threshold=1763824994 12580 35329 41510 35392000 664 2 1092699232 8192 71303309 64
is_linear=0
shrinkage=0.0176943


Tree=239
num_leaves=17
num_cat=2
split_feature=2 2 27 39 20 20 20 21 19 39 20 30 17 19 15 19
split_gain=10.1306 6.54419 8.36419 5.67964 4.9542 5.74107 11.7136 7.82747 7.24706 5.13884 5.12742 5.10246 3.88905 3.54799 3.14252 1.92916
threshold=0 1 1.0000000180025095e-35 0.38688170909881597 32.500000000000007 359.50000000000006 395.50000000000006 33.500000000000007 223.00000000000003 0.92031747102737438 104.50000000000001 2.5000000000000004 9.5000000000000018 74.000000000000014 -6.4999999999999991 74.000000000000014
decision_type=9 9 10 8 2 2 2 2 8 10 2 10 8 8 10 8
left_child=3 2 12 -1 9 8 14 -8 11 -3 -10 -6 -2 -5 -7 -14
right_child=1 4 -4 13 5 6 7 -9 10 -11 -12 -13 15 -15 -16 -17
leaf_value=-0.025179967584377135 0.013181583390913451 -0.042520146546783669 -0.019233191491731326 0.032741705803862375 -0.00086224384117682736 -0.040504817927787581 0.022376751841144932 -0.015634119806016516 -0.0072941530901294944 0.010746446675658088 0.044748713742950447 0.011717933291675897 -0.022714390910137314 0.06171651817046727 -0.05882718844035973 -0.00096551072337354416
leaf_weight=28 32 50 32 51 566 33 166 178 26 36 78 242 31 26 29 37
leaf_count=28 32 50 32 51 566 33 166 178 26 36 78 242 31 26 29 37
internal_value=0 -0.000366243 -0.00398722 0.00507714 0 0.000268499 -0.00148175 -0.000205737 0.00104768 -0.00411457 0.00544398 0.000481768 -0.00176928 0.00804205 -0.00856069 -0.00416288
internal_weight=0 1536 132 105 1404 1318 406 344 912 86 104 808 100 77 62 68
internal_count=1641 1536 132 105 1404 1318 406 344 912 86 104 808 100 77 62 68
cat_boundaries=0 1 2
cat_threshold=25088 38144
is_linear=0
shrinkage=0.0176943


Tree=240
num_leaves=19
num_cat=2
split_feature=3 9 34 34 16 40 21 40 23 30 42 32 43 42 32 16 16 43
split_gain=28.677 11.1723 9.27483 6.35719 10.4528 7.12174 6.92114 5.62831 5.48703 5.26777 4.73536 4.36289 3.79563 2.60305 4.1177 4.04618 2.80932 1.92113
threshold=0 1 6.5000000000000009 1.2500000000000002 5.2500000000000009 -13.499999999999998 27.500000000000004 -4.4999999999999991 -2.2499999999999996 6.5000000000000009 5.5000000000000009 0.98709622025489818 1.0000000180025095e-35 1.5000000000000002 0.41469003260135656 2.7500000000000004 3.7500000000000004 4.2500000000000009
decision_type=9 9 10 8 8 10 2 8 10 10 10 10 8 10 10 10 8 8
left_child=11 8 3 4 7 6 -5 -3 -2 -7 -10 13 -6 14 15 -1 -15 -4
right_child=1 2 17 5 12 9 -8 -9 10 -11 -12 -13 -14 16 -16 -17 -18 -19
leaf_value=-0.044035333859800442 0.03629130494384613 -0.015111759824025612 0.031259440657021756 -0.012185445111900527 0.0037839715551738831 -0.033412030173567808 0.0016178996889613961 0.0059805703377267599 0.052393388537405397 0.015657171544002983 -0.0019456420121540979 -0.0012482855968948589 0.057892000387724504 -0.011522387063526334 -0.052248531975207804 -0.028649081940395647 -0.029586857422352061 0.010492432969704396
leaf_weight=41 26 57 26 182 43 95 551 226 36 27 40 36 29 44 29 27 30 26
leaf_count=41 26 57 26 182 43 95 551 226 36 27 40 36 29 44 29 27 30 26
internal_value=0 0.000643891 0.000166924 -0.000146231 0.00184415 -0.000972656 -0.000313808 0.000312605 0.006003 -0.00493087 0.00419031 -0.00627838 0.00786328 -0.00776029 -0.00966724 -0.00728505 -0.00525991 0.00748494
internal_weight=0 1364 1262 1210 355 855 733 283 102 122 76 207 72 171 97 68 74 52
internal_count=1571 1364 1262 1210 355 855 733 283 102 122 76 207 72 171 97 68 74 52
cat_boundaries=0 4 5
cat_threshold=2231907341 2231370244 2048 4 67445760
is_linear=0
shrinkage=0.0176943


Tree=241
num_leaves=28
num_cat=4
split_feature=2 14 25 10 2 10 16 15 33 37 22 22 33 40 16 14 25 30 25 37 15 25 33 25 25 25 25
split_gain=8.32335 5.71694 5.04027 9.58316 6.00131 5.55445 5.46226 5.41189 6.37059 5.11562 4.18268 6.70054 4.02286 3.4228 5.14183 3.09013 3.1904 2.7452 2.47164 2.43004 2.64323 2.40994 2.22403 2.02625 1.13476 0.666438 0.177676
threshold=0 9.2500000000000018 25.500000000000004 1 2 3 9.2500000000000018 -2.2499999999999996 -1.0000000180025095e-35 5.5000000000000009 1.7500000000000002 16.250000000000004 -5.4999999999999991 1.0000000180025095e-35 7.2500000000000009 22.500000000000004 40.500000000000007 7.5000000000000009 16.500000000000004 8.5000000000000018 -3.7499999999999996 34.500000000000007 -1.0000000180025095e-35 60.500000000000007 72.500000000000014 31.500000000000004 30.500000000000004
decision_type=9 8 8 9 9 9 8 10 10 8 10 10 10 8 10 8 10 10 10 8 8 8 8 8 8 10 10
left_child=1 17 3 9 10 23 26 8 -6 -2 22 -12 -9 -3 15 -15 -17 18 -1 -11 -21 -8 -5 25 -23 -4 -7
right_child=2 13 5 4 7 6 21 12 -10 19 11 -13 -14 14 -16 16 -18 -19 -20 20 -22 24 -24 -25 -26 -27 -28
leaf_value=-0.029859682710196171 0.035649157420767026 0.018274097115972904 -0.012210998595524249 -0.0020453302791679563 -0.029845235608885638 -0.020135789609504118 0.032081540148705776 -0.012242805515471912 0.0011600001691703505 -0.015529212349492923 0.0070697904937922825 -0.018422057598435317 0.015035560017734324 -0.015967230327985495 0.046750704207257729 0.03117110765156883 -0.030009124413123017 0.015967336468080625 0.0053363626755737956 0.018055547973895112 -0.00070680189583345989 0.019664683259668157 -0.025400046030834619 -0.038224212042996614 0.021586665258019003 0.026903420660439051 -0.0025185413098044963
leaf_weight=51 46 32 27 38 187 27 40 111 34 27 153 74 27 26 39 140 50 28 49 44 106 53 82 55 77 27 28
leaf_count=51 46 32 27 38 187 27 40 111 34 27 153 74 27 26 39 140 50 28 49 44 106 53 82 55 77 27 28
internal_value=0 0.00195674 -0.00090347 -0.00158085 -0.00257009 0.000953556 0.00248464 -0.00417173 -0.00600463 0.0015947 -0.000842561 0.000545612 -0.00153854 0.00339079 0.00270609 0.00163829 0.00242122 -0.00110581 -0.00247699 0.00029988 0.00117955 0.00416316 -0.00353862 -0.00223021 0.00299423 0 -0.00225166
internal_weight=0 415 1263 929 706 334 225 359 221 223 347 227 138 287 255 216 190 128 100 177 150 170 120 109 130 54 55
internal_count=1678 415 1263 929 706 334 225 359 221 223 347 227 138 287 255 216 190 128 100 177 150 170 120 109 130 54 55
cat_boundaries=0 1 2 3 4
cat_threshold=641416 24769 263171 4675
is_linear=0
shrinkage=0.0176943


Tree=242
num_leaves=22
num_cat=3
split_feature=1 17 29 42 20 10 17 42 39 17 37 46 20 33 29 24 29 15 39 4 15
split_gain=11.8464 11.4476 13.0654 8.46399 7.76157 6.12532 6.62019 5.08099 4.84147 4.76563 4.59654 4.52 4.50189 4.31876 4.21973 15.5082 5.58678 3.08106 2.89789 2.24378 1.76627
threshold=0 15.500000000000002 1.0000000180025095e-35 25.500000000000004 277.50000000000006 1 9.5000000000000018 7.5000000000000009 1.0000000180025095e-35 9.5000000000000018 11.500000000000002 0.6569296419620515 64.500000000000014 -10.499999999999998 7.5000000000000009 1.1650000214576723 3.0700000524520878 -0.74999999999999989 0.85523810982704174 2 -5.7499999999999991
decision_type=9 10 8 8 2 9 10 10 10 8 8 10 2 10 8 10 8 8 8 9 10
left_child=11 2 3 5 7 6 -2 12 20 -10 -7 13 -4 18 16 -16 -6 -13 -1 -20 -5
right_child=1 -3 4 8 14 10 -8 -9 9 -11 -12 17 -14 -15 15 -17 -18 -19 19 -21 -22
leaf_value=0.029660073082175394 -0.024928867885890174 0.096560034064784112 -0.010187396335613922 -0.050028083339914986 -0.017004070910854176 0.0087366188250806529 0.00014472673612619195 -0.016455162692939618 -0.032697548907420597 -0.038359527634546808 -0.0046578625391145581 0.010818561375268246 0.021599494959848909 0.0028712943345663238 -0.0069442674230356452 -0.051288118717509254 0.019319814646169269 -0.02604262114675163 0.012140242495317428 0.043853630664896587 -0.0094194813793628176
leaf_weight=31 85 29 87 30 27 76 43 48 59 28 103 50 231 49 373 39 26 27 40 39 72
leaf_count=31 85 29 87 30 27 76 43 48 59 28 103 50 231 49 373 39 26 27 40 39 72
internal_value=0 -0.000621755 -0.000866705 -0.00313925 0.000489726 -0.00132559 -0.00410278 0.00241719 -0.00608508 -0.0091514 0.000842541 0.00359628 0.00322717 0.00545268 -0.00102739 -0.00163196 0.00367185 0.000229749 0.0073989 0.0055989 -0.00346919
internal_weight=0 1356 1327 496 831 307 128 366 189 87 179 236 318 159 465 412 53 77 110 79 102
internal_count=1592 1356 1327 496 831 307 128 366 189 87 179 236 318 159 465 412 53 77 110 79 102
cat_boundaries=0 1 2 3
cat_threshold=8537264 18648 1
is_linear=0
shrinkage=0.0176943


Tree=243
num_leaves=26
num_cat=4
split_feature=3 13 19 34 13 34 28 19 13 48 30 48 19 21 21 23 34 48 48 21 28 46 22 19 49
split_gain=26.3051 22.703 8.65188 10.8779 9.55379 7.19263 6.10406 7.94274 5.6151 4.93138 11.2274 8.81944 4.2447 3.88284 3.81442 3.6697 5.49297 3.64073 3.38451 3.34155 3.1646 2.92431 2.69414 1.25988 0.915625
threshold=0 1 9.5000000000000018 4.2500000000000009 2 8.5000000000000018 15.500000000000002 152.50000000000003 3 0.42947559058666235 4.5000000000000009 0.58842146396636974 7.5000000000000009 33.500000000000007 37.500000000000007 -1.0000000180025095e-35 3.5000000000000004 0.55345863103866588 1.0227272510528567 29.500000000000004 10.500000000000002 0.23739406466484073 0.75000000000000011 13.500000000000002 3.5000000000000004
decision_type=9 9 10 10 9 8 8 10 9 8 10 8 8 2 2 10 8 8 8 2 8 10 10 8 10
left_child=5 6 3 8 19 12 13 21 20 10 -6 -11 -1 15 -10 16 -2 -14 24 -4 -3 23 -21 -8 -7
right_child=1 2 4 -5 9 18 7 -9 14 11 -12 -13 17 -15 -16 -17 -18 -19 -20 22 -22 -23 -24 -25 -26
leaf_value=0.013796451318315644 -0.029343053000909735 -0.022594430013961223 0.0012405650968727987 -0.021940216676706596 -0.0068716321951246611 0.035515436654189547 0.0011919845574613515 -0.048305245770781283 0.014499365803163293 -0.06109912100311729 0.035612377084193625 -0.010182269077082053 0.01791813491608947 -0.045693920583731576 0.063583712197612205 -0.032691314206714783 0.0088028749657737652 -0.011776485242725726 0.022986395077812045 0.0065742939626046238 0.006579009575703447 0.013364738001577153 0.024275072600603853 -0.014675875845468837 0.031628389620050323
leaf_weight=50 39 27 43 41 83 37 28 49 305 31 35 355 26 35 29 45 30 41 27 29 79 31 30 101 26
leaf_count=50 39 27 43 41 83 37 28 49 305 31 35 355 26 35 29 45 30 41 27 29 79 31 30 101 26
internal_value=0 -0.000814781 0.000467756 0.00224393 -0.000934336 0.00578916 -0.00461579 -0.00279372 0.00305622 -0.00192775 0.00119952 -0.0029337 0.00317568 -0.00748108 0.00411485 -0.00589769 -0.00333332 0.000264036 0.00982932 0.00379136 -0.000610092 -0.00088466 0.00689687 -0.00205734 0.0120756
internal_weight=0 1445 1087 481 606 207 358 209 440 504 118 386 117 149 334 114 69 67 90 102 106 160 59 129 63
internal_count=1652 1445 1087 481 606 207 358 209 440 504 118 386 117 149 334 114 69 67 90 102 106 160 59 129 63
cat_boundaries=0 3 5 7 8
cat_threshold=35527184 272666658 1048580 279355396 828 1661992960 4160 16962
is_linear=0
shrinkage=0.0176943


Tree=244
num_leaves=26
num_cat=4
split_feature=1 2 30 1 49 28 35 49 28 21 23 41 28 37 21 46 41 35 46 32 21 2 35 21 23
split_gain=20.4998 10.8949 8.10425 6.35161 9.36945 6.44088 11.6633 5.5593 10.2996 5.49955 5.40789 5.2117 4.24195 4.01141 3.84927 3.90049 3.70419 3.47517 3.32612 3.29879 2.66002 2.59493 1.79775 1.49924 1.35888
threshold=0 1 12.500000000000002 2 1.0000000180025095e-35 5.5000000000000009 14.500000000000002 14.500000000000002 2.5000000000000004 35.500000000000007 -1.0000000180025095e-35 5.5000000000000009 4.5000000000000009 4.5000000000000009 25.500000000000004 0.084523811936378493 9.5000000000000018 4.5000000000000009 0.88944444060325634 0.019334952346980575 24.500000000000004 3 8.5000000000000018 29.500000000000004 -1.0000000180025095e-35
decision_type=9 9 8 9 10 8 8 10 10 2 10 8 10 10 2 10 8 8 8 10 2 9 10 2 10
left_child=2 3 12 18 9 6 -6 14 -9 16 -11 24 -1 -7 15 20 -5 -16 -2 -13 -3 -19 -14 -20 -4
right_child=1 7 11 4 5 13 -8 8 -10 10 -12 19 22 -15 17 -17 -18 21 23 -21 -22 -23 -24 -25 -26
leaf_value=0.014979304284337412 -0.016014708426620065 0.030085032729045575 0.052354790225290694 0.010206659770413217 -0.019242516680711232 -0.033172490602308244 0.025792583100836982 0.019635931784647773 -0.054591033823583615 0.057528924015593626 0.00029118489697807374 0.038209929467398596 -0.021226343682899471 -0.0047278802382538414 0.040381057274710974 -0.045771885607034789 -0.016326667869419362 0.0019151912373898293 0.0025421500018018676 0.0072334449089197514 -0.0023662689349180257 0.031091843574289194 0.0032928472327111414 0.018532336321276818 0.030634412851553564
leaf_weight=31 27 34 26 31 50 242 29 31 26 28 49 51 28 89 30 27 174 188 34 36 27 232 30 48 30
leaf_count=31 27 34 26 31 50 242 29 31 26 28 49 51 28 89 30 27 174 188 34 36 27 232 30 48 30
internal_value=0 -0.000604067 0.00497178 -0.00194177 -0.00257093 -0.00431559 0.000223933 0.0011991 -0.00403498 -0.000125481 0.00390613 0.00779496 0.000993956 -0.00539903 0.00177598 -0.00160841 -0.00163989 0.00243783 0.00193285 0.0050841 0.000870073 0.00202216 -0.00183018 0.00388373 0.0120052
internal_weight=0 1396 232 801 692 410 79 595 57 282 77 143 89 331 538 88 205 450 109 87 61 420 58 82 56
internal_count=1628 1396 232 801 692 410 79 595 57 282 77 143 89 331 538 88 205 450 109 87 61 420 58 82 56
cat_boundaries=0 1 2 3 4
cat_threshold=688260120 329461 28768 12290
is_linear=0
shrinkage=0.0176943


Tree=245
num_leaves=28
num_cat=7
split_feature=3 7 25 41 15 2 8 25 7 23 8 29 25 28 25 23 22 32 25 32 48 5 15 28 25 25 25
split_gain=23.1587 15.7576 14.5121 8.27446 6.96106 5.14224 8.01556 8.74553 6.82275 5.278 5.04596 4.5215 4.41054 4.17477 4.11404 3.36654 3.36215 2.79815 2.56073 2.37896 2.27103 1.95591 2.51268 4.89341 1.25442 0.68883 0.483899
threshold=0 1 26.500000000000004 1.2500000000000002 -16.499999999999996 2 3 29.500000000000004 4 -2.7499999999999996 5 3.0700000524520878 45.500000000000007 16.500000000000004 10.500000000000002 -0.93000000715255726 4.0699999332427987 0.9813067913055421 15.500000000000002 0.38819444179534918 0.42776885628700262 6 -7.7499999999999991 8.5000000000000018 21.500000000000004 12.500000000000002 87.500000000000014
decision_type=9 9 8 10 8 9 9 8 9 8 9 10 8 8 8 8 10 8 10 8 10 9 10 10 8 10 8
left_child=4 2 3 16 -1 6 7 18 15 -8 20 -12 -4 21 -11 -7 19 -17 -3 -2 -10 -6 -23 -24 25 -15 -14
right_child=1 5 12 -5 13 8 9 -9 10 14 11 -13 26 24 -16 17 -18 -19 -20 -21 -22 22 23 -25 -26 -27 -28
leaf_value=0.0029954021333781188 -0.0059889208459166206 -0.0034873996711674935 0.020062267893479344 0.0030482615366415095 -0.034651406705393725 0.0043318557388430786 0.048654346180456325 0.045246372317891109 -0.013410965977368704 -0.0053641646457446256 0.0052962540929641037 -0.025524271598628589 0.019193627053369848 -0.060487805602190942 0.026811086819815158 0.011509894166931737 -0.045192823140037849 0.048267063156339968 -0.022404183708510158 -0.027311014565843662 -0.033657609897600339 0.0035322710972161306 -0.0020832010844541882 -0.034286636621299063 -0.023813143444390106 -0.033705397529561719 -0.0091275134811080044
leaf_weight=30 32 36 34 28 40 37 39 33 75 40 417 35 28 26 280 35 44 35 32 73 35 26 28 29 26 26 40
leaf_count=30 32 36 34 28 40 37 39 33 75 40 417 35 28 26 280 35 44 35 32 73 35 26 28 29 26 26 40
internal_value=0 0.000573998 -0.00312243 -0.00629768 -0.0053595 0.00150687 0.00293644 -0.00143456 0.000495118 0.00417173 -0.000309333 0.000536177 0.00208151 -0.00677814 0.00353876 0.00438546 -0.00795607 0.00707693 -0.0052036 -0.00623466 -0.00353862 -0.00474694 -0.00319745 -0.00527652 -0.00998041 -0.0115676 -0.000520335
internal_weight=0 1408 279 177 231 1129 460 101 669 359 562 452 102 201 320 107 149 70 68 105 110 123 83 57 78 52 68
internal_count=1639 1408 279 177 231 1129 460 101 669 359 562 452 102 201 320 107 149 70 68 105 110 123 83 57 78 52 68
cat_boundaries=0 3 5 6 7 8 9 10
cat_threshold=2348947230 49412 4718592 2257848338 16 66726 8385 2159616 20524 2
is_linear=0
shrinkage=0.0176943


Tree=246
num_leaves=28
num_cat=3
split_feature=13 8 13 40 32 21 32 24 27 27 19 17 20 21 19 32 46 33 14 46 47 32 22 20 32 21 19
split_gain=19.3148 9.68264 6.66358 7.74032 6.8126 6.71827 5.59969 5.5099 6.70567 6.52116 4.54673 5.97355 4.51967 4.35962 4.27406 4.13572 5.41124 3.96847 4.78306 3.92494 3.84885 5.45335 3.75836 2.27936 2.25115 1.35049 1.00089
threshold=0 1 2 -4.4999999999999991 0.17416666448116305 37.500000000000007 0.97385507822036754 2.1649999618530278 1.0000000180025095e-35 2.5000000000000004 4.5000000000000009 13.500000000000002 76.500000000000014 30.500000000000004 151.50000000000003 0.089776121079921736 0.96638417243957531 -6.4999999999999991 4.5000000000000009 0.28918129205703741 -4.4999999999999991 0.26488797366619116 5.5000000000000009 618.50000000000011 1.0000000180025095e-35 30.500000000000004 223.00000000000003
decision_type=9 9 9 10 8 2 8 8 8 8 10 8 2 2 10 8 10 10 10 10 10 10 8 2 10 2 10
left_child=1 6 3 14 24 10 19 8 17 -10 22 -12 -5 -11 15 -2 -17 18 -3 -1 21 25 -6 26 -4 -9 -16
right_child=2 7 4 12 5 -7 -8 20 9 13 11 -13 -14 -15 23 16 -18 -19 -20 -21 -22 -23 -24 -25 -26 -27 -28
leaf_value=0.036480464667746695 -0.019614057506584719 0.028807745932544954 -0.0033145398019706679 -0.024899381999577773 0.0069999254848601084 0.020101214446345373 0.0020706357640103883 0.0091945661701101789 -0.033888615652164729 0.021065483831970534 -0.025821763822845518 -0.047516619193008612 -0.0057345615428005857 -0.014288710463195161 -0.022855158862340807 0.014129486411592609 -0.010735954527910419 0.010285055133339526 -0.015133338520361375 0.021467665701600209 0.021742634191387646 -0.02288004343402127 -0.035188747513603701 -0.041853160613780804 0.023377315352213029 0.035014310256563194 0.062691938494839783
leaf_weight=27 42 85 28 29 26 49 47 37 37 72 231 67 34 114 32 298 27 30 43 48 30 29 57 33 27 37 28
leaf_count=27 42 85 28 29 26 49 47 37 37 72 231 67 34 114 32 298 27 30 43 48 30 29 57 33 27 37 28
internal_value=0 0.00186253 -0.00205099 -0.00063074 -0.00353879 -0.00436176 0.00616582 0.000742874 -0.00032508 -0.00230096 -0.00515491 -0.00617502 -0.00645902 -0.000951256 0.000153857 0.00101245 0.00168772 0.00246363 0.00110581 0.00967188 0.00385792 0.00223308 -0.00149213 -0.00323416 0.00225166 0.00478173 -0.00117944
internal_weight=0 636 1008 523 485 430 122 514 381 223 381 298 63 186 460 367 325 158 128 75 133 103 83 93 55 74 60
internal_count=1644 636 1008 523 485 430 122 514 381 223 381 298 63 186 460 367 325 158 128 75 133 103 83 93 55 74 60
cat_boundaries=0 2 3 5
cat_threshold=3227588889 3387 16832 50341574 68
is_linear=0
shrinkage=0.0176943


Tree=247
num_leaves=29
num_cat=3
split_feature=7 8 48 20 28 48 48 42 41 5 21 30 14 42 21 21 20 20 42 20 42 28 20 17 49 42 20 14
split_gain=19.2256 8.42177 5.67366 5.32775 10.7254 5.77217 5.8916 7.12292 4.93872 4.43682 7.11785 9.90493 8.32003 5.31109 5.01801 4.4633 4.28903 5.53147 5.73301 4.0649 3.69856 3.08142 2.87195 3.86207 2.53074 4.65073 2.41181 2.37992
threshold=0 1 0.37573529779911047 122.50000000000001 4.5000000000000009 0.65868008136749279 0.4629120826721192 23.500000000000004 4.2500000000000009 2 29.500000000000004 3.5000000000000004 24.500000000000004 10.500000000000002 32.500000000000007 25.500000000000004 543.50000000000011 202.50000000000003 23.500000000000004 275.50000000000006 6.5000000000000009 6.5000000000000009 403.50000000000006 16.500000000000004 12.500000000000002 12.500000000000002 621.50000000000011 48.500000000000007
decision_type=9 9 8 2 10 10 8 8 8 9 2 10 10 10 2 2 2 2 8 2 8 10 2 8 10 10 2 10
left_child=3 2 -2 5 16 6 -1 -8 -4 14 11 19 13 -12 21 -13 17 -5 -19 -11 -6 -3 23 -10 25 -22 -18 -14
right_child=1 9 8 4 20 -7 7 -9 22 10 12 15 27 -15 -16 -17 26 18 -20 -21 24 -23 -24 -25 -26 -27 -28 -29
leaf_value=0.011745021493461114 -0.011816255420551232 0.016819122609065481 0.037776637436867863 -0.016084621910131984 -0.0021490202234628881 0.018783854091203606 -0.021985004894603078 0.0043347720049492474 0.0086799280553782922 -0.0011938188142831918 0.015565458894590075 -0.0060035661434252596 0.04139373521182476 -0.010084946348275271 -0.049330028364766139 0.021614846899589969 -0.059617859197430331 0.036098625543929466 0.00017189311422010511 -0.019604799461030175 -0.042581307428497181 -0.01617814864294622 -0.002753520099537045 0.094453738290163874 -0.027219124491060717 -0.013092451408712489 -0.0035916891238397782 0.0075955368882433382
leaf_weight=49 35 27 41 39 31 48 39 28 50 176 369 32 31 61 34 60 28 27 71 83 60 28 32 42 28 43 26 34
leaf_count=49 35 27 41 39 31 48 39 28 50 176 369 32 31 61 34 60 28 27 71 83 60 28 32 42 28 43 26 34
internal_value=0 0.00149898 0.00471829 -0.00258527 -0.00385957 0 -0.00213536 -0.00554532 0.00632674 0.000767679 0.00117124 -0.000756143 0.00253792 0.00164594 -0.00298191 0.00423088 -0.00101899 0.000645727 0.00288862 -0.00252767 -0.00720843 0.000321637 0.00456597 0.00615401 -0.00850896 -0.00979125 -0.00524199 0.00843781
internal_weight=0 1135 200 517 353 164 116 67 165 935 846 351 495 430 89 92 191 137 98 259 162 55 124 92 131 103 54 65
internal_count=1652 1135 200 517 353 164 116 67 165 935 846 351 495 430 89 92 191 137 98 259 162 55 124 92 131 103 54 65
cat_boundaries=0 2 3 4
cat_threshold=148793680 2 17028 2
is_linear=0
shrinkage=0.0176943


Tree=248
num_leaves=26
num_cat=6
split_feature=13 1 7 7 30 28 40 30 30 17 18 39 37 13 17 15 39 13 28 17 19 17 19 23 19
split_gain=19.705 9.81694 7.14139 6.70698 6.13734 5.93445 6.07835 5.71174 10.2038 5.35549 5.2952 5.12369 5.27711 3.8895 3.80124 8.17967 3.5421 2.99069 5.67113 3.85489 3.59192 2.88524 2.12646 1.19139 0.973313
threshold=0 1 2 3 8.5000000000000018 3.5000000000000004 -8.4999999999999982 10.500000000000002 7.5000000000000009 6.5000000000000009 1.0000000180025095e-35 0.81678402423858654 5.5000000000000009 4 9.5000000000000018 -3.7499999999999996 0.38972043991088873 5 15.500000000000002 8.5000000000000018 89.500000000000014 14.500000000000002 70.500000000000014 -1.4150000214576719 157.00000000000003
decision_type=9 9 9 9 8 8 10 10 10 8 10 10 8 9 8 8 10 9 8 10 8 8 10 10 8
left_child=2 11 4 5 -1 -3 13 8 9 -5 17 -2 -13 -7 15 -6 23 19 -19 20 -4 -16 -20 -12 -23
right_child=1 3 10 7 14 6 -8 -9 -10 -11 16 12 -14 -15 21 -17 -18 18 22 -21 -22 24 -24 -25 -26
leaf_value=-0.030917591297864699 -0.036864966858616253 -0.03893262984373505 -0.032847471628805747 0.022737412677148499 -0.0063567263346136476 -0.014261790160357918 0.016032058505221103 0.035199513417955915 -0.023142628005267816 0.0092986729537527929 -0.021357671005931 -0.016471260999245497 0.0089833011934923827 0.0058642650324039376 -0.019863649368253324 0.031407328002850336 0.016706666301725431 -0.014718969443263962 -0.050198797626475902 0.014684254397842404 -0.027677064192748124 0.02525685854284733 -0.03676568995599231 5.0659260319641647e-05 -0.0001318755633725984
leaf_weight=43 46 31 72 129 27 111 50 27 28 286 31 41 26 188 36 45 30 42 71 38 98 28 54 26 47
leaf_count=43 46 31 72 129 27 111 50 27 28 286 31 41 26 188 36 45 30 42 71 38 98 28 54 26 47
internal_value=0 0.00110929 -0.00278846 0.00176941 -0.000149939 0 0.000659079 0.00317017 0.00275594 0.00345351 -0.00404862 -0.00359616 -0.000792165 -0.000295877 0.00125691 0.00442309 -0.000203343 -0.00504866 -0.00689746 -0.00308421 -0.00437132 -0.000796969 -0.00920045 -0.00279344 0.00117948
internal_weight=0 963 688 850 226 380 349 470 443 415 462 113 67 299 183 72 87 375 167 208 170 111 125 57 75
internal_count=1651 963 688 850 226 380 349 470 443 415 462 113 67 299 183 72 87 375 167 208 170 111 125 57 75
cat_boundaries=0 2 3 4 6 8 10
cat_threshold=2213815685 16399 2070 1175018520 558378195 64 67194888 2048 5244037 1
is_linear=0
shrinkage=0.0176943


Tree=249
num_leaves=26
num_cat=5
split_feature=3 13 2 20 46 46 30 25 13 20 24 46 24 13 25 25 36 25 15 25 25 26 25 25 15
split_gain=25.4241 24.0896 16.7094 10.7177 8.81967 8.67274 7.84711 8.39076 6.75825 11.4407 6.43214 4.59463 4.58922 4.10262 5.52783 4.69046 4.21687 4.10257 8.63129 3.72577 3.35755 3.12546 1.91309 1.03588 0.691157
threshold=0 1 2 593.50000000000011 0.64346247911453258 0.28918129205703741 8.5000000000000018 27.500000000000004 3 42.500000000000007 0.34500001370906835 0.047845978289842613 1.1650000214576723 4 13.500000000000002 23.500000000000004 1.0000000180025095e-35 12.500000000000002 -1.2499999999999998 8.5000000000000018 13.500000000000002 1.0000000180025095e-35 14.500000000000002 19.500000000000004 -1.0000000180025095e-35
decision_type=9 9 9 2 10 8 10 10 9 2 10 10 10 9 8 10 8 10 10 8 8 10 10 10 10
left_child=4 5 3 6 11 -2 7 -3 17 -10 -11 12 22 20 16 -16 -15 19 -19 -4 -7 -6 -1 -22 -24
right_child=1 2 8 -5 21 13 -8 -9 9 10 -12 -13 -14 14 15 -17 -18 18 -20 -21 23 -23 24 -25 -26
leaf_value=-3.0040253885128785e-05 0.038594903616593859 -0.026822960081249524 -0.0064289173104256463 0.047938954923784097 0.0072706844922300314 0.015680813115101798 0.022371273061830916 0.0022657589689021418 -0.038828592172834173 0.011496696173101626 0.020830342503649766 -0.047631583018488931 -0.043936424194548032 0.023685406929198648 -0.0035513656992865105 0.047691129104791771 0.022199366304605866 -0.020391144046098899 0.0078158630448315891 0.025973345812023121 0.050922581705179375 -0.03330205302289431 -0.012388286878360015 0.034609860707377108 -0.029695144821812538
leaf_weight=31 46 191 59 27 43 47 29 66 27 334 134 29 27 33 114 63 73 64 46 43 34 32 26 29 26
leaf_count=31 46 191 59 27 43 47 29 66 27 334 134 29 27 33 114 63 73 64 46 43 34 32 26 29 26
internal_value=0 0.00150563 0 -0.00334156 -0.00489735 0.00492593 -0.00445438 -0.00543893 0.00150535 0.00262782 0.00332707 -0.00776468 -0.00611213 0.00418711 0.00271747 0.00089966 0.00600893 -0.00111581 -0.0035386 0.00138767 0.00707725 -0.000235875 -0.00405011 0.0103906 -0.00612403
internal_weight=0 1459 1020 313 214 439 286 257 707 495 468 139 110 393 283 177 106 212 110 102 110 75 83 63 52
internal_count=1673 1459 1020 313 214 439 286 257 707 495 468 139 110 393 283 177 106 212 110 102 110 75 83 63 52
cat_boundaries=0 4 6 7 9 11
cat_threshold=201588900 2174883984 16 8 2168472516 1145 193624 842728449 256 4210688 49
is_linear=0
shrinkage=0.0176943


Tree=250
num_leaves=32
num_cat=5
split_feature=13 2 19 19 49 39 49 46 37 13 19 17 9 46 17 46 19 13 39 19 48 17 44 25 23 49 49 19 17 17 19
split_gain=22.2919 9.48545 7.44042 10.7861 6.84896 11.6966 7.35702 7.22467 6.16402 6.15708 10.1638 6.29462 5.08967 7.74254 6.36534 5.0521 4.22906 4.18534 4.72423 4.56231 3.50598 3.47846 3.85266 3.2333 2.8063 2.77261 2.34807 1.99868 1.96943 1.80262 1.78217
threshold=0 1 127.50000000000001 8.5000000000000018 8.5000000000000018 0.99082490801811229 10.500000000000002 0.97419247031211864 11.500000000000002 2 151.50000000000003 6.5000000000000009 3 0.98104223608970653 13.500000000000002 0.98058068752288829 7.5000000000000009 4 0.30901856720447546 257.50000000000006 0.37232102453708654 8.5000000000000018 9.5000000000000018 5.5000000000000009 -0.93000000715255726 8.5000000000000018 5.5000000000000009 209.50000000000003 6.5000000000000009 4.5000000000000009 615.50000000000011
decision_type=9 9 8 10 8 8 8 8 8 9 10 10 9 10 8 8 8 9 8 10 10 10 8 10 8 8 10 8 10 10 8
left_child=4 2 3 -2 5 8 -6 -7 -1 10 11 16 15 14 -14 25 -3 28 -19 -20 -9 22 -10 -22 -5 -11 -13 -4 30 -26 -8
right_child=1 9 27 24 6 7 17 20 21 12 -12 26 13 -15 -16 -17 -18 18 19 -21 23 -23 -24 -25 29 -27 -28 -29 -30 -31 -32
leaf_value=-0.030663113136063409 0.030652283880858031 -0.018524642530018294 0.067208848886813929 -0.0050818945299048587 0.010454529568610829 0.032173504311948584 0.030774803483252625 0.0080034594606393245 -0.021845868141150974 0.021061397747605522 -0.031752519159915622 0.031328483901296889 -0.0019000537846342296 0.032989828882602441 0.02326564943093477 -0.036416758272097213 0.014849903725868911 0.025137575730771671 -0.043251694008687454 0.023351004718792524 -0.0044638673249719624 -0.01876446847734858 -0.0027626811209347864 -0.032428299744819609 -0.050918602597747699 -0.011955741384677102 0.03213052565869251 0.0014198006197770081 -0.0079850711144522652 -0.030221292172695639 -0.0231341867059317
leaf_weight=45 45 32 35 36 28 29 55 33 28 32 43 35 226 27 126 46 157 29 139 27 46 31 43 31 31 27 61 48 29 26 30
leaf_count=45 45 32 35 36 28 29 55 33 28 32 43 35 226 27 126 46 157 29 139 27 46 31 43 31 31 27 61 48 29 26 30
internal_value=0 0.00144199 -0.0017617 -0.00435921 -0.00276731 -0.00482557 -0.00110258 -0.0011456 -0.00830504 0.00232477 0.00418789 0.00552542 0.00100289 0.00195588 0.00130693 -0.00230778 0.00365104 -0.00188963 -0.00336609 -0.00468982 -0.0032169 -0.00589764 -0.00373781 -0.00528477 -0.00780005 0.000899564 0.00921503 0.00234479 0.000856108 -0.0102427 0.00228962
internal_weight=0 1033 221 138 623 286 337 139 147 812 328 285 484 379 352 105 189 309 195 166 110 102 71 77 93 59 96 83 114 57 85
internal_count=1656 1033 221 138 623 286 337 139 147 812 328 285 484 379 352 105 189 309 195 166 110 102 71 77 93 59 96 83 114 57 85
cat_boundaries=0 2 3 5 6 8
cat_threshold=135947019 13570 786712 327254148 105 19411008 134373888 258
is_linear=0
shrinkage=0.0176943


Tree=251
num_leaves=24
num_cat=6
split_feature=3 3 7 8 2 8 25 25 37 22 25 22 16 16 21 15 48 21 37 21 19 22 19
split_gain=23.2666 14.7802 13.5953 10.7676 9.18382 8.35082 7.78184 6.06222 6.02008 5.0057 4.68213 4.42451 4.3107 3.84167 3.78337 3.9207 4.0774 5.00649 3.45405 3.09316 2.66539 2.53594 2.1666
threshold=0 1 2 3 4 5 41.500000000000007 10.500000000000002 2.5000000000000004 3.1649999618530278 26.500000000000004 45.500000000000007 5.2500000000000009 2.7500000000000004 25.500000000000004 -10.749999999999998 0.85960590839385997 29.500000000000004 7.5000000000000009 29.500000000000004 15.500000000000002 2.5000000000000004 13.500000000000002
decision_type=9 9 9 9 9 9 8 8 10 10 8 8 10 10 2 8 8 2 10 2 10 8 10
left_child=14 9 3 8 12 7 18 -6 10 -2 -3 -7 13 -4 -1 -16 17 -17 -5 -11 -19 -18 -10
right_child=1 2 4 6 5 11 -8 -9 22 19 -12 -13 -14 -15 15 16 21 20 -20 -21 -22 -23 -24
leaf_value=-0.054438742353778394 0.0075031712364928612 -0.0088296147884129959 -0.024295330865626352 0.022396510696762458 -0.030833906759596692 0.0087808599403582949 -0.062361534284567081 -0.011387881905759588 0.014753352333518719 0.057187932477069971 0.0038894003926784318 -0.018079712647731935 0.0037669779139357031 -0.031522593635980818 -0.048256037660593575 0.024680137933407717 -0.0087918429433505342 -0.036063549680423822 0.018733264326163689 0.065322726508757908 -0.00045558282500391756 -0.078636877469517641 0.0047014269197278771
leaf_weight=33 48 121 191 194 31 268 30 96 27 28 93 76 33 28 30 36 39 27 31 32 27 27 26
leaf_count=33 48 121 191 194 31 268 30 96 27 28 93 76 33 28 30 36 39 27 31 32 27 27 26
internal_value=0 0.000610142 4.22953e-05 0.00219512 -0.00152077 -3.67819e-05 0.00474059 -0.00374528 -0.000319376 0.00659743 -0.0016536 0.00139951 -0.00418706 -0.00525153 -0.00548581 -0.00475632 -0.00362941 -0.0011795 0.00605516 0.0106152 -0.00458674 -0.00696966 0.00500708
internal_weight=0 1353 1245 522 723 471 255 127 267 108 214 344 252 219 219 186 156 90 225 60 54 66 53
internal_count=1572 1353 1245 522 723 471 255 127 267 108 214 344 252 219 219 186 156 90 225 60 54 66 53
cat_boundaries=0 3 6 8 9 10 11
cat_threshold=1342342221 2360340 2049 33581616 8192 8 537911655 8 17195 4550 34842
is_linear=0
shrinkage=0.0176943


Tree=252
num_leaves=16
num_cat=1
split_feature=37 39 47 39 1 39 35 17 30 32 15 37 27 47 27
split_gain=10.7299 9.04437 7.80522 6.1028 7.27971 6.00099 5.83682 8.93634 5.74131 4.9029 3.66727 3.60829 4.11795 1.94556 2.08066
threshold=12.500000000000002 0.98648402094841015 -9.4999999999999982 0.97277778387069713 0 0.92899158596992504 11.500000000000002 7.5000000000000009 5.5000000000000009 0.98742088675498974 -19.499999999999996 4.5000000000000009 3.5000000000000004 1.0000000180025095e-35 2.5000000000000004
decision_type=10 10 10 10 9 10 10 10 10 10 10 8 8 10 8
left_child=1 3 11 4 6 9 10 -8 -5 -6 -1 12 -3 14 -4
right_child=-2 2 13 8 5 -7 7 -9 -10 -11 -12 -13 -14 -15 -16
leaf_value=0.0071574705128085647 0.018597887213291385 0.0059529610206771793 -0.005831389374375346 0.018867504737883976 0.0055785962979282323 -0.028256011000115135 0.03036850981929054 -0.012075664588767498 -0.0043056900743693571 -0.016492208925051793 -0.026129540105963779 -0.035597704499046735 -0.025079481001473173 -0.016059395118589878 0.011586410000551932
leaf_weight=29 40 28 38 50 974 38 41 33 32 78 128 37 30 27 34
leaf_count=29 40 28 38 50 974 38 41 33 32 78 128 37 30 27 34
internal_value=0 -0.000432104 -0.00401297 6.3057e-05 -0.000227705 0.000386052 -0.00301013 0.000956326 0.00474679 0.00063914 -0.00507135 -0.00763586 -0.00488052 -0.000536131 0.000982888
internal_weight=0 1597 194 1403 1321 1090 231 74 82 1052 157 95 58 99 72
internal_count=1637 1597 194 1403 1321 1090 231 74 82 1052 157 95 58 99 72
cat_boundaries=0 2
cat_threshold=4654 1
is_linear=0
shrinkage=0.0176943


Tree=253
num_leaves=37
num_cat=5
split_feature=1 2 7 2 7 39 46 39 47 21 21 23 23 32 17 32 39 46 19 19 17 19 21 32 42 17 39 19 32 39 32 17 17 19 17 17
split_gain=25.6041 13.5141 13.3078 8.94448 8.07764 11.0034 6.9701 7.7174 6.92352 6.8463 5.71224 9.03749 5.53472 5.33408 5.31538 5.0862 4.95529 5.94593 4.79864 12.0374 4.28038 5.56674 4.2052 3.59907 4.97317 4.15051 3.34335 4.04791 2.89531 2.87445 2.1811 3.41725 1.82568 1.6906 1.57286 0.781773
threshold=0 1 2 3 4 0.74533244967460643 0.56710976362228405 0.96238207817077648 -6.4999999999999991 36.500000000000007 34.500000000000007 -0.43000000715255732 -1.4150000214576719 0.11189358308911325 5.5000000000000009 0.05505050532519818 0.2397183105349541 0.46336553990840917 15.500000000000002 103.00000000000001 3.5000000000000004 92.500000000000014 28.500000000000004 0.45368783175945288 22.500000000000004 8.5000000000000018 0.054835680872201926 250.50000000000003 0.92414653301239025 0.092820513993501677 0.97752526402473461 7.5000000000000009 1.5000000000000002 152.50000000000003 9.5000000000000018 4.5000000000000009
decision_type=9 9 9 9 9 10 8 10 10 2 2 8 10 10 10 10 10 8 10 10 10 8 2 10 8 8 10 8 10 10 8 10 10 10 8 10
left_child=1 6 10 4 5 14 -1 9 30 22 13 -12 29 26 -4 -14 34 -18 23 32 21 -13 -8 24 -5 -25 27 -2 -9 -6 31 -3 -20 -21 -15 -32
right_child=2 8 3 18 12 -7 7 28 -10 -11 11 20 15 16 -16 -17 17 -19 19 33 -22 -23 -24 25 -26 -27 -28 -29 -30 -31 35 -33 -34 -35 -36 -37
leaf_value=-0.034002081956849353 0.046101709635117713 -0.0098230199646526465 -0.0038158053394594998 -0.04974867080890643 -0.016430069309086449 -0.040255494642104393 0.0070173644386699397 0.035570966221894505 -0.011129318611133558 0.031652158009875753 -0.0023525084372970494 -0.00087226158659392864 0.043644269677447452 0.015446831108838955 0.027844249674214682 0.003903607656446565 -0.038410540451410111 0.013834764745905939 -0.040250813088218443 0.015734644528641695 0.024536309189030523 0.084472610945808713 -0.042225133366290551 0.017013696709191527 -0.0040260973144723242 -0.01431282498003103 -0.021799135701284871 -0.02290931736132638 0.003705853871968901 0.017202105925248359 -0.049352585243877672 -0.041395834902627639 -0.042572297243841824 -0.0071930234167131577 0.041455201694914137 -0.025851522287810534
leaf_weight=46 79 32 68 27 69 28 31 26 36 26 37 26 116 29 26 99 26 89 34 26 26 51 65 63 74 41 43 68 38 26 29 29 58 44 28 33
leaf_count=46 79 32 68 27 69 28 31 26 36 26 37 26 116 29 26 99 26 89 34 26 26 51 65 63 74 41 43 68 38 26 29 29 58 44 28 33
internal_value=0 -0.00436832 0.000742316 -0.000678016 0.00104082 -0.00268078 -0.00146228 0 -0.00827091 -0.00261045 0.00297204 0.00606627 0.00254348 0.00185736 0 0.00419709 0.00411476 0.00200008 -0.0026752 -0.00502405 0.00876059 0.00666341 -0.00479181 -0.000949404 -0.00332836 0.00136098 -0.000186238 0.00108325 0.00497591 -0.000931185 -0.0107885 -0.00841098 -0.00923103 0.00050547 0.00838037 -0.0131264
internal_weight=0 391 1301 799 432 122 232 186 159 122 502 140 310 362 94 215 172 115 367 162 103 77 96 205 101 104 190 147 64 95 123 61 92 70 57 62
internal_count=1692 391 1301 799 432 122 232 186 159 122 502 140 310 362 94 215 172 115 367 162 103 77 96 205 101 104 190 147 64 95 123 61 92 70 57 62
cat_boundaries=0 2 3 5 6 8
cat_threshold=6412626 1 262741 17374523 8 591075 33579712 64
is_linear=0
shrinkage=0.0176943


Tree=254
num_leaves=26
num_cat=3
split_feature=7 7 34 10 21 27 33 16 22 27 22 25 24 33 25 33 40 16 27 16 21 33 35 25 40
split_gain=20.905 7.56453 7.87306 6.05971 5.81904 6.63811 6.0218 6.08911 5.81798 6.62018 6.07014 4.77319 4.69778 5.07806 4.67754 3.90378 3.81461 3.79177 4.39674 3.29116 2.83056 2.73176 2.71757 1.4221 1.39105
threshold=0 1 3.5000000000000004 2 29.500000000000004 1.5000000000000002 -3.4999999999999996 127.50000000000001 3.1649999618530278 1.5000000000000002 6.7500000000000009 22.500000000000004 10.335000038146974 -1.0000000180025095e-35 7.5000000000000009 -1.0000000180025095e-35 -4.4999999999999991 11.250000000000002 4.5000000000000009 19.500000000000004 31.500000000000004 -5.4999999999999991 14.500000000000002 16.500000000000004 -5.4999999999999991
decision_type=9 9 10 9 2 10 8 8 8 8 10 10 10 10 10 8 10 10 10 10 2 8 10 10 10
left_child=3 2 8 15 5 11 -6 24 21 -10 -11 14 13 17 -5 -1 -15 18 -3 -19 -17 -2 -23 -9 -8
right_child=1 12 -4 4 6 -7 7 23 9 10 -12 -13 -14 16 -16 20 -18 19 -20 -21 -22 22 -24 -25 -26
leaf_value=-0.024147803360911223 -0.022363449927173141 0.0040323782442873816 0.040482947206439954 0.020397131998859154 0.011294377031292017 0.0459663846521449 -0.041778851428168735 0.013569117088087914 0.022109540701649218 0.071179616136044108 -0.0036833497212671006 0.039049389437173621 -0.02349144288164318 0.012755260110593112 -0.015771554388556461 -0.025825285231732401 0.014986193118124136 -0.051582403482789058 0.019302954520523233 0.0070696026986708715 -0.0025719405134792222 0.009586828781017586 0.022448289067516398 -0.026061291557606853 -0.015480690295360876
leaf_weight=34 30 681 37 28 29 34 56 37 28 46 42 31 39 37 45 47 27 26 37 27 35 124 30 51 27
leaf_count=34 30 681 37 28 29 34 56 37 28 46 42 31 39 37 45 47 27 26 37 27 35 124 30 51 27
internal_value=0 0.00189839 0.00413027 -0.00251681 -0.00122026 0.00153854 -0.00318484 -0.00444923 0.00330284 0.00640612 0.00402106 -0.000680482 0.0010008 0.00129262 -0.00315069 -0.00589773 0.00608167 0.000895029 0.00123218 -0.00367185 -0.00431526 0.00134624 0.00229783 -0.0012063 -0.00788708
internal_weight=0 1211 337 454 338 138 200 171 300 116 88 104 874 835 73 116 64 771 718 53 82 184 154 88 83
internal_count=1665 1211 337 454 338 138 200 171 300 116 88 104 874 835 73 116 64 771 718 53 82 184 154 88 83
cat_boundaries=0 2 4 5
cat_threshold=234883111 72 2693464600 33 10512
is_linear=0
shrinkage=0.0176943


Tree=255
num_leaves=28
num_cat=6
split_feature=7 2 10 44 2 28 39 7 47 14 26 39 39 14 14 2 43 30 39 28 48 39 30 39 48 29 46
split_gain=19.0537 12.0889 7.26364 6.76717 6.65169 8.81679 6.52137 5.77653 6.02352 5.34363 4.54414 6.75859 4.84831 5.73993 4.53518 4.31272 3.96351 3.88013 3.62142 3.3626 3.29839 3.248 3.07001 3.15699 3.02163 2.32961 2.30314
threshold=0 1 2 6.5000000000000009 3 9.5000000000000018 0.92031747102737438 4 -8.4999999999999982 12.500000000000002 5.5000000000000009 0.96026313304901134 0.36103448271751409 10.500000000000002 4.5000000000000009 5 6.2500000000000009 2.5000000000000004 inf 17.500000000000004 0.69174209237098705 0.96799793839454662 4.5000000000000009 0.94543650746345531 0.62622550129890453 4.0699999332427987 0.98373878002166759
decision_type=9 9 9 10 9 10 10 9 10 10 8 8 10 8 8 9 8 10 8 8 10 10 10 8 10 8 8
left_child=4 7 16 6 5 18 15 22 9 19 11 12 14 -14 -6 -4 -3 26 -1 -9 -8 -19 23 -2 -11 -18 -13
right_child=1 2 3 -5 10 -7 20 8 -10 24 -12 17 13 -15 -16 -17 25 21 -20 -21 -22 -23 -24 -25 -26 -27 -28
leaf_value=-0.0020608794318279977 -0.033047198142292643 0.022427676098460567 -0.0026584773414861885 -0.029030546451391383 0.014092665831376033 0.034316677739052004 -0.016099550601529074 -0.01264996048949677 0.018591020198264554 0.027244584049575089 0.046600399669843473 0.012981639713180714 0.0052949634127720489 0.041967118465072756 -0.028164464358363731 -0.023338825716621315 -0.0065752906868909696 -0.028193350196691887 0.04507108955488575 0.005790037984252993 -0.032853522395422802 -0.0054327028952572114 0.0062074554827401627 -0.0022812933430230138 0.0020075360769380621 0.025803391122649084 -0.006999164126587739
leaf_weight=29 36 27 210 48 29 45 63 99 48 59 48 28 27 31 27 160 36 26 46 217 28 32 27 47 30 37 144
leaf_count=29 36 27 210 48 29 45 63 99 48 59 48 28 27 31 27 160 36 26 46 217 28 32 27 47 30 37 144
internal_value=0 -0.00134727 -0.00305858 -0.00392063 0.00271172 0.00626067 -0.00333921 0.00052495 0.00141399 0.000742704 0.0014965 0.000822965 0.00434566 0.00793087 0.000631821 -0.00229542 0.00128675 -0.000923141 0.00306668 -0.000335953 -0.00758262 -0.00488052 -0.00294885 -0.00490277 0.00457227 -0.000727062 0.000411466
internal_weight=0 1172 609 509 512 120 461 563 453 405 392 344 114 58 56 370 100 230 75 316 91 58 110 83 89 73 172
internal_count=1684 1172 609 509 512 120 461 563 453 405 392 344 114 58 56 370 100 230 75 316 91 58 110 83 89 73 172
cat_boundaries=0 2 3 4 5 6 7
cat_threshold=1689780934 64 613635 3073 131218 4479232 270476
is_linear=0
shrinkage=0.0176943


Tree=256
num_leaves=20
num_cat=5
split_feature=3 9 39 20 3 14 9 8 25 15 20 20 21 49 48 49 21 20 21
split_gain=14.8032 13.4975 11.8347 9.84017 8.78127 8.4564 6.75472 6.43551 7.66821 6.57334 5.49683 4.64006 4.58853 4.5208 2.72199 2.67855 2.98 1.90958 1.23954
threshold=0 1 0.33484849333763128 597.50000000000011 2 23.500000000000004 3 4 22.500000000000004 -1.7499999999999998 362.50000000000006 86.500000000000014 35.500000000000007 -1.0000000180025095e-35 0.76339712738990795 10.500000000000002 29.500000000000004 676.50000000000011 31.500000000000004
decision_type=9 9 8 2 9 10 9 9 8 8 2 2 2 10 8 10 2 2 2
left_child=12 7 11 4 5 -4 -6 9 10 -2 -9 -3 14 -11 -1 16 -13 -5 -10
right_child=1 2 3 17 6 -7 -8 8 18 13 -12 15 -14 -15 -16 -17 -18 -19 -20
leaf_value=0.00054930140937137933 -0.011940036165011851 -0.00085942399263044149 -0.0006439091271596099 -0.044196792652345739 0.018707140509820832 -0.051975155823497848 -0.00041138122947513529 -0.013189122906505309 -0.00029004676478829288 -0.022372889379433634 -0.04198858731733035 0.011941015111456534 0.034267298044673947 0.030783551454511185 0.025026381916075834 0.016007913134788741 0.041200603508706052 -0.10566260151745137 -0.055304338783864003
leaf_weight=30 48 38 58 42 124 46 813 39 28 35 33 44 36 29 37 50 40 32 31
leaf_count=30 48 38 58 42 124 46 813 39 28 35 33 44 36 29 37 50 40 32 31
internal_value=0 -0.000528526 0.000204634 -0.000460205 -1.69954e-05 -0.00465607 0.000541845 -0.00426607 -0.00690164 -0.000870141 -0.0113035 0.00452623 0.00610645 0.00276438 0.00396094 0.0060738 0.00800382 -0.00669443 -0.00269876
internal_weight=0 1530 1287 1115 1041 104 937 243 131 112 72 172 103 64 67 134 84 74 59
internal_count=1633 1530 1287 1115 1041 104 937 243 131 112 72 172 103 64 67 134 84 74 59
cat_boundaries=0 2 3 4 5 6
cat_threshold=35148288 1073745924 411198469 2147493979 1053072 6184
is_linear=0
shrinkage=0.0176943


Tree=257
num_leaves=26
num_cat=3
split_feature=9 1 9 23 25 20 32 32 32 37 22 32 36 32 25 20 15 25 15 24 25 20 20 20 20
split_gain=11.7315 8.73544 17.4122 10.4886 7.96211 9.8798 7.41632 6.86945 6.50364 5.97229 5.32043 11.0121 4.68934 4.16573 5.64065 10.0875 6.19442 4.1232 2.98409 4.30639 2.61843 1.65268 1.3147 0.838477 1.75849
threshold=0 1 2 -2.7499999999999996 62.500000000000007 174.50000000000003 0.98692753911018383 0.45368783175945288 0.96899038553237926 9.5000000000000018 2.5000000000000004 0.95744466781616222 1.0000000180025095e-35 0.97484177350997936 23.500000000000004 254.50000000000003 -1.7499999999999998 14.500000000000002 -5.7499999999999991 1.0000000180025095e-35 3.5000000000000004 138.50000000000003 135.50000000000003 308.50000000000006 597.50000000000011
decision_type=9 9 9 8 8 2 10 10 10 10 8 10 8 10 8 2 8 10 10 8 10 2 2 2 2
left_child=6 3 10 -2 5 7 9 -4 18 13 12 20 21 14 16 -16 -1 -7 -5 -20 -12 -3 -8 -6 -25
right_child=1 2 4 8 23 17 22 -9 -10 -11 11 -13 -14 -15 15 -17 -18 -19 19 -21 -22 -23 -24 24 -26
leaf_value=0.0039589524405453007 -0.013733254244076797 -0.012886544743205629 0.018974620424882183 0.028839461879868435 0.0045376595422690763 -0.0075339944556341775 0.032782927085986409 -0.0094522335153561787 0.032139601494837883 0.031783677538485801 -0.0142260914690757 -0.049820438984368089 -0.053121699139964465 -0.02855974790982858 -0.016079426579750321 0.079991171923366369 0.033574088677997202 -0.03200322194963795 0.016751337270911281 -0.0219735676368264 0.0091593916078477194 -0.037603849403053197 0.014114408348929852 0.0640561763281952 0.023023061837134134
leaf_weight=61 31 32 157 40 33 200 28 125 41 29 33 38 44 27 69 32 54 254 85 33 32 29 27 70 54
leaf_count=61 31 32 157 40 33 200 28 125 41 29 33 38 44 27 69 32 54 254 85 33 32 29 27 70 54
internal_value=0 -0.00101599 -0.00167226 0.00206426 -0.000568247 -0.00134629 0.0026777 0.00125487 0.00364541 0.00156121 -0.00616842 -0.00360729 -0.00926775 0.000655315 0.00147446 -0.00157658 0.00415402 -0.00296198 0.0020157 0.000599752 0.000816537 -0.0060907 0.00868507 0.00304281 0.00370985
internal_weight=0 1331 1101 230 893 736 327 282 199 272 208 103 105 243 216 101 115 454 158 118 65 61 55 157 124
internal_count=1658 1331 1101 230 893 736 327 282 199 272 208 103 105 243 216 101 115 454 158 118 65 61 55 157 124
cat_boundaries=0 1 2 3
cat_threshold=1818937476 34194400 311435618
is_linear=0
shrinkage=0.0176943


Tree=258
num_leaves=26
num_cat=2
split_feature=7 25 2 46 25 21 16 16 39 25 25 39 23 49 21 49 42 21 21 39 16 21 24 25 39
split_gain=30.4665 13.8964 13.7034 11.5377 9.57619 9.37448 8.72829 7.66157 6.28943 5.07887 5.04315 5.80218 6.39479 4.85093 5.60599 4.73888 3.91533 4.31176 4.14587 3.33798 3.28373 3.2172 3.20582 2.06945 1.21264
threshold=0 37.500000000000007 1 0.78989815711975109 3.5000000000000004 44.500000000000007 1.0000000180025095e-35 1.2500000000000002 0.10300619155168535 58.500000000000007 31.500000000000004 0.92740449309349071 -1.4150000214576719 12.500000000000002 30.500000000000004 5.5000000000000009 1.5000000000000002 27.500000000000004 28.500000000000004 0.19462481886148456 4.5000000000000009 31.500000000000004 3.5700000524520878 46.500000000000007 0.96026313304901134
decision_type=9 10 9 8 8 2 8 8 10 10 10 10 10 8 2 10 10 2 2 10 10 2 10 10 10
left_child=2 3 6 13 22 7 8 -6 -1 23 11 19 -13 14 24 -14 17 -8 -18 20 -4 -19 -5 -3 -2
right_child=1 9 10 4 5 -7 16 -9 -10 -11 -12 12 15 -15 -16 -17 18 21 -20 -21 -22 -23 -24 -25 -26
leaf_value=0.057359077887586422 0.018394039328590763 0.039493634340241446 0.010936794246714359 -0.045479290597018954 -0.00062153798610216999 0.040773033837746338 0.015680377021151819 -0.025558392436835043 -0.0020055659068606616 -0.020039152951854999 0.073221602219839615 0.061519115168309983 -0.00018745230665013246 -0.0041189646182651779 -0.0033192828440005615 0.01895758173809288 -0.034503320537069206 -0.029328803760672408 -0.0027581273677335684 -0.0013679640025286422 0.030086889735824851 0.0072648423494944122 -0.027685243257078534 0.11338039560774645 0.017164748189825326
leaf_weight=45 39 43 122 44 175 31 29 484 34 51 35 33 27 49 40 27 27 47 36 51 30 56 39 31 28
leaf_count=45 39 43 122 44 175 31 29 484 34 51 35 33 27 49 40 27 27 47 36 51 30 56 39 31 28
internal_value=0 -0.00226165 0.00270204 -0.00302838 -0.00391421 -0.00323109 -0.000249202 -0.00367843 0.00470307 0.00325554 0.00512329 0.00451496 0.00833794 0.00136102 0.00347245 0.00458674 -0.0022684 -0.000536145 -0.00589737 0.00287629 0.00419053 -0.00223308 -0.0095924 0.00621626 0.00660158
internal_weight=0 1054 599 929 773 690 274 659 79 125 325 290 87 156 107 54 195 132 63 203 152 103 83 74 67
internal_count=1653 1054 599 929 773 690 274 659 79 125 325 290 87 156 107 54 195 132 63 203 152 103 83 74 67
cat_boundaries=0 2 3
cat_threshold=2829709104 4 331964
is_linear=0
shrinkage=0.0176943


Tree=259
num_leaves=24
num_cat=2
split_feature=1 1 22 30 42 28 30 16 22 19 28 15 28 50 19 15 19 19 16 42 28 16 28
split_gain=15.6087 9.75876 11.4192 8.62279 9.39205 6.11379 5.79509 5.12593 4.63361 6.71346 6.27638 5.01096 4.61159 5.85063 5.97609 4.8602 3.90658 3.63466 3.38737 2.70503 2.62148 2.25598 1.89699
threshold=0 1 14.250000000000002 6.5000000000000009 17.500000000000004 1.5000000000000002 1.0000000180025095e-35 3.7500000000000004 0.75000000000000011 3.5000000000000004 20.500000000000004 -6.4999999999999991 8.5000000000000018 0.68333333730697643 85.500000000000014 -7.7499999999999991 10.500000000000002 6.5000000000000009 14.250000000000002 7.5000000000000009 16.500000000000004 0.75000000000000011 1.5000000000000002
decision_type=9 9 10 10 8 8 10 10 10 10 8 10 10 10 10 8 10 10 10 10 8 10 10
left_child=8 7 3 5 -5 -3 -7 20 10 11 16 -10 13 14 -11 -14 21 -6 -9 -17 -2 -1 -4
right_child=1 2 22 4 17 6 -8 18 9 12 -12 -13 15 -15 -16 19 -18 -19 -20 -21 -22 -23 -24
leaf_value=-0.026326367161535798 0.034347445469593431 0.047265222548103843 -0.016766927039646093 0.028345181717004047 -0.030531253841913065 0.013324455748869446 0.02980985944151799 0.0014882982138062343 -0.04031101240601484 0.030340934816192613 0.0041920298094968731 -0.0072065945549745179 -0.045885424322560618 -0.010781011267816358 -0.0014336247202007327 -0.019912016545945752 -0.047048591213310509 -0.025333898758986485 0.049159761218560881 0.004507207280788102 0.050497825328016048 0.001069093354235353 -0.01954661453289137
leaf_weight=33 39 48 31 46 28 701 57 41 31 105 47 29 33 51 55 27 38 44 30 55 26 26 29
leaf_count=33 39 48 31 46 28 701 57 41 31 105 47 29 33 51 55 27 38 44 30 55 26 26 29
internal_value=0 0.00222351 0.00156648 0.00206814 -0.00239906 0.00272217 0.00233431 0.00654411 -0.00144173 -0.000458387 -0.00417758 -0.00589733 0.00054275 0.00209639 0.00375984 -0.00230778 -0.00674882 -0.00638891 0.00373781 0 0.0106153 -0.00389822 -0.00589733
internal_weight=0 1120 984 924 118 806 758 136 530 386 144 60 326 211 160 115 97 72 71 82 65 59 60
internal_count=1650 1120 984 924 118 806 758 136 530 386 144 60 326 211 160 115 97 72 71 82 65 59 60
cat_boundaries=0 2 4
cat_threshold=1379974005 64 546439170 2
is_linear=0
shrinkage=0.0176943


Tree=260
num_leaves=24
num_cat=3
split_feature=3 10 23 23 22 2 15 39 44 34 22 19 19 35 35 46 39 44 32 32 35 39 21
split_gain=18.7332 10.9958 11.8334 9.16927 8.73682 7.28364 7.25419 7.04183 6.56555 6.08916 7.59021 5.93396 4.35336 4.25618 4.05416 4.80811 4.04434 3.75661 2.98389 2.68673 2.33366 2.30083 0.712617
threshold=0 1 -14.499999999999998 -2.2499999999999996 8.2500000000000018 2 -2.7499999999999996 0.11278963834047319 4.5000000000000009 8.5000000000000018 9.2500000000000018 11.500000000000002 8.5000000000000018 5.5000000000000009 10.500000000000002 0.95311355590820324 0.68090909719467174 12.500000000000002 0.97241246700286876 0.42280606925487524 16.500000000000004 0.29714104533195501 28.500000000000004
decision_type=9 9 10 10 10 9 8 8 10 10 10 8 10 10 10 8 10 8 10 10 8 10 2
left_child=3 2 22 16 18 6 20 -4 9 10 -7 13 -10 -8 15 -9 -1 -16 21 -13 -3 -5 -2
right_child=1 5 7 4 -6 8 11 14 12 -11 -12 19 -14 -15 17 -17 -18 -19 -20 -21 -22 -23 -24
leaf_value=-0.03855033017207455 0.016612244585609642 -0.0021331819934734494 0.049104983234440222 -0.014048238592438114 0.024487224857318392 0.0023536678359613998 0.051750789795385263 -0.032985003828120397 0.0094546217842559534 0.020970707032900372 -0.033330281879078355 -0.049650062835006281 0.039720363346103439 -0.011933762790165314 -0.0020591448811526432 0.0015329863773091367 -0.03048488717373957 0.024776416638648727 0.0017960121569487897 -0.014276577896332973 0.016960306728258833 -0.046242732778930762 0.05245064808024727
leaf_weight=35 28 29 49 51 28 633 27 35 33 32 105 76 31 26 38 128 26 75 32 26 36 39 29
leaf_count=35 28 29 49 51 28 633 27 35 33 32 105 76 31 26 38 128 26 75 32 26 36 39 29
internal_value=0 0.000807616 0.00334017 -0.00472364 -0.00259502 -0.000133037 -0.0029233 0.00212326 0.000628935 0.000183832 -0.000143852 -0.00513679 0.00608167 -0.000333772 0.00102572 -0.00075983 -0.0107313 0.00360123 -0.00464082 -0.00763225 0.00190529 -0.00629075 0.0108635
internal_weight=0 1436 382 211 150 1054 220 325 834 770 738 155 64 53 276 163 61 113 122 102 65 90 57
internal_count=1647 1436 382 211 150 1054 220 325 834 770 738 155 64 53 276 163 61 113 122 102 65 90 57
cat_boundaries=0 3 4 5
cat_threshold=3380807715 16720 64 12180 882704
is_linear=0
shrinkage=0.0176943


Tree=261
num_leaves=22
num_cat=2
split_feature=10 10 48 49 41 48 15 15 19 29 24 47 48 14 22 29 14 22 22 48 15
split_gain=7.201 4.8039 6.13094 6.01426 5.63419 7.00531 6.99483 5.32929 5.04295 6.88298 6.17831 8.14136 4.2546 4.29943 2.8888 2.6478 3.45175 2.54869 4.15384 2.32179 1.26302
threshold=0 1 0.57052442431449901 7.5000000000000009 1.0000000180025095e-35 0.029857398010790352 -4.4999999999999991 -19.499999999999996 8.5000000000000018 5.5000000000000009 2.1649999618530278 -13.499999999999998 0.064583335071802153 15.500000000000002 25.750000000000004 1.0000000180025095e-35 3.5000000000000004 1.1650000214576723 32.250000000000007 0.77346038818359386 -6.4999999999999991
decision_type=9 9 10 10 10 10 10 10 8 10 10 10 8 10 10 10 8 8 8 10 10
left_child=15 2 7 8 5 6 -5 17 10 14 11 -3 -9 -14 -10 16 -1 -2 -19 -4 -7
right_child=1 3 19 4 -6 20 -8 12 9 -11 -12 -13 13 -15 -16 -17 -18 18 -20 -21 -22
leaf_value=0.0045703794293052782 -0.010051937825980819 -0.017296330847007185 0.022323604785791373 -0.036284354608466116 -0.0064805291594224081 0.053836651043441194 0.016165669862356374 0.0010257088714734242 0.0023096513888556519 0.024870514215651104 -0.058021524117845218 0.010643252429498574 -0.0081203033999418164 -0.059653756575915255 -0.022055840562847862 0.00025816728323796239 0.04216368065596178 0.030811377395236615 -0.0052725854026492392 -0.00041362753625947299 0.021146217835817532
leaf_weight=37 29 143 31 30 34 29 194 32 609 34 37 50 77 26 49 26 48 27 30 31 28
leaf_count=37 29 143 31 30 34 29 194 32 609 34 37 50 77 26 49 26 48 27 30 31 28
internal_value=0 4.6258e-05 -0.00199281 0.000525005 0.00264003 0.00346319 0.00205372 -0.00344265 -0.000191908 0.000562525 -0.00246172 -0.00119179 -0.00563563 -0.00738638 0.000161341 0.00453295 0.00645262 0 0.00217267 0.00285354 0.00900114
internal_weight=0 1520 283 1237 315 281 224 221 922 692 230 193 135 103 658 111 85 86 57 62 57
internal_count=1631 1520 283 1237 315 281 224 221 922 692 230 193 135 103 658 111 85 86 57 62 57
cat_boundaries=0 1 2
cat_threshold=1536 31008
is_linear=0
shrinkage=0.0176943


Tree=262
num_leaves=23
num_cat=5
split_feature=9 13 8 23 46 23 27 23 49 13 49 42 42 42 42 43 24 50 23 13 16 49
split_gain=16.19 12.4411 5.8179 4.78686 6.35614 4.71698 7.42966 4.70102 9.63442 5.25681 4.13705 3.58904 6.24412 4.42767 5.24132 3.53936 8.3133 5.09143 3.18075 3.59392 1.63752 1.30747
threshold=0 1 2 -1.0000000180025095e-35 0.55122438073158275 -1.4150000214576719 10.500000000000002 -26.499999999999996 1.5000000000000002 3 14.500000000000002 13.500000000000002 18.500000000000004 6.5000000000000009 2.5000000000000004 1.2500000000000002 1.1650000214576723 1.5000000000000002 -1.8199999928474424 4 9.7500000000000018 6.5000000000000009
decision_type=9 9 9 10 8 10 8 10 8 9 8 8 8 10 10 10 10 8 8 9 10 10
left_child=3 11 7 5 -5 6 -1 -3 -9 -10 21 13 -13 14 -2 16 17 -4 -14 -20 -18 -6
right_child=1 2 15 4 10 -7 -8 8 9 -11 -12 12 18 -15 -16 -17 20 -19 19 -21 -22 -23
leaf_value=-0.0039317162957177116 0.0089483205893451222 -0.044709730902435983 0.025249606914724502 0.031181166807859009 -0.0009385991999737906 0.028716503330497908 0.038927501016894642 0.012615006637221831 5.8838341408749722e-05 -0.021758819067380412 0.014000504070971104 -0.017397059974561604 -0.011693858367327259 0.030216175179560423 -0.0024130335616459426 0.0087369392390755692 -0.019855863326224337 -0.00074852675695353003 -0.00078783523817153053 0.022285735070470464 -0.059019140380351082 -0.026579187922989366
leaf_weight=35 27 63 38 32 31 50 33 37 109 242 26 29 28 48 30 41 38 326 111 161 33 27
leaf_count=35 27 63 38 32 31 50 33 37 109 242 26 29 28 48 30 41 38 326 111 161 33 27
internal_value=0 -0.000451709 -0.00160512 0.00449594 0.00213536 0.0071972 0.00416288 -0.00303215 -0.00237134 -0.00327664 -0.000421233 0.00199256 0.00112939 0.00488662 0.00155189 -0.00021844 -0.000691484 0.000388872 0.00188733 0.00247192 -0.0062297 -0.00305031
internal_weight=0 1361 927 234 116 118 68 451 388 351 84 434 329 105 57 476 435 364 300 272 71 58
internal_count=1595 1361 927 234 116 118 68 451 388 351 84 434 329 105 57 476 435 364 300 272 71 58
cat_boundaries=0 1 3 4 6 7
cat_threshold=1610705986 696621152 385 50269 3221243008 24 8491072
is_linear=0
shrinkage=0.0176943


Tree=263
num_leaves=18
num_cat=3
split_feature=40 42 1 20 20 16 25 32 2 10 20 16 40 49 16 20 20
split_gain=9.52576 9.12282 8.92171 8.3073 8.27846 7.32522 7.25769 6.94423 6.44184 6.00792 5.52446 4.84134 4.50647 4.16252 2.6494 1.8281 0.689542
threshold=-7.4999999999999991 2.5000000000000004 0 132.50000000000003 676.50000000000011 4.5000000000000009 16.500000000000004 0.53390806913375866 1 2 729.50000000000011 13.250000000000002 -6.4999999999999991 3.5000000000000004 9.7500000000000018 108.50000000000001 202.50000000000003
decision_type=8 8 9 2 2 8 10 10 9 9 2 8 10 10 8 2 2
left_child=5 3 7 -2 8 6 -1 14 11 -10 -6 -4 13 -9 15 -3 -5
right_child=1 2 4 16 10 -7 -8 12 9 -11 -12 -13 -14 -15 -16 -17 -18
leaf_value=0.024631873123039095 -0.0038952449972068574 0.027789781481835391 -0.020071320450034066 0.056373472525233913 0.043429718436426526 0.040224457354043945 -0.0047823512354857999 0.035025190252428583 0.0084061194126644461 -0.005555624446842657 -0.00075400982252854932 -0.0050527931976324198 -0.0087475453601209233 -0.0047388126703154267 0.053730147286590847 0.019449432477254079 0.02365642024606197
leaf_weight=43 34 27 76 26 31 30 40 26 124 933 28 48 32 61 27 55 26
leaf_count=43 34 27 76 26 31 30 40 26 124 933 28 48 32 61 27 55 26
internal_value=0 0.000159406 -0.000168744 0.0057604 -0.000764386 0.00548015 0.00277112 0.00297372 -0.00109371 -0.000613572 0.00569741 -0.0047534 0.000148666 0.00223699 0.00633053 0.00474679 0.0102067
internal_weight=0 1554 1468 86 1240 113 83 228 1181 1057 59 124 119 87 109 82 52
internal_count=1667 1554 1468 86 1240 113 83 228 1181 1057 59 124 119 87 109 82 52
cat_boundaries=0 2 3 4
cat_threshold=78513040 8 648192 4752
is_linear=0
shrinkage=0.0176943


Tree=264
num_leaves=23
num_cat=2
split_feature=7 47 28 21 7 21 15 15 27 19 21 34 46 48 48 21 20 20 28 20 20 25
split_gain=20.2352 8.54688 6.1106 7.39855 5.78399 8.36685 6.47025 9.4635 7.88758 5.97977 5.78056 4.93899 4.55213 4.97523 7.07739 6.93548 8.34253 4.14262 3.202 2.08169 1.99705 3.91039
threshold=0 -9.4999999999999982 22.500000000000004 26.500000000000004 1 27.500000000000004 -4.4999999999999991 -3.7499999999999996 5.5000000000000009 13.500000000000002 31.500000000000004 3.5000000000000004 0.68703359365463268 0.61270162463188182 0.17752101272344592 32.500000000000007 269.50000000000006 626.50000000000011 8.5000000000000018 117.50000000000001 177.50000000000003 41.500000000000007
decision_type=9 8 8 2 9 2 8 8 10 10 2 8 8 8 10 2 2 2 10 2 2 8
left_child=2 -2 12 -4 5 -3 8 -8 10 -7 -6 -9 19 14 -14 18 -17 20 -15 -1 -5 -22
right_child=1 4 3 17 6 9 7 11 -10 -11 -12 -13 13 15 -16 16 -18 -19 -20 -21 21 -23
leaf_value=0.010905032837581407 -0.026449459553910221 0.054231532825107599 -0.033296480380583846 0.023101233635408298 -0.028725261760330273 0.039060490862764766 0.023379839755036505 0.010900737616681293 0.024957030018827705 -0.0015020904838325755 0.0016556001296352796 0.0022821400565413621 -0.019747897334358746 -0.034179062383627529 -0.054255064258985984 0.023681582504368338 -0.033634056658700513 -0.040341304918543736 -0.0094806140866986986 -0.00788821663464815 -0.020166013075411278 0.057181627904377412
leaf_weight=37 34 33 48 51 92 31 45 236 29 42 61 519 44 39 41 29 29 28 59 51 55 44
leaf_count=37 34 33 48 51 92 31 45 236 29 42 61 519 44 39 41 29 29 28 59 51 55 44
internal_value=0 0.00143804 -0.00266193 -0.000469735 0.00172388 0.00549096 0.00124858 0.00194635 -0.0017499 0.00266596 -0.00335364 0.00147646 -0.00424867 -0.00550633 -0.00895041 -0.00362941 0.00122011 0.00119281 -0.00649942 -0.000804196 0.00235911 0.000893564
internal_weight=0 1122 555 226 1088 106 982 800 182 73 153 755 329 241 85 156 58 178 98 88 150 99
internal_count=1677 1122 555 226 1088 106 982 800 182 73 153 755 329 241 85 156 58 178 98 88 150 99
cat_boundaries=0 2 4
cat_threshold=68478712 4 318771200 17
is_linear=0
shrinkage=0.0176943


Tree=265
num_leaves=32
num_cat=5
split_feature=13 7 7 19 23 19 25 48 13 48 48 32 48 49 25 20 48 49 48 32 20 32 13 19 21 22 21 25 25 20 22
split_gain=24.8296 8.74545 8.25302 12.135 9.04835 6.81831 8.22616 8.44195 6.01235 6.90179 5.76457 5.4279 5.30499 5.61386 4.96823 11.4008 4.64493 4.59414 4.57585 4.36501 4.35502 4.15185 3.69595 3.53355 3.52953 3.08661 2.25752 4.28868 2.86259 1.93983 1.49874
threshold=0 1 2 7.5000000000000009 -1.8199999928474424 72.500000000000014 55.500000000000007 0.64093536138534557 3 0.16228070110082629 0.41712453961372381 0.97836256027221691 0.37232102453708654 10.500000000000002 35.500000000000007 513.50000000000011 1.0227272510528567 1.5000000000000002 0.58160674571990978 0.97385507822036754 621.50000000000011 0.70589742064476024 4 11.500000000000002 29.500000000000004 1.0000000180025095e-35 31.500000000000004 70.500000000000014 77.500000000000014 183.50000000000003 13.250000000000002
decision_type=9 9 9 10 8 8 10 8 9 8 8 8 10 8 8 2 8 10 8 10 2 10 9 10 2 8 2 8 8 2 10
left_child=1 10 3 16 18 8 7 -7 9 -3 -1 21 13 -5 15 22 -2 -14 -4 25 -9 -10 -6 -11 -15 -12 28 -28 -16 -20 -13
right_child=2 5 4 12 14 6 -8 20 11 23 19 30 17 24 26 -17 -18 -19 29 -21 -22 -23 -24 -25 -26 -27 27 -29 -30 -31 -32
leaf_value=-0.00063620426149295633 0.015954197033313553 0.014643086949623123 0.0079144018377208629 0.026130962124126134 0.0079590678311652376 0.010121096512756857 0.036001064156689078 -0.044880548429606648 0.0028032434369065014 -0.0089882690030713749 -0.048253177933610031 0.02582890549017262 0.019013063097740736 0.010095610869323183 0.036446481139155121 -0.046286346293673897 0.10492352825107219 -0.030368736340303695 0.044854546426668612 -0.032886707159939924 -0.0048258553549973002 -0.017734264593041591 -0.0073551682701225325 -0.025198227212920792 -0.020493348604250373 -0.0029462298228314599 0.027476768205674473 0.065414596832055139 -0.036201178030590711 0.031857554331869493 0.0091387260867975759
leaf_weight=36 37 38 40 37 115 46 34 140 87 169 31 76 27 27 30 39 39 32 30 28 32 38 175 41 31 34 33 31 46 32 28
leaf_count=36 37 38 40 37 115 46 34 140 87 169 31 76 27 27 30 39 39 32 30 28 32 38 175 41 31 34 33 31 46 32 28
internal_value=0 -0.00236465 0.00194177 0.00471831 0.000761358 -0.00155631 -0.00393193 -0.00519446 -0.000333845 -0.00219457 -0.00649178 0.00170273 0.00206805 0.004656 -0.000264085 -0.00145207 0.0107086 -0.00209902 0.00555072 -0.00932202 -0.00699509 -0.000707713 -0.000244046 -0.00353872 0.00122011 -0.00680468 0.0025276 0.00497591 0.000465568 0.00856069 0.00476348
internal_weight=0 858 801 230 571 729 252 218 477 248 129 229 154 95 469 329 76 59 102 93 172 125 290 210 58 65 140 64 76 62 104
internal_count=1659 858 801 230 571 729 252 218 477 248 129 229 154 95 469 329 76 59 102 93 172 125 290 210 58 65 140 64 76 62 104
cat_boundaries=0 2 3 4 6 7
cat_threshold=3516184380 16569 10895364 21542152 1086000 8 604061699
is_linear=0
shrinkage=0.0176943


Tree=266
num_leaves=26
num_cat=7
split_feature=13 2 2 1 15 18 13 28 32 46 8 13 28 15 20 32 32 34 17 32 20 34 28 20 20
split_gain=20.1513 13.6023 11.4233 7.43297 6.04607 6.01473 5.3456 5.3461 8.01109 8.11243 4.85988 5.46112 4.75046 5.90876 5.31284 4.74295 4.33443 3.95544 3.91241 3.76262 5.95424 2.80101 2.56466 0.335241 0.105422
threshold=0 1 2 3 -1.7499999999999998 2.5000000000000004 4 3.5000000000000004 0.57392227649688732 0.96128869056701671 5 6 10.500000000000002 -1.7499999999999998 403.50000000000006 0.97752526402473461 0.23912129551172259 3.5000000000000004 8.5000000000000018 0.089776121079921736 228.50000000000003 1.0000000180025095e-35 20.500000000000004 297.50000000000006 374.50000000000006
decision_type=9 9 9 9 8 10 9 8 10 8 9 9 10 8 2 8 10 8 8 10 2 10 8 2 2
left_child=2 12 4 15 -1 10 21 17 9 -9 16 -12 13 -2 -15 -3 -5 -8 -10 24 -21 22 -4 -24 -6
right_child=1 3 6 5 19 -7 7 8 18 -11 11 -13 -14 14 -16 -17 -18 -19 -20 20 -22 -23 23 -25 -26
leaf_value=0.040120560391460697 -0.025608736549796726 -0.045370860900688086 0.064913054021344008 -0.03222170764462659 0.025889698274874352 -0.050608716260307787 0.0048033205931954258 0.033974104924338687 -0.0030760858467828631 0.00017649267761346549 0.023641969486166797 -0.010829743983275813 0.02134542361591879 0.038961806943611704 -0.035531220156198869 -0.017339705446119076 -0.0039487889218667209 0.032941224687661835 -0.014503058398970498 0.025427628728305559 -0.012362939820886069 -0.0012275662846441512 0.0082739092018581425 0.022170501847126045 0.11104882860752505
leaf_weight=41 32 51 30 54 40 36 29 45 102 266 113 310 28 43 28 51 52 31 47 35 29 28 29 26 27
leaf_count=41 32 51 30 54 40 36 29 45 102 266 113 310 28 43 28 51 52 31 47 35 29 28 29 26 27
internal_value=0 -0.00166429 0.0022796 -0.002692 0.00622189 -0.00181556 0.00112823 0.000333846 -0.000307717 0.00130854 -0.00137137 -0.000449496 0.00338807 0.00188952 0.00473456 -0.00695084 -0.00457579 0.00530759 -0.00368116 0.00472719 0.00165862 0.00445925 0.00645262 0.00418168 0.00765784
internal_weight=0 798 805 667 172 565 633 520 460 311 529 423 131 103 71 102 106 60 149 131 64 113 85 55 67
internal_count=1603 798 805 667 172 565 633 520 460 311 529 423 131 103 71 102 106 60 149 131 64 113 85 55 67
cat_boundaries=0 2 3 4 5 7 8 10
cat_threshold=541798783 8200 398496 2082 1161 532512 8192 577 8390272 272
is_linear=0
shrinkage=0.0176943


Tree=267
num_leaves=24
num_cat=5
split_feature=3 9 8 14 40 27 20 22 19 9 46 20 20 39 27 20 8 46 40 14 36 20 19
split_gain=27.7341 13.5103 11.1124 10.7426 9.5777 9.1552 6.72954 8.48285 5.34005 5.22942 4.80908 4.80257 4.96994 4.75152 4.73911 4.32434 3.36657 3.31461 3.10443 2.71279 2.3488 2.21435 1.93577
threshold=0 1 2 5.5000000000000009 -1.4999999999999998 2.5000000000000004 49.500000000000007 4.0699999332427987 9.5000000000000018 3 0.96238207817077648 150.50000000000003 202.50000000000003 0.91314655542373668 5.5000000000000009 275.50000000000006 4 0.80259740352630626 -6.4999999999999991 1.5000000000000002 6.5000000000000009 626.50000000000011 9.5000000000000018
decision_type=9 9 9 10 10 10 2 8 10 9 8 2 2 8 10 2 9 10 8 10 8 2 8
left_child=3 11 4 13 9 6 -4 -8 -7 18 -5 17 -13 -1 -6 20 22 -2 -3 -18 -12 -11 -14
right_child=1 2 5 10 14 8 7 -9 -10 21 15 12 16 -15 -16 -17 19 -19 -20 -21 -22 -23 -24
leaf_value=-0.0117583085353258 0.0087796453235683258 -0.029454127450827535 -0.028512410603114977 -0.0301009102287936 -0.02515655614052727 0.0040982595816988852 -0.010090415249803999 0.02071265586460919 0.045053130494252865 0.02347812580482966 0.012669354714855316 -0.023162319619381828 0.024268914486435499 -0.031945136652801007 0.0083981579696085166 -0.014098712529046141 -0.01890856294887662 -0.0064539725326415547 0.014090053437289455 -0.030259738684397141 -0.021462430212684687 0.016557818388855915 -0.0067465892661497115
leaf_weight=26 50 26 34 33 27 36 310 175 39 284 37 26 34 49 27 37 72 44 111 31 30 28 85
leaf_count=26 50 26 34 33 27 36 310 175 39 284 37 26 34 49 27 37 72 44 111 31 30 28 85
internal_value=0 0.000818155 0.00177421 -0.00589788 0.00369056 0.000117176 -0.000715939 -0.000182408 0.00589748 0.00461067 -0.00322869 -0.00221173 -0.00356728 -0.0115591 -0.00327623 -0.00136098 -0.00270983 0.00112931 0.00132398 -0.00485384 0.00132029 0.00582468 -0.000411456
internal_weight=0 1439 1097 212 503 594 519 485 75 449 137 342 248 75 54 104 222 94 137 103 67 312 119
internal_count=1651 1439 1097 212 503 594 519 485 75 449 137 342 248 75 54 104 222 94 137 103 67 312 119
cat_boundaries=0 3 4 5 6 7
cat_threshold=3088318800 19400257 1 402698853 41875 4210714 2181
is_linear=0
shrinkage=0.0176943


Tree=268
num_leaves=33
num_cat=3
split_feature=7 48 2 28 16 33 28 48 42 28 33 16 42 35 48 34 14 30 42 28 42 35 28 35 42 35 26 48 22 34 22 2
split_gain=15.1211 11.3422 7.27779 6.10868 5.73028 5.41621 12.6301 5.31072 5.38904 5.45652 4.91902 4.5342 7.37919 3.87554 3.71054 3.52381 3.2989 3.28216 3.279 2.85059 2.69384 3.83679 2.35154 4.20404 4.00831 2.24325 1.97199 1.89597 1.9091 1.85611 2.18006 1.29864
threshold=0 0.42947559058666235 1 20.500000000000004 15.750000000000002 3.5000000000000004 5.5000000000000009 0.41213235259056097 4.5000000000000009 5.5000000000000009 -1.4999999999999998 5.2500000000000009 11.500000000000002 16.500000000000004 0.053812742233276374 8.5000000000000018 17.500000000000004 5.5000000000000009 11.500000000000002 7.5000000000000009 23.500000000000004 8.5000000000000018 13.500000000000002 17.500000000000004 11.500000000000002 19.500000000000004 1.5000000000000002 0.23606811463832858 1.1650000214576723 6.5000000000000009 2.5000000000000004 2
decision_type=9 10 9 8 10 8 10 8 10 10 10 8 8 8 10 8 10 10 8 10 8 10 10 8 10 8 8 10 8 8 10 9
left_child=2 3 5 7 10 20 27 8 9 -2 17 12 -4 -8 15 -5 -10 18 -3 -9 21 -1 24 -24 -14 -21 29 28 -7 -13 -31 -17
right_child=1 4 11 14 -6 6 13 19 16 -11 -12 26 22 -15 -16 31 -18 -19 -20 25 -22 -23 23 -25 -26 -27 -28 -29 -30 30 -32 -33
leaf_value=0.029903151184661841 0.0033834538483891504 0.017682878372663982 -0.027844050515834606 -0.035725981686084297 0.012736136434952236 0.05169561906201154 -0.015305756248808649 -0.033590176516332775 -0.0048192548987801677 -0.051417977564827307 0.019511972090322651 0.014969007893187706 -0.0039464404320402064 0.013189204060454122 0.016261669835251614 0.00066402124897857939 0.021139254791897887 -0.045164352195038851 -0.00078100186519274972 -0.0034140311304399189 0.023120855862784111 0.0033155313023936505 -0.023898329588759922 0.002370624655295462 0.021493975419213621 -0.025097587296542854 0.0234725054079408 0.02969435719480755 0.022119941309612083 0.021386176105123427 -0.021089435983990493 -0.012594392908081169
leaf_weight=26 28 35 40 38 49 66 50 48 35 50 31 34 44 34 44 142 26 27 126 35 36 36 34 39 34 42 50 35 56 83 28 181
leaf_count=26 28 35 40 38 49 66 50 48 35 50 31 34 44 34 44 142 26 27 126 35 36 36 34 39 34 42 50 35 56 83 28 181
internal_value=0 -0.000952902 0.00243143 -0.00219522 0.00211268 0.00430939 0.00301013 -0.00428939 -0.00190934 -0.00499019 0.000888714 0.000714901 -0.00120426 -0.00252751 -0.000830081 -0.00142139 0.00203021 -0.000188219 0.000769269 -0.00693572 0.00794374 0.00570712 0.000585861 -0.00169651 0.00272191 -0.00482522 0.00263134 0.00597293 0.00493087 0.00158629 0.000478174 -0.00082169
internal_weight=0 937 725 669 268 339 241 264 139 78 219 386 191 84 405 361 61 188 161 125 98 62 151 73 78 77 195 157 122 145 111 323
internal_count=1662 937 725 669 268 339 241 264 139 78 219 386 191 84 405 361 61 188 161 125 98 62 151 73 78 77 195 157 122 145 111 323
cat_boundaries=0 2 3 4
cat_threshold=21679006 7 18531 4153
is_linear=0
shrinkage=0.0176943


Tree=269
num_leaves=27
num_cat=7
split_feature=3 13 2 1 1 13 39 19 36 28 13 19 22 40 41 46 22 36 41 39 39 28 19 29 24 28
split_gain=25.3761 19.358 17.5707 8.54499 8.36964 8.82985 9.80968 7.69522 7.59755 7.14202 6.95675 5.12896 5.06433 4.96985 4.83926 7.08801 7.52271 5.27733 4.3116 4.27811 3.76782 3.76332 2.91147 3.97834 1.52742 0.973798
threshold=0 1 2 3 4 5 0.6789083480834962 303.50000000000006 1.2500000000000002 14.500000000000002 6 128.50000000000003 5.5000000000000009 -1.4999999999999998 5.5000000000000009 0.96693986654281627 3.1649999618530278 1.2500000000000002 2.5000000000000004 0.19462481886148456 0.72559523582458507 11.500000000000002 9.5000000000000018 1.0000000180025095e-35 0.76500001549720775 13.500000000000002
decision_type=9 9 9 9 9 9 8 10 8 8 9 8 10 8 10 10 10 10 8 8 10 10 10 8 10 10
left_child=9 3 8 22 12 19 -7 10 -3 14 21 -10 25 -12 15 16 -1 -18 -11 -6 -14 -5 -2 -24 -20 -4
right_child=1 2 4 7 5 6 -8 -9 11 18 13 -13 20 -15 -16 -17 17 -19 24 -21 -22 -23 23 -25 -26 -27
leaf_value=-0.025546320555390155 0.02965226032139388 0.042653325985730184 -0.046078054591014155 0.02010355068115402 0.013521984798497996 -0.028138186222553631 0.0086244549472994196 0.063694563139775742 -0.0077053643133667866 -0.03455376990382792 0.0046616906219921865 0.07772874040828831 0.0047353541233170126 -0.0074257664647886619 -0.020335126112874302 0.020867576743874152 0.016416303266886107 -0.032877744842155665 -0.031124351227194813 -0.030659461309695699 -0.031140877968625382 0.025024166140933429 0.0021921058955277927 0.036528917071201483 -0.018930431531442086 -0.036562557986788494
leaf_weight=45 42 47 26 171 26 64 243 42 34 30 56 27 26 252 41 33 40 29 50 210 26 31 30 29 41 28
leaf_count=45 42 47 26 171 26 64 243 42 34 30 56 27 26 252 41 33 40 29 50 210 26 31 30 29 41 28
internal_value=0 0.000697797 -0.00122267 0.00290897 -0.00233593 -0.00137584 0.000613976 0.00195201 0.00509801 -0.00482559 0.00138776 0.00145014 -0.00671117 -0.00033384 -0.00282343 -0.00132398 -0.00341444 0.000256384 -0.00833479 -0.00388398 -0.00340222 0.00383918 0.00749165 0.00569741 -0.00641606 -0.0111393
internal_weight=0 1410 757 653 649 543 307 552 108 309 510 61 106 308 188 147 114 69 121 236 52 202 101 59 91 54
internal_count=1719 1410 757 653 649 543 307 552 108 309 510 61 106 308 188 147 114 69 121 236 52 202 101 59 91 54
cat_boundaries=0 4 6 7 8 9 11 13
cat_threshold=3091359311 59172 0 2 2882491530 3092 1051296 25697 1303 1075871845 2 55328896 1028
is_linear=0
shrinkage=0.0176943


Tree=270
num_leaves=32
num_cat=5
split_feature=7 2 8 7 1 32 20 34 20 28 19 19 28 34 39 20 39 32 20 20 39 21 20 20 20 28 39 21 20 14 34
split_gain=23.8862 15.6219 8.20689 7.76122 11.34 11.2833 8.42789 7.70204 9.1815 6.95549 6.69233 6.5297 6.41932 5.48947 4.51841 3.92436 3.86471 3.82332 3.71853 5.2938 3.47766 3.43516 2.83208 2.74372 6.09092 2.60842 5.59933 3.99058 1.892 1.22675 0.691157
threshold=0 1 2 3 4 0.98540067672729503 159.50000000000003 1.2500000000000002 104.50000000000001 16.500000000000004 6.5000000000000009 5.5000000000000009 15.500000000000002 9.5000000000000018 0.81154274940490734 177.50000000000003 0.98765245079994213 0.48240740597248083 93.500000000000014 172.50000000000003 0.94543650746345531 29.500000000000004 196.50000000000003 86.500000000000014 121.50000000000001 12.500000000000002 0.18321596086025241 32.500000000000007 558.50000000000011 2.2500000000000004 6.5000000000000009
decision_type=9 9 9 9 9 8 2 10 2 8 10 10 8 8 10 2 8 8 2 2 8 2 2 2 2 10 10 2 2 8 8
left_child=1 12 17 5 11 21 7 8 -6 10 -4 -5 18 -7 23 -11 -12 -3 -1 -20 -19 29 -13 -14 -25 26 -8 -27 -17 -2 -24
right_child=3 2 9 4 6 13 25 -9 -10 15 16 22 14 -15 -16 28 -18 20 19 -21 -22 -23 30 24 -26 27 -28 -29 -30 -31 -32
leaf_value=-0.0074931817235526707 -0.028946287140001126 0.040874371769586158 -0.00043426254769617242 0.021624621633177354 0.0038108461602766467 0.019791234921586669 -0.015000874103974163 -0.014890173977130394 0.051892386507828993 0.025462295760768479 -0.055581408489592143 -0.064668177866181759 0.0022064168305393097 -0.024019342929375027 0.041564185064277843 -0.030291495655045825 -0.0013686135347661162 -0.0014687020684528243 0.041753839693134863 0.0019325651085643548 0.01782554121832269 -0.018357700496672579 -0.034121164442095835 0.086039091652963376 0.028436672741817017 -0.00384459106903602 0.01292951278736789 -0.034815668385103221 0.019001296287833654 -0.039759231006865188 -0.03423349012928173
leaf_weight=46 26 31 44 26 111 26 313 31 60 45 32 35 31 27 29 82 26 30 36 46 46 47 26 27 109 38 100 27 49 26 26
leaf_count=46 26 31 44 26 111 26 313 31 60 45 32 35 31 27 29 82 26 30 36 46 46 47 26 27 109 38 100 27 49 26 26
internal_value=0 0.00258397 0.000134379 -0.00168603 -0.000947502 -0.00524249 -5.12844e-05 0.00297812 0.00444923 -0.00147448 -0.0052038 -0.00589772 0.00540351 0.00100139 0.00758296 0.000603177 -0.00915101 0.00408302 0.0024881 0.00474679 0.00232794 -0.00911452 -0.00874467 0.00646287 0.00754566 -0.0013326 -0.000814002 -0.00462718 -0.000945427 -0.0122481 -0.00612403
internal_weight=0 709 385 945 793 152 680 202 171 278 102 113 324 53 196 176 58 107 128 82 76 99 87 167 136 478 413 65 131 52 52
internal_count=1654 709 385 945 793 152 680 202 171 278 102 113 324 53 196 176 58 107 128 82 76 99 87 167 136 478 413 65 131 52 52
cat_boundaries=0 2 3 4 6 7
cat_threshold=3697471194 128 17043 51792 33816832 15 49417
is_linear=0
shrinkage=0.0176943


Tree=271
num_leaves=22
num_cat=2
split_feature=49 32 10 40 32 22 46 41 40 15 22 22 8 40 46 49 18 15 32 49 17
split_gain=10.9816 9.76724 8.9598 8.88207 5.9313 8.74208 5.53938 4.37996 7.74823 4.35723 6.13581 8.72582 5.53001 5.3197 3.43046 5.01036 3.32353 2.97139 2.18821 2.0397 1.01043
threshold=15.500000000000002 0.033060109242796905 0 -6.4999999999999991 0.9745212495326997 34.250000000000007 0.5113695263862611 5.5000000000000009 3.5000000000000004 -6.4999999999999991 0.75000000000000011 10.750000000000002 1 -1.0000000180025095e-35 0.98692753911018383 3.5000000000000004 1.5000000000000002 -0.74999999999999989 0.30094340443611151 18.500000000000004 4.5000000000000009
decision_type=10 8 9 8 8 8 8 10 8 10 10 10 9 8 8 10 8 8 8 10 10
left_child=2 -2 3 -1 14 6 -6 9 -9 12 13 -12 16 -11 17 -16 -4 -5 -14 -3 -21
right_child=1 19 7 4 5 -7 -8 8 -10 10 11 -13 18 -15 15 -17 -18 -19 -20 20 -22
leaf_value=0.0094135911715939585 0.015146298080867631 -0.032320277765365564 -0.023832339316745946 -0.010148227112467755 -0.014010666312706572 -0.045240130896180404 0.010291199731862374 0.0081059272555341049 -0.0210657235880253 -0.013347051011971062 0.017425245906474249 -0.033488505377239637 -0.021365214468469181 0.005378304638757837 -0.016725374862481053 -0.03543289851543565 -0.009830591423145317 -0.020276489568877613 0.010261188889844343 -0.012645725902936365 -0.01043118740751833
leaf_weight=43 43 46 36 61 29 51 103 28 26 29 197 37 27 164 29 26 191 33 364 26 27
leaf_count=43 43 46 36 61 29 51 103 28 26 29 197 37 27 164 29 26 191 33 364 26 27
internal_value=0 -0.00498403 0.000168057 -0.00216003 -0.00319768 -0.00106354 0.00134038 0.000973256 -0.00393149 0.00123605 0.00261058 0.00453684 0.000286308 0.00027502 -0.00581862 -0.00932842 -0.00186642 -0.00376442 0.00154435 -0.00804223 -0.00567469
internal_weight=0 142 1474 375 332 183 132 1099 54 1045 427 234 618 193 149 55 227 94 391 99 53
internal_count=1616 142 1474 375 332 183 132 1099 54 1045 427 234 618 193 149 55 227 94 391 99 53
cat_boundaries=0 1 2
cat_threshold=25802 53
is_linear=0
shrinkage=0.0176943


Tree=272
num_leaves=24
num_cat=4
split_feature=7 22 1 1 30 39 2 48 20 42 28 42 22 39 39 30 18 20 39 15 48 34 30
split_gain=21.5412 12.5236 7.63867 6.31542 9.21202 8.52369 7.76572 8.29898 7.28441 5.97629 13.1788 5.94338 5.40027 4.15816 4.08362 3.37808 3.17969 6.7035 5.57344 3.12504 2.92941 2.29827 1.84864
threshold=0 22.250000000000004 1 2 7.5000000000000009 0.72559523582458507 3 0.18898809701204303 231.50000000000003 12.500000000000002 16.500000000000004 6.5000000000000009 7.2500000000000009 0.96946388483047496 0.98709622025489818 11.500000000000002 3.5000000000000004 363.50000000000006 0.90839162468910228 -16.499999999999996 0.53873431682586681 14.500000000000002 15.500000000000002
decision_type=9 10 9 9 8 8 9 8 2 10 8 10 8 8 10 8 8 2 10 8 10 8 8
left_child=2 3 13 11 5 -5 7 -6 -7 14 -11 21 -8 22 16 -15 18 -18 -4 -3 -21 -2 -1
right_child=1 19 9 4 6 8 12 -9 -10 10 -12 -13 -14 15 -16 -17 17 -19 -20 20 -22 -23 -24
leaf_value=-0.021340035333295305 0.010922798576937563 0.00065936148420797517 -0.0032707396862740115 0.04629960823704312 0.018636983554475413 0.026904766375569957 0.014637687053530463 -0.0073862253852075392 -0.0036210505251256147 0.027145368454776372 -0.0020378293666728289 -0.028158100089194293 0.03327191317671007 -0.016172969368597152 -0.038666908032826582 0.00031891077636505107 -0.054799544850894971 0.00023182674402146182 0.014708487877504015 -0.037199139225309166 -0.018032428440401614 -0.0079977496933372281 -0.028911530537420002
leaf_weight=27 36 35 134 27 44 41 499 197 36 34 50 28 159 29 39 29 59 70 32 32 43 39 27
leaf_count=27 36 35 134 27 44 41 499 197 36 34 50 28 159 29 39 29 59 70 32 32 43 39 27
internal_value=0 0.00181848 -0.00242473 0.00239975 0.00281219 0.00782573 0.00226343 -0.000493443 0.00482522 -0.00124023 0.00294876 -0.00172232 0.00323155 -0.00638113 -0.00233092 -0.00366038 -0.00161943 -0.00370322 0 -0.00386029 -0.00589748 0.000707676 -0.010484
internal_weight=0 1216 530 1106 1003 104 899 241 77 418 84 103 658 112 334 58 295 129 166 110 75 75 54
internal_count=1746 1216 530 1106 1003 104 899 241 77 418 84 103 658 112 334 58 295 129 166 110 75 75 54
cat_boundaries=0 2 3 4 5
cat_threshold=1052771205 3 10804 1120257 68372
is_linear=0
shrinkage=0.0176943


Tree=273
num_leaves=28
num_cat=7
split_feature=13 2 9 22 1 32 10 42 2 22 25 42 42 25 4 48 22 40 35 34 42 40 25 25 30 48 25
split_gain=23.3915 14.0674 11.9423 15.96 11.0273 7.8578 7.19789 8.36898 6.8655 5.14393 4.94045 4.56897 3.61068 3.61028 3.5102 3.22065 6.55606 3.54921 3.21272 2.18115 1.96884 2.36364 1.76856 1.6866 1.68547 0.904836 0.819349
threshold=0 1 2 1.7500000000000002 3 0.77704679965972911 4 15.500000000000002 5 23.500000000000004 19.500000000000004 2.5000000000000004 9.5000000000000018 9.5000000000000018 6 0.59891304373741161 5.5000000000000009 -11.499999999999998 16.500000000000004 6.5000000000000009 17.500000000000004 -9.4999999999999982 4.5000000000000009 34.500000000000007 1.5000000000000002 0.35781671106815344 18.500000000000004
decision_type=9 9 9 8 9 10 9 10 9 8 10 10 8 8 9 10 10 10 8 8 8 10 10 10 10 10 10
left_child=4 9 3 10 18 22 20 12 13 11 -3 14 -8 -6 -2 16 17 -10 24 -15 21 -4 -5 -12 -1 -20 -21
right_child=1 2 6 5 8 -7 7 -9 15 -11 23 -13 -14 19 -16 -17 -18 -19 25 26 -22 -23 -24 -25 -26 -27 -28
leaf_value=-0.012120965183626611 0.033437382637674144 -0.036785861249969701 -0.022176454276875437 -0.015890971044122505 0.012479446770249201 0.028303622095693221 -0.001618960628061112 0.011602457432768208 0.038594655320632595 0.033820760344239698 -0.019166381054472426 -0.0073470701627401935 -0.023680691973706557 -0.020711436639015531 0.0029085673786437092 0.033043501935356615 -0.021456642932280442 -0.00024359701131373583 -0.0061157310600756997 -0.0093036301491528899 -0.024573925449706692 -0.01815041037265681 0.0030527974232277461 0.0066381826988222694 -0.024475585063886574 0.0074621674906357686 0.010324031641077492
leaf_weight=34 32 37 35 36 47 44 91 51 185 28 57 47 368 26 45 46 38 26 28 47 50 29 40 39 32 27 37
leaf_count=34 32 37 35 36 47 44 91 51 185 28 57 47 368 26 45 46 38 26 28 47 50 29 40 39 32 27 37
internal_value=0 -0.00178814 -0.00265312 0.000605483 0.00264044 0.00530793 -0.00396302 -0.00292631 0.00390646 0.00305812 -0.00359185 0.00171223 -0.00373924 0.000741631 0.00436567 0.00551119 0.00490307 0.00612149 -0.00202593 -0.000965059 -0.00799046 -0.00663455 0.00186235 -0.00147439 -0.00482514 0.000964978 0.000421233
internal_weight=0 1029 877 253 573 120 624 510 452 152 133 124 459 157 77 295 249 211 121 110 114 64 76 96 66 55 84
internal_count=1602 1029 877 253 573 120 624 510 452 152 133 124 459 157 77 295 249 211 121 110 114 64 76 96 66 55 84
cat_boundaries=0 2 3 4 5 6 7 8
cat_threshold=692194784 791 49568 38873095 9273 10544 35849 1
is_linear=0
shrinkage=0.0176943


Tree=274
num_leaves=28
num_cat=6
split_feature=13 9 7 13 16 30 15 7 9 34 16 15 21 21 32 46 32 32 16 32 16 15 21 21 46 34 23
split_gain=33.5615 9.21432 8.40014 7.98359 8.88137 7.96439 7.91993 6.57611 6.77953 6.09968 10.388 5.29936 5.28766 5.09087 4.77943 4.65395 4.49535 3.89586 4.92155 3.8773 5.16812 3.3992 3.32585 5.13214 3.07097 1.80778 0.795292
threshold=0 1 2 3 2.7500000000000004 5.5000000000000009 -1.7499999999999998 4 5 4.2500000000000009 4.5000000000000009 -24.499999999999996 30.500000000000004 28.500000000000004 0.97350877523422252 0.77459675073623668 0.13899821788072589 0.98709622025489818 2.2500000000000004 0.57392227649688732 1.0000000180025095e-35 -6.4999999999999991 27.500000000000004 33.500000000000007 0.43232700228691107 1.0000000180025095e-35 -0.93000000715255726
decision_type=9 9 9 9 10 10 8 9 9 10 10 10 2 2 10 8 10 8 8 10 8 10 2 2 10 8 10
left_child=7 17 5 6 15 9 21 22 13 10 -3 -6 -8 -9 19 -5 -15 18 -2 20 -10 -4 -1 -24 -16 -21 -19
right_child=1 2 3 4 11 -7 12 8 14 -11 -12 -13 -14 16 24 -17 -18 26 -20 25 -22 -23 23 -25 -26 -27 -28
leaf_value=0.038561313127161961 0.014101927242425209 -0.0049021310440909805 0.0027567372308711724 -0.043391016267182926 -0.059522161426838929 0.011922428031033761 -0.018069929542866306 0.0048370203985459931 -0.024267605163306623 -0.021341269230655813 0.037413009354201221 -0.036011001342889808 -0.0014625820956461243 0.029714990650411277 -0.045454716393116004 -0.017451719899080738 0.033266207116471568 0.034684533264759274 -0.0077344264038941603 0.0095538203018696432 0.011570889642740976 0.034647763846156095 0.014415031266326078 0.054610349478963982 0.002215059819366272 0.021739295529573103 0.040921563042453452
leaf_weight=27 26 219 28 37 32 51 80 37 38 28 33 79 118 40 30 197 37 27 26 26 155 34 51 32 39 36 28
leaf_count=27 26 219 28 37 32 51 80 37 38 28 33 79 118 40 30 197 37 27 26 26 155 34 51 32 39 36 28
internal_value=0 -0.00156273 -0.00213227 -0.00336618 -0.00513371 0.000155659 -0.000917448 0.00380516 0.00268569 -0.00101107 -0.000140419 -0.00940441 -0.00268084 0.00627822 0.00127141 -0.00332701 0.00942069 0.00317568 0 0.00242855 0.00119179 0.00456569 0.00766702 0.00660809 -0.0028205 0.00627783 0.00675505
internal_weight=0 1043 936 605 345 331 260 548 438 280 252 111 198 114 324 234 77 107 52 255 193 62 110 83 69 62 55
internal_count=1591 1043 936 605 345 331 260 548 438 280 252 111 198 114 324 234 77 107 52 255 193 62 110 83 69 62 55
cat_boundaries=0 2 3 4 6 7 8
cat_threshold=39676208 257 1107329030 92374351 2283798542 9856 37900 1771680
is_linear=0
shrinkage=0.0176943


Tree=275
num_leaves=19
num_cat=4
split_feature=3 1 47 9 14 20 7 23 23 34 19 28 19 14 20 19 21 19
split_gain=20.6025 13.1515 15.417 9.84752 9.6963 9.39 9.97357 8.54125 6.85598 6.16948 5.79372 7.31595 4.02995 3.97287 2.80103 2.36579 1.26336 0.822587
threshold=0 1 -5.4999999999999991 2 23.500000000000004 40.500000000000007 3 -3.2499999999999996 -1.8199999928474424 1.0000000180025095e-35 14.500000000000002 6.5000000000000009 12.500000000000002 1.5000000000000002 230.50000000000003 7.5000000000000009 32.500000000000007 12.500000000000002
decision_type=9 9 10 9 10 2 9 10 8 8 8 10 10 10 2 10 2 10
left_child=4 7 3 12 10 -5 -7 -2 -6 -4 11 -1 -3 -14 -12 -9 -11 -17
right_child=1 2 9 5 8 6 -8 15 -10 16 14 -13 13 -15 -16 17 -18 -19
leaf_value=-0.034295807427966854 0.0093903177915054866 -0.033891218190897188 0.0038613846274692274 -0.026037651684011398 -0.022066451284338758 0.028170993681909506 0.0088839342643945215 -0.0058441830586607171 0.020816597363662176 0.03565970053765348 -0.032617780900710797 0.0013157188197766708 -0.020287398292056107 0.0073869072258879167 -0.034466754094499209 -0.021984018163246292 0.030623004710219712 -0.041046088394028714
leaf_weight=38 35 35 39 34 30 223 780 42 33 50 50 47 52 40 30 27 28 33
leaf_count=38 35 35 39 34 30 223 780 42 33 50 50 47 52 40 30 27 28 33
internal_value=0 0.00131343 0.00187769 0.0012769 -0.0043119 0.00184208 0.00216987 -0.00373124 0.00140411 0.00801483 -0.00675567 -0.00353852 -0.00322869 -0.00153849 -0.0101732 -0.00659148 0.0108877 -0.00884601
internal_weight=0 1418 1281 1164 228 1037 1003 137 63 117 165 85 127 92 80 102 78 60
internal_count=1646 1418 1281 1164 228 1037 1003 137 63 117 165 85 127 92 80 102 78 60
cat_boundaries=0 2 4 6 7
cat_threshold=1929498648 134254866 10754 2 2594 2 1080743042
is_linear=0
shrinkage=0.0176943


Tree=276
num_leaves=30
num_cat=3
split_feature=9 2 1 32 21 23 24 21 25 25 37 22 35 22 22 40 35 27 21 27 35 27 21 22 32 25 25 21 25
split_gain=12.1277 8.73929 11.8658 8.36226 8.87871 7.80519 6.44642 6.86485 6.02844 9.1184 4.54578 4.49857 7.04628 6.16236 6.85286 4.15529 4.00363 3.48038 3.23255 2.78673 3.27706 2.22172 3.86368 2.67115 1.85064 1.46995 1.43557 1.27366 0.34036
threshold=0 1 2 0.98709622025489818 32.500000000000007 -1.0000000180025095e-35 5.2500000000000009 29.500000000000004 46.500000000000007 31.500000000000004 10.500000000000002 0.75000000000000011 22.500000000000004 8.2500000000000018 14.250000000000002 -3.4999999999999996 8.5000000000000018 1.5000000000000002 35.500000000000007 3.5000000000000004 11.500000000000002 1.0000000180025095e-35 30.500000000000004 9.2500000000000018 0.81233519315719616 33.500000000000007 11.500000000000002 35.500000000000007 36.500000000000007
decision_type=9 9 9 10 2 10 8 2 10 10 8 10 8 10 10 10 10 8 2 8 10 10 2 8 8 10 10 2 10
left_child=3 6 10 4 21 -6 11 -8 9 15 16 12 24 18 -15 -4 -3 -7 -13 20 -12 22 23 -1 -2 -14 -21 -9 -11
right_child=1 2 8 -5 5 17 7 27 -10 28 19 13 25 14 -16 -17 -18 -19 -20 26 -22 -23 -24 -25 -26 -27 -28 -29 -30
leaf_value=-0.032248595477759733 0.012289260885935127 -0.0046841439220888523 0.017034237558524574 0.0082457427163412662 -0.012699531692508894 0.035612533565995405 -0.039454273780951184 0.046018426773546041 -0.040174657796638598 0.043147019311265015 0.0069920953124153343 -0.02692881822180293 -0.00897730676263119 0.029443282026939431 -0.022179944047607033 -0.002757281267935533 0.029066727889701462 0.022573196558414964 -0.0050037779333907632 -0.04747737677884966 -0.0079969732261280894 -0.043197740194351124 0.010158275405628548 -0.0062975600375882162 0.017494207300844656 -0.0044208272958349785 -0.02824841350188307 0.024772598336483983 0.056053591615212055
leaf_weight=98 27 28 528 49 45 26 30 30 34 29 45 78 68 31 41 82 32 29 34 29 44 37 29 29 27 57 33 26 28
leaf_count=98 27 28 528 49 45 26 30 30 34 29 45 78 68 31 41 82 32 29 34 29 44 37 29 29 27 57 33 26 28
internal_value=0 0.00096795 0.00195748 -0.0027144 -0.00392524 0.00035384 -0.00104082 0.00329165 0.003061 0.00347514 -0.00168129 -0.00209597 -9.8836e-05 -0.00403873 0 0.00284265 0.00235891 0.00482503 -0.00663489 -0.00339806 -0.00139155 -0.00614232 -0.00521728 -0.00654787 0.00524199 -0.00240626 -0.00627783 0.00695037 0.0102427
internal_weight=0 1361 912 342 293 100 449 86 701 667 211 363 179 184 72 610 60 55 112 151 89 193 156 127 54 125 62 56 57
internal_count=1703 1361 912 342 293 100 449 86 701 667 211 363 179 184 72 610 60 55 112 151 89 193 156 127 54 125 62 56 57
cat_boundaries=0 1 2 3
cat_threshold=440803442 136972 42826
is_linear=0
shrinkage=0.0176943


Tree=277
num_leaves=30
num_cat=7
split_feature=13 2 8 48 9 8 8 46 35 21 49 2 21 20 48 49 37 49 46 46 21 21 37 46 23 48 20 24 21
split_gain=26.484 10.2402 10.9743 10.3127 8.41981 9.1043 8.3601 6.39084 6.06505 6.18721 4.83449 4.82484 5.47358 4.5764 4.30077 4.2959 4.14598 5.59777 3.65847 3.21404 3.27174 2.54845 3.38132 3.27664 1.99903 1.88137 1.75051 0.761511 0.53934
threshold=0 1 2 1.0227272510528567 3 4 5 0.96480908989906322 10.500000000000002 25.500000000000004 1.5000000000000002 6 32.500000000000007 144.50000000000003 0.66885966062545787 16.500000000000004 4.5000000000000009 7.5000000000000009 0.85814890265464794 0.96178188920021068 30.500000000000004 32.500000000000007 10.500000000000002 0.5113695263862611 -1.4150000214576719 0.58397436141967785 374.50000000000006 0.34500001370906835 35.500000000000007
decision_type=9 9 9 8 9 9 9 10 10 2 10 9 2 2 8 8 10 8 10 8 2 2 8 10 10 8 2 10 2
left_child=1 2 3 -1 19 13 10 16 11 -10 -3 15 -13 -6 -9 -7 17 -8 -11 -2 -21 22 -4 -24 -15 -12 -5 28 -23
right_child=4 6 21 26 5 8 7 14 9 18 25 12 -14 24 -16 -17 -18 -19 -20 20 -22 27 23 -25 -26 -27 -28 -29 -30
leaf_value=0.040190389055208095 -0.0055770828366454714 -0.043109812645569075 0.011495962279728475 -0.0028327942847197933 -0.038242508212209848 0.02927251005213884 -0.0043004913132283253 0.001612134131527277 -0.011843286156607661 0.0057888065340257616 -0.029343323268637634 -0.010200235249566935 -0.056761567287809879 -0.016748921729459455 -0.0078510037870135919 -0.01958305642584587 0.033635901785902325 0.016352903343546596 0.027702273666593141 0.022403940842135709 0.074240458304019652 0.027825983115587708 0.031930375309156558 -0.0048917484437153453 -0.032127234997182098 0.011434320848024612 -0.044703218817510972 0.034176212404228808 0.08209142257059926
leaf_weight=45 34 46 27 27 35 57 101 45 26 76 26 172 107 30 30 66 51 207 40 44 26 28 103 26 45 28 33 29 27
leaf_count=45 34 46 27 27 35 57 101 45 26 76 26 172 107 30 30 66 51 207 40 44 26 28 103 26 45 28 33 29 27
internal_value=0 0.00208985 0.00443593 -0.000461543 -0.00239607 -0.00314442 0.000520409 0.00159405 -0.00210795 0.000996794 -0.00386029 -0.00325709 -0.00446936 -0.00766702 -0.00306668 -0.000133018 0.00261218 0.00183831 0.00274547 0.00217282 0.00454945 0.00651129 0.00544412 0.00425185 -0.00589748 -0.000655219 -0.00530759 0.00926758 0.00804173
internal_weight=0 879 345 105 758 654 534 434 544 142 100 402 279 110 75 123 359 308 116 104 70 240 156 129 75 54 60 84 55
internal_count=1637 879 345 105 758 654 534 434 544 142 100 402 279 110 75 123 359 308 116 104 70 240 156 129 75 54 60 84 55
cat_boundaries=0 2 3 4 5 6 7 8
cat_threshold=433019229 141 23178 8773 1080068098 8260 32936 74
is_linear=0
shrinkage=0.0176943


Tree=278
num_leaves=17
num_cat=2
split_feature=3 1 33 40 50 41 14 14 46 17 41 29 41 33 14 41
split_gain=12.9415 9.92966 6.07284 6.23238 5.35612 5.22393 4.59055 7.88777 4.27593 4.04828 4.24967 4.07594 2.46633 2.45639 1.98728 1.91304
threshold=0 1 -1.4999999999999998 -9.4999999999999982 0.72380954027175914 7.5000000000000009 3.5000000000000004 22.500000000000004 0.43232700228691107 15.500000000000002 5.5000000000000009 1.0000000180025095e-35 3.5000000000000004 -10.499999999999998 2.2500000000000004 6.5000000000000009
decision_type=9 9 10 10 8 10 10 10 10 10 10 8 8 10 8 8
left_child=6 2 3 4 -2 9 14 12 -6 10 11 -3 -8 -5 -1 -9
right_child=1 5 -4 13 8 -7 7 15 -10 -11 -12 -13 -14 -15 -16 -17
leaf_value=-0.01415065517680014 -0.0084300961478424776 -0.0064586452652573923 0.027554292386077699 0.0079598255686746215 0.026359868425706739 -0.033304416435181047 -0.022146499735366514 -0.047099618531180713 -0.0020285506634479993 0.034350905465586869 0.012550630282329486 0.00078202871925134136 0.021569941809250225 -0.016342814395746783 -0.056566838127777443 -0.025659031400419672
leaf_weight=50 36 412 40 31 92 29 26 26 30 28 28 714 42 26 33 32
leaf_count=50 36 412 40 31 92 29 26 26 30 28 28 714 42 26 33 32
internal_value=0 0.00016783 0.00327167 0.00222198 0.0040314 -0.000507202 -0.0044436 -0.00252759 0.00580103 -0.000329331 -0.00049065 -0.000659993 0.00156106 -0.00279344 -0.00788708 -0.0073208
internal_weight=0 1466 255 215 158 1211 209 126 122 1182 1154 1126 68 57 83 58
internal_count=1675 1466 255 215 158 1211 209 126 122 1182 1154 1126 68 57 83 58
cat_boundaries=0 2 4
cat_threshold=604537941 2149868072 134678872 16
is_linear=0
shrinkage=0.0176943


Tree=279
num_leaves=26
num_cat=4
split_feature=13 8 27 27 2 23 14 41 14 17 17 47 13 16 48 48 24 16 14 48 48 27 48 17 23
split_gain=21.697 9.28856 9.55944 11.8953 8.91258 8.87745 8.07944 7.75499 6.39216 9.07089 6.38164 5.9594 5.50211 5.18969 4.88113 4.53751 4.42814 7.98117 4.05573 2.41959 11.5737 1.18547 1.06301 3.06294 0.930947
threshold=0 1 4.5000000000000009 9.5000000000000018 2 -4.7499999999999991 28.500000000000004 9.5000000000000018 32.500000000000007 3.5000000000000004 5.5000000000000009 -4.4999999999999991 3 0.75000000000000011 0.63680925965309154 0.13484849035739901 0.76500001549720775 2.7500000000000004 17.500000000000004 0.91010102629661571 0.57052442431449901 2.5000000000000004 0.58842146396636974 13.500000000000002 -2.2499999999999996
decision_type=9 9 8 8 9 8 8 8 10 8 8 8 9 10 8 8 10 10 8 10 10 8 8 8 10
left_child=4 16 6 -4 11 -6 19 -5 9 -7 -11 -1 14 -9 -13 -14 22 -18 -17 20 -3 -16 -2 -24 -25
right_child=1 2 3 7 5 8 -8 13 -10 10 -12 12 15 -15 21 18 17 -19 -20 -21 -22 -23 23 24 -26
leaf_value=-0.009254904628402021 0.005757322415966811 -0.011053420552573759 0.061586732368015339 -0.0404899659065397 -0.022718019391038593 -0.042257088246131058 -0.029276018406209085 0.0016187821863555842 0.048649195097405812 0.019480908139630687 0.0041001533018070633 0.020436215395027695 0.0014228404594089068 -0.031062715214029219 0.00012331991683692511 0.032505541360467349 -0.048394584431214152 0.0043921431845886762 0.025479549483741905 -0.0016888886341868688 -0.063510457063988585 -0.016518868100094963 -0.010130357052242843 0.0054307136695589172 0.026816275670292763
leaf_weight=39 41 142 42 31 29 39 31 204 34 32 204 35 28 85 39 99 31 45 111 37 26 29 48 33 88
leaf_count=39 41 142 42 31 29 39 31 204 34 32 204 35 28 85 39 99 31 45 111 37 26 29 48 33 88
internal_value=0 -0.00178128 -0.00302661 -0.00127083 0.00233328 0.000203373 -0.00584791 -0.0024329 0.00108796 0.000193016 0.00149946 0.00417395 0.00503315 -0.0015306 0.00109602 0.0064211 0.000836863 -0.00279353 0.00758298 -0.00457444 -0.00547654 -0.00156106 0.00219063 0.00157042 0.0030707
internal_weight=0 884 598 362 718 338 236 320 309 275 236 380 341 289 103 238 286 76 210 205 168 68 210 169 121
internal_count=1602 884 598 362 718 338 236 320 309 275 236 380 341 289 103 238 286 76 210 205 168 68 210 169 121
cat_boundaries=0 2 3 4 5
cat_threshold=3965047216 1678 20897 140982 5505184
is_linear=0
shrinkage=0.0176943


Tree=280
num_leaves=33
num_cat=7
split_feature=13 2 32 2 15 13 48 5 36 15 48 44 21 15 15 8 2 44 34 25 25 32 15 36 21 25 15 48 21 48 14 25
split_gain=15.6721 10.2852 8.01175 10.3838 7.91903 6.29141 10.5217 8.21399 6.86702 5.82761 6.20813 9.73859 5.76433 6.0027 5.68827 5.60969 5.64917 5.36293 5.17629 4.79064 3.97254 3.6561 2.94234 2.83693 2.88313 2.55349 2.37538 2.17578 2.12961 1.88123 1.5653 1.18078
threshold=0 1 0.96273148059844982 2 -7.7499999999999991 3 0.58397436141967785 4 4.2500000000000009 -8.7499999999999982 0.10762548446655275 1.5000000000000002 30.500000000000004 -5.7499999999999991 -3.2499999999999996 5 6 1.5000000000000002 3.5000000000000004 17.500000000000004 6.5000000000000009 0.66165158152580272 -7.7499999999999991 2.5000000000000004 27.500000000000004 16.500000000000004 -1.7499999999999998 0.38522107899189001 31.500000000000004 0.63582888245582592 38.250000000000007 16.500000000000004
decision_type=9 9 10 9 10 9 8 9 8 8 10 10 2 10 10 9 9 10 8 10 10 10 8 8 2 10 8 10 2 10 8 8
left_child=2 5 3 4 31 7 27 -2 29 17 15 14 18 -14 -12 21 -17 20 -4 -10 -3 -11 -5 25 -25 -24 -13 -7 -6 -8 -9 -1
right_child=1 9 12 22 28 6 8 30 19 10 11 26 13 -15 -16 16 -18 -19 -20 -21 -22 -23 23 24 -26 -27 -28 -29 -30 -31 -32 -33
leaf_value=-0.054473604785284138 -0.021652426871430933 -0.057343093873901664 0.0038943202204618443 -0.0068863638640299686 0.014259181063320421 -0.016325343827415423 0.032349455513484116 0.0060676993291479461 0.022510944114491612 0.0004987601325550326 0.034683935273371568 -0.024901632332525889 -0.05433450668579691 -0.016038700392628356 0.014281156182912437 -0.00016036537198940541 0.028791227505651319 0.0069459274836606672 -0.028600328819388315 -0.050598363461268059 0.0035321238672847352 -0.02573095076165105 0.036200981338835675 0.022215705596551418 -0.0086834389448504374 0.00065279941714790001 0.015596378533574509 -0.043630631248199485 -0.016965808721307471 0.03230091723865762 -0.011887134803313723 -0.030556454222089875
leaf_weight=30 48 34 27 33 29 33 34 28 60 80 77 31 27 34 93 121 224 26 28 32 38 32 34 49 93 35 29 26 28 29 34 44
leaf_count=30 48 34 27 33 29 33 34 28 60 80 77 31 27 34 93 121 224 26 28 32 38 32 34 49 93 35 29 26 28 29 34 44
internal_value=0 0.00147056 -0.00229562 -0.00108522 -0.00489389 -0.00116546 0.000631908 -0.00442328 0.00308207 0.00255952 0.00316793 0.00553889 -0.00640612 -0.0101512 0.00770186 0.0019746 0.00304035 -0.0014443 -0.00225166 0 -0.00393163 -0.00145025 0.00111456 0.00192868 0.000498391 0.00487178 -0.000589705 -0.00569741 -0.000310353 0.00758234 -0.000570684 -0.00908531
internal_weight=0 1109 491 375 131 324 214 110 155 785 687 230 116 61 170 457 345 98 55 92 72 112 244 211 142 69 60 59 57 63 62 74
internal_count=1600 1109 491 375 131 324 214 110 155 785 687 230 116 61 170 457 345 98 55 92 72 112 244 211 142 69 60 59 57 63 62 74
cat_boundaries=0 2 3 4 5 6 7 8
cat_threshold=160797216 1102 472452 60 4326725 1 1170 17
is_linear=0
shrinkage=0.0176943


Tree=281
num_leaves=26
num_cat=4
split_feature=13 7 50 10 25 44 44 10 25 25 35 35 30 25 33 25 33 35 30 28 15 28 15 40 22
split_gain=30.6186 14.2663 11.6219 10.2716 9.67035 7.50332 9.2617 6.15682 5.39629 5.38006 5.16876 4.60641 4.01967 3.94379 3.86874 3.80204 3.56092 7.4154 6.28196 5.27777 2.19089 1.78403 1.37848 1.13562 0.888718
threshold=0 1 0.61250001192092907 2 15.500000000000002 5.5000000000000009 9.5000000000000018 3 19.500000000000004 3.5000000000000004 24.500000000000004 6.5000000000000009 12.500000000000002 14.500000000000002 -1.0000000180025095e-35 12.500000000000002 -5.4999999999999991 7.5000000000000009 7.5000000000000009 1.5000000000000002 -2.2499999999999996 7.5000000000000009 -2.2499999999999996 1.0000000180025095e-35 11.414999961853029
decision_type=9 9 8 9 10 8 8 9 10 10 8 10 8 10 8 8 8 10 10 10 10 8 10 8 10
left_child=7 4 12 13 14 -5 -7 11 -6 24 -10 -1 -3 23 -2 21 17 -11 19 -18 -13 -16 -15 -4 -9
right_child=1 2 3 5 8 6 -8 9 10 16 -12 20 -14 22 15 -17 18 -19 -20 -21 -22 -23 -24 -25 -26
leaf_value=-0.023286283663624428 -0.016512203973070589 0.0056131833345927527 0.033091307050662239 0.034751043673605826 -0.048764611249613551 -0.028738910191831068 0.015464192865857953 -0.0034484778070764271 -0.032804514301829582 0.061404574806346049 0.0022529035626090215 0.008363404211102923 -0.023427108751038629 0.031629108906871026 0.0093718355061608704 -0.0054857483140779584 -0.020070665008909579 -0.017427112301761378 0.0088139704539978419 -0.025279350119586222 0.0022573006860545732 0.029885609772350209 0.013194956848276779 0.035873236178227769 0.020580673281612435
leaf_weight=50 46 30 27 27 32 27 489 58 43 26 46 29 48 27 28 44 196 28 29 150 37 28 29 26 27
leaf_count=50 46 30 27 27 32 27 489 58 43 26 46 29 48 27 28 44 196 28 29 150 37 28 29 26 27
internal_value=0 0.00240724 0.00368228 0.00450492 -0.00108589 0.00329563 0.00288042 -0.00254352 -0.0048254 -0.00337671 -0.00258432 0.00112336 -0.00272191 0.00936695 0.00193899 0.00389243 -0.00424819 0 -0.00485992 -0.00552294 0.00428901 0.00695037 0.00695037 0.0136861 0.000624427
internal_weight=0 997 730 652 267 543 516 630 121 514 89 116 78 109 146 100 429 54 375 346 66 56 56 53 85
internal_count=1627 997 730 652 267 543 516 630 121 514 89 116 78 109 146 100 429 54 375 346 66 56 56 53 85
cat_boundaries=0 2 4 5 6
cat_threshold=2294032397 12225 19940036 12 898 21002
is_linear=0
shrinkage=0.0176943


Tree=282
num_leaves=31
num_cat=5
split_feature=13 7 49 8 32 39 9 8 21 23 24 32 32 19 25 23 21 40 20 32 22 20 21 20 20 35 25 20 20 35
split_gain=26.366 12.2665 9.22066 8.22296 7.7095 9.68447 6.18712 6.04047 5.77746 7.9132 7.08332 10.0476 5.93615 5.22679 4.77584 4.13317 4.11026 4.04809 4.34053 3.36326 3.86447 3.2656 3.18367 3.00895 5.04906 4.92196 2.74942 2.61831 2.59356 1.98856
threshold=0 1 1.5000000000000002 2 0.98473194241523754 0.97162976861000072 3 4 29.500000000000004 -1.8199999928474424 19.250000000000004 0.88589513301849376 0.41469003260135656 261.00000000000006 44.500000000000007 -3.8350000381469722 27.500000000000004 -8.4999999999999982 117.50000000000001 0.29616476595401769 6.1649999618530282 218.50000000000003 27.500000000000004 115.50000000000001 153.00000000000003 5.5000000000000009 22.500000000000004 339.50000000000006 359.50000000000006 15.500000000000002
decision_type=9 9 8 9 8 8 9 9 2 8 8 8 8 8 10 10 2 10 2 8 8 2 2 2 2 10 8 2 2 8
left_child=6 2 -2 4 5 -3 17 19 10 15 11 -5 -11 22 23 -10 -6 18 -1 -8 28 -22 -4 25 -25 -9 -20 -18 -21 -24
right_child=1 3 13 8 16 -7 7 14 9 12 -12 -13 -14 -15 -16 -17 27 -19 26 20 21 -23 29 24 -26 -27 -28 -29 -30 -31
leaf_value=0.0057357308812631637 0.034229318068274291 -0.016465610206098939 -0.014084687028215769 -0.030842519493044708 0.0096866264144772445 0.020968504225653068 -0.029514360513238958 0.016953304379900842 -0.001757841447333058 0.040378138996926966 0.022566855410402292 -0.0080893671131896851 0.0020827111897101886 -0.0088511768329934022 -0.020831422747778786 -0.033110471540801448 0.040548706910924499 0.0026421924822301142 0.042174816551146903 0.020532763238659133 0.00056315367255331354 -0.045260716355679576 -0.040108685785473067 0.042909630898410794 0.029856179243468745 -0.014685739034274042 0.066126642291958415 0.038041353956420831 -0.0073843570904590979 -0.033952422903147726
leaf_weight=32 33 51 45 56 36 27 37 36 42 34 35 122 225 44 41 29 43 38 35 66 30 30 44 27 209 39 31 32 40 90
leaf_count=32 33 51 45 56 36 27 37 36 42 34 35 122 225 44 41 29 43 38 35 66 30 30 44 27 209 39 31 32 40 90
internal_value=0 -0.00152474 -0.00478928 -0.000333848 0.00275628 -0.00136094 0.00295322 0.00203559 -0.00143984 0 -0.00373808 -0.00516888 0.00143462 -0.00626815 0.00342147 -0.00523294 0.00589768 0.00630173 0.0086659 -0.000415335 0.000639512 -0.00294865 -0.00761117 0.004267 0.00524812 0.00117948 0.0112587 0.00825648 0.00267063 -0.00897867
internal_weight=0 988 256 732 189 78 691 555 543 330 213 178 259 223 352 71 111 136 98 203 166 60 179 311 236 75 66 75 106 134
internal_count=1679 988 256 732 189 78 691 555 543 330 213 178 259 223 352 71 111 136 98 203 166 60 179 311 236 75 66 75 106 134
cat_boundaries=0 2 3 4 5 6
cat_threshold=3496169533 832 278966804 1030 3408902 6195
is_linear=0
shrinkage=0.0176943


Tree=283
num_leaves=31
num_cat=1
split_feature=2 48 19 49 35 28 32 21 33 17 19 47 28 32 21 48 49 28 28 21 25 17 35 25 21 28 48 28 21 21
split_gain=8.75085 9.71507 7.74656 7.86118 11.5437 8.27977 9.49492 6.83392 6.56325 9.00445 5.43908 5.03216 4.93298 4.50022 8.25568 4.92876 3.86745 8.35172 3.81661 3.76386 3.46688 3.36068 7.60357 7.34412 6.00751 3.30862 2.70285 2.51797 0.510998 1.34501
threshold=0 0.7228132188320161 2012.5000000000002 3.5000000000000004 9.5000000000000018 19.500000000000004 0.51282894611358654 25.500000000000004 -9.4999999999999982 14.500000000000002 111.00000000000001 -5.4999999999999991 10.500000000000002 0.98709622025489818 28.500000000000004 0.10762548446655275 1.0000000180025095e-35 4.5000000000000009 22.500000000000004 30.500000000000004 70.500000000000014 2.5000000000000004 7.5000000000000009 38.500000000000007 29.500000000000004 9.5000000000000018 0.74352160096168529 14.500000000000002 29.500000000000004 33.500000000000007
decision_type=9 8 8 8 10 8 10 2 10 8 10 8 10 8 2 10 10 8 10 2 10 10 10 8 2 8 10 8 2 2
left_child=1 10 3 4 16 8 20 -4 9 -5 13 -3 -10 14 -1 -16 -2 -18 -8 -15 -7 23 25 27 -25 -23 -24 -13 -9 -30
right_child=2 11 7 5 -6 6 18 28 12 -11 -12 21 -14 19 15 -17 17 -19 -20 -21 -22 22 26 24 -26 -27 -28 -29 29 -31
leaf_value=-0.022905896305048117 -0.015558433300850475 -0.020202168622802164 -0.0052657679150414994 -0.020614176445743034 0.037777512647445832 0.0081865524201628955 0.0099133845736353744 0.087466825984049409 -0.010290788811841672 0.019377582384180834 -0.020845397121107338 -0.0050479305128040943 0.010925922455395998 0.048470454873909677 0.015209481516553389 0.0014022907290386988 0.020860334472674557 0.010299743953195063 0.039687789550800823 0.010924724155738058 -0.019364480359276608 0.018053743172316235 -0.0044124962143917345 -0.03389784300975953 0.030314500670253243 7.1578834287593733e-05 -0.023345020625651424 -0.041828274656548134 0.088831681746517316 0.080393655423165677
leaf_weight=36 48 28 39 153 41 319 29 29 51 32 27 37 75 51 29 61 36 76 26 49 26 34 32 30 45 57 37 66 27 32
leaf_count=36 48 28 39 153 41 319 29 29 51 32 27 37 75 51 29 61 36 76 26 49 26 34 32 30 45 57 37 66 27 32
internal_value=0 -0.00104082 0.00160242 0.00104768 0.0041373 0.000174201 0.00185786 0.00571197 -0.00199126 -0.00411254 0.00160851 -0.00290063 0.00112336 0.00250529 0.00028083 0.00314537 0.0019905 0.00379136 0.00868507 0.00530787 0.000769293 -0.00230334 -0.000442324 -0.00397606 0.000235875 0.00291638 -0.00487178 -0.00704282 0.00844426 0.0074966
internal_weight=0 619 1039 912 201 711 400 127 311 185 253 366 126 226 126 90 160 112 55 100 345 338 160 178 75 91 69 103 88 59
internal_count=1658 619 1039 912 201 711 400 127 311 185 253 366 126 226 126 90 160 112 55 100 345 338 160 178 75 91 69 103 88 59
cat_boundaries=0 1
cat_threshold=434084
is_linear=0
shrinkage=0.0176943


Tree=284
num_leaves=27
num_cat=4
split_feature=13 9 22 13 22 15 19 10 35 19 35 48 37 35 15 35 15 19 42 41 15 19 22 22 19 19
split_gain=22.2396 16.9738 8.01265 5.94921 8.7178 7.31541 6.26825 5.65641 7.82531 5.63005 7.96554 5.90539 5.46475 8.52853 5.94678 5.37259 4.48929 3.57453 3.26439 3.13013 3.06643 2.85257 2.03986 1.31805 1.09085 0.598482
threshold=0 1 12.500000000000002 2 12.500000000000002 -9.2499999999999982 250.50000000000003 3 1.5000000000000002 5.5000000000000009 9.5000000000000018 0.77913278341293346 4.5000000000000009 1.0000000180025095e-35 -2.2499999999999996 15.500000000000002 -6.4999999999999991 11.500000000000002 10.500000000000002 4.2500000000000009 -37.499999999999993 17.500000000000004 1.1650000214576723 2.5000000000000004 249.50000000000003 953.00000000000011
decision_type=9 9 8 9 10 10 8 9 10 10 10 8 10 10 10 10 10 10 10 8 10 10 10 8 8 8
left_child=2 12 9 4 5 23 7 8 -5 -1 11 21 13 16 19 -9 24 -7 -14 -15 -4 -11 -13 -3 -2 -8
right_child=1 3 20 6 -6 17 25 15 -10 10 -12 22 18 14 -16 -17 -18 -19 -20 -21 -22 -23 -24 -25 -26 -27
leaf_value=-0.0098909764126181889 0.052731180473419757 -0.0017333674520877932 0.029778108232756055 0.015263821791719073 -0.047611016589161101 -0.030125120114160426 -0.05649164090023942 -0.0010021252725594218 -0.021057550639108667 0.007770381030457638 0.035170841100914084 0.041483075216053558 0.0049300738619518936 0.017707805995699433 -0.030087404843410073 0.022106267979197017 0.044893812337229444 -0.0062780540063458569 0.019652407098438501 -0.014999874925509112 0.034944818779499107 -0.01888645632162823 0.0012126264318453089 0.008273923473340411 0.0015085193201861569 -0.020246350772210354
leaf_weight=42 33 53 57 26 36 44 36 473 86 26 50 87 30 41 31 64 37 50 30 28 27 29 28 42 39 89
leaf_count=42 33 53 57 26 36 44 36 473 86 26 50 87 30 41 31 64 37 50 30 28 27 29 28 42 39 89
internal_value=0 -0.00102454 0.00397615 -0.00208682 -0.00459282 -0.00327658 -0.001309 -0.000627059 -0.00406072 0.00256626 0.00369958 0.00187342 0.00285383 0.0016085 -0.00212314 0.000161733 0.00503195 -0.00677597 0.00766654 0.000769206 0.00884633 -0.002895 0.00415402 0.000186221 0.00245726 -0.00495408
internal_weight=0 1268 346 999 225 189 774 649 112 262 220 170 269 209 100 537 109 94 60 69 84 55 115 95 72 125
internal_count=1614 1268 346 999 225 189 774 649 112 262 220 170 269 209 100 537 109 94 60 69 84 55 115 95 72 125
cat_boundaries=0 2 3 5 6
cat_threshold=1078068354 2964 571494732 269486416 16393 408
is_linear=0
shrinkage=0.0176943


Tree=285
num_leaves=24
num_cat=4
split_feature=13 9 46 39 21 21 46 46 13 19 19 21 27 28 16 19 46 19 21 13 39 19 33
split_gain=19.5611 8.28375 6.47145 7.16777 6.344 6.33504 6.40398 6.74199 5.76107 6.94403 5.90458 5.63697 5.73268 5.35198 4.99058 4.96059 4.40141 3.50444 3.20647 4.02943 3.19642 3.03327 2.2939
threshold=0 1 0.98181217908859264 0.98437118530273449 32.500000000000007 26.500000000000004 0.34821428358554846 0.96128869056701671 2 2.5000000000000004 5.5000000000000009 37.500000000000007 2.5000000000000004 2.5000000000000004 11.250000000000002 11.500000000000002 0.96638417243957531 10.500000000000002 24.500000000000004 3 0.97530490159988414 91.500000000000014 -2.4999999999999996
decision_type=9 9 10 10 2 2 8 8 9 8 8 2 10 8 10 10 10 8 2 9 8 10 8
left_child=2 5 3 4 18 17 -7 -8 9 -3 16 12 -12 -11 -15 -9 22 -2 -1 -20 -6 -22 -10
right_child=1 8 -4 -5 20 6 7 15 10 13 11 -13 -14 14 -16 -17 -18 -19 19 -21 21 -23 -24
leaf_value=-0.036308169892271952 -0.0055387213756789991 -0.029455387943254415 -0.029259177108099787 0.039088539111888733 0.028663794370770081 0.016535906580150347 -0.033275790726956321 0.020245797711226025 0.029810306853908848 0.036189171391072618 0.010863218108224748 0.059814111035355347 -0.028390778913591604 0.0073107474489226224 -0.026523695196400042 -0.025433410474991779 0.0056151566230568245 -0.061063752607445856 -0.0068185701647565699 -0.027337788249652335 -0.049271418206656405 0.02431494719061985 0.016593628633411597
leaf_weight=39 30 31 28 34 26 33 32 53 26 41 215 36 43 415 40 67 33 31 112 116 60 49 54
leaf_count=39 30 31 28 34 26 33 32 53 26 41 215 36 43 415 40 67 33 31 112 116 60 49 54
internal_value=0 0.00118952 -0.00306098 -0.00259727 -0.00325709 -0.00165878 -9.56307e-05 -0.00162964 0.00194935 0.000691941 0.00352181 0.00228695 0.0013716 0.00121289 0.000661089 0.000294871 0.00704591 -0.00667077 -0.00483761 -0.00403539 -0.000131048 -0.00146088 0.00928861
internal_weight=0 1180 464 436 402 246 185 152 934 527 407 294 258 496 455 120 113 61 267 228 135 109 80
internal_count=1644 1180 464 436 402 246 185 152 934 527 407 294 258 496 455 120 113 61 267 228 135 109 80
cat_boundaries=0 2 3 5 7
cat_threshold=276317196 22464 58788708 696529362 10 5767180 4096
is_linear=0
shrinkage=0.0176943


Tree=286
num_leaves=25
num_cat=4
split_feature=3 7 2 36 22 39 46 2 46 39 20 23 46 39 36 20 46 26 47 46 39 15 23 39
split_gain=27.1118 12.5224 11.2963 6.38304 6.34358 6.7008 8.42045 6.29425 6.10487 6.73671 4.24249 4.98737 4.14192 3.36898 2.94806 2.85257 2.8236 2.80094 2.20341 4.14883 4.50253 1.59645 1.47101 1.38067
threshold=0 1 2 1.2500000000000002 27.250000000000004 0.9856107532978059 0.98786765336990368 3 0.19576325267553332 0.98076212406158458 91.500000000000014 -13.749999999999998 0.65960046648979198 0.96238207817077648 9.5000000000000018 169.50000000000003 0.9856107532978059 1.5000000000000002 -1.4999999999999998 0.29925373196601873 0.96799793839454662 -2.2499999999999996 -4.7499999999999991 0.95040982961654674
decision_type=9 9 9 10 10 8 8 9 10 10 2 10 8 10 8 2 8 8 8 10 8 10 10 8
left_child=3 10 8 17 5 7 -7 -4 14 15 21 -12 23 -6 -3 -10 -14 18 -1 20 -20 -2 -16 -13
right_child=1 2 4 -5 13 6 -8 -9 9 -11 11 12 16 -15 22 -17 -18 -19 19 -21 -22 -23 -24 -25
leaf_value=-0.019426462632303021 0.01170714870375154 -0.028590793791054642 -0.010380118729904308 0.0054201793101869454 -0.054408239742758338 0.047817311617355654 0.012750390157766895 0.0072513717356263666 -0.020859423575155286 0.011817971458855931 0.045602500308694879 0.041430676299074307 -0.023059860374183463 -0.0079554347959950884 -0.0068739677884741045 0.001477841663319279 0.0086985790100695595 -0.069859422024515408 -0.057768932356658878 0.001547697624666681 -0.013929369478332733 0.02685979944089999 -0.026651713547568606 0.038201011490048266
leaf_weight=26 33 38 128 43 28 46 529 134 29 31 35 31 39 26 40 26 124 27 29 29 58 29 89 26
leaf_count=26 33 38 128 43 28 46 529 134 29 31 35 31 39 26 40 26 124 27 29 29 58 29 89 26
internal_value=0 0.00121489 0.000337322 -0.00541967 0.00127649 0.00167005 0.00273872 -0.000675327 -0.00289289 0.000822896 0.00427466 0.00339997 0.00241276 -0.00458674 -0.00497959 -0.002895 0.000976928 -0.00722396 -0.00623003 -0.0051859 -0.00711775 0.00856069 -0.00370322 0.00651806
internal_weight=0 1461 1144 212 891 837 575 262 253 86 317 255 220 54 167 55 163 169 142 116 87 62 129 57
internal_count=1673 1461 1144 212 891 837 575 262 253 86 317 255 220 54 167 55 163 169 142 116 87 62 129 57
cat_boundaries=0 3 5 6 7
cat_threshold=547652635 2166883328 1 695747360 8 414276 1027
is_linear=0
shrinkage=0.0176943


Tree=287
num_leaves=29
num_cat=4
split_feature=13 7 28 20 20 13 32 4 49 22 20 28 19 20 20 22 32 15 20 24 24 20 20 37 28 19 32 19
split_gain=31.1935 14.32 7.91169 8.96812 7.25129 5.81928 5.58162 5.56205 5.28893 5.24969 4.17784 6.23936 4.1272 5.06616 3.95329 3.86295 3.24775 5.54567 3.16561 3.24877 2.9978 2.88457 2.70285 2.51582 2.4068 2.00684 1.74536 0.649031
threshold=0 1 13.500000000000002 476.50000000000006 40.500000000000007 2 0.70064935088157665 3 15.500000000000002 2.5000000000000004 330.50000000000006 4.5000000000000009 136.50000000000003 407.50000000000006 74.500000000000014 3.1649999618530278 0.62593284249305736 -1.7499999999999998 120.50000000000001 1.0000000180025095e-35 2.7500000000000004 400.50000000000006 156.50000000000003 7.5000000000000009 17.500000000000004 190.50000000000003 0.67936623096466076 290.50000000000006
decision_type=9 9 10 2 2 9 10 9 8 10 2 8 10 2 2 10 8 8 2 8 10 2 2 10 10 8 10 8
left_child=4 12 3 5 -1 7 -7 -3 10 24 11 -6 16 -14 -13 25 17 -2 -10 21 23 -20 -19 -18 -4 -5 -26 -21
right_child=1 2 9 15 8 6 -8 -9 18 -11 -12 14 13 -15 -16 -17 20 22 19 27 -22 -23 -24 -25 26 -27 -28 -29
leaf_value=-0.035481377515510774 -0.029147243824642368 -0.010223444163267112 -0.018131460006643361 -0.072351679364611093 -0.039383657405742956 0.029357664281075037 -0.00057670944632354877 0.014150986524646594 -0.032601879952048995 -0.052284592638895545 0.005356246198688768 0.014028015296157709 -0.027234445336779455 0.012524781531381859 -0.0064789080923452211 0.035143656157393247 0.025927304079668815 0.0529647477802941 -0.0014445837011305455 -0.037721611222446348 0.0098506758081607984 -0.028131426152820962 0.0022845459488189373 0.0015863369845101941 -0.0059477718105672584 -0.030756592252792647 0.0081914119088460653 -0.036767747087379989
leaf_weight=35 27 46 29 37 49 178 92 71 37 27 40 32 33 31 193 32 161 37 67 27 32 77 32 27 33 70 42 37
leaf_count=35 27 46 29 37 49 178 92 71 37 27 40 32 33 31 193 32 161 37 67 27 32 77 32 27 33 70 42 37
internal_value=0 0.00130129 -0.000291803 0.000672772 -0.00374973 0.00205743 0.00341237 -0.00125384 -0.00332356 -0.00418694 -0.00180319 -0.00258303 0.00399247 0 -0.00133685 -0.00318224 0.00492739 0.00221159 -0.005272 -0.0044234 0.00611235 -0.00294888 0.00487178 0.00696448 -0.00238173 -0.00479529 -0.000707676 -0.00774032
internal_weight=0 1037 657 526 594 387 270 117 559 131 314 274 380 64 225 139 316 96 245 208 220 144 69 188 104 107 75 64
internal_count=1631 1037 657 526 594 387 270 117 559 131 314 274 380 64 225 139 316 96 245 208 220 144 69 188 104 107 75 64
cat_boundaries=0 2 3 5 6
cat_threshold=1023533168 17638 2517260038 34736392 256 1
is_linear=0
shrinkage=0.0176943


Tree=288
num_leaves=23
num_cat=3
split_feature=12 9 14 33 28 19 8 21 28 24 19 35 19 24 35 21 32 21 19 35 14 21
split_gain=12.5116 10.1473 10.8727 8.51659 6.15781 7.83638 4.7631 5.94232 5.23557 4.57189 5.31796 12.1958 5.56702 4.14737 3.90422 3.65817 6.21925 4.16941 3.62082 3.80041 1.08296 0.746452
threshold=0 1 35.500000000000007 1.5000000000000002 15.500000000000002 9.5000000000000018 2 34.500000000000007 4.5000000000000009 3.5700000524520878 10.500000000000002 17.500000000000004 310.50000000000006 1.1650000214576723 1.5000000000000002 29.500000000000004 0.027973395772278312 32.500000000000007 14.500000000000002 12.500000000000002 2.2500000000000004 28.500000000000004
decision_type=9 9 8 10 8 10 9 2 10 10 8 8 10 10 10 2 10 2 10 8 10 2
left_child=18 6 3 4 13 -6 8 15 21 10 11 -4 -12 -3 -11 16 -8 -17 19 -1 -10 -2
right_child=1 2 9 -5 5 -7 7 -9 20 14 12 -13 -14 -15 -16 17 -18 -19 -20 -21 -22 -23
leaf_value=0.0066203541705383744 0.011182196496783118 -0.01319541502138785 -0.015924061661027639 0.034149966713084547 0.011115938924916191 -0.010074802473940641 -0.0074955100401481768 -0.0026683325596869624 -0.027189876261785852 0.0057575484476256418 -0.0051177381461953728 0.059953571199512473 0.052647458085536523 -0.036140534298408286 0.028640480746132416 0.039760419804953769 0.010323645966925072 0.014471010821721319 -0.047564778942276113 -0.025975012847555917 -0.0090247836395932826 0.012084782689268483
leaf_weight=31 26 244 32 30 80 221 33 49 26 46 371 43 35 73 26 49 76 30 29 51 29 29
leaf_count=31 26 244 32 30 80 221 33 49 26 46 371 43 35 73 26 49 76 30 29 51 29 29
internal_value=0 0.000204424 -0.000569835 -0.00212984 -0.0025768 -0.000764179 0.00282507 0.00422643 -0.000294871 0.00124786 0.000625355 0.00495388 -0.00017432 -0.00429787 0.005406 0.0058351 0.00373338 0.0087343 -0.00570274 -0.00431526 -0.00418168 0.00353834
internal_weight=0 1548 1201 648 618 301 347 237 110 553 481 75 406 317 72 188 109 79 111 82 55 55
internal_count=1659 1548 1201 648 618 301 347 237 110 553 481 75 406 317 72 188 109 79 111 82 55 55
cat_boundaries=0 1 2 3
cat_threshold=5409 1066484170 1332
is_linear=0
shrinkage=0.0176943


Tree=289
num_leaves=27
num_cat=7
split_feature=7 9 1 35 42 1 8 19 30 17 35 24 9 24 30 15 42 15 40 15 24 42 7 17 17 42
split_gain=21.593 10.1651 9.35483 7.89616 9.21837 7.33746 5.73619 5.52679 5.39135 7.27745 4.94319 4.40431 5.26682 4.19097 3.65475 3.65247 3.60467 3.93033 3.07315 3.3411 2.64742 2.40139 2.24331 2.42543 1.66035 0.307545
threshold=0 1 2 4.5000000000000009 8.5000000000000018 3 4 115.00000000000001 8.5000000000000018 7.5000000000000009 20.500000000000004 3.5700000524520878 5 1.5699999928474428 3.5000000000000004 -0.74999999999999989 14.500000000000002 -13.749999999999998 -9.4999999999999982 -0.74999999999999989 1.0000000180025095e-35 21.500000000000004 6 14.500000000000002 7.5000000000000009 6.5000000000000009
decision_type=9 9 9 8 8 9 9 8 8 8 8 10 9 10 10 8 10 10 10 8 8 8 9 8 10 10
left_child=2 8 13 4 -4 18 7 15 -2 25 16 12 -8 14 -1 -7 17 -5 19 -3 21 -11 24 -24 -12 -10
right_child=1 5 3 10 -6 6 11 -9 9 20 22 -13 -14 -15 -16 -17 -18 -19 -20 -21 -22 -23 23 -25 -26 -27
leaf_value=-0.029095215010830733 -0.044993340983388731 -0.001714696250407186 0.026921380671304465 0.027858976794307513 -0.033539042138497642 0.028242817938109913 0.011800970032327277 -0.0017570313271454447 0.0094199356831939935 -0.051496513403712807 0.014991957868840854 0.012255389777091258 -0.012673039511585396 0.018045995527455422 0.000970790915120165 0.002130341076094988 0.012832775292316297 0.018885927681446976 -0.028844749883676541 -0.046472089893579337 -0.011244208827059853 -0.0213657702797601 0.04120745295513685 0.0087879616791597254 -0.0095717949043987449 -0.006381590739700925
leaf_weight=47 47 48 37 33 28 29 101 43 26 28 78 47 467 27 30 31 33 83 36 27 38 49 57 113 27 26
leaf_count=47 47 48 37 33 28 29 101 43 26 28 78 47 467 27 30 31 33 83 36 27 38 49 57 113 27 26
internal_value=0 -0.00199962 0.00220075 0.00322676 -0.00244967 -0.00107556 -0.000388878 0.00328808 -0.00537128 -0.004132 0.0041731 -0.00104748 -0.00149527 -0.00248323 -0.00482522 0.0070768 0.0067686 0.00823644 -0.00511785 -0.00353848 -0.00661567 -0.0085016 0.00276666 0.00393189 0.000461543 0.00136087
internal_weight=0 1043 593 489 65 829 718 103 214 167 424 615 568 104 77 60 149 116 111 75 115 77 275 170 105 52
internal_count=1636 1043 593 489 65 829 718 103 214 167 424 615 568 104 77 60 149 116 111 75 115 77 275 170 105 52
cat_boundaries=0 2 3 4 5 6 7 8
cat_threshold=2448912916 57 151560347 524933 37914 17428 541065316 2167300
is_linear=0
shrinkage=0.0176943


Tree=290
num_leaves=28
num_cat=3
split_feature=8 35 19 14 19 19 2 35 46 23 47 23 15 30 16 19 30 16 35 15 10 46 30 19 19 24 19
split_gain=13.3098 6.62709 6.28969 10.2349 6.15778 7.67765 5.77192 8.77629 6.68368 5.52032 4.97521 4.70388 4.67227 8.58514 4.35483 5.73269 4.32702 4.10949 3.73515 3.58488 3.52893 4.30918 3.42077 2.63115 2.23778 2.14918 0.988463
threshold=0 1.0000000180025095e-35 137.50000000000003 71.500000000000014 7.5000000000000009 2.5000000000000004 1 9.5000000000000018 0.39208073914051061 -0.58500000834465016 1.0000000180025095e-35 -4.7499999999999991 -0.74999999999999989 10.500000000000002 3.7500000000000004 157.00000000000003 5.5000000000000009 15.250000000000002 5.5000000000000009 -4.4999999999999991 2 0.95311355590820324 13.500000000000002 209.50000000000003 8.5000000000000018 1.1650000214576723 278.50000000000006
decision_type=9 8 8 8 8 10 9 8 10 10 8 10 8 8 10 8 8 8 10 10 9 10 8 8 10 8 10
left_child=1 -1 3 6 5 19 7 -2 18 -9 -10 -5 13 -7 15 -4 -6 -14 -8 -3 22 -22 -18 -17 -13 -26 -25
right_child=2 4 14 11 16 12 8 9 10 -11 -12 24 17 -15 -16 23 20 -19 -20 -21 21 -23 -24 26 25 -27 -28
leaf_value=0.047261108012459918 0.017517274969402325 -0.01075861239588072 0.065267271858961029 -0.039916864915197407 0.020397824255218723 0.019426736477586293 0.0029481190723882164 -0.038628080527488506 -0.00057860602812153923 -0.005406603692448152 -0.022675361830030966 0.0026684315357747733 -0.019154536862647332 -0.026987999122737014 -0.022423507306026318 -0.038144903939770575 -0.013407132152290981 -0.0013215891904109478 0.01916536498146465 0.028755837154076869 0.0056769556705661452 0.047764093196262174 0.010023279437695784 0.020576454403740993 -0.048675220499093522 -0.0050870020013644201 -0.0047530311554695726
leaf_weight=32 40 26 29 28 45 42 185 53 76 82 56 26 43 50 29 31 26 27 67 32 110 33 136 151 81 26 42
leaf_count=32 40 26 29 28 45 42 185 53 76 82 56 26 43 50 29 31 26 27 67 32 110 33 136 151 81 26 42
internal_value=0 0.00208165 -0.0012239 -0.00211346 0.00167627 -0.000643397 -0.000981239 -0.0035387 0.000269446 -0.00589775 -0.00294886 -0.00604433 -0.00262124 0 0.0010039 0.00174839 0.00313434 -0.00606594 0.00196596 0.00488052 0.00237851 0.00427878 0.000411466 0.000789888 -0.00465611 -0.00578742 0.00155849
internal_weight=0 602 1002 720 570 220 559 175 384 135 132 161 162 92 282 253 350 70 252 58 305 143 162 224 133 107 193
internal_count=1604 602 1002 720 570 220 559 175 384 135 132 161 162 92 282 253 350 70 252 58 305 143 162 224 133 107 193
cat_boundaries=0 1 2 3
cat_threshold=28545 51466 16513
is_linear=0
shrinkage=0.0176943


Tree=291
num_leaves=20
num_cat=2
split_feature=30 19 48 49 8 49 27 19 25 20 8 49 49 25 48 35 20 15 20
split_gain=5.94887 6.29882 8.25003 8.10825 5.76981 9.21179 4.46343 5.76399 4.08011 4.75774 4.23928 4.02973 4.13664 6.22436 3.87921 5.4358 3.89445 3.28556 1.37102
threshold=3.5000000000000004 106.50000000000001 0.34698997437953955 3.5000000000000004 0 21.500000000000004 9.5000000000000018 9.5000000000000018 18.500000000000004 103.50000000000001 1 3.5000000000000004 9.5000000000000018 21.500000000000004 0.13484849035739901 19.500000000000004 340.50000000000006 -1.7499999999999998 488.50000000000006
decision_type=8 8 10 10 9 10 10 10 8 2 9 8 8 10 10 8 2 8 2
left_child=6 4 8 -4 11 14 7 -1 18 -10 -11 -2 17 -14 15 -6 -16 -13 -3
right_child=1 2 3 -5 5 -7 -8 -9 9 10 -12 12 13 -15 16 -17 -18 -19 -20
leaf_value=-0.044760999458081541 0.0043646500663941717 0.02298629040092233 -0.020466779419301591 -0.059947211378176796 0.0050776408479170513 0.064053277499818387 0.013250127949419297 -0.0088862790294303093 -0.02230843647621962 0.024916553509066838 -0.015838791693321221 -0.028053556890255793 0.020962079330368991 -0.019150644589106217 0.011640007120575335 -0.0054356861091591716 -0.025156531828489585 -0.0013986890981934762 -0.00070094266837538225
leaf_weight=45 43 42 34 27 179 28 29 44 33 104 205 46 30 64 298 251 52 26 28
leaf_count=45 43 42 34 27 179 28 29 44 33 104 205 46 30 64 298 251 52 26 28
internal_value=0 -7.12504e-05 -0.00175817 -0.00783091 0.000713331 0.00138438 -0.00419836 -0.00616264 -0.000858924 -0.00165556 -0.000973441 -0.00185823 -0.0031976 -0.000752868 0.00104349 -8.22931e-05 0.00242658 -0.00638891 0.00303295
internal_weight=0 1490 473 61 1017 808 118 89 412 342 309 209 166 94 780 430 350 72 70
internal_count=1608 1490 473 61 1017 808 118 89 412 342 309 209 166 94 780 430 350 72 70
cat_boundaries=0 1 2
cat_threshold=15360 86
is_linear=0
shrinkage=0.0176943


Tree=292
num_leaves=26
num_cat=4
split_feature=3 9 13 1 36 32 30 21 35 35 30 22 35 35 46 17 32 16 43 35 17 17 22 30 22
split_gain=17.2376 17.8499 18.549 8.506 9.35269 8.10901 8.24562 9.12539 7.56989 8.58568 6.84459 6.67773 6.56423 5.59747 4.91195 4.53184 4.26649 4.14104 4.06029 3.13119 2.93957 2.3819 2.21062 4.10785 1.41889
threshold=0 1 2 3 1.2500000000000002 0.025158228352665905 14.500000000000002 30.500000000000004 1.0000000180025095e-35 5.5000000000000009 6.5000000000000009 20.750000000000004 14.500000000000002 3.5000000000000004 0.97573530673980724 6.5000000000000009 0.76592937111854564 5.2500000000000009 1.0000000180025095e-35 24.500000000000004 9.5000000000000018 9.5000000000000018 1.7500000000000002 7.5000000000000009 1.0000000180025095e-35
decision_type=9 9 9 9 10 10 8 2 8 8 8 10 8 10 8 8 8 10 8 8 8 10 10 8 8
left_child=11 8 5 13 10 21 7 -7 -2 -10 -5 14 15 17 16 -11 -1 -4 -15 -14 -8 24 -16 -24 -3
right_child=1 2 3 4 -6 6 20 -9 9 12 -12 -13 19 18 22 -17 -18 -19 -20 -21 -22 -23 23 -25 -26
leaf_value=-0.024259534632793477 0.081981995044761627 0.021331207343736679 0.015156003832052307 0.0051135359704354635 0.0098445474957747272 0.019802448883671057 -0.029181936061617543 -0.015011995759641619 -0.01696047767876652 0.013456902543940436 -0.018279311916554308 0.006631713125566048 -0.00049469798180808665 0.0016885616469432313 -0.04455375096883215 0.025730502309430147 0.003309082515103411 -0.028401060594683541 0.036579127692650704 0.020907202344416488 -0.0031455853363671314 0.055117385633285575 -0.03617189502044265 -0.013635532946578755 0.024342681583046765
leaf_weight=30 26 73 34 58 49 45 39 32 29 38 551 49 61 26 33 27 32 30 31 132 33 28 31 51 102
leaf_count=30 26 73 34 58 49 45 39 32 29 38 551 49 61 26 33 27 32 30 31 132 33 28 31 51 102
internal_value=0 0.000657141 -0.000387688 -0.0019062 -0.00270178 0.00293268 -0.000118735 0.00390613 0.00432759 0.00363739 -0.00334124 -0.00449839 0.00466346 0.00229606 -0.00629768 0.00952657 -0.00228283 -0.00110573 0.00651806 0.00302532 -0.00442309 0.00531679 -0.00846191 -0.00690443 0.00454975
internal_weight=0 1444 1131 779 658 352 149 77 313 287 609 226 258 121 177 65 62 64 57 193 72 203 115 82 175
internal_count=1670 1444 1131 779 658 352 149 77 313 287 609 226 258 121 177 65 62 64 57 193 72 203 115 82 175
cat_boundaries=0 3 4 6 7
cat_threshold=953188393 2164457475 2048 51662740 643096960 138 133240
is_linear=0
shrinkage=0.0176943


Tree=293
num_leaves=27
num_cat=4
split_feature=9 2 46 28 46 46 46 41 19 29 18 46 19 10 22 33 2 46 46 19 25 25 18 19 19 46
split_gain=18.8631 10.8803 12.0544 7.83001 7.40547 6.72619 8.63516 7.97936 6.41099 6.02991 5.91878 6.6929 5.72028 6.51963 13.896 5.63803 5.53203 4.56874 10.7977 4.13479 3.9878 3.96946 3.61629 3.46939 2.93216 2.87901
threshold=0 1 0.556623935699463 3.5000000000000004 0.9225774109363557 0.98346996307373058 0.96693986654281627 2.5000000000000004 7.5000000000000009 1.0000000180025095e-35 1.0000000180025095e-35 0.26813118159770971 247.50000000000003 2 7.2500000000000009 -1.0000000180025095e-35 3 0.35634921491146093 0.13383085280656817 239.00000000000003 21.500000000000004 12.500000000000002 2.5000000000000004 299.00000000000006 6.5000000000000009 0.97162976861000072
decision_type=9 9 8 10 8 8 10 8 10 10 8 10 10 9 8 10 9 10 10 8 8 10 8 10 10 8
left_child=3 2 17 4 -1 6 10 -7 25 21 11 -3 13 14 -4 -15 22 18 -2 -18 -6 -10 -9 -14 -22 -5
right_child=1 5 12 8 20 7 -8 16 9 -11 -12 -13 23 15 -16 -17 19 -19 -20 -21 24 -23 -24 -25 -26 -27
leaf_value=0.029448603809603468 -0.016003406636957498 0.0099711224866090679 -0.033450788912491099 0.015841413395386365 -0.013643238316742448 -0.037547234771053796 0.014943696887236324 -0.018227113198533134 0.015177743818705791 0.017348805018257706 0.016039651723852629 -0.023431964705332861 0.13958546406846667 0.0074303092783251532 0.032455369777430701 0.025448577337178754 -0.0020650035768439105 -0.032438996525228588 0.017115288006179744 -0.032123210907883996 0.052836632152689959 -0.033425014921776894 -0.057203870188117685 0.053743515204214588 0.060350105473430088 0.0037290528366842415
leaf_weight=37 45 37 58 45 26 26 26 45 28 29 41 50 30 463 42 29 192 28 27 65 43 47 61 40 31 30
leaf_count=37 45 37 58 45 26 26 26 45 28 29 41 50 30 463 42 29 192 28 27 65 43 47 61 40 31 30
internal_value=0 -0.000955348 0.000412554 0.00379929 0.00710314 -0.00284768 0.000229772 -0.00413919 0.00148269 -0.00136098 -0.00165873 -0.00427064 0.00128295 0.000717322 -0.0032169 0.00155086 -0.00346078 -0.00530787 -0.00294871 -0.00178925 0.00460015 -0.00401028 -0.00671117 0.00606594 0.00669443 0.00542568
internal_weight=0 1305 762 316 137 543 154 389 179 104 128 87 662 592 100 492 363 100 72 257 100 75 106 70 74 75
internal_count=1621 1305 762 316 137 543 154 389 179 104 128 87 662 592 100 492 363 100 72 257 100 75 106 70 74 75
cat_boundaries=0 1 2 3 4
cat_threshold=352112712 288811 14724 137088
is_linear=0
shrinkage=0.0176943


Tree=294
num_leaves=31
num_cat=5
split_feature=13 0 15 20 28 13 35 16 42 13 32 20 25 48 32 20 20 20 48 13 20 32 16 48 48 32 20 48 28 25
split_gain=15.8199 10.7639 9.34116 5.78533 5.6565 7.08727 5.63591 4.95974 8.78545 5.29283 5.097 4.75234 5.86066 5.92965 4.51502 4.18971 4.13505 3.18061 3.17084 7.42463 5.49818 3.81536 5.28268 3.51249 3.43745 2.60319 2.55573 2.5307 1.38433 0.831328
threshold=0 1 -2.2499999999999996 287.50000000000006 4.5000000000000009 2 1.0000000180025095e-35 1.0000000180025095e-35 15.500000000000002 3 0.013793759513646366 382.50000000000006 20.500000000000004 0.42776885628700262 0.57392227649688732 417.50000000000006 549.50000000000011 526.50000000000011 0.35781671106815344 4 126.50000000000001 0.96961539983749401 1.7500000000000002 0.74352160096168529 0.69920635223388683 0.32846482098102575 153.00000000000003 0.95939296483993541 12.500000000000002 15.500000000000002
decision_type=9 9 10 2 10 9 8 10 10 9 10 2 10 10 8 2 2 2 8 9 2 10 10 10 10 10 2 8 10 10
left_child=3 6 4 18 5 15 -2 10 9 -9 -8 12 13 -5 -4 -3 29 -7 21 23 24 22 -1 26 -21 -12 -20 -22 -6 -13
right_child=1 2 14 11 28 17 7 8 -10 -11 25 16 -14 -15 -16 -17 -18 -19 19 20 27 -23 -24 -25 -26 -27 -28 -29 -30 -31
leaf_value=0.038691471523090777 0.024954319491963139 0.0058950034612097147 0.049862443411284089 -0.018582284746908078 -0.031202098050338526 -0.010158423988313276 0.002619015930920475 0.0043810985024600319 0.017398167667592328 -0.017779361660788907 -0.029727657762977304 0.04486273052267762 0.016825619725548194 -0.0021219291449755995 0.010057183536539623 0.050476331852884831 -0.0012230475323878466 0.015609948657409091 -0.0027654201577084025 0.00046694178268770942 0.063392685365365936 0.00058407027643543662 0.039345101241687087 0.017722941174007998 0.019995711392974819 -0.0077798146514428002 -0.039608917682720846 0.029395208989956179 -0.0090165387699537424 0.029340786005060817
leaf_weight=28 31 47 26 26 28 168 30 104 49 279 29 27 26 29 27 66 52 104 47 78 28 26 36 27 31 93 27 82 27 26
leaf_count=28 31 47 26 26 28 168 30 104 49 279 29 27 26 29 27 66 52 104 47 78 28 26 36 27 31 93 27 82 27 26
internal_value=0 -0.000633062 0.00130154 0.00291981 0.000482558 0.00124087 -0.0021799 -0.00260562 -0.00163832 -0.0025409 -0.00535457 0.000380496 -0.00283954 -0.00611171 0.00834515 0.00474694 0.00286457 -0.000376457 0.00414297 0.00331759 0.00502222 0.0070771 0.00939896 -0.000796969 0.00243481 -0.00696124 -0.00286903 0.00804229 -0.00482503 0.00634231
internal_weight=0 1108 493 596 440 385 615 584 432 383 152 186 81 55 53 113 105 272 410 320 219 90 64 101 109 122 74 110 55 53
internal_count=1704 1108 493 596 440 385 615 584 432 383 152 186 81 55 53 113 105 272 410 320 219 90 64 101 109 122 74 110 55 53
cat_boundaries=0 2 3 4 5 6
cat_threshold=2474118020 18450 7 1141141536 537084938 285212932
is_linear=0
shrinkage=0.0176943


Tree=295
num_leaves=25
num_cat=3
split_feature=3 13 30 24 49 50 25 25 7 16 16 25 49 39 30 24 46 49 39 25 39 39 39 25
split_gain=24.9664 28.3729 10.671 9.10641 8.8102 8.45135 7.33108 8.06661 7.22923 7.21423 7.13858 6.77483 6.52583 4.65808 4.6347 4.15783 3.72102 3.61847 2.8028 2.7372 2.32935 1.92222 1.13562 0.460914
threshold=0 1 1.5000000000000002 6.8199999332427987 11.500000000000002 1.5000000000000002 21.500000000000004 56.500000000000007 2 3.2500000000000004 25.250000000000004 38.500000000000007 19.500000000000004 0.96693986654281627 9.5000000000000018 2.7500000000000004 0.87748536467552196 19.500000000000004 0.22370500862598422 44.500000000000007 0.98260739445686351 0.98620623350143444 0.070925556123256697 23.500000000000004
decision_type=9 9 10 10 8 8 8 10 9 8 10 10 10 8 10 10 8 8 10 8 10 8 10 10
left_child=2 3 9 5 10 13 20 -8 19 22 14 12 -10 -2 16 21 -3 18 -11 23 -7 -4 -1 -6
right_child=1 4 15 -5 8 6 7 -9 11 17 -12 -13 -14 -15 -16 -17 -18 -19 -20 -21 -22 -23 -24 -25
leaf_value=-0.044185923489681873 0.016930298349108277 0.0027135414160500272 -0.009444013072313304 -0.05004079092155414 -0.033412452102556833 -0.021247629021115249 0.0092065470643118881 -0.077403543616284223 0.0099137966988268652 0.0011169424909876124 -0.016768461108754948 0.1034493572040511 -0.040661159904844389 0.0011697804749688681 0.032696636432735758 0.014552138082474343 0.024190543390313193 -0.038083979722155693 -0.0063001921164351077 0.0049034615105121825 0.00083449049233243124 -0.036525316556115656 -0.034354146042373822 -0.019438187465749348
leaf_weight=26 27 101 26 26 39 208 213 26 229 28 26 45 26 50 46 28 253 29 26 29 30 26 27 39
leaf_count=26 27 101 26 26 39 208 213 26 229 28 26 45 26 50 46 28 253 29 26 29 30 26 27 39
internal_value=0 0.00100719 -0.00532375 -0.00197933 0.00308545 -0.00153305 -0.00241113 -0.000222089 0.00126074 -0.00858644 0.00490114 0.00262553 0.0015959 0.00390613 0.00548511 -0.000442292 0.00479834 -0.0053291 -0.00262098 -0.00257078 -0.00460928 -0.00340222 -0.0136861 -0.00453654
internal_weight=0 1413 216 580 833 554 477 239 407 136 426 300 255 77 400 80 354 83 54 107 238 52 53 78
internal_count=1629 1413 216 580 833 554 477 239 407 136 426 300 255 77 400 80 354 83 54 107 238 52 53 78
cat_boundaries=0 4 6 7
cat_threshold=1074835576 2149589312 8192 2048 227580053 5834 267348
is_linear=0
shrinkage=0.0176943


Tree=296
num_leaves=29
num_cat=6
split_feature=13 10 13 19 19 21 14 21 28 39 19 14 14 22 39 28 16 1 39 13 19 39 21 19 6 24 24 19
split_gain=14.2699 7.79768 7.02194 5.65957 7.33086 5.48459 5.02206 7.89117 5.35388 4.85865 4.72923 4.50677 5.76412 6.89751 6.29835 5.28033 4.27864 4.07562 5.01038 4.43923 5.41087 5.25083 3.79718 3.35981 2.59172 2.42642 1.81526 1.77237
threshold=0 1 2 13.500000000000002 9.5000000000000018 39.500000000000007 5.5000000000000009 32.500000000000007 17.500000000000004 0.4171940833330155 223.00000000000003 62.500000000000007 32.500000000000007 0.75000000000000011 0.5078604817390443 11.500000000000002 5.2500000000000009 3 0.97277778387069713 4 111.00000000000001 0.44274005293846136 25.500000000000004 149.50000000000003 5 0.76500001549720775 1.0000000180025095e-35 1.0000000180025095e-35
decision_type=9 9 9 10 10 2 10 2 10 10 10 8 10 10 8 8 10 9 10 9 10 10 2 10 9 10 8 10
left_child=5 11 3 4 22 17 8 16 10 23 -4 12 13 14 -2 -15 -8 24 19 21 -21 -19 -3 -5 -1 -26 -13 -28
right_child=1 2 6 9 -6 -7 7 -9 -10 -11 -12 26 -14 15 -16 -17 -18 18 -20 20 -22 -23 -24 -25 25 -27 27 -29
leaf_value=0.029228010441882547 0.018037709040759783 0.037334268600641762 -0.028205365183937511 0.020746691590235167 0.031575057721702181 0.027629771613976423 0.0017758423210197658 0.03281430022166109 0.020539257261062711 -0.030345651539059756 0.0031500555560224739 0.038159674894253391 -0.01616835655021916 0.0037464536535537114 -0.019091620991238806 0.029057004122206239 -0.044781228949944844 -0.0064545783907345314 -0.040101091984250083 -0.024053504843999287 0.0075696691378781596 0.021662771359454502 0.0024394427946183728 -0.00995087420010244 -0.021114537128227015 0.0024673050031159757 0.087943654342905575 0.035289215467010415
leaf_weight=31 37 30 149 55 38 29 38 45 41 43 50 44 26 64 55 71 30 101 50 189 42 27 136 72 28 44 37 26
leaf_count=31 37 30 149 55 38 29 38 45 41 43 50 44 26 64 55 71 30 101 50 189 42 27 136 72 28 44 37 26
internal_value=0 0.00153231 0.000456154 0.00211958 0.00416319 -0.00195886 -0.00131607 0.00172232 -0.0028015 -0.000208148 -0.00400106 0.00363442 0.00244774 0.00335166 -0.000384607 0.00589775 -0.00208142 -0.0024191 -0.00316717 -0.00251361 -0.00389114 0.000256411 0.00255808 0.00153247 0.000782864 -0.000982888 0.00677956 0.00870565
internal_weight=0 1087 727 374 204 541 353 113 240 170 199 360 253 227 92 135 68 512 409 359 231 128 166 127 103 72 107 63
internal_count=1628 1087 727 374 204 541 353 113 240 170 199 360 253 227 92 135 68 512 409 359 231 128 166 127 103 72 107 63
cat_boundaries=0 2 3 4 5 6 7
cat_threshold=365790240 55196 2922 167926212 2441 17335328 1
is_linear=0
shrinkage=0.0176943


Tree=297
num_leaves=28
num_cat=4
split_feature=13 8 49 25 2 48 27 48 19 48 23 19 22 23 48 25 48 43 49 34 6 19 22 29 49 16 33
split_gain=18.2691 11.6355 10.0103 10.153 8.92348 13.2594 8.39435 6.96249 5.83528 6.41167 6.1712 4.68874 4.56949 5.6273 5.25426 4.84957 4.54803 5.14351 4.50742 4.45918 4.35396 4.06801 3.73415 3.48269 3.31337 1.99217 1.47603
threshold=0 1 15.500000000000002 18.500000000000004 2 0.8473193645477296 3.5000000000000004 1.0227272510528567 3.5000000000000004 0.040833333507180221 -12.499999999999998 154.50000000000003 12.500000000000002 -1.0000000180025095e-35 0.29238505661487585 14.500000000000002 0.48452951014041906 2.5000000000000004 11.500000000000002 3.5000000000000004 3 88.000000000000014 2.5000000000000004 1.0000000180025095e-35 21.500000000000004 7.2500000000000009 -8.4999999999999982
decision_type=9 9 10 8 9 8 10 8 8 8 10 8 8 10 10 10 8 8 10 8 9 10 10 8 10 8 10
left_child=1 12 3 4 5 6 -2 -5 25 -10 11 -11 13 14 -1 -15 19 -18 23 -6 -17 -12 -7 -9 -4 -3 -14
right_child=2 8 24 7 16 22 -8 18 9 10 21 -13 26 15 -16 20 17 -19 -20 -21 -22 -23 -24 -25 -26 -27 -28
leaf_value=-0.033589500141630431 0.024002472395850533 0.02085181049537041 -0.033225816632248488 0.019982683879350385 -0.041106012357929711 -0.040145766396622748 -0.010044928118952185 0.023038422014988253 -0.025606201178218657 -0.046079205349952461 0.028542862146489361 0.0089684434317865071 0.0084728125728569369 0.0075600909224684057 -0.0062878425698401231 -0.02105867594886875 0.0076324973834309608 -0.027043597294488336 -0.031172252597405487 -0.01357276996914933 0.0008772469966720159 0.014546762151545609 -0.01672297952211925 0.0032917642887531906 -0.015051851673942638 0.025119917142909697 0.023414389847189389
leaf_weight=29 103 28 39 36 30 26 40 52 40 26 229 51 39 36 50 33 51 107 30 36 81 134 70 212 27 27 26
leaf_count=29 103 28 39 36 30 26 40 52 40 26 229 51 39 36 50 33 51 107 30 36 81 134 70 212 27 27 26
internal_value=0 0.00225658 -0.00140494 -0.000870199 -0.00256046 -7.10516e-05 0.00334069 0.00150129 0.00379853 0.00324389 0.0038605 -0.000689296 -0.000582028 -0.00177709 -0.0055989 0.000235899 -0.00499052 -0.00358347 0.000601824 -0.00911418 -0.00155201 0.0048256 -0.00516041 0.00134043 -0.00804192 0.00932842 0.00353842
internal_weight=0 829 859 793 463 239 143 330 535 480 440 77 294 229 79 150 224 158 294 66 114 363 96 264 66 55 65
internal_count=1688 829 859 793 463 239 143 330 535 480 440 77 294 229 79 150 224 158 294 66 114 363 96 264 66 55 65
cat_boundaries=0 2 3 4 5
cat_threshold=1106712517 10241 18001 1613 1
is_linear=0
shrinkage=0.0176943


Tree=298
num_leaves=22
num_cat=3
split_feature=3 1 19 1 32 27 16 24 23 24 49 49 17 14 23 49 39 19 14 24 16
split_gain=18.6626 15.3959 9.10305 9.02035 6.43215 6.16019 5.66087 6.86742 5.01483 4.76115 4.53043 4.37081 8.37065 3.8281 3.34001 3.32038 3.04532 2.82542 2.70432 2.03885 1.49439
threshold=0 1 3.5000000000000004 2 0.62593284249305736 1.5000000000000002 16.500000000000004 5.5850000381469735 -2.7499999999999996 1.5699999928474428 2.5000000000000004 10.500000000000002 7.5000000000000009 19.500000000000004 -5.2499999999999991 10.500000000000002 0.30210618674755102 10.500000000000002 3.5000000000000004 0.76500001549720775 9.2500000000000018
decision_type=9 9 8 9 8 8 10 10 8 10 8 10 10 10 10 10 10 10 10 10 8
left_child=17 4 5 11 9 18 13 -8 20 16 -10 12 -4 15 -15 -6 -2 -1 -3 -19 -5
right_child=1 2 3 8 6 -7 7 -9 10 -11 -12 -13 -14 14 -16 -17 -18 19 -20 -21 -22
leaf_value=-0.010340482771824991 -0.030061044097761148 0.010821258425694466 0.02513750566697864 -0.028492273781805032 0.00039071981266250092 0.0053039875944000643 0.028901995400358694 -0.034978739683012704 0.018534995492456404 0.00079608916716615965 0.00067152989000716066 0.039710435971052518 -0.017771904202939701 -0.017174296267637671 -0.032080690371027863 -0.026952623623343257 -0.027594498322792944 -0.052507744324021811 0.038546667054425693 -0.041026813432577296 -0.010822619675092847
leaf_weight=41 42 28 43 31 119 46 35 29 43 28 780 30 28 32 53 33 42 31 29 40 29
leaf_count=41 42 28 43 31 119 46 35 29 43 28 780 30 28 32 53 33 42 31 29 40 29
internal_value=0 0.000234359 0.00133875 0.000827162 -0.00263526 0.00635572 -0.00135201 0.00331726 0.000217954 -0.00631894 0.000580484 0.00557888 0.00373781 -0.00261299 -0.00562002 -0.000931219 -0.00842507 -0.00696124 0.0102427 -0.00971834 -0.00471786
internal_weight=0 1500 1087 984 413 103 301 64 883 112 823 101 71 237 85 152 84 112 57 71 60
internal_count=1612 1500 1087 984 413 103 301 64 883 112 823 101 71 237 85 152 84 112 57 71 60
cat_boundaries=0 3 4 6
cat_threshold=147459 5632 41943040 2160757651 17903616 68
is_linear=0
shrinkage=0.0176943


Tree=299
num_leaves=21
num_cat=5
split_feature=3 3 10 2 37 2 42 46 32 17 32 46 28 37 43 19 32 32 17 19
split_gain=21.9375 13.4874 13.2163 8.90477 9.32897 6.65678 9.44224 8.02735 6.46456 5.45267 5.23636 4.33533 3.95996 3.23258 3.49962 2.74926 2.01506 1.96104 1.73208 0.481768
threshold=0 1 2 3 12.500000000000002 4 10.500000000000002 0.39208073914051061 1.0000000180025095e-35 9.5000000000000018 0.17416666448116305 0.075235851109027876 11.500000000000002 3.5000000000000004 1.2500000000000002 13.500000000000002 0.98742088675498974 0.86465400457382213 10.500000000000002 85.500000000000014
decision_type=9 9 9 9 8 9 8 8 8 10 8 8 8 10 8 8 8 10 8 8
left_child=13 12 5 4 -4 6 -3 -7 -5 -6 -9 -10 -2 14 -1 -16 -17 -8 -14 -18
right_child=1 2 3 8 9 7 17 10 11 -11 -12 -13 18 -15 15 16 19 -19 -20 -21
leaf_value=0.00048243055830859375 0.020728192209947528 -0.02891523714494296 -0.058984158116665721 0.052215943490977794 -0.0051681313153097196 0.0077540325398867144 0.016600913068140422 -0.029165727248455828 0.024700002961167308 0.023043804714964942 -0.013072209338732113 0.011771544140494644 0.016225805017061098 -0.023670796795246557 -0.055849072873466396 0.00028925768054433997 -0.025040189241922181 0.018667384998994389 0.029574548824139932 -0.049216016541105925
leaf_weight=42 41 32 40 34 183 47 59 36 26 70 251 548 39 34 40 26 34 30 26 26
leaf_count=42 41 32 40 34 183 47 59 36 26 70 251 548 39 34 40 26 34 30 26 26
internal_value=0 0.000913556 0.000414503 0.00165093 -0.000875926 -0.00201673 0.00148568 -0.00329188 0.00286311 0.000349671 -0.00450051 0.00246606 0.00671117 -0.00517455 -0.00442336 -0.00589773 -0.00411457 0.00457227 0.00462718 -0.00589733
internal_weight=0 1462 1356 901 293 455 121 334 608 253 287 574 106 202 168 126 86 89 65 60
internal_count=1664 1462 1356 901 293 455 121 334 608 253 287 574 106 202 168 126 86 89 65 60
cat_boundaries=0 3 6 7 8 9
cat_threshold=169348246 268961856 16384 268636928 8320 128 46347 279558 6436
is_linear=0
shrinkage=0.0176943


Tree=300
num_leaves=30
num_cat=6
split_feature=7 9 9 42 16 29 15 47 0 42 7 30 40 16 26 27 40 30 16 24 16 15 24 16 15 27 5 24 23
split_gain=26.0696 14.2912 7.02782 8.25115 8.00968 13.5625 9.69319 6.90804 6.02984 5.91086 5.60811 5.56681 5.26859 4.92121 4.41589 3.9084 2.61569 5.45515 3.35544 2.57155 3.31275 2.63316 2.44414 2.96512 1.83885 1.56144 1.54803 1.24472 1.2319
threshold=0 1 2 7.5000000000000009 4.5000000000000009 1.0000000180025095e-35 -64.499999999999986 -14.499999999999998 3 12.500000000000002 4 2.5000000000000004 2.5000000000000004 1.7500000000000002 1.0000000180025095e-35 9.5000000000000018 -3.4999999999999996 10.500000000000002 2.7500000000000004 0.76500001549720775 1.7500000000000002 -0.74999999999999989 0.58500000834465038 0.75000000000000011 -11.749999999999998 2.5000000000000004 5 1.0000000180025095e-35 -1.0000000180025095e-35
decision_type=9 9 9 10 10 10 10 10 9 8 9 10 8 10 8 8 8 8 10 10 10 8 8 10 10 10 9 8 10
left_child=8 12 3 28 7 6 -6 10 15 13 -4 -7 -2 -10 22 16 -1 25 -19 21 -21 -11 23 -14 -17 -18 -23 -9 -3
right_child=1 2 4 -5 5 11 -8 27 9 19 -12 -13 14 -15 -16 24 17 18 -20 20 -22 26 -24 -25 -26 -27 -28 -29 -30
leaf_value=-0.0037283623406974549 0.020692358794371462 -0.0056969873500631865 -0.0096559693428277336 -0.028095771592605956 0.033981465461718076 -0.012546832016752375 -0.0017184036561972828 0.012483399798428781 0.042542024091189394 -0.02330464037542335 0.014814535150858236 -0.052058664669552106 0.0083581580187241846 -0.012726532326850861 0.054557641213229813 0.0063056395894396083 -0.030693996928164803 -0.0088807259885911281 -0.032099353927405525 -0.026998779858132101 -0.0064450479714992237 0.030014298375655345 -0.0024591195048328878 0.018126697793558383 -0.020840582253682509 -0.031328292225470379 -0.0078335922381781234 0.021511325037256918 0.014611136983507448
leaf_weight=37 48 30 124 44 26 27 77 51 26 31 421 31 70 26 33 29 27 64 28 28 31 29 36 26 27 29 150 31 35
leaf_count=37 48 30 124 44 26 27 77 51 26 31 421 31 70 26 33 29 27 64 28 28 31 29 36 26 27 29 150 31 35
internal_value=0 0.00161143 0.000604758 -0.00341967 0.00119734 -0.00230783 0.00154597 0.00211651 -0.00303149 -0.00133639 0.00139604 -0.00915101 0.0056334 0.00408268 0.00439655 -0.00514598 -0.00659921 -0.00765118 -0.00500013 -0.00243371 -0.00569741 -0.00151659 0.00294886 0.0044232 -0.00126368 -0.0120052 -0.000691915 0.00690443 0.00027216
internal_weight=0 1110 897 109 788 161 103 627 562 321 545 58 213 52 165 241 185 148 92 269 59 210 132 96 56 56 179 82 65
internal_count=1672 1110 897 109 788 161 103 627 562 321 545 58 213 52 165 241 185 148 92 269 59 210 132 96 56 56 179 82 65
cat_boundaries=0 2 4 5 6 7 8
cat_threshold=1582075448 11 101058732 8 134808065 1 147525 1
is_linear=0
shrinkage=0.0176943


Tree=301
num_leaves=32
num_cat=4
split_feature=13 5 50 15 15 13 13 35 46 48 49 37 25 48 15 49 29 48 14 48 35 22 15 25 35 14 46 25 46 22 14
split_gain=18.9276 8.96639 5.43219 6.47062 5.85662 8.52138 6.88143 7.44146 6.28015 7.89266 5.97104 4.94062 4.26001 13.5969 4.09168 5.96404 5.43072 5.1231 4.14769 3.98763 3.56777 3.51904 3.18614 3.17288 3.04674 2.81857 2.88069 2.70307 2.5828 1.86853 1.55013
threshold=0 1 0.31666667759418493 -28.499999999999996 -3.2499999999999996 2 3 16.500000000000004 0.96128869056701671 0.66885966062545787 5.5000000000000009 6.5000000000000009 13.500000000000002 0.32318203151226049 -13.749999999999998 10.500000000000002 2.5000000000000004 0.86602565646171581 14.500000000000002 0.57223114371299755 12.500000000000002 9.2500000000000018 -69.749999999999986 36.500000000000007 17.500000000000004 8.5000000000000018 0.95199692249298107 4.5000000000000009 0.96480908989906322 7.2500000000000009 1.5000000000000002
decision_type=9 9 10 10 10 9 9 8 8 8 10 8 10 10 10 10 10 10 8 8 10 10 10 10 8 8 8 10 8 8 10
left_child=2 11 4 -4 6 10 7 19 20 -10 -6 -2 13 -13 16 17 22 18 -16 -1 -7 -15 23 -3 -12 26 -14 -8 -29 -9 -17
right_child=1 14 3 -5 5 8 27 29 9 -11 24 12 25 21 15 30 -18 -19 -20 -21 -22 -23 -24 -25 -26 -27 -28 28 -30 -31 -32
leaf_value=-0.0050824705393474256 0.011601667424005443 -0.0099991311089908802 0.046484973032114851 0.0030745091981393339 0.053245341398283942 0.002312942504570543 0.0012643540228081803 -0.0057703624184460142 0.0034878812933710921 -0.013137120072668054 0.0010264808433192911 -0.02232677981321653 -0.010819503704354281 -0.0039426753619873573 0.023881230037025868 -0.026491492256628273 -0.04107972781021877 -0.019936045958631868 -0.013361344061623089 -0.03166431859095422 0.021556342709436509 0.033374553197808139 -0.027707254054390118 -0.075865799650993798 0.043152465384220295 0.041567492836813484 0.01862378511117178 -0.0015998604527822698 0.023661150589215318 0.017700703826634991 -0.04078227468264322
leaf_weight=42 29 157 34 38 45 49 96 100 57 62 31 26 68 26 66 31 26 32 48 35 37 28 41 35 40 32 40 30 171 43 34
leaf_count=42 29 157 34 38 45 49 96 100 57 62 31 26 68 26 66 31 26 32 48 35 37 28 41 35 40 32 40 30 171 43 34
internal_value=0 -0.0016262 0.00219253 0.00688037 0.00181586 0.0036931 0.000650259 -0.00169243 0.00123443 -0.00133812 0.00730195 0.00106588 0.000160843 -0.00309619 -0.00308703 -0.00125783 -0.00457714 0.000727112 0.00248323 -0.00620386 0.00493749 0.00196573 -0.00372098 -0.00276461 0.00473456 0.00202208 0.000655281 0.00236301 0.00360913 0.000618635 -0.00571593
internal_weight=0 719 910 72 838 321 517 220 205 119 116 249 220 80 470 211 259 146 114 77 86 54 233 192 71 140 108 297 201 143 65
internal_count=1629 719 910 72 838 321 517 220 205 119 116 249 220 80 470 211 259 146 114 77 86 54 233 192 71 140 108 297 201 143 65
cat_boundaries=0 2 3 5 6
cat_threshold=2189651319 8806 1 33711168 4 33711216
is_linear=0
shrinkage=0.0176943


Tree=302
num_leaves=31
num_cat=4
split_feature=7 8 22 7 46 46 8 20 20 14 14 28 17 21 28 14 16 20 16 21 21 22 46 28 46 21 19 19 34 28
split_gain=11.7382 7.95795 8.43177 6.68633 6.60798 7.44814 6.22001 6.28224 5.0328 6.52227 5.42684 4.79887 4.7581 3.73388 3.62682 4.56265 5.50601 3.94013 3.8416 3.50978 4.23755 3.33568 4.42282 5.33332 2.76239 2.10092 1.82932 1.73322 1.64062 1.22998
threshold=0 1 2.5000000000000004 2 0.37756814062595373 0.88273492455482494 3 210.50000000000003 116.50000000000001 6.2500000000000009 9.2500000000000018 1.0000000180025095e-35 5.5000000000000009 25.500000000000004 8.5000000000000018 37.500000000000007 2.2500000000000004 254.50000000000003 0.75000000000000011 25.500000000000004 35.500000000000007 25.069999694824222 0.98437118530273449 19.500000000000004 0.84825712442398082 28.500000000000004 188.50000000000003 8.5000000000000018 4.2500000000000009 12.500000000000002
decision_type=9 9 8 9 8 8 9 2 2 8 8 8 10 2 10 8 8 2 10 2 2 8 8 8 8 2 8 10 8 10
left_child=6 14 3 24 -4 -6 11 8 9 -8 -10 -1 -9 -7 15 16 -2 18 -16 29 -21 22 23 -13 -3 -17 -27 -24 -26 -5
right_child=1 2 4 19 5 13 7 12 10 -11 -12 21 -14 -15 17 25 -18 -19 -20 20 -22 -23 27 -25 28 26 -28 -29 -30 -31
leaf_value=0.054525428999246089 -0.010648431164412426 0.056571841881666592 -0.034553508201312255 0.0082906950415049009 0.021241752824397848 -0.043667079080355345 0.016902190065830911 0.044761342009685366 -0.028583099390959869 -0.0021746369841566041 0.0015201441154378925 0.0085792825653655033 -0.00076257556488950869 -0.010655890227463851 0.0080561567923803905 -0.062525092733030724 -0.044294901828017839 0.0048149324861507005 -0.023995679004124065 -0.011633720115895545 0.0099495224231673524 -0.029642743376495632 0.02375230309135809 -0.0065070689177114021 0.00025380856698164832 -0.04687700778686453 -0.0010390002616313273 0.014780976301301001 0.026785884317843522 0.014456785455161344
leaf_weight=27 33 28 26 26 34 52 38 41 51 49 33 54 28 332 30 34 36 45 49 185 75 26 33 30 26 47 63 47 52 26
leaf_count=27 33 28 26 26 34 52 38 41 51 49 33 54 28 332 30 34 36 45 49 185 75 26 33 30 26 47 63 47 52 26
internal_value=0 -0.0014489 -0.000527574 0.0012699 -0.00223167 -0.0016932 0.00185654 -0.000141542 -0.00196593 0.0010168 -0.00505504 0.00397522 0.00435896 -0.00239605 -0.00372234 -0.00523332 -0.00897436 -0.00142686 -0.00380725 -0.000109894 -0.000952733 0.00316621 0.00409969 0.00126374 0.00488085 -0.00344036 -0.00225183 0.00707703 0.00362922 0.00408268
internal_weight=0 1199 862 418 444 418 457 240 171 87 84 217 69 384 337 213 69 124 79 312 260 190 164 84 106 144 110 80 78 52
internal_count=1656 1199 862 418 444 418 457 240 171 87 84 217 69 384 337 213 69 124 79 312 260 190 164 84 106 144 110 80 78 52
cat_boundaries=0 2 3 4 5
cat_threshold=741077280 65 58145 2137 25514
is_linear=0
shrinkage=0.0176943


Tree=303
num_leaves=24
num_cat=5
split_feature=3 13 9 42 28 33 48 22 28 13 42 17 17 42 22 15 28 15 28 15 22 17 4
split_gain=17.0568 16.4698 11.6193 13.6938 9.84129 9.34756 7.49892 6.63038 6.40069 6.28736 7.13977 6.83194 5.65622 5.14744 4.8497 4.7966 3.36675 3.34104 2.32392 2.07466 1.88876 1.62703 0.523598
threshold=0 1 2 13.500000000000002 19.500000000000004 -3.4999999999999996 0.39433813095092779 6.7500000000000009 12.500000000000002 3 1.5000000000000002 14.500000000000002 12.500000000000002 12.500000000000002 1.0000000180025095e-35 -0.74999999999999989 6.5000000000000009 -10.749999999999998 9.5000000000000018 -3.7499999999999996 8.2500000000000018 4.5000000000000009 4
decision_type=9 9 9 10 8 8 10 10 8 9 8 8 10 8 10 8 10 10 10 8 8 10 9
left_child=4 6 7 9 5 -1 15 12 -5 11 -11 -4 16 19 -10 -2 -3 -6 -15 -7 22 -8 -17
right_child=1 2 3 8 17 13 21 -9 14 10 -12 -13 -14 18 -16 20 -18 -19 -20 -21 -22 -23 -24
leaf_value=0.010285404265573495 -0.0091303655093662433 0.028428454234277516 0.010568542816592858 0.033141819049069182 -0.03584296477483824 -0.011170268027688179 0.0250557581415565 0.028116520806659315 -0.00072661185844665962 0.029260385682692805 -0.021676341935264694 -0.016154810861115875 0.043864172414961891 -0.014401928575822722 0.015679217045521037 0.044468256003384339 -0.0097320928750705658 -0.054863647111712439 0.010400723105592423 -0.046339736130386784 0.0089134165768330227 0.046523791519123475 0.08881062918515191
leaf_weight=26 47 104 175 32 26 26 29 45 49 26 445 165 39 31 33 28 79 31 35 27 33 39 34
leaf_count=26 47 104 175 32 26 26 29 45 49 26 445 165 39 31 33 28 79 31 35 27 33 39 34
internal_value=0 0.000375937 -0.000441616 -0.00138146 -0.00500762 -0.00280652 0.00482554 0.00274668 0.00434566 -0.00220358 -0.00349465 -0.000303318 0.00159402 -0.00490649 0.00172609 0.00274121 0.000290048 -0.0114842 -0.00160836 -0.00901277 0.00502848 0.00988687 0.00684855
internal_weight=0 1402 1192 925 202 145 210 267 114 811 471 340 222 119 82 142 183 57 66 53 95 68 62
internal_count=1604 1402 1192 925 202 145 210 267 114 811 471 340 222 119 82 142 183 57 66 53 95 68 62
cat_boundaries=0 3 5 6 8 9
cat_threshold=3801113665 1540 537395200 2823815232 2058 73024649 311214213 1040 1
is_linear=0
shrinkage=0.0176943


Tree=304
num_leaves=20
num_cat=4
split_feature=3 3 9 42 8 25 25 16 18 22 40 16 40 21 17 16 25 22 18
split_gain=18.0177 11.0156 8.45689 9.5466 9.89113 6.42843 5.68252 5.17506 4.47795 6.00672 3.71888 3.98463 3.61283 3.2227 2.33794 2.30351 2.18845 1.86865 1.07243
threshold=0 1 2 8.5000000000000018 3 45.500000000000007 32.500000000000007 14.250000000000002 3.5000000000000004 11.414999961853029 -1.4999999999999998 1.7500000000000002 -6.4999999999999991 33.500000000000007 8.5000000000000018 3.7500000000000004 35.500000000000007 8.2500000000000018 6.5000000000000009
decision_type=9 9 9 8 9 10 10 8 8 10 8 10 10 2 10 10 8 10 8
left_child=7 13 12 8 5 -5 -6 10 9 -4 -1 -12 14 15 16 -2 -3 -13 -9
right_child=1 2 3 4 6 -7 -8 18 -10 -11 11 17 -14 -15 -16 -17 -18 -19 -20
leaf_value=0.0086676815841386801 0.023590549202166095 0.0068781640039628604 -0.027683774667255346 0.0095121379764211509 -0.0079985955872669302 -0.026821149897145943 0.031386666567321787 -0.04773677862000935 -0.038080536776251957 0.0073434969199358702 -0.00099276948084436509 -0.028836920599995527 -0.00072926157437369632 0.031356657472080912 0.041602713546177637 0.0071419360062995457 0.071931596556225261 -0.020812488290532546 -0.023600626118208273
leaf_weight=41 30 38 82 413 529 29 88 26 35 58 44 31 29 33 30 40 30 36 27
leaf_count=41 30 38 82 413 529 29 88 26 35 58 44 31 29 33 30 40 30 36 27
internal_value=0 0.000792275 0.000348461 -0.000113787 0.000517957 0.00250534 -0.000931263 -0.00469087 -0.00394311 -0.0025276 -0.0032593 -0.00494129 0.00452017 0.00610645 0.00649942 0.00454945 0.00468324 -0.00765784 -0.00968038
internal_weight=0 1464 1361 1234 1059 442 617 205 175 140 152 111 127 103 98 70 68 67 53
internal_count=1669 1464 1361 1234 1059 442 617 205 175 140 152 111 127 103 98 70 68 67 53
cat_boundaries=0 2 6 7 8
cat_threshold=2150090824 2115610 17834260 134217728 0 16 570970368 1270
is_linear=0
shrinkage=0.0176943


Tree=305
num_leaves=28
num_cat=3
split_feature=2 9 37 14 1 16 32 37 49 22 30 30 32 21 32 42 16 17 14 16 21 21 30 22 14 21 21
split_gain=14.011 15.5531 10.1747 8.09634 12.0182 8.9058 8.04632 8.35813 8.023 7.6794 5.56914 5.46774 4.50718 4.07942 9.3264 5.93586 5.62859 3.61357 3.13196 2.6904 2.53452 2.53251 2.45965 2.54104 2.41132 1.70563 0.473538
threshold=0 1 3.5000000000000004 68.500000000000014 2 8.2500000000000018 0.39408974349498754 15.500000000000002 1.0000000180025095e-35 1.1650000214576723 10.500000000000002 8.5000000000000018 1.0000000180025095e-35 30.500000000000004 0.027973395772278312 12.500000000000002 3.7500000000000004 3.5000000000000004 13.500000000000002 4.5000000000000009 42.500000000000007 27.500000000000004 10.500000000000002 9.2500000000000018 7.2500000000000009 26.500000000000004 31.500000000000004
decision_type=9 9 10 8 9 10 8 8 8 10 8 10 8 2 10 8 10 10 8 8 2 2 8 10 10 2 2
left_child=1 2 18 4 11 6 12 -8 10 20 -3 17 -6 15 24 -10 -16 -2 -1 -19 25 -17 -11 -24 -15 -5 -27
right_child=3 8 -4 9 5 -7 7 -9 13 22 -12 -13 -14 14 16 21 -18 19 -20 -21 -22 -23 23 -25 -26 26 -28
leaf_value=-0.051998338002137032 -0.01477253435446154 0.043572021199888906 -0.0014737751759509594 -0.0079569725944073424 0.025931797916618451 -0.012576759759454917 0.019905625273226993 0.021972621683324308 0.021499273118791025 -0.022187341678570741 -0.0070511180190506685 -0.018586894549290387 -0.0035445951740041312 -0.02051634405242753 -0.024459289611202181 -0.0091199944404770621 -0.052304721385287828 0.002373354761523146 -0.035925851942795378 0.034485774256230006 -0.033450124067410526 0.0033984389237157941 -0.021127949396094178 -0.064354408189335438 0.02747664574491069 0.015635759147427857 0.030825008763170215
leaf_weight=33 37 28 39 45 43 47 76 183 41 29 26 41 51 149 59 124 36 123 32 29 26 115 38 30 29 64 76
leaf_count=33 37 28 39 45 43 47 76 183 41 29 26 41 51 149 59 124 36 123 32 29 26 115 38 30 29 64 76
internal_value=0 -0.00174241 -0.00776012 0.0015305 0.00269623 0.00448821 0.00556379 0.00717313 -0.000602225 -0.000804259 0.00589725 -0.000589783 0.00112931 -0.00124786 -0.00278692 0.000252762 -0.00726337 0.000655307 -0.0127928 0.00186245 0.00109012 -0.000814347 -0.00492481 -0.00676469 -0.000397597 0.00181717 0.00278037
internal_weight=0 711 104 938 630 400 353 259 607 308 54 230 94 553 273 280 95 189 65 152 211 239 97 68 178 185 140
internal_count=1649 711 104 938 630 400 353 259 607 308 54 230 94 553 273 280 95 189 65 152 211 239 97 68 178 185 140
cat_boundaries=0 1 2 3
cat_threshold=33561 4300 1578652
is_linear=0
shrinkage=0.0176943


Tree=306
num_leaves=24
num_cat=4
split_feature=13 16 50 49 13 22 49 8 42 42 22 8 22 48 46 36 49 39 48 48 39 14 14
split_gain=22.2554 12.733 8.94217 7.65583 7.67646 9.48152 7.33533 5.73141 5.56538 3.78488 5.68045 6.69639 5.91205 4.14462 3.91315 4.91066 3.13057 3.00781 2.7841 4.92092 2.78031 1.41523 0.233975
threshold=0 13.250000000000002 0.35416667163372045 3.5000000000000004 1 4.0699999332427987 13.500000000000002 2 9.5000000000000018 4.5000000000000009 1.1650000214576723 3 1.0000000180025095e-35 0.61390480399131786 0.88603895902633678 4.2500000000000009 8.5000000000000018 0.62706920504570018 0.53873431682586681 0.32719972729682928 0.065591398626565947 30.500000000000004 1.0000000180025095e-35
decision_type=9 10 8 8 9 10 10 9 8 8 10 9 8 10 8 8 10 10 10 10 10 10 10
left_child=6 2 21 8 5 -5 9 -6 -4 13 11 16 -13 -1 -12 -16 -11 -10 19 -3 22 -2 -8
right_child=1 18 3 4 7 -7 20 -9 17 10 14 12 -14 -15 15 -17 -18 -19 -20 -21 -22 -23 -24
leaf_value=-0.010891150447317541 -0.054183887578142416 0.053178921043998906 0.035916136580244187 -0.0093677302951232361 -0.0070898134729234499 -0.049206050419897673 0.023673053642572644 0.011009573516864012 0.01602924026581308 -0.016393931436586281 -0.042766132029312148 -0.019622305762864854 0.03118087867908622 0.013115996377818963 -0.0098851637980791052 -0.048610647563863019 -0.027410909188216936 -0.0014052679461245996 0.060360415974555118 0.0010638060605912178 -0.027212026556975955 -0.015978070932309019 0.012336544271266571
leaf_weight=38 26 26 35 205 123 27 28 313 81 98 48 79 44 26 102 85 27 41 27 26 39 28 26
leaf_count=38 26 26 35 205 123 27 28 313 81 98 48 79 44 26 102 85 27 41 27 26 39 28 26
internal_value=0 0.00102362 0.000422724 0.000879341 5.29734e-05 -0.00248589 -0.00321215 0.00142821 0.00439517 -0.00404342 -0.00457918 -0.00271113 0.000399082 0 -0.00655043 -0.00539321 -0.0053735 0.00261045 0.00783847 0.00544358 0.0013317 -0.0065525 0.00393149
internal_weight=0 958 879 825 668 232 640 436 157 547 483 248 123 64 235 187 125 122 79 52 93 54 54
internal_count=1598 958 879 825 668 232 640 436 157 547 483 248 123 64 235 187 125 122 79 52 93 54 54
cat_boundaries=0 2 4 5 6
cat_threshold=2483210033 867 43065412 2056 32876 803
is_linear=0
shrinkage=0.0176943


Tree=307
num_leaves=27
num_cat=1
split_feature=7 25 40 37 30 18 20 49 44 20 17 17 25 20 17 30 25 20 20 20 20 20 20 25 17 20
split_gain=24.0109 8.50152 6.56744 8.00608 6.30251 6.58614 6.80727 4.83506 7.37242 10.6167 7.93484 4.7677 4.35295 4.12935 3.76157 3.66243 9.15265 4.64093 8.70902 4.57206 3.26859 4.44908 4.1278 2.81432 1.65497 1.15749
threshold=0 34.500000000000007 -6.4999999999999991 6.5000000000000009 3.5000000000000004 1.0000000180025095e-35 261.50000000000006 5.5000000000000009 12.500000000000002 165.50000000000003 9.5000000000000018 11.500000000000002 47.500000000000007 221.50000000000003 10.500000000000002 11.500000000000002 22.500000000000004 201.50000000000003 78.500000000000014 417.50000000000006 122.50000000000001 229.50000000000003 439.50000000000006 7.5000000000000009 14.500000000000002 534.50000000000011
decision_type=9 8 8 10 10 10 2 10 8 2 10 10 10 2 10 8 8 2 2 2 2 2 2 10 10 2
left_child=7 2 3 -2 11 6 -6 15 -9 14 -11 13 20 -4 -10 17 23 18 -1 -18 -3 -22 -23 -17 -13 -14
right_child=1 12 4 -5 5 -7 -8 8 9 10 -12 24 25 -15 -16 16 19 -19 -20 -21 21 22 -24 -25 -26 -27
leaf_value=0.020850755247048165 0.024171806405861068 -0.010256277164316947 -0.028016823304505927 -0.0075925907673968117 0.0019921195107152189 0.02111815830951241 -0.020601676990394294 -0.014736890989985877 0.0062236911573697465 0.029432940333833015 -0.040008407725816562 0.02852690669704697 -0.045840094353668787 -0.013398773557217043 0.057457120721312427 0.027725615149674209 -0.004112581307881902 0.029176819869720923 -0.020868832562001945 0.034570575074090421 0.1203316847894383 -0.00044200698285942253 0.040769074418970187 0.039428058371087184 -0.00043621799453599688 0.0055237866329474949
leaf_weight=31 32 28 300 48 119 35 33 31 38 45 26 30 32 305 40 38 43 42 44 40 32 68 78 47 28 44
leaf_count=31 32 28 300 48 119 35 33 31 38 45 26 30 32 305 40 38 43 42 44 40 32 68 78 47 28 44
internal_value=0 -0.000926697 -0.00175038 0.00309619 -0.00220656 0.000662316 -0.000931219 0.00376229 0.00157275 0.00320617 -0.0017443 -0.00301573 0.00175682 -0.00348031 0.00771213 0.00527709 0.006951 0.00287323 0.000235875 0.00277112 0.00309208 0.00397606 0.00266611 0.0110319 0.00183018 -0.00186235
internal_weight=0 1212 930 80 850 187 152 465 180 149 71 663 282 605 78 285 168 117 75 83 206 178 146 85 58 76
internal_count=1677 1212 930 80 850 187 152 465 180 149 71 663 282 605 78 285 168 117 75 83 206 178 146 85 58 76
cat_boundaries=0 1
cat_threshold=217599300
is_linear=0
shrinkage=0.0176943


Tree=308
num_leaves=27
num_cat=5
split_feature=9 13 1 20 42 14 1 28 13 26 48 24 20 48 14 39 48 24 28 41 20 14 23 28 20 20
split_gain=16.7813 12.0716 7.44498 8.01403 7.38849 7.64391 7.12224 9.93964 6.89864 4.48701 4.1062 5.63655 4.91286 4.21194 4.09283 3.75369 3.68935 3.64231 3.3202 3.21082 3.68439 2.56363 2.45684 1.90291 1.87076 0.997324
threshold=0 1 2 230.50000000000003 16.500000000000004 6.2500000000000009 3 9.5000000000000018 4 1.0000000180025095e-35 0.29238505661487585 0.76500001549720775 64.500000000000014 0.14434523880481723 10.500000000000002 0.95744466781616222 0.37897555530071264 4.2500000000000009 3.5000000000000004 1.0000000180025095e-35 111.50000000000001 13.500000000000002 -0.93000000715255726 3.5000000000000004 116.50000000000001 183.50000000000003
decision_type=9 9 9 2 10 8 9 8 9 8 10 10 2 8 8 10 10 10 10 8 2 10 8 10 2 2
left_child=4 2 3 21 5 25 15 14 16 -10 12 -12 -4 -14 18 24 -9 19 -8 -7 -21 -2 -13 -16 -3 -1
right_child=1 6 10 -5 -6 17 7 8 9 -11 11 22 13 -15 23 -17 -18 -19 -20 20 -22 -23 -24 -25 -26 -27
leaf_value=-0.046743412923804198 -0.037629790231602796 0.012344226472819781 -0.012720638287440673 0.0048746761555112693 0.0087401029217582735 -0.031730187765012255 0.035651385561867158 0.0028122312404917802 0.023396596661106942 0.054787254682836531 -0.0095072294024318021 0.01440754097251914 0.022047813875161873 -0.0018314344065796207 0.020277455278883423 -0.025132798616424173 -0.031516496874703676 -0.034822646027290134 -0.0021179782962276617 -0.014345446557911945 0.0053865565019666712 -0.028163584117662087 0.032463916031856214 0.03238385756760416 -0.0058989888886734048 -0.026695560538877689
leaf_weight=32 33 31 26 37 42 33 41 185 173 34 28 56 42 277 32 37 37 31 27 38 107 38 30 51 38 32
leaf_count=32 33 31 26 37 42 33 41 185 173 34 28 56 42 277 32 37 37 31 27 38 107 38 30 51 38 32
internal_value=0 0.00107874 -0.000827967 -0.00479813 -0.00342988 -0.00460167 0.00264394 0.00341884 0.00210347 0.00432148 0.000188631 0.00310404 -0.000769293 -0.000166394 0.007382 -0.00152525 -0.000152524 -0.00296304 0.00416288 -0.00198803 -0.000854149 -0.00872159 0.00534895 0.0100187 0.000769206 -0.00995184
internal_weight=0 1253 567 108 315 273 686 580 429 207 459 114 345 319 151 106 222 209 68 178 145 71 86 83 69 64
internal_count=1568 1253 567 108 315 273 686 580 429 207 459 114 345 319 151 106 222 209 68 178 145 71 86 83 69 64
cat_boundaries=0 1 3 4 5 6
cat_threshold=272963924 388809766 17906 11275 37650 545265865
is_linear=0
shrinkage=0.0176943


Tree=309
num_leaves=23
num_cat=4
split_feature=3 3 28 32 28 16 2 46 10 40 15 42 22 34 32 28 47 18 22 28 34 42
split_gain=15.5512 10.4084 10.6186 9.00046 8.16378 10.5093 8.50445 7.82175 5.83375 5.01235 4.77042 4.70723 5.21216 4.5683 4.10357 4.41745 3.77255 3.03215 2.25856 2.10605 1.6222 1.47909
threshold=0 1 1.5000000000000002 0.62163743376731884 7.5000000000000009 0.75000000000000011 2 0.97573530673980724 3 -2.4999999999999996 -0.74999999999999989 10.500000000000002 28.069999694824222 3.5000000000000004 0.99545454978942882 7.5000000000000009 -12.499999999999998 6.5000000000000009 5.5000000000000009 1.0000000180025095e-35 5.5000000000000009 8.5000000000000018
decision_type=9 9 8 10 8 10 9 8 9 8 8 10 10 10 10 8 10 8 8 10 8 8
left_child=11 3 16 10 5 -4 7 -6 -8 -5 19 12 14 -7 15 -1 21 -12 -17 -2 -11 -3
right_child=1 2 4 9 6 13 8 -9 -10 20 17 -13 -14 -15 -16 18 -18 -19 -20 -21 -22 -23
leaf_value=0.0019850724331817011 0.055651014655290959 0.036167104926143445 -0.055354812332768968 -0.011742469882663611 0.024246819488781688 -0.014704640470742453 -0.013191286239729514 0.012311095634243973 0.00094308787784766967 0.016913744188344126 0.00017316563292843555 2.3728644822852645e-06 0.01417308699299779 0.0047884224034371089 -0.039465872753684156 -0.023420719536820879 -0.0019216322132942559 0.043391780792397278 -0.040035804449128791 0.030532370353080446 0.0028392438117074482 0.027608995244198176
leaf_weight=30 28 27 35 29 36 65 153 83 780 31 26 49 26 49 26 54 26 30 26 26 40 45
leaf_count=30 28 27 35 29 36 65 153 83 780 31 26 49 26 49 26 54 26 30 26 26 40 45
internal_value=0 0.000780452 0.000175724 0.00434298 -0.000279922 -0.00415615 0.00026911 0.00452616 -0.00031898 0.000707699 0.00804229 -0.00424327 -0.0058978 -0.00155201 -0.00728546 -0.00579044 0.00577726 0.00442295 -0.00796166 0.0117945 0.00323943 0.00786328
internal_weight=0 1509 1299 210 1201 149 1052 119 933 100 110 211 162 114 136 110 98 56 80 54 71 72
internal_count=1720 1509 1299 210 1201 149 1052 119 933 100 110 211 162 114 136 110 98 56 80 54 71 72
cat_boundaries=0 2 6 7 8
cat_threshold=1889734734 1116224 2186298240 4206597 2097152 2 131856 534
is_linear=0
shrinkage=0.0176943


Tree=310
num_leaves=28
num_cat=3
split_feature=2 25 29 19 15 8 48 21 25 25 23 47 8 48 39 21 28 39 21 19 21 21 25 15 15 19 25
split_gain=9.4108 8.0589 10.8821 7.25923 6.49001 6.13884 9.72674 4.73082 9.88765 9.76341 7.24191 6.38737 4.61558 5.55476 5.26445 5.33811 4.65372 3.99815 3.86371 4.02149 3.23003 3.11689 4.15406 2.87161 2.80417 2.48823 1.46308
threshold=0 4.5000000000000009 3.0700000524520878 103.00000000000001 -13.749999999999998 1 0.28637567162513738 27.500000000000004 6.5000000000000009 24.500000000000004 -19.749999999999996 -3.4999999999999996 2 0.49735587835311895 0.12687234580516818 27.500000000000004 3.5000000000000004 0.96172159910202037 33.500000000000007 266.50000000000006 25.500000000000004 27.500000000000004 15.500000000000002 -13.749999999999998 -0.74999999999999989 40.500000000000007 26.500000000000004
decision_type=9 8 10 10 8 9 8 2 8 8 10 8 9 10 10 2 10 10 2 10 2 2 10 10 8 8 10
left_child=1 2 -1 5 -3 6 -2 9 10 17 -9 -10 13 16 15 -14 -6 -7 23 -20 -11 25 -23 26 -16 -8 -5
right_child=3 4 -4 18 12 7 21 8 11 20 -12 -13 14 -15 24 -17 -18 -19 19 -21 -22 22 -24 -25 -26 -27 -28
leaf_value=-0.049741834253458239 -0.019174727817241902 0.027033463101811019 0.003399875293061916 0.0315496089989665 0.016682814593911362 0.0093289697730309842 0.029866813463140351 0.007954624082313129 -0.0097138599338645343 -0.049797141313675054 -0.025172742309299407 0.0080720939306709975 0.028771433701262911 0.011696951660984846 -0.025229903087569592 -0.014675972613503957 -0.0076932158907801014 0.020847195230403019 0.045399481960867218 0.019864842477478085 0.018123088515108028 0.026261023487595393 0.0044246594547324419 -0.0021715702879207552 -0.014156862535508172 -0.010752995061382702 0.01723552784521885
leaf_weight=37 39 30 29 31 55 99 35 29 55 37 84 346 36 27 47 144 44 53 49 27 31 91 47 45 33 28 39
leaf_count=37 39 30 29 31 55 99 35 29 55 37 84 346 36 27 47 144 44 53 49 27 31 91 47 45 33 28 39
internal_value=0 -0.00172624 -0.00750579 0.00118965 -0.000850666 0.000581324 0.00297254 -0.000237821 -0.00117042 0.00193021 -0.0057933 0.000132369 -0.00146685 0.00130096 -0.00275236 -0.00117956 -0.000536131 0.00442334 0.00435391 0.00744947 -0.00364251 0.00466547 0.00615418 0.00230778 -0.00663471 0.00140411 0.00454945
internal_weight=0 482 66 1165 416 974 240 734 514 220 113 401 386 126 260 180 99 152 191 76 68 201 138 115 80 63 70
internal_count=1647 482 66 1165 416 974 240 734 514 220 113 401 386 126 260 180 99 152 191 76 68 201 138 115 80 63 70
cat_boundaries=0 1 2 3
cat_threshold=399256 4156 1114
is_linear=0
shrinkage=0.0176943


Tree=311
num_leaves=27
num_cat=2
split_feature=7 29 14 35 46 42 35 8 35 29 48 48 40 48 46 14 48 40 40 48 14 35 47 42 42 32
split_gain=16.7768 9.24682 7.54915 8.18402 7.25445 6.14196 7.37817 5.74046 8.02209 10.0297 8.08361 7.13261 6.18622 6.559 8.50698 4.72378 4.718 4.71739 4.65835 4.5491 4.29403 3.79849 3.50731 5.07057 3.46216 4.89631
threshold=0 4.0699999332427987 1.5000000000000002 12.500000000000002 0.10620300844311716 5.5000000000000009 21.500000000000004 1 10.500000000000002 1.0000000180025095e-35 0.23166368901729587 0.66885966062545787 3.5000000000000004 0.92980295419693004 0.74384909868240368 8.5000000000000018 0.57052442431449901 -6.4999999999999991 -18.499999999999996 0.31267458200454717 30.500000000000004 17.500000000000004 -2.4999999999999996 9.5000000000000018 18.500000000000004 0.04428104683756829
decision_type=9 10 8 8 8 10 8 9 10 8 8 8 8 8 8 8 10 10 10 8 8 8 8 10 10 10
left_child=1 4 3 -2 -1 6 17 12 9 16 -11 18 13 14 -4 -14 -9 -6 -10 -8 -17 -5 -7 -24 25 -23
right_child=2 -3 7 21 5 22 19 8 11 10 -12 -13 15 -15 -16 20 -18 -19 -20 -21 -22 24 23 -25 -26 -27
leaf_value=-0.026207832601072584 0.0086449932587968313 0.061888015372300174 -0.008762496552984422 -0.033394037050240001 -0.048926188192407356 0.002889457232797378 -0.015563316427762444 -0.047360132135411522 0.026476726804585578 0.038407963131061137 -0.0044506867771896795 0.030923993778919932 0.0017531528246236411 -0.020013428314210761 0.022298702321819325 -0.03014880782263097 -0.0051260197140224678 0.0027041941753603027 -0.0084800170103046767 0.016401110634571316 -0.028509162659507804 -0.024735537784151222 0.040337118468157643 0.0098678330076101533 -0.00065457623411925938 -0.028856461873030814
leaf_weight=39 44 26 31 29 36 43 29 42 28 34 346 27 51 37 67 58 26 31 26 184 162 50 27 56 31 46
leaf_count=39 44 26 31 29 36 43 29 42 28 34 346 27 51 37 67 58 26 31 26 184 162 50 27 56 31 46
internal_value=0 0.00194964 -0.00199349 -0.00513114 0.00139166 0.00209189 0.000631914 -0.00134362 -9.8479e-05 -0.00102688 9.31209e-05 0.00502381 -0.00289227 0.000131048 0.00252754 -0.00450505 -0.00728505 -0.00448907 0.00131047 0.00224285 -0.00562979 -0.00703199 0.00533604 0.00746075 -0.00571197 -0.00737202
internal_weight=0 471 1135 200 445 406 280 935 529 448 380 81 406 135 98 271 68 67 54 213 220 156 126 83 127 96
internal_count=1606 471 1135 200 445 406 280 935 529 448 380 81 406 135 98 271 68 67 54 213 220 156 126 83 127 96
cat_boundaries=0 2 3
cat_threshold=1504264785 64 3531
is_linear=0
shrinkage=0.0176943


Tree=312
num_leaves=28
num_cat=8
split_feature=13 9 33 2 8 8 19 32 13 49 35 32 13 49 19 33 8 19 19 19 46 22 17 32 19 19 39
split_gain=20.1664 10.479 9.33807 9.20987 7.32191 7.20347 7.02317 6.82934 6.5159 8.92967 5.34612 4.86121 4.50093 4.90112 4.57511 4.01632 4.04767 5.53332 3.88569 6.71685 3.84342 3.78638 7.16794 3.59256 3.10964 2.84648 2.62938
threshold=0 1 -1.4999999999999998 2 3 4 120.50000000000001 0.67936623096466076 5 10.500000000000002 6.5000000000000009 0.8015151619911195 6 2.5000000000000004 9.5000000000000018 -7.4999999999999991 7 7.5000000000000009 13.500000000000002 153.50000000000003 0.98786765336990368 21.500000000000004 3.5000000000000004 0.69052496552467357 19.500000000000004 15.500000000000002 0.96693986654281627
decision_type=9 9 10 9 9 9 10 8 9 10 8 8 9 10 10 8 9 8 8 8 8 8 8 10 10 8 10
left_child=1 23 5 6 7 11 12 -5 10 -10 -7 -3 13 -2 -15 -6 17 -17 -9 -20 -4 22 -14 25 -13 -1 -18
right_child=3 2 20 4 15 8 -8 18 9 -11 -12 24 21 14 -16 16 26 -19 19 -21 -22 -23 -24 -25 -26 -27 -28
leaf_value=-0.021643507175787863 -0.041497157764798745 -0.013884254704217527 -0.0016960086281174928 0.01906986697544083 0.052222517990173384 -0.027953167617248264 0.023051420342732772 -0.042441033015047695 -0.015945092004371567 -0.029281310818621259 -0.00030530452651817298 0.05989704939805527 -0.036410824926283565 -0.020839885682402103 0.011422050040465405 0.020033823022205948 0.032754598524427012 -0.0023761760967952743 0.035333752248593836 -0.04704199073214485 0.025295350756183509 0.026460930690978705 0.0067966950936309599 0.028004932093310078 0.0030892437625965243 0.04534682300048358 0.03020086832340187
leaf_weight=30 44 44 26 26 26 30 41 33 260 41 182 28 32 40 30 35 175 74 29 31 41 49 161 26 36 51 37
leaf_count=30 44 44 26 26 26 30 41 33 260 41 182 28 32 40 30 35 175 74 29 31 41 49 161 26 36 51 37
internal_value=0 -0.00147267 -0.00228147 0.00241191 0.00408894 -0.00299174 0.000391262 0.000137142 -0.00382298 -0.00551865 -0.00127521 0.00119952 -0.00039761 -0.0031391 -0.00050547 0.00540233 0.00501601 0.00163549 -0.00209268 0.000589705 0.00396094 0.000982978 -9.16669e-05 0.00347812 0.00442303 0.00196583 0.00637609
internal_weight=0 795 688 863 466 621 397 119 513 301 212 108 356 114 70 347 321 109 93 60 67 242 193 107 64 81 212
internal_count=1658 795 688 863 466 621 397 119 513 301 212 108 356 114 70 347 321 109 93 60 67 242 193 107 64 81 212
cat_boundaries=0 2 4 5 6 7 9 10 11
cat_threshold=2979248326 25674 1619039232 1 131413 8453 24 2432835648 17416 136593921 568
is_linear=0
shrinkage=0.0176943


Tree=313
num_leaves=18
num_cat=4
split_feature=3 3 8 30 46 39 8 15 18 15 36 19 50 39 15 19 15
split_gain=26.5488 12.4096 10.853 6.70194 6.99229 5.80454 5.45296 7.28957 5.66513 5.38014 5.24212 5.044 4.39118 3.43783 3.87309 3.12589 3.41728
threshold=0 1 2 8.5000000000000018 0.5891176462173463 0.60609558224678051 3 -12.499999999999998 1.0000000180025095e-35 -10.749999999999998 1.2500000000000002 13.500000000000002 0.5634920895099641 0.17052631825208667 -2.2499999999999996 8.5000000000000018 -2.7499999999999996
decision_type=9 9 9 8 10 10 9 10 8 10 8 10 10 8 10 10 8
left_child=15 5 12 4 9 11 8 -8 -5 -4 -6 -2 13 -3 -15 -1 -17
right_child=1 2 3 6 10 -7 7 -9 -10 -11 -12 -13 -14 14 -16 16 -18
leaf_value=-0.049081848323910056 -0.012147662907021513 0.038811435649999851 -0.032930872428624226 0.021286490083617157 0.0034334170110682733 0.037585220677535773 0.003503843073595506 -0.011746729566671731 -0.0035281729287846061 -0.012150830344855356 -0.022412724600862608 0.043854965301866597 0.038608333184000969 0.0092369384156760458 -0.010594804536845135 -0.018864493356357336 -0.040923621432340129
leaf_weight=36 30 50 38 94 44 40 346 279 61 59 26 32 30 317 105 38 34
leaf_count=36 30 50 38 94 44 40 346 279 61 59 26 32 30 317 105 38 34
internal_value=0 1.13339e-05 -0.000424465 -0.0015346 -0.00476769 0.00568705 -0.000862017 -0.00158828 0.00203742 -0.00784323 -0.00050547 0.00285354 0.00165881 0.00127456 0.000754714 -0.00869662 -0.00737183
internal_weight=0 1551 1449 947 167 102 780 625 155 97 70 62 502 472 422 108 72
internal_count=1659 1551 1449 947 167 102 780 625 155 97 70 62 502 472 422 108 72
cat_boundaries=0 2 5 6 7
cat_threshold=2835365890 553648130 5767688 134217732 8 29957 32816
is_linear=0
shrinkage=0.0176943


Tree=314
num_leaves=28
num_cat=4
split_feature=3 9 2 10 17 15 46 17 42 42 14 17 22 41 15 33 17 33 35 34 22 21 46 15 21 21 34
split_gain=18.6732 16.9433 13.5713 8.69949 7.78173 5.14709 4.99558 10.3035 4.64972 4.59936 4.46117 5.2932 6.6291 6.89967 4.90814 4.20038 4.05297 3.43142 3.53469 3.42508 3.38642 3.33545 2.62566 2.60059 2.44909 1.09986 0.922109
threshold=0 1 2 3 4.5000000000000009 -2.7499999999999996 0.39208073914051061 10.500000000000002 23.500000000000004 10.500000000000002 5.5000000000000009 5.5000000000000009 17.250000000000004 6.5000000000000009 -6.4999999999999991 -15.499999999999998 12.500000000000002 4.5000000000000009 12.500000000000002 9.5000000000000018 2.5000000000000004 30.500000000000004 0.056873315945267684 -1.2499999999999998 34.500000000000007 30.500000000000004 1.0000000180025095e-35
decision_type=9 9 9 9 10 8 10 8 8 8 10 10 10 8 8 10 10 8 10 8 10 2 10 10 2 2 8
left_child=10 5 4 8 19 22 9 -8 26 -5 23 12 13 -12 -14 16 -6 20 24 -3 -7 -10 -2 -1 -19 -21 -4
right_child=1 2 3 6 15 17 7 -9 21 -11 11 -13 14 -15 -16 -17 -18 18 -20 25 -22 -23 -24 -25 -26 -27 -28
leaf_value=-0.032634564574264391 -0.044678191106077916 -0.040184567851133536 0.026776544515484006 0.03293877842701759 -0.0073007613840296009 0.0083084419384782827 0.0053948076436728092 -0.043553871795341204 0.011840908181532066 0.018069695603131927 -0.032778790718677481 0.013140433574963651 0.034308744104063246 -0.0082815524250681762 -0.016720262136299343 0.033220909247549044 0.025375505370719895 -0.023129209463175544 -0.010842973687455973 -0.011168931461727373 -0.017009820619088255 0.036105740901796218 -0.0090216011538172738 -0.014736149686186525 0.0053391791011483747 -0.0017892661003974344 0.03844998626576631
leaf_weight=41 29 31 29 36 66 37 125 32 36 451 26 27 29 42 30 43 32 147 44 52 31 28 34 31 77 86 26
leaf_count=41 29 31 29 36 66 37 125 32 36 451 26 27 29 42 30 43 32 147 44 52 31 28 34 31 77 86 26
internal_value=0 0.00131333 0.00246705 0.00373109 -0.000663513 -0.00177372 0.00281373 0.000112685 0.00809224 0.00374226 -0.00404855 -0.00252762 -0.00404017 -0.00780542 0.000299833 0.00238419 0.000361061 -0.00094788 -0.0018486 -0.00324554 0.00260179 0.00552879 -0.00645902 -0.00786328 -0.000947867 -0.00205138 0.0125451
internal_weight=0 1472 1073 763 310 399 644 157 119 487 226 154 127 68 59 141 98 336 268 169 68 64 63 72 224 138 55
internal_count=1698 1472 1073 763 310 399 644 157 119 487 226 154 127 68 59 141 98 336 268 169 68 64 63 72 224 138 55
cat_boundaries=0 3 4 5 6
cat_threshold=671355226 2684879874 16384 2162435627 540682 3601
is_linear=0
shrinkage=0.0176943


Tree=315
num_leaves=27
num_cat=7
split_feature=13 7 9 8 19 15 15 27 28 39 13 10 28 15 20 19 15 48 8 15 22 25 28 20 20 28
split_gain=27.541 17.7203 9.10646 6.99062 5.31819 5.26414 8.43335 8.33896 5.00972 7.21709 4.94521 4.93827 6.65766 5.28736 4.4523 6.04184 3.85845 3.79367 3.65287 3.47192 3.36921 3.29888 2.7662 2.22988 1.72235 1.57771
threshold=0 1 2 3 2.5000000000000004 -3.2499999999999996 -1.2499999999999998 4.5000000000000009 14.500000000000002 0.83469945192337047 4 5 11.500000000000002 -5.7499999999999991 549.50000000000011 194.50000000000003 -1.2499999999999998 0.38729837536811834 6 -5.7499999999999991 8.2500000000000018 7.5000000000000009 9.5000000000000018 237.50000000000003 104.50000000000001 15.500000000000002
decision_type=9 9 9 9 8 8 8 8 8 8 9 9 8 8 2 10 10 10 9 8 8 10 10 2 2 8
left_child=11 3 8 24 22 7 -7 -5 -3 -10 18 13 23 -1 15 21 17 -15 -6 -12 -8 -14 -4 -13 -2 -26
right_child=1 2 4 5 10 6 20 -9 9 -11 19 12 14 16 -16 -17 -18 -19 -20 -21 -22 -23 -24 -25 25 -27
leaf_value=0.023272177538876448 0.0018720162197532536 0.017271900261413047 -0.040492839145064234 -0.024971842792668567 -0.011183234532367735 0.02939140467693574 0.0048866858991067665 0.033153195145404907 -0.035169490943674976 0.016329918070014177 -0.032375824394553679 0.00094350324546724619 7.8706925077933393e-05 0.011288544632401431 0.071330451462540689 -0.032087335743006602 0.019412035445741813 -0.0052037754007755298 0.00074325912597591191 -0.019877403935060326 0.043208986968906571 0.028077717390887668 -0.02703345726077452 -0.0095831390661217167 -0.017562462553613351 -0.0080041494542767728
leaf_weight=34 26 48 26 32 106 34 137 31 27 31 67 47 52 40 28 28 43 27 156 303 27 131 26 40 30 47
leaf_count=34 26 48 26 32 106 34 137 31 27 31 67 47 52 40 28 28 43 27 156 303 27 131 26 40 30 47
internal_value=0 -0.00179373 -0.0032734 0.00141929 -0.00402833 0.00293807 0.00446807 -0.00140411 0.00152525 -0.00183018 -0.0036396 0.00324389 0.00189577 0.00597439 0.00347951 0.00259953 0.00450367 0.00184842 -0.00156121 -0.00493566 0.00280505 0.00377074 -0.00952629 -0.00223699 -0.00234863 -0.00390613
internal_weight=0 1154 790 364 684 261 198 63 106 58 632 470 326 144 239 211 110 67 262 370 164 183 52 87 103 77
internal_count=1624 1154 790 364 684 261 198 63 106 58 632 470 326 144 239 211 110 67 262 370 164 183 52 87 103 77
cat_boundaries=0 2 3 4 5 6 7 8
cat_threshold=3293450504 6317 596284994 25165892 1064 682689046 18834 4769
is_linear=0
shrinkage=0.0176943


Tree=316
num_leaves=31
num_cat=6
split_feature=13 46 2 1 13 33 46 14 13 14 14 2 14 15 46 19 19 48 32 23 46 24 27 32 19 21 35 19 27 33
split_gain=22.5365 9.04161 8.54956 8.39174 7.55534 9.22871 5.9025 5.55027 5.52514 7.58897 8.68101 5.26238 6.19782 5.24931 4.9173 4.64934 4.58423 3.87406 3.23057 3.21983 3.08572 2.78318 3.78099 3.50285 2.46535 2.11673 1.97164 1.4489 0.909645 0.858353
threshold=0 0.95538970828056347 1 2 3 -8.4999999999999982 0.97385507822036754 57.250000000000007 4 36.250000000000007 14.500000000000002 5 2.2500000000000004 -17.749999999999996 0.9860132932662965 11.500000000000002 12.500000000000002 0.59891304373741161 0.9745212495326997 -0.93000000715255726 0.98786765336990368 0.58500000834465038 2.5000000000000004 0.9674775004386903 136.50000000000003 31.500000000000004 28.500000000000004 88.000000000000014 3.5000000000000004 -9.4999999999999982
decision_type=9 10 9 9 9 10 10 8 9 10 10 9 8 10 10 8 8 8 10 8 8 8 8 8 10 2 8 8 8 10
left_child=2 3 4 13 7 6 26 17 16 10 24 21 25 -2 29 -14 -4 -1 -15 28 -7 22 -5 -23 -10 -13 -6 -18 -16 -3
right_child=1 14 8 11 5 20 -8 -9 9 -11 -12 12 15 18 19 -17 27 -19 -20 -21 -22 23 -24 -25 -26 -27 -28 -29 -30 -31
leaf_value=0.056885506565191958 0.0063870136877541579 0.029736471815432347 -0.0023566225150357264 0.023801657593530177 0.00049814231896149581 0.022330637034292059 -0.031925645089239348 -0.0048272048085185176 -0.012622734909476487 -0.055208586034902682 0.025149489453486024 -0.041046889571462034 -0.0075959334169462666 -0.024639176965701833 0.018912805358609688 0.011380543133278062 -0.046304890416311348 0.0036254452620600405 -0.049660712691625766 0.018903809415825711 0.0087598310740657648 0.00010116235479136707 0.00078732304407685613 0.047125776888688548 0.017224861455218784 -0.024296614522314155 -0.025041234187116478 -0.034905530963053592 -0.0048440207303269353 0.019488721625734649
leaf_weight=31 36 26 42 85 78 28 30 49 137 39 36 34 65 39 27 239 28 26 27 30 29 29 90 95 35 34 123 39 26 28
leaf_count=31 36 26 42 85 78 28 30 49 137 39 36 34 65 39 27 239 28 26 27 30 29 29 90 95 35 34 123 39 26 28
internal_value=0 0.0021156 -0.00200222 0.0013963 -0.000175183 -0.0016625 -0.00329362 0.00366063 -0.0039642 -0.00227195 -0.00102078 0.00210458 0.000648463 -0.00315946 0.00632825 0.00174609 -0.0072854 0.0077596 -0.00643353 0.00362378 0.00465575 0.00383652 0.00252763 0.00599284 -0.00267459 -0.00416288 -0.00220069 -0.0108266 0.00100139 0.010484
internal_weight=0 910 750 773 394 288 231 106 356 247 208 671 372 102 137 304 109 57 66 83 57 299 175 124 172 68 201 67 53 54
internal_count=1660 910 750 773 394 288 231 106 356 247 208 671 372 102 137 304 109 57 66 83 57 299 175 124 172 68 201 67 53 54
cat_boundaries=0 2 3 4 5 7 8
cat_threshold=656631051 9072 172494 4227 620822529 86048769 64 28822
is_linear=0
shrinkage=0.0176943


end of trees

feature_importances:
20=623
25=491
19=447
32=358
21=351
28=327
39=299
48=291
14=284
15=283
17=273
13=270
35=251
22=242
42=227
46=226
49=205
16=200
7=182
2=176
23=167
33=147
8=143
24=130
1=118
27=114
40=109
9=107
34=104
30=99
3=96
37=96
41=92
47=83
10=71
44=67
36=64
29=61
18=47
50=47
43=44
26=30
5=16
6=16
4=13
0=8
11=1
12=1

parameters:
[boosting: gbdt]
[objective: regression_l1]
[metric: l1]
[tree_learner: serial]
[device_type: cpu]
[data_sample_strategy: bagging]
[data: ]
[valid: ]
[num_iterations: 2000]
[learning_rate: 0.0176943]
[num_leaves: 64]
[num_threads: 4]
[seed: 0]
[deterministic: 0]
[force_col_wise: 0]
[force_row_wise: 0]
[histogram_pool_size: -1]
[max_depth: 6]
[min_data_in_leaf: 26]
[min_sum_hessian_in_leaf: 0.001]
[bagging_fraction: 0.220025]
[pos_bagging_fraction: 1]
[neg_bagging_fraction: 1]
[bagging_freq: 1]
[bagging_seed: 3]
[feature_fraction: 0.406797]
[feature_fraction_bynode: 1]
[feature_fraction_seed: 2]
[extra_trees: 0]
[extra_seed: 6]
[early_stopping_round: 0]
[first_metric_only: 0]
[max_delta_step: 0]
[lambda_l1: 0.000106006]
[lambda_l2: 0.00735649]
[linear_lambda: 0]
[min_gain_to_split: 0]
[drop_rate: 0.1]
[max_drop: 50]
[skip_drop: 0.5]
[xgboost_dart_mode: 0]
[uniform_drop: 0]
[drop_seed: 4]
[top_rate: 0.2]
[other_rate: 0.1]
[min_data_per_group: 100]
[max_cat_threshold: 32]
[cat_l2: 10]
[cat_smooth: 10]
[max_cat_to_onehot: 4]
[top_k: 20]
[monotone_constraints: ]
[monotone_constraints_method: basic]
[monotone_penalty: 0]
[feature_contri: ]
[forcedsplits_filename: ]
[refit_decay_rate: 0.9]
[cegb_tradeoff: 1]
[cegb_penalty_split: 0]
[cegb_penalty_feature_lazy: ]
[cegb_penalty_feature_coupled: ]
[path_smooth: 0]
[interaction_constraints: ]
[verbosity: -1]
[saved_feature_importance_type: 0]
[use_quantized_grad: 0]
[num_grad_quant_bins: 4]
[quant_train_renew_leaf: 0]
[stochastic_rounding: 1]
[linear_tree: 0]
[max_bin: 255]
[max_bin_by_feature: ]
[min_data_in_bin: 3]
[bin_construct_sample_cnt: 200000]
[data_random_seed: 1]
[is_enable_sparse: 1]
[enable_bundle: 1]
[use_missing: 1]
[zero_as_missing: 0]
[feature_pre_filter: 1]
[pre_partition: 0]
[two_round: 0]
[header: 0]
[label_column: ]
[weight_column: ]
[group_column: ]
[ignore_column: ]
[categorical_feature: 0,1,2,3,4,5,6,7,8,9,10,11,12,13]
[forcedbins_filename: ]
[precise_float_parser: 0]
[parser_config_file: ]
[objective_seed: 5]
[num_class: 1]
[is_unbalance: 0]
[scale_pos_weight: 1]
[sigmoid: 1]
[boost_from_average: 1]
[reg_sqrt: 0]
[alpha: 0.9]
[fair_c: 1]
[poisson_max_delta_step: 0.7]
[tweedie_variance_power: 1.5]
[lambdarank_truncation_level: 30]
[lambdarank_norm: 1]
[label_gain: ]
[lambdarank_position_bias_regularization: 0]
[eval_at: ]
[multi_error_top_k: 1]
[auc_mu_weights: ]
[num_machines: 1]
[local_listen_port: 12400]
[time_out: 120]
[machine_list_filename: ]
[machines: ]
[gpu_platform_id: -1]
[gpu_device_id: -1]
[gpu_use_dp: 0]
[num_gpu: 1]

end of parameters

pandas_categorical:[]
